open_time,open,high,low,close,volume,close_time,quote_volume,trades,taker_buy_base,taker_buy_quote,ignore
1782219600000000,521.75,525.28,507.69,522.0,669.227,1782223199999999,346288.4658,2077,470.336,243839.83164,0
1782223200000000,523.91,527.7,518.58,520.56,194.468,1782226799999999,101950.83312,590,153.706,80639.77943,0
1782226800000000,521.97,524.91,517.59,522.99,112.777,1782230399999999,58774.98946,305,53.709,27976.1582,0
1782230400000000,521.53,528.6,520.79,522.34,116.333,1782233999999999,61134.97871,566,40.832,21465.15745,0
1782234000000000,522.11,525.23,518.36,518.87,31.005,1782237599999999,16212.77322,271,13.478,7053.07217,0
1782237600000000,518.71,520.69,513.72,514.66,19.666,1782241199999999,10179.83386,212,13.319,6898.43343,0
1782241200000000,516.52,520.51,515.64,519.82,22.267,1782244799999999,11555.31314,240,13.988,7262.75286,0
1782244800000000,519.88,523.44,518.76,520.86,13.308,1782248399999999,6932.42937,96,7.743,4037.39968,0
1782248400000000,521.2,522.0,520.33,520.86,15.819,1782251999999999,8239.60846,41,13.022,6783.03842,0
1782252000000000,522.04,522.05,516.64,517.16,3.341,1782255599999999,1736.36218,37,1.658,861.77162,0
1782255600000000,517.45,523.51,517.15,523.51,3.324,1782259199999999,1720.77718,26,2.209,1144.02514,0
1782259200000000,521.71,526.29,520.88,525.54,50.614,1782262799999999,26507.82014,108,9.782,5121.89361,0
1782262800000000,525.54,528.84,522.36,527.23,19.079,1782266399999999,10054.61533,177,13.579,7165.3603,0
1782266400000000,527.23,527.24,520.67,520.67,4.059,1782269999999999,2126.87726,36,0.701,368.05848,0
1782270000000000,519.85,522.46,517.5,522.46,2.818,1782273599999999,1465.49945,28,1.08,561.71916,0
1782273600000000,522.46,523.02,518.84,523.02,3.119,1782277199999999,1624.8111,27,1.844,962.36174,0
1782277200000000,524.0,528.6,523.07,528.6,42.52,1782280799999999,22278.62997,92,39.44,20663.73319,0
1782280800000000,528.61,531.5,527.42,530.52,28.377,1782284399999999,15002.84372,116,24.849,13137.51623,0
1782284400000000,529.77,529.9,527.3,527.8,7.778,1782287999999999,4106.06624,46,1.98,1046.55837,0
1782288000000000,527.17,530.31,524.72,528.18,88.335,1782291599999999,46596.06767,191,83.057,43807.47357,0
1782291600000000,527.01,528.14,525.51,526.8,4.182,1782295199999999,2204.28392,55,1.233,651.10158,0
1782295200000000,526.78,528.14,525.33,527.76,9.134,1782298799999999,4810.16272,43,6.412,3375.92204,0
1782298800000000,526.04,527.28,522.45,526.55,5.104,1782302399999999,2685.8008,49,3.686,1940.48793,0
1782302400000000,526.26,528.14,523.47,524.49,42.134,1782305999999999,22104.1974,130,5.041,2652.25833,0
1782306000000000,521.98,523.63,511.04,521.6,20.718,1782309599999999,10749.63907,186,8.388,4347.81345,0
1782309600000000,521.6,523.57,512.76,518.16,14.013,1782313199999999,7292.91405,131,5.983,3109.62892,0
1782313200000000,520.27,520.86,515.86,520.24,2.867,1782316799999999,1485.65944,43,0.907,470.68782,0
1782316800000000,519.71,521.98,516.12,516.12,3.022,1782320399999999,1572.34114,44,1.612,838.74623,0
1782320400000000,515.98,517.21,507.27,508.22,10.125,1782323999999999,5172.25299,181,4.756,2437.00903,0
1782324000000000,508.22,515.21,505.05,505.05,3.126,1782327599999999,1594.35077,141,0.65,332.49853,0
1782327600000000,505.23,520.4,502.75,518.63,7.85,1782331199999999,3996.49872,134,5.102,2598.82995,0
1782331200000000,518.64,539.77,517.55,537.76,63.325,1782334799999999,33509.10098,252,53.599,28355.7779,0
1782334800000000,537.96,538.68,532.51,537.29,4.03,1782338399999999,2158.2363,50,1.374,736.65266,0
1782338400000000,538.0,539.23,536.08,537.55,4.547,1782341999999999,2447.35924,36,2.668,1437.20458,0
1782342000000000,536.05,539.53,536.04,538.59,4.047,1782345599999999,2177.22258,77,2.28,1227.13726,0
1782345600000000,538.49,538.49,529.03,530.07,10.963,1782349199999999,5835.41681,128,5.519,2937.83508,0
1782349200000000,530.49,534.97,530.49,534.33,14.18,1782352799999999,7554.88696,111,3.635,1937.93513,0
1782352800000000,533.92,534.8,530.72,533.09,7.028,1782356399999999,3744.94553,74,4.043,2154.39995,0
1782356400000000,532.7,535.39,532.48,534.54,3.466,1782359999999999,1850.85919,50,1.477,788.8122,0
1782360000000000,534.59,535.61,532.2,534.32,21.377,1782363599999999,11442.18501,39,18.26,9777.89425,0
1782363600000000,532.94,535.8,532.94,534.47,6.746,1782367199999999,3606.66163,35,0.346,185.02679,0
1782367200000000,535.36,537.0,535.05,535.61,43.853,1782370799999999,23542.16659,69,5.708,3063.15416,0
1782370800000000,535.29,539.57,535.28,539.57,5.853,1782374399999999,3148.21884,59,3.378,1816.971,0
1782374400000000,538.32,541.08,538.22,538.99,44.643,1782377999999999,24097.60216,124,5.901,3184.4539,0
1782378000000000,538.61,539.5,537.33,539.12,6.652,1782381599999999,3584.66101,44,5.122,2760.79107,0
1782381600000000,539.18,540.57,538.41,538.47,12.664,1782385199999999,6830.41991,40,6.086,3286.94149,0
1782385200000000,540.01,543.17,539.22,539.85,11.479,1782388799999999,6209.96603,53,6.548,3546.60147,0
1782388800000000,539.98,545.49,539.53,544.38,17.159,1782392399999999,9308.90595,101,6.855,3718.52941,0
1782392400000000,544.47,550.0,507.5,509.34,204.152,1782395999999999,107589.93474,519,57.974,30465.40133,0
1782396000000000,510.06,525.79,510.06,520.06,141.79,1782399599999999,73217.61387,435,107.825,55623.23952,0
1782399600000000,519.75,523.87,516.33,519.76,12.958,1782403199999999,6738.11587,123,6.757,3519.07613,0
1782403200000000,521.94,532.11,520.58,524.45,44.614,1782406799999999,23530.23386,249,29.515,15604.66056,0
1782406800000000,524.3,529.69,523.94,525.83,7.597,1782410399999999,4001.58084,110,2.136,1127.24208,0
1782410400000000,526.95,529.92,523.05,524.95,3.889,1782413999999999,2050.04286,79,1.876,987.69773,0
1782414000000000,523.54,532.76,522.05,532.14,10.456,1782417599999999,5489.43002,174,4.048,2129.82604,0
1782417600000000,532.73,538.53,531.0,531.66,8.129,1782421199999999,4347.24318,95,5.254,2811.80494,0
1782421200000000,532.2,532.21,529.28,529.28,5.465,1782424799999999,2898.16007,99,2.346,1244.30761,0
1782424800000000,528.7,529.19,527.23,528.74,3.181,1782428399999999,1679.05617,54,2.11,1113.75648,0
1782428400000000,528.8,535.35,528.59,530.76,3.668,1782431999999999,1952.65343,81,1.856,987.01501,0
1782432000000000,531.69,532.88,525.87,527.12,9.065,1782435599999999,4790.416,116,4.575,2418.86861,0
1782435600000000,525.65,526.89,521.16,521.17,23.307,1782439199999999,12162.24163,98,1.54,808.53049,0
1782439200000000,521.48,521.86,512.69,514.66,38.563,1782442799999999,19984.23065,232,5.015,2595.76928,0
1782442800000000,514.96,516.11,510.5,516.11,15.172,1782446399999999,7770.29054,138,5.002,2568.79106,0
1782446400000000,515.49,517.9,514.14,514.14,8.843,1782449999999999,4563.06359,112,4.071,2100.4347,0
1782450000000000,513.43,520.18,513.43,518.7,9.523,1782453599999999,4931.1659,91,6.87,3557.99762,0
1782453600000000,518.1,521.46,516.82,520.2,4.652,1782457199999999,2416.26632,72,2.406,1250.92747,0
1782457200000000,520.26,521.97,518.62,518.96,3.973,1782460799999999,2063.38207,49,1.371,712.49913,0
1782460800000000,520.23,520.23,515.06,515.83,5.532,1782464399999999,2862.92432,52,1.449,750.9298,0
1782464400000000,514.75,515.15,512.25,513.13,11.691,1782467999999999,6000.94081,76,1.983,1019.22558,0
1782468000000000,513.27,513.97,511.49,512.1,1.445,1782471599999999,741.79741,16,0.896,460.40516,0
1782471600000000,514.02,515.64,512.09,512.17,1.284,1782475199999999,659.94549,18,1.065,547.57852,0
1782475200000000,514.21,515.81,509.57,510.42,3.91,1782478799999999,2000.82844,40,1.718,881.53089,0
1782478800000000,509.71,518.99,504.4,517.84,13.483,1782482399999999,6894.49861,157,8.993,4610.84857,0
1782482400000000,517.94,525.59,516.99,518.12,50.785,1782485999999999,26417.09363,184,4.752,2477.53999,0
1782486000000000,517.53,520.49,512.67,520.49,15.737,1782489599999999,8129.27878,57,8.632,4463.01145,0
1782489600000000,520.27,522.6,516.19,521.22,9.314,1782493199999999,4845.12655,135,3.205,1664.30686,0
1782493200000000,521.22,525.29,521.22,521.67,4.918,1782496799999999,2567.42211,103,1.881,983.67458,0
1782496800000000,521.59,521.59,520.02,520.09,2.21,1782500399999999,1150.74542,43,1.684,876.70232,0
1782500400000000,520.02,526.03,516.33,520.5,63.605,1782503999999999,33133.54882,88,61.133,31852.3484,0
1782504000000000,520.98,525.13,517.76,518.95,12.712,1782507599999999,6597.0654,86,1.107,578.20492,0
1782507600000000,517.86,518.39,516.36,517.06,2.189,1782511199999999,1132.77995,97,0.258,133.71749,0
1782511200000000,517.05,518.87,517.05,518.45,1.626,1782514799999999,842.64418,67,0.147,76.23903,0
1782514800000000,518.45,520.07,518.27,518.27,1.386,1782518399999999,718.93775,74,0.24,124.63595,0
1782518400000000,518.27,518.86,517.54,518.3,4.721,1782521999999999,2447.92353,94,3.475,1802.44975,0
1782522000000000,518.32,520.26,518.11,519.62,15.107,1782525599999999,7838.77626,149,3.538,1836.78108,0
1782525600000000,519.63,522.11,519.4,521.68,8.183,1782529199999999,4264.64904,113,3.312,1727.28457,0
1782529200000000,520.97,522.17,519.64,519.78,21.553,1782532799999999,11231.20181,199,4.938,2575.86451,0
1782532800000000,519.78,520.63,518.75,519.55,13.843,1782536399999999,7192.37325,170,1.591,828.22072,0
1782536400000000,518.91,519.94,518.87,519.05,11.242,1782539999999999,5839.63933,169,2.889,1501.68303,0
1782540000000000,519.05,519.37,518.96,519.33,3.451,1782543599999999,1791.9312,144,1.729,897.90732,0
1782543600000000,519.35,520.71,519.35,520.0,5.992,1782547199999999,3115.81439,196,3.821,1987.74689,0
1782547200000000,520.04,520.73,518.77,520.02,4.367,1782550799999999,2271.52046,127,1.128,587.11298,0
1782550800000000,520.02,520.78,519.98,520.13,2.993,1782554399999999,1557.71907,27,1.631,849.29677,0
1782554400000000,520.77,520.77,520.13,520.77,1.047,1782557999999999,545.15899,18,0.861,448.37997,0
1782558000000000,520.77,520.93,520.15,520.82,9.184,1782561599999999,4782.30943,41,7.704,4012.02767,0
1782561600000000,520.98,520.99,520.3,520.78,1.187,1782565199999999,618.05999,23,0.943,491.10464,0
1782565200000000,521.31,521.5,520.0,521.5,0.941,1782568799999999,490.21485,17,0.474,247.10639,0
1782568800000000,521.29,521.66,520.48,521.32,1.433,1782572399999999,746.83767,33,1.234,643.24487,0
1782572400000000,521.21,521.85,520.79,521.06,2.834,1782575999999999,1477.75871,26,1.496,780.42627,0
1782576000000000,521.1,521.31,520.58,521.31,1.754,1782579599999999,913.90765,19,0.543,283.01599,0
1782579600000000,521.31,521.31,520.0,520.65,8.433,1782583199999999,4386.40517,38,1.052,548.14743,0
1782583200000000,520.01,520.49,520.0,520.02,3.611,1782586799999999,1877.90296,21,0.55,286.1789,0
1782586800000000,520.02,520.48,518.57,518.57,2.752,1782590399999999,1431.14346,16,0.434,225.86396,0
1782590400000000,519.56,520.0,519.09,519.44,1.153,1782593999999999,599.28168,15,0.934,485.58347,0
1782594000000000,520.06,520.07,519.44,520.07,1.635,1782597599999999,850.01158,22,1.18,613.66102,0
1782597600000000,519.65,519.65,517.53,518.68,1.024,1782601199999999,531.09732,18,0.481,249.48835,0
1782601200000000,518.88,518.88,517.71,518.12,3.766,1782604799999999,1950.45851,21,2.05,1061.86,0
1782604800000000,519.0,519.25,518.09,518.09,0.351,1782608399999999,182.14145,9,0.19,98.64035,0
1782608400000000,518.63,518.63,516.38,516.93,1.215,1782611999999999,628.76665,24,0.762,394.4679,0
1782612000000000,517.03,517.23,516.38,516.93,1.096,1782615599999999,566.43273,18,0.796,411.51859,0
1782615600000000,516.94,517.51,516.34,517.51,0.821,1782619199999999,424.45904,13,0.672,347.52438,0
1782619200000000,517.3,517.51,516.42,516.73,0.414,1782622799999999,214.05335,9,0.208,107.62294,0
1782622800000000,517.06,517.43,516.74,517.43,0.801,1782626399999999,414.1861,14,0.519,268.46542,0
1782626400000000,517.51,517.52,516.89,517.46,18.594,1782629999999999,9613.00322,30,1.747,903.64105,0
1782630000000000,517.22,518.42,517.14,518.42,6.144,1782633599999999,3180.75455,57,5.654,2927.29615,0
1782633600000000,518.05,520.3,518.05,520.3,27.498,1782637199999999,14294.24177,61,25.305,13154.16957,0
1782637200000000,520.54,521.25,519.79,519.79,3.549,1782640799999999,1847.45359,30,2.18,1135.24684,0
1782640800000000,520.68,520.68,519.45,520.42,1.362,1782644399999999,708.18458,13,0.344,179.07728,0
1782644400000000,520.47,520.65,519.83,520.62,0.951,1782647999999999,494.90847,17,0.755,392.98014,0
1782648000000000,520.08,521.06,520.08,521.06,0.7,1782651599999999,364.43258,9,0.561,292.14047,0
1782651600000000,521.03,521.13,519.76,521.02,2.038,1782655199999999,1060.99409,18,1.288,671.05216,0
1782655200000000,521.07,521.13,520.17,521.03,2.742,1782658799999999,1427.83033,22,1.514,788.9666,0
1782658800000000,520.51,521.44,520.51,521.43,3.007,1782662399999999,1567.10622,19,2.888,1505.16224,0
1782662400000000,519.9,522.4,519.87,522.4,12.422,1782665999999999,6479.05708,74,11.292,5891.31373,0
1782666000000000,523.27,523.54,521.89,523.54,0.544,1782669599999999,284.22392,12,0.183,95.73952,0
1782669600000000,524.09,526.06,522.57,522.57,4.391,1782673199999999,2302.20401,22,2.265,1189.66791,0
1782673200000000,522.57,524.26,521.75,521.76,1.749,1782676799999999,914.14397,19,0.272,142.5806,0
1782676800000000,523.76,525.0,522.01,525.0,2.088,1782680399999999,1093.95008,17,1.814,950.72434,0
1782680400000000,524.98,524.99,524.13,524.86,0.643,1782683999999999,337.37707,13,0.356,186.88926,0
1782684000000000,524.95,528.82,524.81,528.07,32.793,1782687599999999,17311.65323,85,2.05,1077.94902,0
1782687600000000,528.07,529.19,528.07,528.52,18.837,1782691199999999,9948.04768,75,0.258,136.51106,0
1782691200000000,528.6,529.11,519.39,522.61,78.096,1782694799999999,40840.63054,120,54.347,28330.49218,0
1782694800000000,523.92,524.49,521.35,524.22,5.788,1782698399999999,3028.12302,42,3.557,1862.43636,0
1782698400000000,522.67,522.67,519.03,522.16,1.926,1782701999999999,1002.51043,22,1.419,738.54644,0
1782702000000000,522.0,524.21,521.55,522.97,39.04,1782705599999999,20441.89071,72,36.824,19285.03425,0
1782705600000000,522.78,524.25,520.72,520.72,2.203,1782709199999999,1150.5469,28,0.335,175.34015,0
1782709200000000,520.89,527.63,520.89,527.63,6.502,1782712799999999,3405.88257,50,4.382,2291.51962,0
1782712800000000,527.34,530.63,526.04,529.32,7.114,1782716399999999,3761.78004,53,4.725,2501.00345,0
1782716400000000,528.4,531.39,528.37,530.32,1.797,1782719999999999,951.9176,22,1.203,637.99877,0
1782720000000000,531.67,533.58,531.31,531.42,11.699,1782723599999999,6226.73148,108,0.953,507.29746,0
1782723600000000,531.69,532.21,529.21,529.27,11.236,1782727199999999,5960.91201,60,4.023,2136.87721,0
1782727200000000,530.05,531.0,529.33,530.17,3.316,1782730799999999,1757.73803,19,0.771,408.70381,0
1782730800000000,530.24,530.5,527.38,527.61,2.025,1782734399999999,1072.44134,36,0.354,187.13006,0
1782734400000000,528.88,529.93,527.04,528.07,1.997,1782737999999999,1055.67776,26,0.41,216.88033,0
1782738000000000,527.81,533.9,513.95,514.49,20.767,1782741599999999,10917.02994,204,8.722,4606.15452,0
1782741600000000,513.11,515.17,496.67,513.89,44.374,1782745199999999,22579.77521,307,8.698,4410.1715,0
1782745200000000,515.11,526.11,513.34,523.55,237.149,1782748799999999,123772.47297,300,51.918,26777.03937,0
1782748800000000,524.75,532.89,524.75,532.89,25.423,1782752399999999,13448.39562,195,10.387,5509.76429,0
1782752400000000,533.54,542.84,531.99,540.23,21.694,1782755999999999,11662.35434,93,7.191,3869.99096,0
1782756000000000,539.94,541.6,538.27,539.24,5.452,1782759599999999,2944.40785,40,3.494,1888.7101,0
1782759600000000,539.34,539.87,536.9,539.87,10.981,1782763199999999,5919.2102,26,10.798,5820.9073,0
1782763200000000,541.1,541.1,538.67,538.67,0.685,1782766799999999,370.12796,12,0.536,289.74837,0
1782766800000000,540.4,540.41,537.76,539.66,1.983,1782770399999999,1067.89294,19,0.255,137.67123,0
1782770400000000,539.66,540.2,538.02,540.2,4.367,1782773999999999,2358.03383,36,4.25,2295.05137,0
1782774000000000,540.2,542.38,540.2,540.66,4.959,1782777599999999,2682.40938,28,4.559,2466.25638,0
1782777600000000,540.17,540.2,536.19,536.28,3.333,1782781199999999,1796.5327,20,1.373,740.0095,0
1782781200000000,538.51,538.51,536.13,536.13,0.378,1782784799999999,203.4678,6,0.012,6.46212,0
1782784800000000,538.07,540.92,537.68,540.81,0.521,1782788399999999,281.23935,13,0.405,218.81607,0
1782788400000000,540.82,544.12,539.61,541.48,4.883,1782791999999999,2647.62352,48,2.888,1566.63701,0
1782792000000000,543.45,546.51,541.96,544.16,3.182,1782795599999999,1730.38226,36,2.633,1432.1321,0
1782795600000000,546.62,546.82,543.3,544.96,1.572,1782799199999999,855.72712,21,0.598,326.3782,0
1782799200000000,544.96,545.96,543.36,545.24,2.391,1782802799999999,1301.32864,23,0.655,356.89568,0
1782802800000000,543.96,544.33,540.93,543.13,5.03,1782806399999999,2731.75348,35,3.092,1680.86073,0
1782806400000000,541.32,544.24,537.17,540.0,6.174,1782809999999999,3342.63575,55,1.753,953.48575,0
1782810000000000,540.0,540.0,538.48,538.78,1.22,1782813599999999,658.40825,18,0.97,523.7507,0
1782813600000000,539.95,545.45,538.92,539.98,6.14,1782817199999999,3321.66281,62,3.849,2083.66265,0
1782817200000000,544.93,546.49,542.42,544.85,24.501,1782820799999999,13343.91996,130,12.677,6915.02019,0
1782820800000000,544.27,545.8,538.93,539.57,29.896,1782824399999999,16196.96622,168,18.507,10031.88331,0
1782824400000000,543.3,566.33,540.0,556.8,34.444,1782827999999999,19027.9376,240,24.672,13631.15399,0
1782828000000000,557.79,560.52,553.42,558.26,210.77,1782831599999999,117266.84572,333,183.124,101872.92473,0
1782831600000000,558.02,580.01,558.02,577.9,51.384,1782835199999999,29110.75809,269,32.249,18223.33852,0
1782835200000000,577.99,581.58,576.03,580.57,27.166,1782838799999999,15711.05817,133,7.638,4417.58404,0
1782838800000000,581.36,583.16,578.59,579.7,12.668,1782842399999999,7346.09589,72,2.508,1456.04443,0
1782842400000000,579.7,584.08,579.43,583.13,4.83,1782845999999999,2807.28087,67,2.424,1410.83795,0
1782846000000000,580.92,584.63,580.91,581.4,4.751,1782849599999999,2768.55243,68,2.134,1244.92143,0
1782849600000000,581.92,581.92,578.32,579.17,3.192,1782853199999999,1851.48311,38,1.226,711.34436,0
1782853200000000,579.33,579.69,578.63,578.85,4.114,1782856799999999,2382.20744,24,2.254,1305.78388,0
1782856800000000,578.85,578.85,577.39,577.99,1.963,1782860399999999,1134.74895,22,0.637,368.46381,0
1782860400000000,578.0,579.81,578.0,579.23,3.77,1782863999999999,2182.91592,68,2.9,1679.33311,0
1782864000000000,579.99,580.91,578.0,580.01,4.153,1782867599999999,2406.61965,40,2.672,1548.36285,0
1782867600000000,579.25,579.29,576.6,576.6,1.817,1782871199999999,1050.52988,55,0.657,380.25539,0
1782871200000000,577.01,577.01,573.48,576.97,4.962,1782874799999999,2856.43395,49,0.922,530.51521,0
1782874800000000,576.95,579.23,576.95,579.23,10.459,1782878399999999,6045.78835,57,6.701,3874.98887,0
1782878400000000,580.06,580.89,579.35,579.64,4.289,1782881999999999,2488.21819,53,1.448,840.74344,0
1782882000000000,579.02,579.02,576.97,577.17,11.075,1782885599999999,6400.79566,55,6.659,3847.63159,0
1782885600000000,578.35,578.35,574.45,577.03,1.413,1782889199999999,814.92221,37,1.115,643.44976,0
1782889200000000,576.71,576.71,573.29,575.66,12.995,1782892799999999,7467.54791,88,8.709,5001.3151,0
1782892800000000,575.88,575.88,570.72,573.0,3.891,1782896399999999,2227.44334,53,0.747,428.94282,0
1782896400000000,573.0,574.33,571.94,573.6,7.812,1782899999999999,4474.2214,77,4.73,2710.90812,0
1782900000000000,574.29,576.32,573.53,575.71,20.842,1782903599999999,11982.41013,85,11.657,6700.43434,0
1782903600000000,576.18,576.99,573.65,573.9,27.598,1782907199999999,15845.35154,80,2.05,1178.59138,0
1782907200000000,574.28,574.32,559.58,561.1,24.594,1782910799999999,13902.65122,132,10.178,5742.5092,0
1782910800000000,562.15,564.83,551.54,561.07,29.986,1782914399999999,16767.0365,145,12.853,7182.93826,0
1782914400000000,558.9,562.11,548.15,551.52,32.033,1782917999999999,17847.78508,94,5.029,2789.05147,0
1782918000000000,551.25,557.91,550.26,551.53,79.748,1782921599999999,44446.4436,81,26.507,14762.56176,0
1782921600000000,551.31,553.68,549.73,553.38,3.597,1782925199999999,1985.025,38,1.979,1092.94407,0
1782925200000000,552.48,556.53,549.73,551.0,2.616,1782928799999999,1441.40935,26,0.71,393.18709,0
1782928800000000,551.66,551.66,544.86,546.77,2.903,1782932399999999,1588.35904,35,1.47,804.65479,0
1782932400000000,549.2,553.0,540.32,541.15,11.136,1782935999999999,6048.89723,57,5.667,3087.68414,0
1782936000000000,540.39,542.74,538.97,542.74,85.345,1782939599999999,46209.54052,97,72.58,39296.7481,0
1782939600000000,541.98,546.1,541.61,544.56,24.426,1782943199999999,13288.83238,174,17.697,9635.79561,0
1782943200000000,543.81,546.59,542.59,545.79,5.344,1782946799999999,2912.36846,44,0.756,412.12705,0
1782946800000000,546.64,547.88,544.02,545.43,6.098,1782950399999999,3330.57618,33,5.06,2765.49591,0
1782950400000000,545.55,547.91,541.76,547.9,8.592,1782953999999999,4679.40188,72,3.725,2031.42732,0
1782954000000000,548.68,552.73,548.68,551.19,86.313,1782957599999999,47617.01111,133,58.787,32427.75366,0
1782957600000000,551.2,552.74,549.36,550.7,10.474,1782961199999999,5770.84067,86,1.848,1018.4087,0
1782961200000000,550.29,550.29,547.5,547.81,4.843,1782964799999999,2657.42301,57,2.201,1207.56264,0
1782964800000000,547.56,547.72,542.6,543.32,29.042,1782968399999999,15805.19247,118,22.469,12225.67228,0
1782968400000000,544.57,547.33,542.6,542.71,10.486,1782971999999999,5708.73966,95,5.555,3021.69357,0
1782972000000000,543.3,543.3,533.86,533.86,95.541,1782975599999999,51612.63854,268,22.291,12010.47083,0
1782975600000000,534.07,534.85,527.15,530.52,22.025,1782979199999999,11688.0214,136,6.003,3180.22637,0
1782979200000000,530.77,536.85,526.19,536.85,21.624,1782982799999999,11471.3906,122,6.949,3681.23478,0
1782982800000000,535.88,536.15,532.03,532.04,48.399,1782986399999999,25840.72513,203,3.37,1801.75111,0
1782986400000000,532.04,532.94,528.11,531.94,7.913,1782989999999999,4199.93705,97,2.923,1554.68925,0
1782990000000000,531.97,539.78,531.97,539.5,19.771,1782993599999999,10568.2047,136,14.969,8007.18448,0
1782993600000000,537.88,554.33,537.04,546.72,41.186,1782997199999999,22641.07621,484,14.77,8103.70224,0
1782997200000000,546.72,549.43,528.0,544.73,35.539,1783000799999999,19159.3881,415,19.497,10495.85841,0
1783000800000000,545.73,548.81,517.35,521.01,34.91,1783004399999999,18438.04236,325,9.957,5262.29918,0
1783004400000000,521.4,526.29,514.18,520.31,20.116,1783007999999999,10425.80345,200,10.192,5295.79991,0
1783008000000000,519.51,522.29,511.99,511.99,10.964,1783011599999999,5653.46051,117,3.661,1895.01532,0
1783011600000000,511.99,515.74,509.2,509.48,10.514,1783015199999999,5376.67852,159,6.07,3107.83939,0
1783015200000000,510.18,517.34,510.18,514.7,19.115,1783018799999999,9825.82787,221,9.552,4908.07941,0
1783018800000000,514.79,517.62,506.43,517.62,49.256,1783022399999999,25250.9564,330,32.929,16895.60563,0
1783022400000000,518.57,521.51,517.74,519.84,35.192,1783025999999999,18261.74518,97,33.399,17330.63008,0
1783026000000000,519.37,520.39,518.68,520.32,1.803,1783029599999999,936.64305,17,0.596,310.06073,0
1783029600000000,520.27,521.41,519.45,521.4,7.437,1783033199999999,3868.87213,42,4.132,2151.52147,0
1783033200000000,521.4,521.4,518.78,519.38,5.338,1783036799999999,2773.18423,57,1.267,658.52748,0
1783036800000000,520.29,520.29,517.1,518.56,10.758,1783040399999999,5574.43705,74,5.661,2935.03243,0
1783040400000000,518.56,522.92,518.56,522.56,20.851,1783043999999999,10878.03176,235,13.534,7064.25503,0
1783044000000000,523.32,525.69,522.81,525.68,7.303,1783047599999999,3830.96696,172,4.116,2160.09601,0
1783047600000000,524.73,526.78,523.32,526.0,13.965,1783051199999999,7331.33822,301,6.35,3337.76655,0
1783051200000000,526.05,526.96,525.09,526.96,36.837,1783054799999999,19401.48093,278,6.06,3192.46599,0
1783054800000000,526.38,526.96,524.41,526.96,12.435,1783058399999999,6542.70703,327,4.988,2627.40276,0
1783058400000000,526.96,529.96,526.96,529.86,21.507,1783061999999999,11366.60742,330,13.407,7088.96017,0
1783062000000000,529.94,531.01,527.5,529.06,13.773,1783065599999999,7283.94185,350,6.098,3227.28686,0
1783065600000000,529.06,532.95,528.5,531.22,15.675,1783069199999999,8317.8514,414,8.665,4597.48711,0
1783069200000000,531.06,532.11,529.45,531.54,7.087,1783072799999999,3761.16431,244,4.338,2303.69357,0
1783072800000000,531.14,531.8,528.19,529.28,12.281,1783076399999999,6503.09596,259,3.173,1681.33967,0
1783076400000000,529.2,529.61,528.11,529.46,4.182,1783079999999999,2212.75285,182,2.328,1232.4339,0
1783080000000000,529.51,530.7,528.39,530.7,9.515,1783083599999999,5039.98309,237,5.166,2737.00459,0
1783083600000000,530.7,530.8,529.08,530.41,4.559,1783087199999999,2417.96783,170,2.634,1397.6561,0
1783087200000000,530.5,530.8,527.61,528.49,8.944,1783090799999999,4733.34489,240,6.519,3450.87907,0
1783090800000000,529.44,530.0,527.16,527.59,6.233,1783094399999999,3293.28856,134,1.799,951.37776,0
1783094400000000,528.34,529.95,527.9,528.92,4.504,1783097999999999,2382.30489,126,2.958,1565.30268,0
1783098000000000,529.77,529.96,527.69,528.97,5.09,1783101599999999,2691.1253,127,1.739,920.45329,0
1783101600000000,528.97,529.99,527.83,527.93,6.277,1783105199999999,3320.19896,168,3.517,1861.06245,0
1783105200000000,528.09,530.14,528.09,528.31,5.266,1783108799999999,2786.89875,178,2.263,1198.15792,0
1783108800000000,528.86,530.04,528.12,530.04,1.438,1783112399999999,760.48432,54,0.482,255.15622,0
1783112400000000,529.0,530.25,528.11,528.64,4.003,1783115999999999,2118.06683,134,0.677,358.29264,0
1783116000000000,528.18,528.85,526.19,527.53,1.349,1783119599999999,711.95633,18,0.207,109.37541,0
1783119600000000,527.78,527.9,526.62,527.65,1.269,1783123199999999,669.46112,16,1.082,570.97802,0
1783123200000000,526.62,528.8,525.95,528.8,5.616,1783126799999999,2961.21427,75,4.854,2559.51263,0
1783126800000000,528.42,529.03,527.93,529.03,2.654,1783130399999999,1402.36963,67,1.192,630.31449,0
1783130400000000,528.68,531.08,528.68,531.08,3.825,1783133999999999,2027.01436,106,2.36,1250.85797,0
1783134000000000,531.08,532.2,531.01,531.01,3.528,1783137599999999,1874.36132,118,0.742,394.55784,0
1783137600000000,531.04,531.54,530.11,530.44,2.017,1783141199999999,1070.54278,21,0.484,257.16921,0
1783141200000000,530.44,532.73,530.04,531.02,3.49,1783144799999999,1853.11751,112,1.779,945.44976,0
1783144800000000,531.02,532.08,530.04,530.41,4.745,1783148399999999,2520.70304,113,2.392,1271.88958,0
1783148400000000,530.42,530.42,528.21,528.71,3.395,1783151999999999,1797.89811,101,1.223,648.1567,0
1783152000000000,529.63,532.95,528.96,531.76,11.416,1783155599999999,6065.62829,184,6.891,3659.26438,0
1783155600000000,531.97,532.95,531.25,532.29,5.435,1783159199999999,2892.89976,136,3.719,1980.23216,0
1783159200000000,532.35,533.35,531.99,531.99,2.438,1783162799999999,1298.34531,85,1.118,595.87298,0
1783162800000000,531.99,532.5,531.03,531.32,9.717,1783166399999999,5168.4057,148,3.926,2090.17944,0
1783166400000000,531.7,532.37,529.88,529.88,3.387,1783169999999999,1798.7689,106,1.543,820.35695,0
1783170000000000,529.89,531.03,528.12,529.56,12.463,1783173599999999,6599.67774,210,4.389,2327.89256,0
1783173600000000,530.6,531.01,529.24,530.06,4.036,1783177199999999,2140.03386,126,2.064,1095.15883,0
1783177200000000,530.61,531.98,530.06,531.03,2.012,1783180799999999,1068.31669,66,0.951,505.3145,0
1783180800000000,531.65,531.98,530.4,530.72,7.788,1783184399999999,4133.80398,163,5.465,2901.25637,0
1783184400000000,530.4,531.97,530.11,531.24,5.855,1783187999999999,3109.97374,79,3.867,2054.82289,0
1783188000000000,531.97,531.97,530.13,531.26,1.818,1783191599999999,966.31837,42,1.255,667.45642,0
1783191600000000,531.62,532.39,530.09,532.39,1.102,1783195199999999,585.76974,30,0.807,429.23892,0
1783195200000000,532.39,532.75,531.77,532.19,1.998,1783198799999999,1063.43664,62,1.276,679.41287,0
1783198800000000,532.74,532.77,531.79,532.04,3.334,1783202399999999,1774.24788,111,0.237,126.26063,0
1783202400000000,532.43,532.43,530.62,531.28,0.753,1783205999999999,400.149,22,0.36,191.45068,0
1783206000000000,530.34,531.95,530.03,531.83,8.186,1783209599999999,4344.78539,74,5.692,3022.44255,0
1783209600000000,531.83,532.74,530.96,532.74,2.218,1783213199999999,1179.89703,59,1.587,844.38916,0
1783213200000000,532.74,533.27,532.11,532.37,2.73,1783216799999999,1454.36779,116,1.517,808.50213,0
1783216800000000,533.28,534.23,532.4,534.23,4.98,1783220399999999,2657.45483,118,2.441,1303.24436,0
1783220400000000,534.31,534.69,532.96,533.53,0.898,1783223999999999,479.40755,23,0.452,241.56179,0
1783224000000000,534.69,535.22,532.95,534.88,2.89,1783227599999999,1545.05043,57,2.147,1148.48138,0
1783227600000000,534.88,535.79,533.93,534.03,4.851,1783231199999999,2592.8333,63,1.269,679.36035,0
1783231200000000,535.27,535.65,534.31,535.04,3.613,1783234799999999,1932.80157,79,1.886,1009.52384,0
1783234800000000,534.48,535.1,533.2,534.49,4.134,1783238399999999,2207.76436,88,1.526,815.99166,0
1783238400000000,533.56,534.62,532.02,532.2,4.915,1783241999999999,2619.76848,88,1.057,564.08049,0
1783242000000000,533.71,535.09,532.02,534.53,3.416,1783245599999999,1824.17227,132,2.05,1095.24054,0
1783245600000000,534.41,535.87,534.34,535.86,3.587,1783249199999999,1920.5504,114,2.527,1353.33958,0
1783249200000000,535.66,537.13,535.36,535.59,9.717,1783252799999999,5209.63493,228,4.903,2630.21558,0
1783252800000000,536.13,536.82,534.93,536.36,4.045,1783256399999999,2168.5058,90,2.721,1459.22453,0
1783256400000000,536.82,537.83,536.23,536.72,7.24,1783259999999999,3886.03739,276,3.5,1879.16558,0
1783260000000000,537.72,538.71,536.74,538.6,7.902,1783263599999999,4250.94396,181,5.837,3141.96682,0
1783263600000000,538.18,538.94,537.19,537.28,6.102,1783267199999999,3283.58004,165,2.268,1221.51843,0
1783267200000000,538.26,538.81,536.9,536.91,3.787,1783270799999999,2036.41776,111,1.694,911.89697,0
1783270800000000,537.77,537.98,536.91,537.39,2.443,1783274399999999,1313.59943,44,1.871,1006.33176,0
1783274400000000,537.97,538.27,537.25,537.77,2.594,1783277999999999,1394.76383,44,0.874,470.20252,0
1783278000000000,538.28,538.43,537.33,538.43,3.11,1783281599999999,1673.65165,100,2.369,1275.23768,0
1783281600000000,538.43,539.5,538.36,538.47,1.244,1783285199999999,670.26056,48,0.742,399.88452,0
1783285200000000,539.49,539.49,536.91,538.81,4.515,1783288799999999,2432.0829,107,1.049,565.68699,0
1783288800000000,538.47,540.25,536.19,540.25,5.526,1783292399999999,2976.00088,143,3.969,2139.14116,0
1783292400000000,539.73,541.72,537.83,537.83,8.401,1783295999999999,4537.74312,257,2.597,1404.39291,0
1783296000000000,538.22,538.45,529.07,533.96,78.768,1783299599999999,42138.60852,1132,57.027,30550.49766,0
1783299600000000,533.96,533.96,526.0,526.94,12.624,1783303199999999,6698.08896,324,3.625,1919.54292,0
1783303200000000,527.03,528.9,523.67,526.0,36.792,1783306799999999,19381.62345,584,23.498,12382.89097,0
1783306800000000,526.18,530.0,525.32,528.0,14.078,1783310399999999,7428.43576,377,8.51,4488.24253,0
1783310400000000,528.45,531.6,527.71,530.92,6.613,1783313999999999,3500.05932,184,4.23,2238.54814,0
1783314000000000,530.87,531.37,529.84,530.88,10.454,1783317599999999,5549.42879,125,8.585,4558.32172,0
1783317600000000,531.42,532.46,530.04,532.33,7.343,1783321199999999,3903.5526,208,4.519,2402.94587,0
1783321200000000,532.42,533.6,530.3,531.33,60.194,1783324799999999,32056.54617,399,56.844,30276.52679,0
1783324800000000,531.12,533.64,529.94,532.25,10.791,1783328399999999,5736.98227,225,4.551,2419.63835,0
1783328400000000,532.89,534.72,530.58,532.8,16.497,1783331999999999,8778.97883,283,9.253,4924.6733,0
1783332000000000,532.94,533.92,531.98,533.73,5.818,1783335599999999,3098.90964,122,2.127,1133.92759,0
1783335600000000,533.91,540.03,533.91,536.29,25.298,1783339199999999,13569.83984,336,15.825,8489.99023,0
1783339200000000,536.66,541.14,535.74,540.67,23.567,1783342799999999,12708.96877,344,14.869,8019.42357,0
1783342800000000,539.28,562.43,528.11,560.86,104.188,1783346399999999,56736.71672,990,39.642,21578.3674,0
1783346400000000,560.99,572.22,560.29,567.35,144.739,1783349999999999,82051.92099,1025,50.303,28564.30249,0
1783350000000000,566.23,571.18,560.42,566.36,282.631,1783353599999999,160139.52617,984,66.148,37561.82555,0
1783353600000000,566.24,567.16,557.47,558.04,69.879,1783357199999999,39393.26762,729,16.845,9510.71766,0
1783357200000000,557.89,559.69,552.31,552.51,24.189,1783360799999999,13454.12392,565,8.281,4608.51688,0
1783360800000000,553.34,557.79,552.49,553.72,11.059,1783364399999999,6135.06143,397,4.057,2251.07375,0
1783364400000000,554.75,558.98,552.74,552.79,26.123,1783367999999999,14523.3952,636,12.127,6743.18294,0
1783368000000000,552.83,554.0,551.3,554.0,9.006,1783371599999999,4976.60164,99,7.89,4360.29581,0
1783371600000000,553.81,556.06,553.81,555.01,2.527,1783375199999999,1402.06895,95,1.391,772.20597,0
1783375200000000,554.98,555.74,552.56,552.56,7.694,1783378799999999,4265.56519,141,2.508,1391.11227,0
1783378800000000,552.56,553.75,549.72,549.72,12.057,1783382399999999,6644.0848,241,5.643,3112.36873,0
1783382400000000,549.73,552.59,548.94,548.94,12.6,1783385999999999,6942.83667,264,6.418,3536.54939,0
1783386000000000,549.27,550.73,545.71,549.36,94.283,1783389599999999,51569.71466,505,87.902,48071.82358,0
1783389600000000,549.63,551.27,547.05,547.06,11.975,1783393199999999,6572.4987,307,5.575,3060.35697,0
1783393200000000,547.13,547.3,539.44,540.77,8.908,1783396799999999,4836.29215,144,1.539,832.65597,0
1783396800000000,540.76,541.63,537.81,538.48,8.002,1783400399999999,4315.75474,233,2.661,1436.31902,0
1783400400000000,537.01,543.29,535.31,542.32,16.767,1783403999999999,9028.88659,498,9.185,4948.91827,0
1783404000000000,542.6,543.55,538.96,543.44,16.285,1783407599999999,8817.24789,251,8.72,4723.32626,0
1783407600000000,543.15,543.74,538.81,538.81,5.879,1783411199999999,3188.44015,108,1.105,600.03178,0
1783411200000000,538.95,538.97,531.27,531.27,20.977,1783414799999999,11229.69264,555,6.696,3587.86623,0
1783414800000000,531.27,532.9,527.93,530.05,9.77,1783418399999999,5180.12472,241,4.698,2491.22018,0
1783418400000000,530.94,532.94,530.37,531.03,8.642,1783421999999999,4592.30203,219,4.059,2157.28688,0
1783422000000000,531.95,531.97,527.0,530.19,12.445,1783425599999999,6586.20826,317,5.804,3072.0457,0
1783425600000000,530.97,533.45,528.75,529.07,16.36,1783429199999999,8692.00456,299,4.745,2524.93037,0
1783429200000000,528.11,528.84,511.36,515.43,59.105,1783432799999999,30646.95062,580,17.054,8829.36953,0
1783432800000000,514.55,518.13,504.58,510.13,120.24,1783436399999999,61487.23872,829,67.394,34563.82856,0
1783436400000000,509.48,516.59,506.26,516.59,154.418,1783439999999999,78918.39155,751,31.663,16185.15996,0
1783440000000000,516.68,525.0,516.68,522.36,69.644,1783443599999999,36314.06274,378,42.787,22306.40149,0
1783443600000000,522.99,524.11,521.01,523.0,12.752,1783447199999999,6665.43007,138,6.01,3142.61492,0
1783447200000000,523.26,524.2,521.43,522.02,11.257,1783450799999999,5879.19964,200,2.259,1181.3061,0
1783450800000000,522.01,522.02,522.01,522.02,0.901,1783454399999999,470.33753,22,0.652,340.35704,0
1783454400000000,522.02,522.02,522.01,522.01,3.078,1783457999999999,1606.77359,50,2.681,1399.53562,0
1783458000000000,522.02,522.02,522.01,522.02,0.359,1783461599999999,187.40299,18,0.14,73.0828,0
1783461600000000,522.02,522.02,515.73,519.54,8.336,1783465199999999,4321.79366,118,3.259,1687.49137,0
1783465200000000,519.54,519.54,513.01,513.01,8.702,1783468799999999,4509.37822,137,5.002,2596.98352,0
1783468800000000,513.74,527.52,512.74,527.16,68.842,1783472399999999,35875.18194,418,65.042,33895.0865,0
1783472400000000,526.64,528.09,520.03,520.03,16.678,1783475999999999,8733.91412,308,5.924,3097.23245,0
1783476000000000,520.51,522.57,519.06,522.18,14.081,1783479599999999,7340.37051,160,11.258,5871.64084,0
1783479600000000,523.0,525.82,521.7,523.31,19.069,1783483199999999,9980.46252,191,17.389,9100.93602,0
1783483200000000,522.32,523.06,517.5,519.9,26.073,1783486799999999,13543.38859,223,21.231,11026.47071,0
1783486800000000,518.15,522.0,514.2,517.8,15.651,1783490399999999,8098.51017,232,8.161,4224.382,0
1783490400000000,516.32,517.9,513.16,515.6,8.565,1783493999999999,4410.82277,150,3.375,1740.47949,0
1783494000000000,515.5,520.45,514.01,519.13,92.115,1783497599999999,47817.78446,190,87.248,45295.30075,0
1783497600000000,519.2,522.31,504.51,508.02,62.474,1783501199999999,32161.47524,720,47.724,24610.75916,0
1783501200000000,507.36,508.11,502.53,505.21,23.52,1783504799999999,11876.22756,359,12.394,6259.70459,0
1783504800000000,505.76,509.16,503.35,505.73,13.808,1783508399999999,6983.97105,190,4.853,2456.35954,0
1783508400000000,505.73,509.17,503.81,507.3,28.728,1783511999999999,14510.78157,148,14.091,7126.60288,0
1783512000000000,507.02,512.73,506.92,510.24,16.913,1783515599999999,8615.12765,201,9.626,4907.31133,0
1783515600000000,510.22,523.34,503.78,520.17,194.729,1783519199999999,99363.03078,888,149.803,76474.4972,0
1783519200000000,520.17,520.17,506.95,511.32,715.099,1783522799999999,367249.9704,1791,415.27,212191.21167,0
1783522800000000,511.05,511.05,498.72,502.19,51.707,1783526399999999,25979.46805,339,7.33,3688.67687,0
1783526400000000,503.34,513.15,503.09,513.07,6.477,1783529999999999,3296.85429,219,3.593,1830.85857,0
1783530000000000,511.56,515.73,509.76,510.75,19.071,1783533599999999,9799.23873,174,8.964,4611.72805,0
1783533600000000,512.73,516.07,511.56,514.69,3.236,1783537199999999,1663.87853,111,2.197,1130.84219,0
1783537200000000,515.99,518.71,513.67,518.7,34.486,1783540799999999,17835.36578,209,4.375,2258.41912,0
1783540800000000,517.51,517.51,513.93,514.23,13.923,1783544399999999,7195.08624,41,11.79,6095.2982,0
1783544400000000,514.84,516.4,514.39,515.53,1.756,1783547999999999,905.35047,25,1.544,796.20889,0
1783548000000000,515.12,515.98,514.18,514.18,0.982,1783551599999999,505.92876,21,0.58,298.83735,0
1783551600000000,514.38,517.33,514.38,516.6,9.174,1783555199999999,4738.71746,74,4.412,2277.6627,0
1783555200000000,517.33,520.19,517.01,517.01,8.12,1783558799999999,4212.09728,174,4.274,2217.88019,0
1783558800000000,517.01,519.31,515.0,515.0,22.389,1783562399999999,11570.58295,365,16.666,8611.04772,0
1783562400000000,514.0,518.09,512.85,513.14,9.258,1783565999999999,4765.74678,160,3.492,1800.87244,0
1783566000000000,513.01,516.91,511.72,516.35,7.545,1783569599999999,3887.68562,164,4.131,2129.4601,0
1783569600000000,515.91,518.21,514.41,518.21,3.242,1783573199999999,1674.50374,71,1.554,803.22179,0
1783573200000000,518.09,519.9,516.31,518.94,8.763,1783576799999999,4535.09168,106,3.646,1890.66548,0
1783576800000000,519.9,523.63,519.62,522.31,8.288,1783580399999999,4328.19885,169,5.513,2879.78481,0
1783580400000000,523.82,528.38,522.31,527.72,14.946,1783583999999999,7851.29386,258,11.526,6056.56,0
1783584000000000,528.37,532.36,526.31,528.13,20.87,1783587599999999,11055.88452,419,10.674,5657.144,0
1783587600000000,528.26,529.21,526.76,527.7,4.598,1783591199999999,2426.69791,90,2.019,1066.6287,0
1783591200000000,528.75,529.86,525.94,526.97,4.746,1783594799999999,2505.84416,113,2.969,1568.10751,0
1783594800000000,526.51,537.24,525.75,536.12,98.288,1783598399999999,51925.80953,911,22.142,11793.07629,0
1783598400000000,536.82,541.08,534.52,538.47,25.143,1783601999999999,13511.32397,566,16.034,8620.85887,0
1783602000000000,539.1,559.24,534.66,556.0,107.111,1783605599999999,58372.56602,1481,74.439,40529.68484,0
1783605600000000,556.65,559.31,548.0,554.21,201.981,1783609199999999,112057.24536,1696,44.158,24528.28634,0
1783609200000000,554.01,558.03,552.11,555.94,152.833,1783612799999999,84688.84291,844,145.738,80754.64729,0
1783612800000000,556.84,558.99,548.29,551.01,15.885,1783616399999999,8762.41668,369,4.96,2744.42393,0
1783616400000000,551.96,552.99,547.02,548.68,8.882,1783619999999999,4880.71411,239,4.305,2366.14427,0
1783620000000000,549.0,549.0,545.63,548.29,5.992,1783623599999999,3271.49035,121,5.051,2756.97092,0
1783623600000000,547.01,547.02,542.0,547.02,24.308,1783627199999999,13239.08718,246,13.538,7368.93197,0
1783627200000000,546.85,547.51,545.78,546.93,1.948,1783630799999999,1064.84144,67,0.927,507.0778,0
1783630800000000,546.92,547.9,546.61,546.61,1.782,1783634399999999,974.78424,26,1.569,858.29184,0
1783634400000000,548.0,548.18,546.66,547.2,0.995,1783637999999999,544.31897,12,0.528,289.02535,0
1783638000000000,546.54,547.58,546.26,546.26,3.565,1783641599999999,1948.98122,20,0.378,206.86831,0
1783641600000000,547.5,547.99,541.27,545.25,27.638,1783645199999999,15025.98601,291,12.861,6998.8052,0
1783645200000000,544.87,547.36,542.72,546.41,7.321,1783648799999999,3993.77682,204,3.701,2021.93233,0
1783648800000000,546.0,550.13,544.71,549.25,6.163,1783652399999999,3378.13644,119,4.594,2520.92122,0
1783652400000000,550.2,550.83,548.65,548.66,5.387,1783655999999999,2965.07458,101,4.328,2382.54626,0
1783656000000000,550.0,550.45,547.0,547.0,9.335,1783659599999999,5123.13328,75,2.037,1118.63366,0
1783659600000000,546.44,547.36,544.5,547.36,9.197,1783663199999999,5017.04262,199,4.979,2717.01704,0
1783663200000000,547.68,548.28,545.33,546.48,3.528,1783666799999999,1928.61147,142,1.634,893.96621,0
1783666800000000,546.0,546.27,541.56,541.56,20.785,1783670399999999,11288.0062,160,2.63,1429.88583,0
1783670400000000,541.0,541.99,537.15,540.0,26.659,1783673999999999,14370.09409,296,10.7,5772.92082,0
1783674000000000,539.49,544.36,536.6,543.96,39.134,1783677599999999,21194.27344,528,15.159,8215.58143,0
1783677600000000,544.49,545.63,543.05,543.13,20.988,1783681199999999,11422.14795,442,8.581,4673.66152,0
1783681200000000,544.03,547.64,542.8,543.26,33.63,1783684799999999,18320.47298,566,25.419,13853.41825,0
1783684800000000,544.07,546.5,540.73,540.73,93.373,1783688399999999,50803.4702,375,60.754,33093.54178,0
1783688400000000,540.26,556.15,539.49,550.19,57.062,1783691999999999,31223.21289,944,23.401,12834.97459,0
1783692000000000,550.28,553.38,543.35,545.76,244.399,1783695599999999,133764.91993,1237,19.109,10527.66578,0
1783695600000000,545.22,553.29,543.79,549.55,13.019,1783699199999999,7170.66731,192,4.481,2462.66486,0
1783699200000000,550.83,556.15,550.82,552.78,10.656,1783702799999999,5894.0094,234,5.837,3227.57055,0
1783702800000000,552.89,560.0,552.1,558.83,12.656,1783706399999999,7055.5917,186,8.127,4531.11139,0
1783706400000000,558.0,558.0,555.01,555.86,6.263,1783709999999999,3487.54276,65,4.783,2664.06289,0
1783710000000000,556.99,559.81,552.92,558.74,13.872,1783713599999999,7710.44949,136,10.055,5596.12576,0
1783713600000000,559.06,559.65,558.25,559.48,1.282,1783717199999999,716.66493,79,1.184,661.95643,0
1783717200000000,559.48,559.58,558.34,558.84,2.009,1783720799999999,1122.98769,95,1.305,729.71805,0
1783720800000000,558.84,559.51,558.65,558.85,2.14,1783724399999999,1196.35952,66,2.086,1166.17082,0
1783724400000000,558.84,560.51,558.38,560.51,1.109,1783727999999999,620.325,73,0.969,542.14312,0
1783728000000000,560.51,562.4,560.41,560.98,17.927,1783731599999999,10066.99118,196,8.917,5008.34367,0
1783731600000000,561.22,561.84,559.84,560.99,9.159,1783735199999999,5134.1478,150,2.315,1298.48765,0
1783735200000000,560.99,561.01,559.82,560.24,8.351,1783738799999999,4679.1893,115,1.927,1080.40561,0
1783738800000000,560.27,563.52,559.9,562.94,4.53,1783742399999999,2545.15092,121,1.807,1015.77723,0
1783742400000000,562.95,565.69,562.9,564.99,8.591,1783745999999999,4846.31304,236,4.088,2307.5165,0
1783746000000000,564.94,565.09,563.7,563.95,2.194,1783749599999999,1238.02294,64,0.755,426.44516,0
1783749600000000,564.12,566.31,564.03,565.95,5.035,1783753199999999,2843.86991,170,2.584,1460.51132,0
1783753200000000,566.17,566.9,564.25,565.39,5.267,1783756799999999,2977.05698,114,2.737,1548.20509,0
1783756800000000,564.86,566.96,564.86,566.21,2.839,1783760399999999,1607.18789,60,0.974,551.68468,0
1783760400000000,566.66,566.96,563.94,563.94,29.006,1783763999999999,16409.18328,90,3.951,2233.65645,0
1783764000000000,564.1,564.84,563.81,564.08,12.316,1783767599999999,6948.94691,125,8.561,4830.50671,0
1783767600000000,564.56,565.01,561.65,563.88,10.036,1783771199999999,5651.17633,60,4.246,2396.12303,0
1783771200000000,563.61,563.66,560.7,561.43,5.222,1783774799999999,2934.33199,77,1.712,962.59282,0
1783774800000000,562.18,563.24,561.66,562.61,9.053,1783778399999999,5091.75515,155,4.743,2668.18996,0
1783778400000000,562.96,563.98,561.62,563.49,5.202,1783781999999999,2926.54917,90,1.205,678.73951,0
1783782000000000,563.49,565.2,562.72,564.28,39.782,1783785599999999,22423.45084,240,9.696,5469.04754,0
1783785600000000,564.72,567.2,563.89,567.2,25.463,1783789199999999,14423.63165,219,15.031,8515.45884,0
1783789200000000,567.42,567.62,566.08,566.54,7.653,1783792799999999,4339.24986,89,5.084,2884.28899,0
1783792800000000,567.18,567.63,566.22,567.04,1.26,1783796399999999,714.26652,48,0.404,229.21985,0
1783796400000000,567.63,568.2,567.04,567.65,28.764,1783799999999999,16327.30274,60,18.772,10656.81068,0
1783800000000000,567.41,567.41,565.08,565.08,9.059,1783803599999999,5132.68292,45,1.629,922.33339,0
1783803600000000,565.1,565.63,563.94,563.94,1.622,1783807199999999,916.0048,34,0.272,153.76964,0
1783807200000000,564.5,564.5,561.11,561.9,15.373,1783810799999999,8639.23581,301,9.873,5548.29039,0
1783810800000000,562.33,562.4,557.85,562.4,52.926,1783814399999999,29609.84267,677,5.597,3142.28046,0
1783814400000000,561.04,561.49,559.99,560.0,13.864,1783817999999999,7767.96982,37,4.668,2614.41427,0
1783818000000000,559.81,561.51,558.53,561.51,16.741,1783821599999999,9360.33456,101,2.795,1567.35158,0
1783821600000000,561.5,561.6,557.89,559.0,0.662,1783825199999999,370.33579,27,0.233,130.51035,0
1783825200000000,559.8,560.44,559.66,559.66,2.008,1783828799999999,1124.49401,34,1.341,751.14712,0
1783828800000000,559.8,560.99,559.8,560.56,1.181,1783832399999999,661.84858,42,0.647,362.71718,0
1783832400000000,560.99,561.82,560.32,560.68,4.149,1783835999999999,2327.22097,162,2.369,1329.42116,0
1783836000000000,561.01,561.02,558.01,558.97,4.41,1783839599999999,2465.32862,117,1.65,922.91417,0
1783839600000000,559.77,559.81,558.54,558.89,7.177,1783843199999999,4013.97272,107,2.45,1371.10801,0
1783843200000000,559.78,561.37,558.89,560.21,4.561,1783846799999999,2555.16582,83,2.585,1448.86617,0
1783846800000000,561.49,561.96,559.67,559.77,8.679,1783850399999999,4868.28826,325,5.695,3196.83955,0
1783850400000000,560.34,561.07,559.81,560.36,1.4,1783853999999999,784.69598,63,0.77,431.8088,0
1783854000000000,560.99,562.4,560.31,561.81,4.696,1783857599999999,2637.90308,71,2.98,1673.80938,0
1783857600000000,562.39,562.39,561.23,561.23,2.456,1783861199999999,1380.19731,82,1.376,773.66856,0
1783861200000000,561.62,563.05,561.1,561.1,4.062,1783864799999999,2282.54046,81,1.549,871.36199,0
1783864800000000,561.09,562.4,560.48,561.94,3.055,1783868399999999,1716.59863,137,1.979,1112.13083,0
1783868400000000,561.7,561.92,555.69,558.63,299.057,1783871999999999,167066.35981,777,229.693,128282.45836,0
1783872000000000,558.8,561.09,558.59,559.25,9.604,1783875599999999,5370.9245,295,3.995,2237.21848,0
1783875600000000,560.43,560.64,559.08,559.08,1.655,1783879199999999,926.70221,42,1.059,593.42291,0
1783879200000000,560.19,560.31,559.02,559.05,2.697,1783882799999999,1509.13223,147,1.316,737.04087,0
1783882800000000,559.63,560.23,559.0,559.0,2.212,1783886399999999,1237.18283,23,0.353,197.61335,0
1783886400000000,558.55,559.31,558.24,558.24,2.201,1783889999999999,1229.56089,24,0.506,282.9069,0
1783890000000000,558.24,558.99,558.0,558.13,6.277,1783893599999999,3504.05997,61,0.787,439.80754,0
1783893600000000,558.1,558.1,555.08,556.64,14.529,1783897199999999,8099.69488,57,0.669,372.6522,0
1783897200000000,556.0,556.2,553.49,554.37,14.202,1783900799999999,7889.82123,59,11.547,6416.45085,0
1783900800000000,554.53,563.59,553.76,553.87,62.223,1783904399999999,34576.71006,565,10.778,6002.06736,0
1783904400000000,553.87,554.68,548.29,549.4,73.533,1783907999999999,40625.9729,684,27.011,14919.30597,0
1783908000000000,549.45,553.37,548.01,549.55,11.259,1783911599999999,6206.39781,437,3.325,1831.14976,0
1783911600000000,549.55,549.55,544.93,546.01,18.193,1783915199999999,9941.3346,375,5.367,2934.38609,0
1783915200000000,546.0,546.0,538.51,542.02,155.183,1783918799999999,84003.30225,702,117.087,63379.82794,0
1783918800000000,541.52,545.5,538.98,542.0,30.449,1783922399999999,16526.81781,215,16.747,9108.79547,0
1783922400000000,542.99,542.99,537.23,537.68,23.116,1783925999999999,12461.82375,195,2.246,1213.01611,0
1783926000000000,537.68,540.65,536.89,537.32,18.397,1783929599999999,9897.50821,273,3.994,2151.94812,0
1783929600000000,537.94,543.96,537.92,543.95,16.861,1783933199999999,9110.57552,428,9.176,4954.59089,0
1783933200000000,543.1,544.5,541.99,543.19,14.524,1783936799999999,7883.62422,168,7.993,4338.57728,0
1783936800000000,543.75,544.69,542.09,542.86,3.465,1783940399999999,1883.0887,139,2.075,1128.53788,0
1783940400000000,543.87,547.26,543.87,545.0,19.821,1783943999999999,10828.70823,324,6.352,3467.38083,0
1783944000000000,545.34,546.0,541.01,543.22,11.82,1783947599999999,6414.03505,287,4.996,2712.49054,0
1783947600000000,544.47,545.75,525.58,534.59,103.708,1783951199999999,55610.79364,1163,49.54,26599.57648,0
1783951200000000,533.3,548.29,531.24,546.19,34.767,1783954799999999,18790.06599,661,19.907,10764.98571,0
1783954800000000,547.0,551.05,541.85,542.45,22.535,1783958399999999,12333.97802,584,7.447,4081.02441,0
1783958400000000,541.84,544.76,534.28,537.0,23.892,1783961999999999,12888.36011,601,12.566,6782.84111,0
1783962000000000,537.7,540.06,535.41,537.0,14.322,1783965599999999,7705.81225,220,8.274,4452.72229,0
1783965600000000,538.0,539.05,534.45,535.76,12.322,1783969199999999,6610.57945,165,5.534,2972.71645,0
1783969200000000,536.97,538.24,532.56,534.85,23.961,1783972799999999,12831.71897,191,11.948,6401.66323,0
1783972800000000,534.0,534.72,533.29,534.52,0.254,1783976399999999,135.64078,14,0.151,80.70481,0
1783976400000000,534.99,535.21,533.92,535.21,0.276,1783979999999999,147.5864,17,0.21,112.33735,0
1783980000000000,534.43,535.71,533.37,533.37,4.259,1783983599999999,2274.25518,43,0.428,228.87491,0
1783983600000000,533.87,533.92,530.83,532.0,4.254,1783987199999999,2267.20683,86,2.437,1299.52099,0
1783987200000000,532.89,540.59,532.0,540.1,14.466,1783990799999999,7746.90899,275,8.781,4700.41046,0
1783990800000000,539.55,540.1,537.0,537.0,2.332,1783994399999999,1256.90992,73,0.988,532.56628,0
1783994400000000,536.45,536.79,533.9,535.0,6.029,1783997999999999,3230.17841,172,2.093,1121.27979,0
1783998000000000,534.52,535.76,530.38,535.76,4.986,1784001599999999,2656.96971,163,2.866,1527.99365,0
1784001600000000,535.76,539.37,533.75,539.37,7.938,1784005199999999,4254.04136,110,5.063,2712.69338,0
1784005200000000,539.04,544.08,539.04,543.77,13.836,1784008799999999,7488.25244,488,11.535,6239.60171,0
1784008800000000,543.07,545.3,542.5,543.25,2.996,1784012399999999,1629.83914,113,2.113,1149.92385,0
1784012400000000,543.24,545.76,542.43,545.36,4.009,1784015999999999,2181.8258,122,2.723,1483.34839,0
1784016000000000,545.03,549.55,544.5,546.4,10.56,1784019599999999,5774.94776,191,5.762,3153.44593,0
1784019600000000,546.93,548.04,545.47,546.17,2.711,1784023199999999,1481.74923,72,1.298,709.94041,0
1784023200000000,546.01,547.11,544.84,545.74,2.101,1784026799999999,1147.60282,97,1.026,560.76331,0
1784026800000000,545.0,553.96,544.44,551.34,67.782,1784030399999999,37312.18966,354,4.723,2600.46481,0
1784030400000000,552.47,562.86,549.79,559.0,78.839,1784033999999999,43781.85406,520,38.269,21282.03266,0
1784034000000000,559.72,574.35,553.03,555.69,96.939,1784037599999999,54678.15779,1155,26.103,14812.17176,0
1784037600000000,555.89,557.15,548.29,555.93,18.302,1784041199999999,10121.81245,413,11.047,6114.22649,0
1784041200000000,555.93,567.0,555.38,560.92,36.273,1784044799999999,20479.47917,322,17.276,9747.31301,0
1784044800000000,560.92,561.04,553.0,555.15,18.68,1784048399999999,10445.23297,330,3.609,2014.31563,0
1784048400000000,554.66,557.23,554.42,556.46,3.838,1784051999999999,2132.46538,55,2.305,1281.41137,0
1784052000000000,555.52,555.64,551.67,551.67,5.442,1784055599999999,3012.76859,114,2.916,1614.23708,0
1784055600000000,551.07,553.38,547.67,548.0,7.571,1784059199999999,4160.78547,107,3.342,1836.59832,0
1784059200000000,547.58,548.92,547.0,548.42,1.973,1784062799999999,1081.87521,46,1.567,859.42964,0
1784062800000000,548.25,548.56,547.02,547.02,0.794,1784066399999999,434.88015,29,0.22,120.62679,0
1784066400000000,547.02,547.08,546.31,546.5,1.013,1784069999999999,553.8064,19,0.91,497.50838,0
1784070000000000,546.33,549.99,546.31,549.99,6.225,1784073599999999,3408.98159,54,3.199,1752.90199,0
1784073600000000,549.59,553.99,549.58,553.99,3.998,1784077199999999,2207.97382,155,2.826,1561.90997,0
1784077200000000,552.64,553.38,549.9,553.38,4.374,1784080799999999,2412.09408,109,1.51,833.84163,0
1784080800000000,554.0,554.66,553.32,554.02,1.289,1784084399999999,714.23827,71,0.866,479.89908,0
1784084400000000,553.5,557.7,553.46,557.7,3.373,1784087999999999,1874.14311,169,2.109,1172.42829,0
1784088000000000,558.0,559.31,556.7,558.94,1.742,1784091599999999,972.54618,60,1.525,851.6692,0
1784091600000000,559.03,559.71,555.0,557.09,19.646,1784095199999999,10940.85234,436,17.018,9477.57464,0
1784095200000000,557.84,559.1,556.79,558.07,3.824,1784098799999999,2133.84869,138,2.757,1538.85316,0
1784098800000000,557.71,560.21,554.79,557.86,8.614,1784102399999999,4803.79165,180,4.984,2781.27099,0
1784102400000000,557.37,558.92,551.42,553.97,18.953,1784105999999999,10491.90601,335,6.325,3504.68087,0
1784106000000000,554.38,555.94,551.9,551.9,13.183,1784109599999999,7292.054,285,3.275,1816.11125,0
1784109600000000,551.91,552.28,548.86,552.02,28.045,1784113199999999,15465.98977,453,13.639,7520.26717,0
1784113200000000,552.33,556.63,552.12,555.71,7.643,1784116799999999,4239.06172,153,6.143,3407.96278,0
1784116800000000,555.09,559.38,553.36,559.38,12.987,1784120399999999,7221.80613,106,11.784,6552.76745,0
1784120400000000,558.32,560.77,543.26,546.0,86.44,1784123999999999,47812.42274,970,20.661,11456.79815,0
1784124000000000,547.02,548.27,515.73,523.06,152.095,1784127599999999,81439.29986,1177,19.57,10366.71301,0
1784127600000000,521.6,523.39,515.0,518.0,92.075,1784131199999999,47763.93303,281,14.536,7540.08495,0
1784131200000000,518.7,519.29,511.0,519.29,36.867,1784134799999999,18955.69072,182,7.121,3668.54815,0
1784134800000000,519.29,531.64,519.29,531.19,14.578,1784138399999999,7684.28848,127,7.974,4204.21882,0
1784138400000000,530.09,533.04,525.04,525.04,4.681,1784141999999999,2481.26078,115,1.634,867.37392,0
1784142000000000,526.99,531.0,525.0,530.0,5.502,1784145599999999,2909.28786,68,2.529,1338.78789,0
1784145600000000,529.69,529.74,528.41,528.99,4.064,1784149199999999,2150.9215,20,3.918,2073.68314,0
1784149200000000,529.59,529.59,527.43,528.9,8.754,1784152799999999,4619.98062,25,0.338,178.90482,0
1784152800000000,529.59,529.68,527.34,528.3,4.567,1784156399999999,2415.23504,28,2.397,1269.15983,0
1784156400000000,529.0,529.67,528.95,528.97,2.312,1784159999999999,1223.9632,16,2.256,1194.34144,0
1784160000000000,529.8,532.06,523.68,525.0,7.629,1784163599999999,4031.24367,97,6.1,3224.81896,0
1784163600000000,524.48,530.0,522.68,527.4,13.713,1784167199999999,7221.44583,76,2.255,1185.68746,0
1784167200000000,528.59,531.18,526.82,529.76,116.031,1784170799999999,61480.10157,338,115.095,60985.65166,0
1784170800000000,529.37,531.35,529.0,530.0,1.822,1784174399999999,965.48259,43,0.526,279.05514,0
1784174400000000,530.74,530.74,528.0,529.0,0.989,1784177999999999,522.60516,21,0.362,191.20776,0
1784178000000000,529.6,532.06,527.49,528.59,2.817,1784181599999999,1492.42915,65,1.691,897.11123,0
1784181600000000,529.23,529.67,525.73,525.73,10.134,1784185199999999,5343.4031,123,3.754,1981.53843,0
1784185200000000,525.0,525.41,517.97,519.03,14.177,1784188799999999,7373.23685,199,9.833,5110.8215,0
1784188800000000,518.7,518.7,511.0,516.2,33.051,1784192399999999,17000.12458,137,11.952,6152.25767,0
1784192400000000,516.3,517.9,513.0,513.0,17.016,1784195999999999,8787.25089,84,9.932,5131.72629,0
1784196000000000,513.52,516.76,512.25,515.1,36.874,1784199599999999,18975.02425,233,28.611,14728.99903,0
1784199600000000,515.12,515.27,509.2,512.59,22.785,1784203199999999,11643.58094,156,6.325,3239.43127,0
1784203200000000,511.69,512.09,508.17,509.85,14.19,1784206799999999,7243.60599,127,7.276,3714.52217,0
1784206800000000,510.38,518.26,506.44,510.38,84.211,1784210399999999,43090.30829,916,61.127,31290.05094,0
1784210400000000,509.98,518.0,506.0,509.2,39.179,1784213999999999,20093.86657,736,28.382,14574.4185,0
1784214000000000,510.0,512.63,505.68,507.98,63.437,1784217599999999,32234.53483,708,13.461,6841.39007,0
1784217600000000,507.16,507.48,498.64,502.19,44.314,1784221199999999,22261.39016,437,14.491,7262.68288,0
1784221200000000,502.03,502.03,492.16,493.58,25.975,1784224799999999,12875.07817,181,8.589,4247.59843,0
1784224800000000,494.13,498.72,493.53,495.14,13.082,1784228399999999,6472.18239,89,7.888,3897.67461,0
1784228400000000,495.14,501.03,494.13,501.03,32.111,1784231999999999,15968.79767,271,20.166,10035.59062,0
1784232000000000,501.99,502.7,500.21,500.7,3.505,1784235599999999,1756.84552,49,1.494,749.13772,0
1784235600000000,500.54,501.5,499.48,501.0,1.186,1784239199999999,593.40731,17,0.029,14.539,0
1784239200000000,501.0,501.4,497.39,497.39,4.446,1784242799999999,2221.50273,99,0.956,476.50954,0
1784242800000000,497.82,497.92,493.0,495.08,35.255,1784246399999999,17456.73575,200,10.926,5409.5525,0
1784246400000000,495.04,499.0,488.16,492.06,65.693,1784249999999999,32389.18612,426,21.959,10851.69887,0
1784250000000000,492.62,496.6,487.89,489.8,20.316,1784253599999999,9970.53519,152,3.127,1539.49233,0
1784253600000000,490.58,491.49,485.6,487.64,22.252,1784257199999999,10852.26025,161,5.832,2846.53206,0
1784257200000000,488.3,495.58,488.3,490.74,12.673,1784260799999999,6243.1466,136,5.412,2667.37276,0
1784260800000000,489.92,489.92,483.14,487.25,23.097,1784264399999999,11223.51168,98,17.379,8444.41376,0
1784264400000000,485.31,485.69,478.2,480.92,8.07,1784267999999999,3885.39504,180,2.822,1357.91923,0
1784268000000000,481.42,486.8,480.85,482.01,16.364,1784271599999999,7920.52965,248,11.759,5690.63911,0
1784271600000000,481.57,482.59,477.73,477.73,13.282,1784275199999999,6375.62899,280,3.913,1876.60024,0
1784275200000000,477.74,481.43,474.91,480.18,37.513,1784278799999999,17912.60644,499,21.77,10394.24069,0
1784278800000000,479.41,485.93,479.41,484.2,8.988,1784282399999999,4343.81723,249,2.705,1307.26907,0
1784282400000000,484.66,492.44,484.46,488.3,25.11,1784285999999999,12267.19958,890,13.099,6396.18411,0
1784286000000000,488.44,489.47,485.3,486.82,46.475,1784289599999999,22655.70796,712,7.89,3846.75609,0
1784289600000000,485.95,486.34,479.8,482.08,69.248,1784293199999999,33369.99894,609,7.615,3671.89163,0
1784293200000000,482.01,483.38,460.9,475.83,351.351,1784296799999999,167051.70758,3209,119.65,56874.91373,0
1784296800000000,475.92,493.25,475.92,486.31,151.585,1784300399999999,74137.49362,889,121.895,59742.50248,0
1784300400000000,485.3,501.78,482.75,500.35,17.448,1784303999999999,8607.02353,576,11.329,5606.3066,0
1784304000000000,500.0,503.54,497.7,501.11,19.29,1784307599999999,9648.35898,805,9.477,4743.88965,0
1784307600000000,502.0,505.12,499.67,500.72,5.454,1784311199999999,2737.74824,300,2.444,1227.57324,0
1784311200000000,500.72,501.07,494.91,497.93,25.923,1784314799999999,12898.96062,244,19.778,9844.803,0
1784314800000000,497.93,500.59,492.82,495.86,42.808,1784318399999999,21290.1997,364,18.226,9069.39236,0
1784318400000000,496.38,496.73,492.77,493.42,23.3,1784321999999999,11501.10142,211,8.171,4033.87568,0
1784322000000000,493.0,493.3,492.74,493.07,38.684,1784325599999999,19074.00617,217,11.726,5781.67075,0
1784325600000000,493.0,493.31,492.42,492.76,1.724,1784329199999999,849.52731,30,0.613,302.03758,0
1784329200000000,492.97,493.04,492.29,492.29,3.759,1784332799999999,1852.00796,56,0.198,97.60736,0
1784332800000000,492.48,493.62,491.09,492.82,17.141,1784336399999999,8439.90427,204,9.515,4686.55895,0
1784336400000000,493.0,493.5,491.87,492.99,5.927,1784339999999999,2920.82855,252,3.121,1538.3792,0
1784340000000000,492.88,493.72,492.86,492.92,6.471,1784343599999999,3191.82048,64,4.063,2004.28512,0
1784343600000000,493.14,493.89,492.97,493.36,2.605,1784347199999999,1285.10873,88,1.281,632.06252,0
1784347200000000,493.77,494.18,492.7,492.7,1.832,1784350799999999,903.75319,72,0.619,305.5913,0
1784350800000000,493.16,493.16,492.18,492.23,2.205,1784354399999999,1086.00074,37,0.557,274.47082,0
1784354400000000,492.31,492.56,491.67,492.11,6.327,1784357999999999,3113.12536,103,1.652,813.21328,0
1784358000000000,492.46,493.55,492.13,493.27,5.586,1784361599999999,2753.54801,56,4.988,2458.71612,0
1784361600000000,493.28,493.28,492.02,492.68,3.047,1784365199999999,1500.83781,75,0.704,346.8658,0
1784365200000000,492.64,492.87,491.29,491.89,4.995,1784368799999999,2456.69306,92,2.52,1239.72529,0
1784368800000000,491.45,491.98,491.29,491.81,2.569,1784372399999999,1263.1186,77,1.449,712.59571,0
1784372400000000,491.68,491.85,491.08,491.57,3.755,1784375999999999,1845.33873,28,0.368,180.96419,0
1784376000000000,491.71,491.91,491.13,491.13,1.439,1784379599999999,707.41176,15,0.338,166.22618,0
1784379600000000,491.93,493.2,491.13,491.92,4.279,1784383199999999,2104.72336,105,0.821,404.13318,0
1784383200000000,492.07,492.25,490.85,491.33,2.09,1784386799999999,1027.07811,122,1.255,616.85156,0
1784386800000000,491.62,491.91,491.29,491.29,1.502,1784390399999999,738.31957,54,0.992,487.7483,0
1784390400000000,491.2,491.55,490.57,491.4,1.923,1784393999999999,944.4557,62,1.435,704.91806,0
1784394000000000,491.08,491.11,490.58,491.11,0.799,1784397599999999,392.24433,29,0.392,192.44556,0
1784397600000000,491.11,492.48,490.71,490.98,12.775,1784401199999999,6285.89814,98,1.629,800.95901,0
1784401200000000,490.71,491.5,490.64,491.29,2.16,1784404799999999,1060.79612,64,1.4,687.63523,0
1784404800000000,491.42,491.74,490.77,491.74,1.345,1784408399999999,660.66907,34,1.017,499.59559,0
1784408400000000,491.72,491.87,490.5,491.87,4.702,1784411999999999,2309.74298,73,1.935,950.94036,0
1784412000000000,491.87,491.87,490.19,490.86,3.549,1784415599999999,1741.96753,48,1.119,549.68939,0
1784415600000000,490.69,491.22,490.46,491.22,0.702,1784419199999999,344.66607,27,0.648,318.17433,0
1784419200000000,490.91,492.11,490.56,492.04,4.622,1784422799999999,2271.80554,85,4.064,1997.83795,0
1784422800000000,492.03,492.27,491.25,491.74,6.121,1784426399999999,3011.32808,70,3.663,1802.6148,0
1784426400000000,491.74,491.74,490.74,490.79,3.082,1784429999999999,1513.29011,25,0.09,44.20356,0
1784430000000000,490.47,490.82,490.02,490.02,0.742,1784433599999999,363.8789,20,0.094,46.13279,0
1784433600000000,490.8,491.36,490.57,490.93,5.918,1784437199999999,2904.95283,66,4.958,2433.86186,0
1784437200000000,491.26,491.33,489.83,490.12,2.992,1784440799999999,1467.95619,93,1.419,696.31763,0
1784440800000000,489.99,490.29,489.68,489.93,5.83,1784444399999999,2855.83718,66,0.978,479.27743,0
1784444400000000,490.2,491.5,490.2,491.34,2.244,1784447999999999,1101.59508,62,1.375,675.01226,0
1784448000000000,491.66,492.64,491.57,492.64,3.596,1784451599999999,1769.61451,41,3.296,1622.02374,0
1784451600000000,492.47,492.47,490.57,491.72,6.309,1784455199999999,3100.26441,87,4.767,2342.61092,0
1784455200000000,491.53,491.53,489.99,489.99,1.504,1784458799999999,737.67119,40,0.617,302.72526,0
1784458800000000,490.09,491.19,489.39,489.69,4.029,1784462399999999,1976.1798,81,1.872,918.40602,0
1784462400000000,489.58,490.79,489.18,490.79,2.444,1784465999999999,1196.93873,44,2.081,1019.25323,0
1784466000000000,490.58,490.58,489.42,490.02,1.176,1784469599999999,576.19988,25,0.115,56.39754,0
1784469600000000,489.46,490.1,489.03,490.1,1.276,1784473199999999,624.5846,32,0.573,280.51408,0
1784473200000000,490.24,490.28,489.75,490.01,1.675,1784476799999999,820.82345,25,1.142,559.65095,0
1784476800000000,489.37,489.63,488.26,488.4,2.667,1784480399999999,1303.40554,44,0.955,467.06732,0
1784480400000000,488.45,489.99,488.05,489.0,2.455,1784483999999999,1201.09352,53,1.339,655.32536,0
1784484000000000,488.91,495.48,488.3,495.17,23.29,1784487599999999,11502.05157,320,15.356,7585.93512,0
1784487600000000,495.11,496.02,491.56,492.37,121.96,1784491199999999,60274.52397,2897,71.077,35152.92831,0
1784491200000000,492.36,494.52,492.31,494.37,3.144,1784494799999999,1549.4906,43,0.808,399.06376,0
1784494800000000,494.8,496.62,494.37,495.44,6.319,1784498399999999,3134.321,153,5.404,2680.85812,0
1784498400000000,495.0,500.51,493.38,498.15,17.126,1784501999999999,8498.39771,116,8.282,4125.68331,0
1784502000000000,498.0,498.0,493.18,496.27,11.573,1784505599999999,5722.4521,223,1.702,842.42501,0
1784505600000000,495.82,511.28,495.82,501.46,73.514,1784509199999999,37311.97031,504,43.968,22284.91977,0
1784509200000000,503.0,504.0,495.29,497.64,36.458,1784512799999999,18248.67282,255,2.735,1372.01987,0
1784512800000000,498.76,504.18,498.0,502.42,7.972,1784516399999999,3995.59358,98,2.699,1354.00971,0
1784516400000000,503.99,505.09,501.0,503.86,6.693,1784519999999999,3366.33656,83,3.598,1811.83227,0
1784520000000000,504.32,505.09,501.39,504.38,15.393,1784523599999999,7750.63121,92,10.073,5076.16688,0
1784523600000000,504.37,504.37,498.77,500.0,10.683,1784527199999999,5352.47127,78,1.583,791.69999,0
1784527200000000,499.0,499.18,497.32,499.0,1.228,1784530799999999,611.90869,51,0.48,239.35558,0
1784530800000000,499.88,502.05,498.45,501.83,4.451,1784534399999999,2231.97925,60,1.642,822.85474,0
1784534400000000,501.83,502.76,499.56,500.02,37.185,1784537999999999,18638.42296,543,26.574,13320.00169,0
1784538000000000,500.9,509.13,499.82,509.13,21.906,1784541599999999,11086.02291,199,11.653,5879.94042,0
1784541600000000,508.59,511.69,507.17,509.77,117.002,1784545199999999,59635.1571,379,111.293,56728.81811,0
1784545200000000,509.81,516.56,509.79,514.73,12.185,1784548799999999,6253.13168,250,7.056,3623.33865,0
1784548800000000,514.01,515.79,511.07,513.51,13.517,1784552399999999,6946.54679,138,4.41,2269.59626,0
1784552400000000,513.85,533.66,511.0,512.0,346.704,1784555999999999,180266.36114,1941,234.306,121286.78925,0
1784556000000000,512.01,519.43,507.39,507.5,157.867,1784559599999999,81002.19744,800,14.658,7538.34042,0
1784559600000000,509.0,515.23,506.95,514.94,8.812,1784563199999999,4498.94265,165,2.561,1308.77498,0
1784563200000000,514.72,518.1,508.21,509.64,36.346,1784566799999999,18567.28522,274,4.513,2327.28474,0
1784566800000000,511.0,514.55,508.96,513.03,13.502,1784570399999999,6910.95802,125,9.177,4703.95948,0
1784570400000000,514.0,517.17,512.15,513.0,27.206,1784573999999999,14007.85899,294,15.051,7755.23873,0
1784574000000000,514.0,514.32,503.04,503.75,17.154,1784577599999999,8716.37649,279,4.517,2299.58288,0
1784577600000000,503.61,505.09,502.41,504.01,5.37,1784581199999999,2702.79533,142,1.975,994.93222,0
1784581200000000,504.47,504.95,504.32,504.95,9.293,1784584799999999,4688.98562,52,8.224,4149.6299,0
1784584800000000,504.57,504.57,503.29,503.68,6.35,1784588399999999,3199.36433,105,1.994,1004.40111,0
1784588400000000,503.86,505.63,503.86,505.41,7.561,1784591999999999,3818.01341,76,5.279,2665.79774,0
1784592000000000,504.96,509.2,502.77,508.0,18.455,1784595599999999,9342.82057,219,11.211,5678.93177,0
1784595600000000,509.0,510.22,508.75,508.75,1.907,1784599199999999,972.4041,24,1.271,648.09512,0
1784599200000000,509.21,511.7,506.82,511.66,18.361,1784602799999999,9374.32235,160,14.875,7599.6122,0
1784602800000000,512.0,520.51,512.0,519.11,25.911,1784606399999999,13379.1024,148,25.382,13106.41361,0
1784606400000000,519.59,519.59,516.8,517.68,14.861,1784609999999999,7689.62534,84,4.58,2372.01218,0
1784610000000000,517.48,519.32,515.61,518.89,23.325,1784613599999999,12065.2242,247,10.398,5391.74025,0
1784613600000000,520.0,522.6,520.0,521.92,16.251,1784617199999999,8472.13374,73,6.419,3348.90869,0
1784617200000000,522.62,523.0,521.79,522.36,5.63,1784620799999999,2941.45852,62,1.963,1025.59267,0
1784620800000000,523.0,527.36,522.37,526.62,95.268,1784624399999999,49955.43225,1298,30.873,16172.28716,0
1784624400000000,526.73,527.18,524.95,524.95,58.026,1784627999999999,30546.61927,906,2.964,1559.93584,0
1784628000000000,524.88,525.76,524.1,524.1,17.239,1784631599999999,9057.21194,330,1.765,926.77666,0
1784631600000000,524.24,526.66,522.47,525.85,11.1,1784635199999999,5824.88509,144,5.976,3142.18964,0
1784635200000000,525.1,525.46,522.24,523.66,4.456,1784638799999999,2331.44968,77,0.918,481.16426,0
1784638800000000,524.02,535.6,523.0,527.31,249.787,1784642399999999,132278.78431,1660,166.939,88485.57254,0
1784642400000000,528.0,534.37,523.5,529.34,67.277,1784645999999999,35684.07903,424,36.708,19478.40638,0
1784646000000000,529.04,536.52,526.76,531.73,54.643,1784649599999999,29136.12918,552,18.65,9961.06081,0
1784649600000000,531.76,543.0,531.76,542.0,25.688,1784653199999999,13888.16116,221,11.966,6475.35064,0
1784653200000000,542.99,544.71,541.04,543.0,5.454,1784656799999999,2962.69945,70,3.61,1960.53998,0
1784656800000000,543.28,547.24,541.85,543.98,17.008,1784660399999999,9287.27853,175,15.4,8412.21106,0
1784660400000000,543.78,545.44,539.13,544.35,58.782,1784663999999999,31831.24217,299,18.877,10252.31688,0
1784664000000000,544.93,545.95,544.12,544.96,4.028,1784667599999999,2195.47535,79,1.898,1034.66654,0
1784667600000000,544.61,547.1,544.61,544.97,10.857,1784671199999999,5935.12374,107,10.103,5524.18012,0
1784671200000000,544.41,545.1,544.08,545.06,36.449,1784674799999999,19850.86989,1018,11.068,6028.91776,0
1784674800000000,544.78,546.05,544.51,546.05,10.647,1784678399999999,5800.7402,291,3.615,1969.87167,0
1784678400000000,545.95,547.66,542.56,543.36,31.792,1784681999999999,17323.75633,207,4.363,2384.99592,0
1784682000000000,542.49,544.0,541.0,544.0,6.508,1784685599999999,3527.56679,60,0.644,349.70342,0
1784685600000000,543.0,543.18,538.04,538.35,10.707,1784689199999999,5775.32724,139,1.621,875.58236,0
1784689200000000,538.02,541.0,537.83,539.0,62.423,1784692799999999,33607.16624,208,2.587,1394.91303,0
1784692800000000,539.39,541.24,538.54,539.33,14.088,1784696399999999,7602.89913,138,10.267,5544.24567,0
1784696400000000,539.14,539.14,535.26,536.65,13.209,1784699999999999,7086.3611,168,11.316,6070.4585,0
1784700000000000,536.62,537.13,534.67,536.0,6.332,1784703599999999,3395.47178,77,0.631,338.55421,0
1784703600000000,535.0,535.07,532.45,533.09,3.938,1784707199999999,2101.92361,107,1.655,883.65563,0
1784707200000000,533.21,533.85,530.42,532.2,68.965,1784710799999999,36690.89647,838,51.263,27271.1073,0
1784710800000000,533.65,535.48,532.96,534.0,5.467,1784714399999999,2920.26454,49,1.584,846.90602,0
1784714400000000,535.0,536.73,534.31,535.44,5.273,1784717999999999,2825.84465,47,3.482,1867.03199,0
1784718000000000,536.0,536.99,530.0,532.64,8.665,1784721599999999,4614.47573,145,3.658,1947.33877,0
1784721600000000,531.26,548.72,522.47,529.46,690.963,1784725199999999,369773.63834,3735,349.711,185607.36866,0
1784725200000000,529.63,553.0,526.46,553.0,215.951,1784728799999999,115914.91946,1491,168.629,90394.7492,0
1784728800000000,551.64,552.41,545.21,551.0,115.93,1784732399999999,63665.61574,593,25.36,13946.78965,0
1784732400000000,552.0,557.38,552.0,555.61,89.533,1784735999999999,49731.34876,532,18.06,10009.53437,0
1784736000000000,556.0,558.0,553.9,556.0,4.673,1784739599999999,2597.71156,49,3.025,1682.05985,0
1784739600000000,555.65,557.32,553.9,555.09,12.71,1784743199999999,7057.04291,111,1.94,1079.4326,0
1784743200000000,555.44,557.32,553.47,557.26,8.052,1784746799999999,4475.8009,137,5.52,3068.72246,0
1784746800000000,556.98,561.22,550.8,553.0,23.736,1784750399999999,13192.17594,423,14.776,8226.07492,0
1784750400000000,552.55,556.6,551.61,553.41,6.887,1784753999999999,3811.85862,179,4.6,2545.24191,0
1784754000000000,554.0,555.63,551.82,552.41,19.344,1784757599999999,10713.93131,169,14.735,8163.50111,0
1784757600000000,551.6,552.15,549.98,550.36,3.211,1784761199999999,1769.91127,39,1.405,774.54954,0
1784761200000000,549.58,553.75,549.42,553.57,2.9,1784764799999999,1597.97885,59,1.412,778.60874,0
1784764800000000,553.9,559.27,553.0,558.93,12.531,1784768399999999,6971.76038,150,9.767,5432.30192,0
1784768400000000,560.0,562.75,554.99,555.61,25.784,1784771999999999,14427.31827,187,12.737,7119.77102,0
1784772000000000,556.96,557.08,552.0,554.17,4.593,1784775599999999,2546.06391,122,1.487,824.89917,0
1784775600000000,553.01,558.33,549.47,556.99,29.772,1784779199999999,16408.74704,172,7.594,4211.16008,0
1784779200000000,556.0,558.0,554.73,555.63,16.952,1784782799999999,9437.09019,167,2.376,1323.38593,0
1784782800000000,555.78,559.09,555.52,555.69,4.339,1784786399999999,2417.89897,95,2.326,1296.42106,0
1784786400000000,555.7,555.7,553.9,554.28,0.468,1784789999999999,259.74142,15,0.137,76.08699,0
1784790000000000,554.05,554.05,547.93,549.0,5.554,1784793599999999,3064.44182,74,1.698,938.88844,0
1784793600000000,550.0,558.33,547.0,557.94,21.173,1784797199999999,11672.03925,303,13.853,7650.30308,0
1784797200000000,557.68,559.32,555.72,556.22,8.488,1784800799999999,4735.8856,167,3.86,2153.50987,0
1784800800000000,555.81,557.15,555.68,556.12,3.288,1784804399999999,1829.27592,68,1.905,1060.3429,0
1784804400000000,556.37,556.8,547.76,551.0,43.802,1784807999999999,24195.52406,603,26.196,14484.91019,0
1784808000000000,551.1,551.3,543.55,546.4,66.509,1784811599999999,36451.59248,485,38.369,21047.47078,0
1784811600000000,546.71,556.4,542.35,550.09,116.732,1784815199999999,64221.92645,2724,79.723,43915.42084,0
1784815200000000,549.81,554.55,543.25,544.77,44.947,1784818799999999,24714.01636,1205,26.819,14761.25616,0
1784818800000000,544.43,545.09,536.88,541.25,30.094,1784822399999999,16319.74944,417,20.052,10885.30959,0
1784822400000000,540.21,550.36,525.69,530.17,38.062,1784825999999999,20480.67956,745,15.491,8338.08184,0
1784826000000000,530.0,537.62,525.69,535.0,33.255,1784829599999999,17676.78652,507,22.196,11804.3521,0
1784829600000000,534.0,538.0,533.12,535.48,6.943,1784833199999999,3716.41517,121,0.979,524.84873,0
1784833200000000,536.0,541.18,531.26,539.0,151.399,1784836799999999,80843.91845,987,10.665,5722.15741,0
1784836800000000,540.0,559.0,540.0,554.22,88.438,1784840399999999,48587.6305,865,17.592,9716.57614,0
1784840400000000,555.0,555.61,546.53,547.13,9.642,1784843999999999,5290.40884,84,1.611,884.97085,0
1784844000000000,547.0,548.53,543.05,548.53,2.842,1784847599999999,1548.76406,37,1.747,952.1156,0
1784847600000000,547.0,548.82,546.44,548.24,0.562,1784851199999999,307.86096,11,0.214,117.411,0
1784851200000000,548.47,549.55,542.96,545.71,9.797,1784854799999999,5342.73863,180,3.253,1774.63035,0
1784854800000000,546.16,548.8,543.74,543.74,24.341,1784858399999999,13302.99158,238,1.256,686.80644,0
1784858400000000,543.47,543.91,539.91,540.3,22.276,1784861999999999,12065.56873,257,6.056,3278.96651,0
1784862000000000,540.78,543.23,540.78,542.26,18.282,1784865599999999,9918.59771,140,5.669,3074.81677,0
1784865600000000,542.16,546.0,541.74,546.0,32.862,1784869199999999,17859.18115,236,15.25,8288.23598,0
1784869200000000,546.26,547.76,543.48,543.48,10.785,1784872799999999,5877.56472,104,2.093,1142.89341,0
1784872800000000,543.5,544.59,541.39,542.08,41.94,1784876399999999,22760.18389,202,15.618,8473.9115,0
1784876400000000,541.59,545.45,540.26,541.3,25.672,1784879999999999,13931.18867,228,19.65,10669.85528,0
1784880000000000,541.15,541.82,538.17,540.45,12.61,1784883599999999,6807.84935,245,8.182,4417.35837,0
1784883600000000,540.45,543.25,540.04,543.06,7.837,1784887199999999,4240.59906,123,5.527,2989.17688,0
1784887200000000,543.66,547.82,542.0,544.0,11.254,1784890799999999,6135.92199,314,7.504,4093.67976,0
1784890800000000,543.73,545.7,542.51,545.53,8.417,1784894399999999,4578.20457,193,5.52,3003.87722,0
1784894400000000,544.05,548.35,543.78,545.0,5.924,1784897999999999,3234.17439,135,4.044,2208.11447,0
1784898000000000,546.0,551.02,518.69,522.47,85.317,1784901599999999,46165.25155,1611,50.785,27593.75939,0
1784901600000000,522.07,532.0,520.65,530.0,35.665,1784905199999999,18776.37864,1110,10.144,5354.72214,0
1784905200000000,529.62,537.17,527.33,536.36,19.446,1784908799999999,10354.09852,745,13.015,6930.85218,0
1784908800000000,536.79,540.31,532.39,535.6,32.326,1784912399999999,17289.31131,405,27.234,14561.51175,0
1784912400000000,535.06,537.13,532.36,534.76,1.829,1784915999999999,977.20582,123,0.657,351.19392,0
1784916000000000,533.0,533.0,522.0,526.72,10.58,1784919599999999,5578.54641,382,2.015,1062.3272,0
1784919600000000,525.31,526.0,518.88,522.0,6.031,1784923199999999,3150.65162,299,2.456,1284.59724,0
1784923200000000,522.37,523.9,522.26,522.94,1.062,1784926799999999,555.18291,36,0.614,321.00122,0
1784926800000000,523.23,523.23,522.33,522.8,0.439,1784930399999999,229.55628,27,0.324,169.43984,0
1784930400000000,522.97,522.97,521.82,522.04,0.496,1784933999999999,259.06255,16,0.306,159.88495,0
1784934000000000,521.72,521.94,520.74,521.6,1.041,1784937599999999,542.81342,33,0.864,450.59675,0
1784937600000000,522.0,524.46,522.0,523.25,5.162,1784941199999999,2700.80697,65,2.878,1506.57037,0
1784941200000000,523.96,524.08,523.0,523.51,0.303,1784944799999999,158.75271,20,0.29,151.95371,0
1784944800000000,523.16,525.0,522.47,523.11,1.938,1784948399999999,1014.56946,66,1.302,681.77225,0
1784948400000000,523.84,524.72,523.84,524.54,1.38,1784951999999999,723.61148,26,1.089,571.13493,0
1784952000000000,524.42,525.69,524.42,524.65,7.973,1784955599999999,4189.40255,132,3.085,1620.45526,0
1784955600000000,525.43,526.62,525.29,525.29,0.894,1784959199999999,470.08986,38,0.798,419.64618,0
1784959200000000,526.31,526.97,526.07,526.38,0.548,1784962799999999,288.48207,13,0.38,200.07829,0
1784962800000000,526.93,527.0,525.72,526.28,2.282,1784966399999999,1201.05489,45,1.471,774.52815,0
1784966400000000,526.05,526.69,525.71,525.73,0.904,1784969999999999,475.7126,19,0.508,267.47306,0
1784970000000000,526.15,526.54,525.01,525.88,2.331,1784973599999999,1225.44055,95,1.205,633.80854,0
1784973600000000,526.29,526.44,525.46,526.25,1.468,1784977199999999,772.18793,119,0.795,418.34482,0
1784977200000000,526.47,526.54,525.09,526.13,0.836,1784980799999999,439.84884,26,0.662,348.40123,0
1784980800000000,526.41,526.58,525.73,525.8,0.893,1784984399999999,469.95514,34,0.638,335.87132,0
1784984400000000,525.59,526.54,525.59,525.85,3.211,1784987999999999,1689.8818,34,2.708,1425.50143,0
1784988000000000,526.01,527.0,525.82,527.0,0.437,1784991599999999,229.9643,19,0.17,89.51266,0
1784991600000000,527.3,527.31,526.35,526.35,1.256,1784995199999999,661.80291,35,0.689,363.13425,0
1784995200000000,526.17,527.82,526.17,527.66,2.497,1784998799999999,1317.25385,22,2.355,1242.45933,0
1784998800000000,528.0,529.49,528.0,529.49,2.095,1785002399999999,1108.7473,18,2.025,1071.7481,0
1785002400000000,529.77,530.0,529.13,529.98,0.324,1785005999999999,171.65412,8,0.264,139.90632,0
1785006000000000,529.89,529.98,529.62,529.89,2.668,1785009599999999,1413.79056,56,2.361,1251.15269,0
1785009600000000,529.73,530.68,529.7,529.7,10.383,1785013199999999,5503.79227,47,10.167,5389.34831,0
1785013200000000,529.7,530.55,529.59,529.65,0.466,1785016799999999,246.99476,14,0.271,143.71055,0
1785016800000000,530.1,530.77,529.79,530.35,0.311,1785020399999999,164.91702,12,0.188,99.74572,0
1785020400000000,530.22,530.51,529.36,529.81,0.488,1785023999999999,258.58777,15,0.228,120.89714,0
1785024000000000,530.4,530.7,529.32,529.32,0.744,1785027599999999,394.40216,14,0.528,280.0165,0
1785027600000000,530.19,533.04,530.19,531.89,2.117,1785031199999999,1126.67006,77,1.635,870.33833,0
1785031200000000,531.44,532.49,531.44,532.49,0.148,1785034799999999,78.7193,4,0.124,65.96474,0
1785034800000000,532.47,533.34,531.12,531.69,5.395,1785038399999999,2871.02583,67,3.107,1654.3113,0
1785038400000000,532.46,533.07,532.2,532.2,1.24,1785041999999999,660.7407,43,0.441,234.99031,0
1785042000000000,532.47,532.97,531.9,531.9,0.174,1785045599999999,92.61731,6,0.161,85.70131,0
1785045600000000,531.9,532.4,531.89,532.4,0.326,1785049199999999,173.48935,7,0.326,173.48935,0
1785049200000000,532.39,532.63,531.01,531.01,1.281,1785052799999999,681.7365,32,0.991,527.58796,0
1785052800000000,531.78,532.13,530.56,532.13,0.62,1785056399999999,329.49779,23,0.38,202.0822,0
1785056400000000,532.03,532.6,531.1,532.52,0.724,1785059999999999,385.07834,23,0.545,289.95103,0
1785060000000000,533.0,535.81,533.0,535.4,30.405,1785063599999999,16273.75702,230,26.427,14145.8848,0
1785063600000000,535.39,537.0,534.97,536.38,5.161,1785067199999999,2765.64611,75,3.952,2118.48045,0
1785067200000000,536.0,536.0,534.32,535.17,1.64,1785070799999999,877.15268,47,1.082,578.76864,0
1785070800000000,535.11,536.44,534.99,536.44,0.693,1785074399999999,371.13244,28,0.42,225.00089,0
1785074400000000,536.74,537.13,535.53,536.13,2.142,1785077999999999,1148.6306,117,1.248,669.42349,0
1785078000000000,536.22,537.12,535.7,536.31,2.301,1785081599999999,1233.96517,71,1.472,789.531,0
1785081600000000,536.2,537.51,535.84,537.05,2.758,1785085199999999,1481.24167,104,0.946,508.03003,0
1785085200000000,536.71,537.31,536.25,537.07,1.202,1785088799999999,645.09168,36,0.368,197.58293,0
1785088800000000,537.19,537.24,536.8,536.98,2.171,1785092399999999,1166.05968,82,1.106,594.0948,0
1785092400000000,536.53,536.79,534.82,534.82,2.951,1785095999999999,1581.35879,76,0.339,181.72292,0
1785096000000000,534.6,534.82,534.06,534.79,4.583,1785099599999999,2449.52677,97,2.656,1419.58579,0
1785099600000000,534.55,535.51,534.45,535.04,1.765,1785103199999999,944.40415,21,0.577,308.85908,0
1785103200000000,535.04,540.81,535.04,540.63,12.299,1785106799999999,6631.06093,362,6.528,3519.91335,0
1785106800000000,540.92,542.57,539.56,542.11,4.507,1785110399999999,2439.92871,205,2.234,1209.8975,0
1785110400000000,542.48,542.91,527.77,532.92,228.185,1785113999999999,121802.25037,1168,191.179,101981.28257,0
1785114000000000,533.39,534.45,530.33,533.72,11.749,1785117599999999,6254.96818,277,4.247,2260.77017,0
1785117600000000,534.0,535.81,533.0,534.14,3.679,1785121199999999,1964.52715,176,1.995,1065.51745,0
1785121200000000,535.0,535.49,533.34,533.75,4.234,1785124799999999,2262.93515,142,2.299,1229.11134,0
1785124800000000,533.98,536.51,533.98,536.5,2.12,1785128399999999,1135.52987,59,0.866,463.83673,0
1785128400000000,536.5,538.24,536.0,537.88,2.444,1785131999999999,1313.70607,57,1.214,652.47257,0
1785132000000000,537.72,539.18,537.72,539.18,1.843,1785135599999999,992.28963,66,1.162,625.77006,0
1785135600000000,539.0,539.97,536.73,536.73,4.148,1785139199999999,2236.04269,81,2.267,1222.64417,0
1785139200000000,538.0,540.08,535.18,539.58,29.416,1785142799999999,15827.23396,505,24.123,12984.09695,0
1785142800000000,539.26,540.39,538.35,539.08,38.882,1785146399999999,20966.88828,423,36.874,19884.46552,0
1785146400000000,539.08,539.33,537.34,537.53,6.575,1785149999999999,3540.61929,133,2.929,1577.89183,0
1785150000000000,537.62,537.62,532.38,533.9,28.8,1785153599999999,15373.22982,385,21.558,11508.59572,0
1785153600000000,533.78,536.37,532.18,535.77,76.805,1785157199999999,41038.268,777,67.585,36111.18693,0
1785157200000000,535.52,536.35,504.74,505.3,174.066,1785160799999999,90958.85956,1435,29.322,15461.61118,0
1785160800000000,505.54,505.54,477.9,490.0,97.716,1785164399999999,48170.47916,1192,40.564,20055.50887,0
1785164400000000,488.3,488.8,478.65,483.37,23.602,1785167999999999,11377.90095,359,5.341,2577.73304,0
1785168000000000,483.81,489.53,482.33,483.67,48.017,1785171599999999,23380.8081,380,25.283,12319.52594,0
1785171600000000,483.67,484.0,479.37,484.0,23.876,1785175199999999,11471.9139,158,19.209,9228.3669,0
1785175200000000,484.02,489.0,482.0,489.0,10.192,1785178799999999,4942.06533,148,5.832,2825.77463,0
1785178800000000,489.0,496.33,489.0,495.7,15.315,1785182399999999,7548.57265,316,9.724,4789.09623,0
1785182400000000,495.11,495.69,493.86,493.86,12.097,1785185999999999,5982.35262,65,0.762,376.88177,0
1785186000000000,495.0,496.3,494.78,494.78,3.33,1785189599999999,1651.20413,29,2.757,1367.51384,0
1785189600000000,494.41,494.5,491.31,492.3,2.292,1785193199999999,1129.10833,56,0.511,251.54418,0
1785193200000000,491.0,491.82,488.19,491.23,11.786,1785196799999999,5772.77233,138,1.752,859.45402,0
1785196800000000,491.31,492.5,483.26,483.26,8.383,1785200399999999,4076.03555,203,2.94,1428.59361,0
1785200400000000,484.05,486.0,480.31,483.81,3.783,1785203999999999,1825.89729,126,1.084,523.67726,0
1785204000000000,482.82,482.97,479.8,481.45,15.944,1785207599999999,7683.58676,139,3.096,1489.22672,0
1785207600000000,480.52,484.16,479.71,483.51,4.963,1785211199999999,2392.10698,83,2.011,972.06813,0
1785211200000000,482.65,483.34,480.84,480.84,6.199,1785214799999999,2988.97569,69,3.156,1524.07253,0
1785214800000000,481.98,481.98,476.94,476.94,43.134,1785218399999999,20631.4391,95,35.268,16871.98548,0
1785218400000000,477.97,479.37,475.29,479.06,11.594,1785221999999999,5530.23431,127,1.907,912.56607,0
1785222000000000,479.37,479.62,476.43,477.18,1.936,1785225599999999,925.77817,51,1.19,569.67452,0
1785225600000000,476.9,482.45,474.33,479.37,68.843,1785229199999999,32866.10535,526,23.505,11287.25238,0
1785229200000000,479.02,481.14,476.16,476.65,37.23,1785232799999999,17803.81788,437,7.734,3701.26519,0
1785232800000000,476.74,477.39,473.79,476.43,22.258,1785236399999999,10596.99356,468,13.807,6575.90487,0
1785236400000000,476.39,476.54,468.91,473.77,73.711,1785239999999999,34787.47067,1056,54.735,25826.878,0
1785240000000000,473.73,476.89,472.12,474.58,38.445,1785243599999999,18243.004,683,19.069,9062.55695,0
1785243600000000,474.58,476.61,450.79,451.9,219.575,1785247199999999,101942.46446,1794,97.819,45653.51344,0
1785247200000000,451.75,458.48,443.34,451.91,143.024,1785250799999999,64418.72857,1302,81.232,36464.19618,0
1785250800000000,454.0,465.18,450.0,464.12,71.375,1785254399999999,32546.94828,613,52.691,24020.82679,0
1785254400000000,463.95,466.82,458.73,462.42,55.975,1785257999999999,25928.18345,664,18.455,8549.21362,0
1785258000000000,462.07,462.54,456.97,458.63,97.119,1785261599999999,44626.79053,1305,43.989,20204.0252,0
1785261600000000,458.62,459.51,455.29,457.64,99.163,1785265199999999,45297.09018,1187,57.124,26101.26929,0
1785265200000000,458.08,466.35,453.56,455.39,136.526,1785268799999999,62953.37796,1393,89.432,41332.91937,0
1785268800000000,455.19,457.39,452.83,456.05,94.746,1785272399999999,43076.59174,503,41.096,18698.64844,0
1785272400000000,457.76,459.11,457.63,458.7,4.25,1785275999999999,1948.17797,27,2.79,1278.7949,0
1785276000000000,458.53,459.2,445.27,446.4,33.845,1785279599999999,15155.98001,198,3.189,1430.33292,0
1785279600000000,446.21,461.21,444.96,461.06,84.195,1785283199999999,38612.23049,366,79.125,36319.32977,0
1785283200000000,461.46,468.56,458.53,460.59,170.798,1785286799999999,78996.45569,1033,140.308,64871.87685,0
1785286800000000,460.1,461.24,448.02,448.64,115.074,1785290399999999,52352.34811,645,79.547,36215.19894,0
1785290400000000,448.99,454.95,447.98,449.78,37.877,1785293999999999,17074.18682,445,24.822,11183.33525,0
1785294000000000,449.77,450.95,443.31,443.55,75.173,1785297599999999,33597.7246,495,29.107,13035.02164,0
1785297600000000,443.88,445.94,438.39,445.94,125.189,1785301199999999,55339.69224,853,56.817,25123.11576,0
1785301200000000,446.39,452.3,445.76,449.53,51.674,1785304799999999,23185.54151,386,23.254,10448.03933,0
1785304800000000,449.23,455.0,445.03,454.67,81.693,1785308399999999,36625.34144,578,33.407,14957.25335,0
1785308400000000,454.67,454.92,450.32,451.42,69.555,1785311999999999,31499.46892,627,23.957,10837.92282,0
1785312000000000,451.62,453.26,446.68,450.95,213.723,1785315599999999,96284.10674,1342,98.072,44195.53594,0
1785315600000000,451.21,462.06,451.21,460.44,81.795,1785319199999999,37421.57943,571,41.437,18942.64277,0
1785319200000000,460.24,461.21,454.7,455.11,109.367,1785322799999999,50134.77192,709,38.379,17620.23954,0
1785322800000000,454.77,459.75,454.24,457.06,40.912,1785326399999999,18701.13872,388,10.579,4836.39933,0
1785326400000000,457.47,457.84,448.43,453.26,199.114,1785329999999999,90052.81568,987,112.083,50713.06411,0
1785330000000000,453.37,457.31,439.46,441.67,734.255,1785333599999999,330853.13616,3697,436.447,196609.23834,0
1785333600000000,441.67,445.47,429.16,433.73,441.716,1785337199999999,192514.64413,2404,219.739,95726.43884,0
1785337200000000,433.46,435.4,426.51,428.77,255.835,1785340799999999,110308.88603,1217,83.953,36263.76414,0
1785340800000000,429.14,431.55,424.78,430.96,166.257,1785344399999999,71106.93343,993,75.512,32314.96459,0
1785344400000000,431.26,439.83,430.98,437.85,84.402,1785347999999999,36826.41715,664,51.665,22547.55955,0
1785348000000000,437.87,451.41,437.87,450.85,465.64,1785351599999999,206261.62459,2856,278.723,123354.96987,0
1785351600000000,451.08,453.63,429.55,429.99,432.08,1785355199999999,189297.89622,2279,222.025,97147.99986,0
1785355200000000,429.86,430.09,423.51,425.22,174.612,1785358799999999,74428.42581,701,107.975,46055.33044,0
1785358800000000,424.71,426.42,420.42,424.06,62.039,1785362399999999,26292.98898,394,22.306,9481.10854,0
1785362400000000,425.2,429.07,425.2,426.37,16.301,1785365999999999,6972.48462,99,0.673,287.43855,0
1785366000000000,427.82,429.92,426.95,428.54,19.606,1785369599999999,8402.85484,161,8.83,3786.97146,0
1785369600000000,428.45,436.31,426.84,433.11,145.385,1785373199999999,62948.91539,924,70.484,30507.01811,0
1785373200000000,433.98,443.73,433.41,441.13,92.75,1785376799999999,40772.15011,608,45.467,19990.85217,0
1785376800000000,441.58,442.5,433.54,433.69,154.403,1785380399999999,67550.95184,639,91.374,39989.04956,0
1785380400000000,433.39,435.59,430.95,432.92,143.495,1785383999999999,62143.6672,730,62.565,27078.0667,0
1785384000000000,433.28,433.31,428.1,428.43,100.415,1785387599999999,43259.02813,520,41.921,18073.65636,0
1785387600000000,428.27,432.99,427.31,431.49,51.248,1785391199999999,22018.39422,277,24.435,10500.47101,0
1785391200000000,431.3,432.18,429.41,429.43,54.516,1785394799999999,23493.06206,338,21.599,9303.72158,0
1785394800000000,429.46,432.01,425.16,426.22,111.151,1785398399999999,47633.83231,542,39.086,16762.72413,0
1785398400000000,425.98,433.03,423.91,430.07,199.19,1785401999999999,85332.1709,1217,135.986,58321.6943,0
1785402000000000,430.19,434.04,429.99,432.02,89.24,1785405599999999,38573.31233,437,44.458,19196.46041,0
1785405600000000,431.98,440.76,431.67,440.4,81.335,1785409199999999,35600.06526,448,32.465,14226.74625,0
1785409200000000,440.39,449.62,440.18,447.89,142.109,1785412799999999,63343.49868,653,94.97,42311.93748,0
1785412800000000,448.42,455.33,447.75,454.34,321.155,1785416399999999,145219.01369,609,295.747,133715.83427,0
1785416400000000,454.7,482.73,454.69,482.73,1023.97,1785419999999999,476780.86696,1480,486.99,227651.38379,0
1785420000000000,482.49,498.7,480.89,485.39,227.662,1785423599999999,111170.65216,1181,142.509,69476.94504,0
1785423600000000,484.79,490.39,482.47,482.79,183.338,1785427199999999,88944.20184,1696,106.815,51823.94798,0
1785427200000000,483.02,488.6,482.61,486.98,122.838,1785430799999999,59625.72525,1084,82.926,40253.9285,0
1785430800000000,487.07,489.47,485.98,488.69,45.505,1785434399999999,22192.25172,390,27.38,13355.962,0
1785434400000000,489.18,490.35,486.17,487.48,54.196,1785437999999999,26459.0772,327,45.41,22174.20256,0
1785438000000000,487.42,492.74,485.03,486.49,190.33,1785441599999999,93025.7343,802,171.056,83616.24586,0
1785441600000000,485.08,490.97,484.98,490.82,136.633,1785445199999999,66639.68292,653,96.464,47091.66208,0
1785445200000000,490.66,496.5,490.66,493.6,69.22,1785448799999999,34188.95449,404,60.95,30105.45616,0
1785448800000000,493.19,500.49,493.19,499.25,33.447,1785452399999999,16660.56159,287,22.926,11407.02519,0
1785452400000000,498.74,500.62,497.46,500.5,6.499,1785455999999999,3245.26438,72,4.681,2339.28578,0
1785456000000000,499.89,509.77,499.27,509.77,257.428,1785459599999999,129358.10584,489,255.448,128363.42481,0
1785459600000000,510.0,512.27,496.08,497.94,73.798,1785463199999999,37319.88154,403,46.224,23460.15086,0
1785463200000000,499.58,500.62,494.35,497.8,68.711,1785466799999999,34093.16906,369,46.073,22841.16995,0
1785466800000000,497.81,500.53,495.32,499.09,51.908,1785470399999999,25854.84412,364,33.393,16639.38905,0
1785470400000000,498.3,505.3,497.23,504.93,54.922,1785473999999999,27539.43091,285,39.551,19850.93405,0
1785474000000000,504.52,506.78,503.13,506.37,84.787,1785477599999999,42850.78778,388,58.729,29686.3778,0
1785477600000000,506.28,508.15,497.42,499.47,96.621,1785481199999999,48512.53304,683,28.57,14374.064,0
1785481200000000,499.66,505.22,498.36,503.83,77.316,1785484799999999,38778.36981,671,38.909,19530.64947,0
1785484800000000,504.15,507.88,500.26,505.96,56.119,1785488399999999,28210.59388,584,25.031,12589.92834,0
1785488400000000,506.25,508.6,503.25,504.12,26.161,1785491999999999,13213.8556,218,7.852,3967.00767,0
1785492000000000,503.41,505.92,503.41,505.16,7.961,1785495599999999,4020.37252,83,3.197,1614.09698,0
1785495600000000,505.22,510.55,505.22,507.31,126.317,1785499199999999,64140.57387,349,104.118,52853.45747,0
1785499200000000,507.52,507.52,501.41,503.9,65.428,1785502799999999,32917.20238,357,19.671,9901.24449,0
1785502800000000,503.76,516.14,491.56,496.35,1017.91,1785506399999999,517811.06127,3431,639.004,325995.0864,0
1785506400000000,496.36,496.82,483.75,492.97,519.137,1785509999999999,254370.59394,2363,275.322,134935.1085,0
1785510000000000,493.6,496.0,485.03,488.15,193.135,1785513599999999,94708.17121,1184,108.269,53084.09281,0
1785513600000000,488.15,493.28,487.45,489.89,85.806,1785517199999999,42038.49688,614,24.262,11876.44013,0
1785517200000000,489.89,493.52,489.68,490.46,54.187,1785520799999999,26614.54958,322,4.851,2380.5352,0
1785520800000000,490.38,490.38,486.66,487.45,32.555,1785524399999999,15899.23738,344,13.081,6387.89914,0
1785524400000000,488.42,488.42,477.27,477.27,99.797,1785527999999999,48272.14684,930,32.301,15568.98827,0
1785528000000000,477.17,480.72,475.25,478.21,48.147,1785531599999999,22994.92707,473,31.768,15168.91307,0
1785531600000000,478.21,479.63,477.71,477.71,8.07,1785535199999999,3865.01438,59,3.687,1765.22884,0
1785535200000000,477.58,477.63,476.43,477.63,3.371,1785538799999999,1607.96747,33,1.385,660.73496,0
1785538800000000,476.35,476.35,473.3,473.3,7.267,1785542399999999,3451.87476,81,0.223,105.93227,0
1785542400000000,473.14,477.58,473.05,473.05,77.955,1785545999999999,37099.72493,440,39.42,18758.04204,0
1785546000000000,473.89,475.22,473.44,474.24,46.29,1785549599999999,21957.6276,242,30.139,14297.97419,0
1785549600000000,474.78,475.6,474.32,474.83,11.277,1785553199999999,5354.74408,64,7.247,3440.69855,0
1785553200000000,474.63,475.12,473.76,473.99,14.947,1785556799999999,7090.90455,75,6.248,2965.00844,0
1785556800000000,473.88,474.74,473.8,474.53,4.072,1785560399999999,1931.00477,19,2.31,1096.11097,0
1785560400000000,474.2,474.76,473.2,473.71,28.977,1785563999999999,13731.21665,132,15.342,7271.40158,0
1785564000000000,473.67,475.25,473.49,473.71,26.691,1785567599999999,12658.84969,143,12.11,5742.58521,0
1785567600000000,474.02,475.2,474.0,475.02,8.23,1785571199999999,3905.93623,43,3.807,1806.691,0
1785571200000000,474.99,475.66,473.88,473.88,17.898,1785574799999999,8498.84146,77,7.821,3713.10221,0
1785574800000000,473.91,474.11,473.34,473.52,8.388,1785578399999999,3974.03632,51,4.423,2095.27136,0
1785578400000000,473.58,474.49,473.55,474.16,4.479,1785581999999999,2123.17379,25,2.892,1371.17736,0
1785582000000000,474.16,475.5,474.16,475.15,7.192,1785585599999999,3414.769,33,5.478,2600.74652,0
1785585600000000,474.85,474.86,474.53,474.53,2.776,1785589199999999,1317.67206,16,0.063,29.89694,0
1785589200000000,473.84,473.95,472.94,473.01,8.385,1785592799999999,3969.98223,62,5.261,2491.43236,0
1785592800000000,472.81,473.37,472.56,473.37,3.118,1785596399999999,1474.77136,21,2.039,964.48588,0
1785596400000000,472.98,473.38,472.6,473.04,8.212,1785599999999999,3883.41933,58,2.96,1400.186,0
1785600000000000,473.03,473.03,471.9,471.9,11.456,1785603599999999,5410.24423,81,6.309,2979.19619,0
1785603600000000,472.29,472.78,471.73,472.33,19.445,1785607199999999,9182.51977,110,10.344,4885.19814,0
1785607200000000,472.17,472.17,469.6,470.87,78.285,1785610799999999,36869.02651,393,33.73,15884.41921,0
1785610800000000,470.6,471.15,469.6,469.93,31.919,1785614399999999,15009.0995,123,17.001,7993.55,0
1785614400000000,469.81,470.39,469.37,470.39,14.64,1785617999999999,6880.38092,59,8.76,4117.40252,0
1785618000000000,470.39,473.94,468.94,473.47,17.4,1785621599999999,8185.70487,91,10.694,5031.61298,0
1785621600000000,473.94,474.02,471.62,472.84,6.914,1785625199999999,3273.65751,116,2.222,1052.14238,0
1785625200000000,473.2,473.2,473.2,473.2,0.022,1785628799999999,10.4104,1,0.022,10.4104,0
1785628800000000,473.38,477.6,473.38,477.6,44.302,1785632399999999,21070.17494,205,28.159,13395.97527,0
1785632400000000,477.39,477.39,475.78,475.78,14.08,1785635999999999,6710.53114,91,5.611,2675.5309,0
1785636000000000,475.9,488.83,475.9,485.25,465.79,1785639599999999,225633.23366,5023,276.407,133809.38476,0
1785639600000000,485.25,486.7,482.67,485.15,267.78,1785643199999999,129827.12192,2239,111.288,53977.02024,0
1785643200000000,485.65,486.49,483.69,484.2,15.813,1785646799999999,7667.47757,110,6.846,3316.66147,0
1785646800000000,484.48,485.73,483.62,485.65,27.968,1785650399999999,13549.21626,142,9.505,4605.4606,0
1785650400000000,485.65,485.65,483.39,484.57,7.904,1785653999999999,3836.92727,64,3.549,1723.41891,0
1785654000000000,484.55,485.98,482.59,485.98,6.934,1785657599999999,3357.09132,69,5.929,2870.27911,0
1785657600000000,485.98,487.23,485.86,487.21,1.029,1785661199999999,501.06151,18,0.855,416.50843,0
1785661200000000,487.2,488.83,484.26,487.74,13.018,1785664799999999,6330.27008,144,6.354,3088.77152,0
1785664800000000,487.74,488.82,486.48,488.79,17.163,1785668399999999,8356.72508,68,2.393,1169.72123,0
1785668400000000,488.79,488.79,483.44,485.81,34.656,1785671999999999,16835.04232,204,4.95,2402.9554,0
1785672000000000,485.09,486.4,484.95,486.0,6.524,1785675599999999,3168.62637,48,1.729,839.39119,0
1785675600000000,486.01,486.77,485.91,486.38,0.36,1785679199999999,175.08173,7,0.25,121.63163,0
1785679200000000,486.5,486.51,484.45,485.45,7.583,1785682799999999,3681.71647,80,3.426,1663.99968,0
1785682800000000,486.24,486.99,485.53,486.99,2.538,1785686399999999,1232.57915,22,0.232,112.89483,0
1785686400000000,486.99,488.25,485.65,488.25,25.005,1785689999999999,12163.32448,112,19.89,9673.53654,0
1785690000000000,487.11,489.43,486.91,488.08,8.108,1785693599999999,3958.01808,44,1.205,589.44914,0
1785693600000000,488.08,488.87,487.58,488.43,14.635,1785697199999999,7147.50182,47,7.72,3772.01621,0
1785697200000000,488.81,489.55,488.81,489.55,0.876,1785700799999999,428.40006,13,0.705,344.795,0
1785700800000000,489.82,489.82,488.96,489.67,1.257,1785704399999999,615.29549,15,0.504,246.82803,0
1785704400000000,489.16,492.0,488.66,490.99,8.438,1785707999999999,4140.59524,136,5.9,2894.7963,0
1785708000000000,491.45,493.44,490.36,492.41,20.765,1785711599999999,10218.01356,241,11.395,5611.71867,0
1785711600000000,493.58,494.35,490.21,491.81,39.025,1785715199999999,19199.61546,291,16.581,8157.19431,0
1785715200000000,492.11,492.2,482.36,487.5,796.796,1785718799999999,386636.67766,3102,689.038,334282.35024,0
1785718800000000,487.75,488.17,484.45,487.28,190.391,1785722399999999,92490.87315,936,103.069,50026.38651,0
1785722400000000,487.32,489.48,486.0,487.95,54.109,1785725999999999,26407.41483,279,23.922,11680.14497,0
1785726000000000,488.87,489.91,487.24,489.26,32.93,1785729599999999,16080.73576,204,14.281,6971.52612,0
1785729600000000,488.9,490.27,487.9,488.58,65.768,1785733199999999,32202.88093,164,58.366,28584.77822,0
1785733200000000,488.34,488.9,486.89,487.29,20.431,1785736799999999,9966.4291,118,11.109,5418.47038,0
1785736800000000,487.4,487.65,484.37,484.37,15.243,1785740399999999,7412.53544,180,4.77,2322.06923,0
1785740400000000,484.62,486.72,482.0,482.9,33.077,1785743999999999,16021.67426,355,8.456,4096.42639,0
1785744000000000,482.81,483.41,474.54,481.75,189.085,1785747599999999,90447.21088,2527,64.905,31011.46499,0
1785747600000000,481.75,481.99,476.18,477.83,69.687,1785751199999999,33366.78911,815,11.968,5734.40354,0
1785751200000000,477.69,477.69,469.43,474.82,93.135,1785754799999999,44076.4961,1226,23.147,10952.16259,0
1785754800000000,474.77,474.77,462.3,463.14,141.816,1785758399999999,66386.49739,1575,19.611,9172.26933,0
1785758400000000,464.11,466.75,461.68,464.84,73.78,1785761999999999,34296.38542,796,13.802,6422.07403,0
1785762000000000,464.75,471.71,455.07,471.06,386.484,1785765599999999,178645.72807,3484,191.395,88729.05967,0
1785765600000000,471.56,487.49,466.59,485.6,101.116,1785769199999999,48089.61478,386,52.863,25423.85387,0
1785769200000000,485.6,485.6,478.63,481.29,36.518,1785772799999999,17542.16854,144,18.129,8713.47212,0
1785772800000000,482.0,482.7,480.89,480.95,1.529,1785776399999999,736.02273,31,0.451,217.4695,0
1785776400000000,481.17,489.68,480.94,489.68,10.699,1785779999999999,5204.93126,76,10.429,5074.05165,0
1785780000000000,489.82,491.03,485.0,485.0,10.325,1785783599999999,5051.61568,112,4.049,1983.51391,0
1785783600000000,487.17,487.45,484.55,484.55,2.651,1785787199999999,1287.91317,38,0.478,232.68125,0
1785787200000000,486.05,488.78,485.96,487.9,1.227,1785790799999999,598.505,46,1.117,544.90251,0
1785790800000000,487.96,491.45,487.96,490.84,17.638,1785794399999999,8628.16657,82,16.651,8143.43961,0
1785794400000000,490.23,494.77,490.23,493.64,5.793,1785797999999999,2860.0705,44,3.449,1703.29697,0
1785798000000000,493.18,496.41,492.41,495.35,14.881,1785801599999999,7373.92137,55,14.542,7206.69713,0
1785801600000000,495.48,496.3,485.53,486.13,80.964,1785805199999999,39685.90672,285,70.562,34597.03422,0
1785805200000000,486.0,495.58,483.19,495.12,173.175,1785808799999999,84859.88584,398,168.862,82757.8258,0
1785808800000000,494.44,494.6,490.0,491.19,30.321,1785812399999999,14918.7001,136,26.638,13106.97179,0
1785812400000000,491.36,494.0,488.98,493.12,58.784,1785815999999999,28856.41324,152,10.025,4922.98349,0
1785816000000000,491.59,493.91,490.32,493.3,16.502,1785819599999999,8110.82132,69,6.188,3050.47604,0
1785819600000000,492.0,499.38,490.78,499.38,21.427,1785823199999999,10639.4937,114,20.992,10424.31493,0
1785823200000000,499.12,500.6,496.77,499.62,77.921,1785826799999999,38890.20706,159,41.35,20619.79473,0
1785826800000000,499.63,499.64,496.68,497.76,9.627,1785830399999999,4804.42072,55,5.06,2523.12081,0
1785830400000000,497.82,503.31,497.05,500.11,30.774,1785833999999999,15397.27408,141,19.195,9612.34002,0
1785834000000000,498.71,500.13,496.07,500.13,21.501,1785837599999999,10726.37942,141,11.983,5980.63555,0
1785837600000000,499.78,507.88,499.39,505.55,106.536,1785841199999999,53630.22171,382,93.262,46961.80878,0
1785841200000000,506.0,510.92,506.0,509.87,65.781,1785844799999999,33525.96021,342,50.876,25954.63913,0
1785844800000000,508.57,508.79,503.38,504.23,9.101,1785848399999999,4607.60656,97,1.12,567.99655,0
1785848400000000,506.0,517.15,502.92,510.29,234.981,1785851999999999,120082.7966,837,122.905,62921.99119,0
1785852000000000,511.35,518.51,509.5,517.34,138.302,1785855599999999,71304.1395,1108,43.601,22509.77212,0
1785855600000000,517.51,522.92,517.51,522.56,157.434,1785859199999999,81861.00277,1002,127.314,66178.75876,0
1785859200000000,523.7,525.53,521.7,524.45,27.274,1785862799999999,14314.20125,148,17.871,9384.92006,0
1785862800000000,524.64,530.18,524.01,526.48,250.671,1785866399999999,131972.76729,3086,158.244,83288.77597,0
1785866400000000,526.19,528.95,526.17,528.78,14.177,1785869999999999,7488.23353,135,2.548,1346.54138,0
1785870000000000,530.0,533.0,519.29,526.92,355.783,1785873599999999,186360.70905,1435,128.959,67375.90265,0
1785873600000000,526.22,533.74,461.73,479.76,965.373,1785877199999999,474325.63041,5809,428.856,211256.28633,0
1785877200000000,479.88,480.76,466.3,472.99,263.268,1785880799999999,124739.99339,2249,174.66,82790.75645,0
1785880800000000,473.46,475.33,471.54,472.01,69.662,1785884399999999,33025.85476,318,12.396,5866.78653,0
1785884400000000,472.0,473.74,470.11,473.74,99.093,1785887999999999,46775.51418,522,7.061,3334.70807,0
1785888000000000,474.0,479.67,472.98,476.44,369.252,1785891599999999,175670.01689,1880,241.657,114859.63828,0
1785891600000000,476.02,476.42,473.0,476.31,236.981,1785895199999999,112556.34654,514,214.641,101952.93744,0
1785895200000000,476.43,477.63,473.54,474.49,508.953,1785898799999999,241957.12114,1231,459.453,218442.72165,0
1785898800000000,474.82,479.57,474.82,477.96,1091.451,1785902399999999,520611.80574,3551,1036.448,494373.94228,0
1785902400000000,478.15,480.13,476.52,479.71,1741.919,1785905999999999,833493.02162,6274,1498.466,717065.3869,0
1785906000000000,479.12,487.99,479.12,485.28,2744.265,1785909599999999,1328223.11361,9784,2421.221,1171761.78738,0
1785909600000000,485.18,485.79,480.05,481.95,889.435,1785913199999999,429126.60244,5516,689.565,332694.62781,0
1785913200000000,481.86,482.24,477.33,479.07,392.953,1785916799999999,188839.73433,2455,312.941,150404.82872,0
1785916800000000,479.08,481.95,473.56,477.09,276.375,1785920399999999,131957.11247,1016,143.112,68438.10134,0
1785920400000000,476.72,477.98,473.96,476.15,232.645,1785923999999999,110616.39542,739,202.526,96295.01576,0
1785924000000000,475.71,476.18,471.85,472.86,52.743,1785927599999999,24976.4481,279,12.235,5792.37901,0
1785927600000000,472.76,480.85,470.57,475.23,51.318,1785931199999999,24364.09175,277,22.44,10679.39344,0
1785931200000000,474.76,482.33,472.66,479.5,40.954,1785934799999999,19551.06845,327,32.029,15278.33902,0
1785934800000000,480.01,502.0,476.43,493.51,1080.097,1785938399999999,528756.1484,3494,321.865,156981.05908,0
1785938400000000,493.59,493.59,478.94,481.33,517.777,1785941999999999,251102.85649,1531,324.338,157217.58064,0
1785942000000000,480.89,487.49,480.54,484.57,164.196,1785945599999999,79393.8629,533,116.82,56421.11818,0
1785945600000000,485.23,491.81,484.97,489.56,38.881,1785949199999999,19006.76984,303,17.854,8731.46266,0
1785949200000000,490.01,490.01,485.14,487.7,45.453,1785952799999999,22130.74445,230,7.67,3739.82596,0
1785952800000000,487.54,488.89,486.57,487.62,31.634,1785956399999999,15425.36225,104,10.756,5241.3946,0
1785956400000000,487.62,489.1,481.16,481.87,67.41,1785959999999999,32617.20445,369,3.771,1829.11266,0
1785960000000000,482.26,482.93,478.88,482.21,66.526,1785963599999999,31996.46313,235,11.357,5471.86223,0
1785963600000000,482.83,483.23,480.31,481.53,14.627,1785967199999999,7048.12991,86,6.544,3153.6495,0
1785967200000000,482.09,484.8,482.09,483.39,7.312,1785970799999999,3537.51017,57,5.476,2650.99504,0
1785970800000000,483.57,483.81,481.53,481.59,23.488,1785974399999999,11353.49853,150,3.215,1555.04702,0
1785974400000000,481.48,483.59,478.96,479.64,200.757,1785977999999999,96553.75442,750,19.747,9514.82416,0
1785978000000000,479.41,479.58,473.99,477.39,370.678,1785981599999999,177019.12627,1116,33.201,15815.84328,0
1785981600000000,477.42,480.9,476.94,479.71,117.013,1785985199999999,56064.95423,334,24.04,11521.97327,0
1785985200000000,479.74,480.54,478.09,478.76,96.087,1785988799999999,46012.24808,295,10.13,4852.35442,0
1785988800000000,478.49,479.82,477.77,478.27,148.171,1785992399999999,70903.9053,424,10.733,5132.53921,0
1785992400000000,479.07,479.74,477.89,479.37,139.054,1785995999999999,66590.76194,381,10.857,5204.05544,0
1785996000000000,478.35,478.43,476.71,477.44,210.535,1785999599999999,100532.91777,618,9.448,4515.4768,0
1785999600000000,477.93,479.4,477.24,477.87,108.474,1786003199999999,51856.72083,408,47.512,22730.87414,0
1786003200000000,477.87,478.6,473.3,477.69,181.314,1786006799999999,86280.15674,1090,124.554,59296.33863,0
1786006800000000,477.64,478.07,475.1,477.55,73.564,1786010399999999,35049.25291,515,24.199,11538.16208,0
1786010400000000,477.91,478.58,475.56,476.09,50.286,1786013999999999,24002.6031,383,31.248,14923.74777,0
1786014000000000,476.12,480.0,474.38,477.74,73.907,1786017599999999,35265.4706,448,40.514,19348.81902,0
1786017600000000,477.63,477.63,475.17,475.82,55.367,1786021199999999,26392.12721,341,35.143,16756.1133,0
1786021200000000,475.48,483.81,470.0,482.41,517.984,1786024799999999,246339.50797,3094,142.767,68146.70313,0
1786024800000000,482.93,492.81,479.58,491.0,249.622,1786028399999999,121878.33051,1421,98.506,48163.45161,0
1786028400000000,492.0,495.22,489.35,490.49,191.591,1786031999999999,94327.83916,1550,124.404,61299.97413,0
1786032000000000,490.48,495.0,485.81,495.0,58.9,1786035599999999,28861.39718,455,15.88,7804.63999,0
1786035600000000,495.86,496.48,491.75,491.97,41.465,1786039199999999,20521.39459,375,7.701,3814.21167,0
1786039200000000,491.31,493.38,488.33,492.59,186.993,1786042799999999,91672.92575,752,58.787,28871.12559,0
1786042800000000,493.04,496.42,489.45,489.88,145.141,1786046399999999,71445.10364,715,31.941,15753.0956,0
1786046400000000,489.09,489.28,487.35,488.49,55.856,1786049999999999,27276.61493,328,14.869,7260.62532,0
1786050000000000,489.1,489.53,488.62,488.84,22.075,1786053599999999,10794.89941,119,8.533,4175.04595,0
1786053600000000,489.4,491.33,489.4,491.32,81.565,1786057199999999,39967.65691,121,10.27,5037.1928,0
1786057200000000,491.07,492.0,490.37,491.71,25.328,1786060799999999,12432.32232,179,14.044,6897.34768,0
1786060800000000,492.15,493.43,489.11,491.76,328.605,1786064399999999,161156.12031,1297,14.099,6922.67136,0
1786064400000000,491.96,492.45,488.67,489.83,343.737,1786067999999999,168471.27104,1338,25.854,12661.31981,0
1786068000000000,489.99,490.99,489.53,490.68,184.337,1786071599999999,90358.90237,549,6.546,3212.7037,0
1786071600000000,491.08,491.39,489.43,489.92,96.457,1786075199999999,47312.78375,307,5.532,2717.34009,0
1786075200000000,489.22,490.07,488.5,489.88,110.317,1786078799999999,53961.41396,348,8.34,4081.61628,0
1786078800000000,490.34,491.49,490.31,490.48,26.453,1786082399999999,12987.54275,149,9.006,4424.37984,0
1786082400000000,491.03,492.65,490.79,491.49,159.106,1786085999999999,78291.61024,549,80.49,39632.4122,0
1786086000000000,491.72,493.83,491.26,492.3,25.414,1786089599999999,12510.64734,104,6.731,3318.76972,0
1786089600000000,492.57,495.52,492.55,494.12,68.119,1786093199999999,33676.97766,225,28.753,14211.61779,0
1786093200000000,494.17,495.36,493.41,494.04,36.45,1786096799999999,18024.52135,185,5.628,2784.32409,0
1786096800000000,493.7,493.97,491.51,492.09,65.662,1786100399999999,32337.67141,338,24.366,12005.16061,0
1786100400000000,492.34,496.84,492.34,494.91,159.36,1786103999999999,78928.32325,688,58.721,29080.44936,0
1786104000000000,495.16,504.18,494.73,502.45,685.757,1786107599999999,342330.15813,2013,254.661,127041.46724,0
1786107600000000,502.6,503.0,480.52,485.87,877.798,1786111199999999,432621.74027,2859,149.085,73099.88359,0
1786111200000000,485.35,488.51,476.04,479.39,1393.358,1786114799999999,671165.92493,1590,980.484,472020.3136,0
1786114800000000,480.15,483.37,478.91,482.64,68.698,1786118399999999,33056.14799,288,22.266,10714.61855,0
1786118400000000,483.8,485.3,476.5,480.52,163.291,1786121999999999,78250.0446,278,43.433,20866.17222,0
1786122000000000,480.35,481.84,479.77,480.78,13.113,1786125599999999,6305.55149,68,11.928,5735.53646,0
1786125600000000,480.6,482.32,477.59,478.87,63.222,1786129199999999,30243.99994,101,16.903,8105.50675,0
1786129200000000,478.94,482.49,478.64,481.95,126.602,1786132799999999,60780.09357,425,67.076,32211.43349,0
1786132800000000,483.0,483.03,481.71,482.13,9.644,1786136399999999,4647.62638,72,6.628,3193.15543,0
1786136400000000,482.43,482.75,482.03,482.41,6.786,1786139999999999,3273.30963,27,1.734,836.31027,0
1786140000000000,482.33,482.83,482.21,482.45,6.97,1786143599999999,3363.00499,29,4.695,2265.6985,0
1786143600000000,482.3,482.97,482.3,482.36,8.54,1786147199999999,4119.58538,38,2.012,970.94545,0
1786147200000000,483.05,483.05,481.32,481.57,21.293,1786150799999999,10266.23821,81,1.536,741.71565,0
1786150800000000,481.21,482.27,481.11,482.16,31.954,1786154399999999,15398.02048,112,15.221,7332.94201,0
1786154400000000,482.11,482.59,480.59,481.03,45.592,1786157999999999,21940.20633,88,10.982,5283.27624,0
1786158000000000,481.1,481.27,479.91,480.29,28.394,1786161599999999,13647.71847,146,19.613,9428.94256,0
1786161600000000,480.54,480.66,479.74,480.1,27.214,1786165199999999,13067.75434,64,13.059,6268.22433,0
1786165200000000,479.96,480.34,479.38,479.38,5.833,1786168799999999,2798.74975,33,1.144,549.22409,0
1786168800000000,479.64,479.64,479.03,479.03,8.631,1786172399999999,4137.34575,39,4.685,2246.40679,0
1786172400000000,479.23,479.99,479.23,479.99,8.281,1786175999999999,3973.52021,31,7.576,3635.49246,0
1786176000000000,479.24,479.45,479.18,479.45,3.914,1786179599999999,1875.54785,9,0.104,49.8628,0
1786179600000000,479.52,479.99,479.45,479.68,11.968,1786183199999999,5742.53429,34,7.614,3654.36997,0
1786183200000000,479.8,480.45,479.45,479.45,16.666,1786186799999999,7998.39936,55,7.553,3625.40063,0
1786186800000000,479.93,480.69,479.93,480.61,11.834,1786190399999999,5687.11418,44,10.337,4968.04739,0
1786190400000000,480.29,480.44,479.67,480.08,34.977,1786193999999999,16795.38407,87,16.85,8092.15847,0
1786194000000000,480.35,482.33,480.35,481.73,50.743,1786197599999999,24439.16338,133,23.851,11486.47833,0
1786197600000000,481.97,481.97,481.24,481.24,8.322,1786201199999999,4009.24291,44,3.275,1577.88436,0
1786201200000000,481.5,482.42,481.5,481.69,6.325,1786204799999999,3048.75682,55,1.224,590.10869,0
1786204800000000,481.64,482.23,481.13,481.14,35.552,1786208399999999,17128.73629,136,16.842,8115.20951,0
1786208400000000,481.19,482.84,480.71,482.84,13.733,1786211999999999,6610.80735,90,9.264,4458.78266,0
1786212000000000,482.91,483.43,482.48,482.69,2.111,1786215599999999,1018.92147,27,1.771,854.82637,0
1786215600000000,483.34,484.05,482.72,483.17,8.095,1786219199999999,3910.72767,54,3.196,1544.49842,0
1786219200000000,483.4,483.85,482.89,483.71,12.972,1786222799999999,6270.45131,48,5.245,2536.40368,0
1786222800000000,483.87,484.32,483.81,484.32,5.413,1786226399999999,2620.89121,22,5.065,2452.52285,0
1786226400000000,484.05,484.17,483.69,483.99,4.35,1786229999999999,2105.47236,20,3.819,1848.55964,0
1786230000000000,484.1,484.57,483.81,484.01,11.384,1786233599999999,5512.80303,43,3.554,1721.74089,0
1786233600000000,484.49,484.49,483.69,484.39,5.1,1786237199999999,2469.14107,16,0.104,50.38696,0
1786237200000000,484.37,484.49,483.68,483.68,4.515,1786240799999999,2187.18993,21,4.084,1978.60762,0
1786240800000000,483.99,484.24,483.61,484.0,0.966,1786244399999999,467.39943,15,0.127,61.47748,0
1786244400000000,484.28,484.28,482.65,484.04,10.536,1786247999999999,5095.17248,85,2.579,1247.82474,0
1786248000000000,483.9,484.06,483.44,483.88,3.329,1786251599999999,1610.50825,47,0.684,330.97751,0
1786251600000000,484.03,484.57,484.03,484.25,1.007,1786255199999999,487.73617,17,0.624,302.21218,0
1786255200000000,484.46,484.99,484.16,484.65,5.595,1786258799999999,2711.04072,41,2.397,1161.7549,0
1786258800000000,484.05,484.85,483.81,484.45,8.43,1786262399999999,4083.83028,57,7.679,3720.2177,0
1786262400000000,484.06,484.77,483.22,483.22,21.158,1786265999999999,10245.40314,82,8.499,4116.72224,0
1786266000000000,483.0,483.45,482.79,483.17,2.304,1786269599999999,1112.75577,27,0.606,292.90659,0
1786269600000000,483.33,484.01,482.77,483.99,1.726,1786273199999999,834.4192,19,1.573,760.54646,0
1786273200000000,483.54,484.18,483.44,483.47,17.205,1786276799999999,8319.45211,36,4.801,2321.41049,0
1786276800000000,483.46,484.43,483.38,484.07,6.911,1786280399999999,3342.71766,92,6.648,3215.44669,0
1786280400000000,484.15,484.93,484.1,484.61,1.216,1786283999999999,589.13946,16,0.057,27.63109,0
1786284000000000,484.83,484.93,484.1,484.74,2.236,1786287599999999,1083.41744,23,0.342,165.80643,0
1786287600000000,484.99,485.0,484.48,484.91,2.907,1786291199999999,1409.71426,20,2.831,1372.88372,0
1786291200000000,484.18,484.71,484.18,484.42,1.545,1786294799999999,748.62558,21,1.423,689.55187,0
1786294800000000,484.72,485.12,484.23,484.64,9.109,1786298399999999,4415.11616,35,4.231,2051.28385,0
1786298400000000,484.97,485.31,484.63,485.31,1.693,1786301999999999,820.88794,28,0.566,274.63132,0
1786302000000000,485.31,485.31,484.62,484.99,4.076,1786305599999999,1976.66722,42,1.66,805.41487,0
1786305600000000,484.91,484.91,484.41,484.85,0.706,1786309199999999,342.0102,9,0.036,17.4555,0
1786309200000000,484.41,484.83,481.73,482.38,8.992,1786312799999999,4340.41767,55,0.671,324.5751,0
1786312800000000,483.81,485.01,482.33,482.88,17.013,1786316399999999,8224.56922,80,10.184,4927.67592,0
1786316400000000,483.81,485.26,483.46,483.79,7.613,1786319999999999,3687.73105,44,4.335,2102.15892,0
1786320000000000,483.78,486.35,480.8,481.28,194.624,1786323599999999,94148.95274,769,10.646,5165.82917,0
1786323600000000,481.31,485.0,480.94,483.73,103.618,1786327199999999,50029.46642,572,11.855,5732.92951,0
1786327200000000,483.67,484.22,482.42,483.63,126.497,1786330799999999,61159.57629,379,3.127,1512.72122,0
1786330800000000,483.54,483.76,482.95,483.57,43.208,1786334399999999,20884.0281,113,0.267,129.09623,0
1786334400000000,483.3,484.16,482.58,482.69,106.747,1786337999999999,51594.86398,447,0.651,314.80407,0
1786338000000000,483.02,484.17,482.97,484.04,26.715,1786341599999999,12914.15403,101,0.423,204.53092,0
1786341600000000,484.57,485.65,484.2,484.87,7.077,1786345199999999,3431.89727,51,1.2,582.00548,0
1786345200000000,484.86,487.98,484.69,487.75,85.935,1786348799999999,41881.76063,284,6.288,3061.6765,0
1786348800000000,487.81,489.83,486.01,487.43,34.863,1786352399999999,17000.31196,310,7.792,3803.7766,0
1786352400000000,487.57,487.96,484.46,485.02,92.36,1786355999999999,44941.95939,581,6.757,3288.61507,0
1786356000000000,484.91,485.36,481.0,481.51,22.808,1786359599999999,11021.15565,172,12.458,6020.16433,0
1786359600000000,482.34,482.88,480.0,482.24,133.842,1786363199999999,64273.92451,716,9.804,4716.49463,0
1786363200000000,482.38,482.38,477.4,478.26,246.7,1786366799999999,118130.20095,1072,20.749,9926.77879,0
1786366800000000,478.86,480.55,471.5,475.76,177.852,1786370399999999,84948.14834,1120,56.017,26697.19581,0
1786370400000000,476.32,483.34,475.39,476.41,52.978,1786373999999999,25347.00828,637,18.909,9065.55965,0
1786374000000000,476.95,479.37,475.0,479.37,37.757,1786377599999999,18023.01013,326,24.477,11696.16609,0
1786377600000000,478.82,478.82,474.33,475.32,18.311,1786381199999999,8717.11609,260,1.982,943.74494,0
1786381200000000,475.44,476.62,474.67,475.2,7.782,1786384799999999,3697.17669,65,5.205,2472.70593,0
1786384800000000,475.61,476.36,474.79,475.29,52.498,1786388399999999,24966.40605,184,1.829,869.81069,0
1786388400000000,476.43,476.62,470.0,470.05,30.288,1786391999999999,14306.31113,271,12.967,6129.04435,0
1786392000000000,470.03,471.46,470.0,471.18,4.707,1786395599999999,2215.74091,34,3.585,1688.24097,0
1786395600000000,471.0,471.18,470.16,471.18,9.581,1786399199999999,4511.78355,75,6.276,2956.18928,0
1786399200000000,470.85,471.13,470.0,470.21,12.304,1786402799999999,5784.89354,51,0.316,148.75671,0
1786402800000000,470.0,470.32,469.54,469.58,30.028,1786406399999999,14111.80048,131,1.051,494.23228,0
1786406400000000,469.72,472.31,468.71,472.18,32.208,1786409999999999,15157.42393,305,3.28,1542.3044,0
1786410000000000,471.66,472.95,470.25,472.29,9.431,1786413599999999,4446.35492,133,2.271,1071.62312,0
1786413600000000,472.18,472.29,471.44,471.9,12.204,1786417199999999,5758.45807,90,0.788,372.08004,0
1786417200000000,472.07,473.42,472.07,473.29,1.772,1786420799999999,837.65407,12,0.27,127.66725,0
1786420800000000,473.45,474.07,472.6,472.6,30.611,1786424399999999,14491.81937,151,8.863,4198.36975,0
1786424400000000,472.83,472.93,471.36,471.74,29.406,1786427999999999,13870.26827,201,0.149,70.37167,0
1786428000000000,471.97,472.0,469.58,470.32,166.931,1786431599999999,78560.30006,358,22.023,10364.60425,0
1786431600000000,470.17,472.34,469.63,472.34,107.585,1786435199999999,50636.48347,142,2.736,1290.0605,0
1786435200000000,472.46,473.85,470.0,470.56,50.151,1786438799999999,23639.61117,184,14.269,6732.21725,0
1786438800000000,471.02,472.29,469.31,471.69,53.39,1786442399999999,25124.40207,313,10.727,5058.93142,0
1786442400000000,471.74,473.61,471.09,473.09,40.546,1786445999999999,19168.02753,123,23.886,11287.80316,0
1786446000000000,473.2,475.37,472.99,473.28,15.765,1786449599999999,7478.69783,149,6.893,3274.69221,0
1786449600000000,473.18,474.58,472.26,472.26,24.826,1786453199999999,11764.24697,77,5.089,2412.42017,0
1786453200000000,473.33,475.13,463.22,467.35,317.512,1786456799999999,148959.00667,776,114.648,53556.18492,0
1786456800000000,467.66,471.45,466.96,468.97,100.457,1786460399999999,47134.01039,319,20.618,9675.57427,0
1786460400000000,469.54,470.67,468.67,468.67,11.825,1786463999999999,5553.96878,74,8.373,3932.5082,0
1786464000000000,468.01,468.01,465.66,466.11,10.129,1786467599999999,4727.74133,24,4.412,2062.45235,0
1786467600000000,466.18,469.16,466.18,469.16,3.947,1786471199999999,1847.6682,11,3.947,1847.6682,0
1786471200000000,470.0,473.85,470.0,473.57,8.808,1786474799999999,4154.10746,50,3.495,1651.67043,0
1786474800000000,472.99,475.82,472.65,473.52,18.423,1786478399999999,8753.45433,85,15.471,7351.79079,0
1786478400000000,474.02,474.64,473.74,473.79,5.129,1786481999999999,2431.87894,28,2.403,1140.00922,0
1786482000000000,474.02,474.02,473.26,473.45,35.537,1786485599999999,16820.83664,67,0.367,173.84337,0
1786485600000000,473.44,474.09,473.4,473.74,5.765,1786489199999999,2731.02115,25,3.092,1464.48679,0
1786489200000000,473.81,474.78,473.3,474.78,39.814,1786492799999999,18852.81851,65,5.109,2422.61468,0
1786492800000000,473.92,475.98,473.5,474.78,224.929,1786496399999999,106828.42422,342,3.605,1710.86104,0
1786496400000000,474.77,475.71,474.69,475.5,23.099,1786499999999999,10968.3377,59,21.658,10283.73557,0
1786500000000000,475.74,477.36,475.26,477.36,29.45,1786503599999999,14026.4689,82,4.448,2119.13805,0
1786503600000000,477.38,477.84,476.03,476.7,104.43,1786507199999999,49784.34854,145,8.135,3880.55193,0
1786507200000000,477.38,477.38,476.41,476.68,45.863,1786510799999999,21862.99977,100,2.387,1137.36339,0
1786510800000000,476.71,476.86,475.95,476.65,101.204,1786514399999999,48212.69657,378,0.167,79.48365,0
1786514400000000,476.86,477.41,476.42,477.4,5.629,1786517999999999,2685.37295,17,4.566,2178.7988,0
1786518000000000,477.4,478.84,477.4,478.54,76.787,1786521599999999,36724.00235,156,4.837,2312.29102,0
1786521600000000,478.61,481.5,477.4,481.32,87.38,1786525199999999,41917.27975,346,54.883,26359.28963,0
1786525200000000,481.06,481.68,480.43,481.01,10.129,1786528799999999,4872.8826,102,1.645,792.01049,0
1786528800000000,480.81,481.28,478.61,479.03,18.636,1786532399999999,8947.95367,231,3.462,1664.40936,0
1786532400000000,479.98,479.98,478.3,479.4,9.729,1786535999999999,4658.28492,87,4.243,2031.35253,0
1786536000000000,479.85,483.68,476.9,482.98,357.308,1786539599999999,171081.23699,707,53.681,25843.99305,0
1786539600000000,483.49,488.27,481.18,486.46,179.819,1786543199999999,87398.13898,725,47.538,23056.10828,0
1786543200000000,486.8,491.7,485.16,487.19,125.406,1786546799999999,61314.12428,568,72.051,35272.5578,0
1786546800000000,487.63,489.79,486.28,486.86,17.06,1786550399999999,8326.11574,120,5.792,2828.32417,0
1786550400000000,487.23,487.78,486.07,486.88,6.594,1786553999999999,3213.84391,59,3.441,1678.07529,0
1786554000000000,488.15,489.59,486.7,489.03,17.881,1786557599999999,8725.03991,184,8.823,4303.19515,0
1786557600000000,489.14,489.14,485.36,485.63,11.884,1786561199999999,5784.9025,154,5.468,2658.89794,0
1786561200000000,485.65,485.65,481.5,482.01,30.598,1786564799999999,14777.06085,277,4.458,2151.59848,0
1786564800000000,482.85,483.36,481.93,481.99,6.977,1786568399999999,3363.93724,21,0.059,28.47514,0
1786568400000000,482.23,483.33,482.23,483.04,0.556,1786571999999999,268.43351,19,0.323,156.0552,0
1786572000000000,482.98,482.98,482.98,482.98,0.207,1786575599999999,99.97686,1,0.207,99.97686,0
1786575600000000,482.4,483.5,482.4,483.34,1.409,1786579199999999,680.97084,7,1.339,647.20284,0
1786579200000000,483.52,485.28,482.94,483.86,7.645,1786582799999999,3701.18343,87,2.626,1271.01217,0
1786582800000000,483.63,484.42,483.31,484.42,7.618,1786586399999999,3684.6894,39,2.217,1073.56631,0
1786586400000000,485.02,485.29,483.79,484.37,55.212,1786589999999999,26754.55476,190,0.786,381.24377,0
1786590000000000,484.76,484.94,484.2,484.87,0.753,1786593599999999,364.97911,12,0.521,252.53992,0
1786593600000000,484.79,485.08,484.0,484.82,3.855,1786597199999999,1868.27207,13,2.567,1244.77941,0
1786597200000000,484.84,486.44,484.24,484.92,58.466,1786600799999999,28354.46604,181,7.22,3505.88836,0
1786600800000000,485.04,485.23,484.02,484.02,6.815,1786604399999999,3304.10404,46,1.511,732.73968,0
1786604400000000,484.91,484.91,482.52,483.38,44.583,1786607999999999,21546.70445,212,1.017,491.86568,0
1786608000000000,483.69,484.1,479.85,482.17,72.744,1786611599999999,35044.55375,241,10.994,5286.17526,0
1786611600000000,481.94,482.53,480.24,482.46,3.076,1786615199999999,1482.96047,39,0.26,125.30388,0
1786615200000000,482.76,483.13,482.46,482.99,8.6,1786618799999999,4151.09671,50,0.337,162.65048,0
1786618800000000,483.05,483.14,481.7,482.17,12.981,1786622399999999,6263.76834,106,1.796,867.20255,0
1786622400000000,481.86,483.26,477.9,482.19,153.029,1786625999999999,73586.56595,381,10.159,4893.80798,0
1786626000000000,482.33,496.85,480.86,496.17,205.93,1786629599999999,100793.16588,888,130.796,64035.32095,0
1786629600000000,495.78,496.67,489.63,495.21,95.382,1786633199999999,47187.47946,413,42.683,21136.27776,0
1786633200000000,494.75,497.84,490.85,492.44,79.006,1786636799999999,39181.58037,359,17.384,8611.30517,0
1786636800000000,492.39,494.68,491.22,493.42,22.372,1786640399999999,11024.00168,80,13.223,6520.6069,0
1786640400000000,493.51,496.02,492.82,492.96,7.172,1786643999999999,3548.52773,48,5.169,2558.7785,0
1786644000000000,492.1,492.82,489.8,490.23,36.679,1786647599999999,18044.13128,81,34.213,16834.44354,0
1786647600000000,491.1,491.2,482.66,483.57,63.275,1786651199999999,30745.84976,424,9.865,4799.59779,0
1786651200000000,483.53,485.83,481.94,485.22,15.028,1786654799999999,7279.59746,104,10.217,4957.3324,0
1786654800000000,485.22,485.87,484.72,485.87,7.21,1786658399999999,3497.28467,56,5.932,2877.42829,0
1786658400000000,485.49,485.5,485.31,485.5,1.2,1786661999999999,582.54058,9,0.116,56.31123,0
1786662000000000,485.86,486.65,485.81,486.65,1.818,1786665599999999,883.75035,32,1.668,810.82044,0
1786665600000000,486.8,487.55,484.53,484.53,43.987,1786669199999999,21388.92446,184,12.644,6132.52583,0
1786669200000000,484.23,484.37,482.63,484.05,25.192,1786672799999999,12179.35743,164,3.269,1581.15732,0
1786672800000000,484.48,485.26,483.4,483.4,10.018,1786676399999999,4855.70422,104,3.404,1650.93016,0
1786676400000000,483.46,484.7,483.34,483.73,20.114,1786679999999999,9736.6414,68,4.254,2060.23605,0
1786680000000000,483.59,484.1,482.84,483.57,9.378,1786683599999999,4537.74586,87,3.598,1741.66269,0
1786683600000000,483.1,484.1,482.1,484.1,2.548,1786687199999999,1230.13418,28,1.881,908.36293,0
1786687200000000,483.71,483.79,483.22,483.79,3.021,1786690799999999,1460.23824,40,1.638,791.71197,0
1786690800000000,483.91,485.28,483.63,485.01,27.874,1786694399999999,13518.81275,99,21.234,10300.24852,0
1786694400000000,485.01,486.3,483.45,485.33,24.231,1786697999999999,11754.78994,185,12.399,6020.28431,0
1786698000000000,485.0,486.18,485.0,485.87,35.54,1786701599999999,17249.45374,130,15.228,7392.2508,0
1786701600000000,485.83,487.03,485.83,486.61,37.275,1786705199999999,18140.07505,444,9.644,4693.48477,0
1786705200000000,486.61,488.22,486.09,486.3,12.043,1786708799999999,5868.68488,81,6.194,3019.91688,0
1786708800000000,485.97,486.54,484.61,486.06,9.414,1786712399999999,4572.17563,72,3.357,1632.00706,0
1786712400000000,486.18,501.1,483.89,498.92,473.999,1786715999999999,234208.722,1614,291.904,144529.74725,0
1786716000000000,497.1,511.32,497.08,503.67,131.215,1786719599999999,66200.73099,897,66.928,33787.54033,0
1786719600000000,504.08,505.95,496.52,498.95,70.014,1786723199999999,35127.9136,512,28.563,14324.02038,0
1786723200000000,498.44,502.93,498.1,502.63,51.064,1786726799999999,25525.29915,205,14.665,7353.17931,0
1786726800000000,503.07,506.52,501.36,506.5,40.874,1786730399999999,20589.86621,207,27.706,13972.70577,0
1786730400000000,506.65,509.1,506.17,508.33,20.544,1786733999999999,10432.73482,249,10.801,5484.82558,0
1786734000000000,507.56,514.09,507.56,514.09,65.446,1786737599999999,33478.0911,291,27.011,13809.31789,0
1786737600000000,514.19,515.69,513.31,514.05,94.696,1786741199999999,48692.6963,449,10.403,5352.28401,0
1786741200000000,514.14,515.1,513.83,514.95,42.165,1786744799999999,21672.33289,138,0.638,328.20593,0
1786744800000000,514.85,515.62,514.74,514.74,23.396,1786748399999999,12053.72875,60,2.369,1220.21586,0
1786748400000000,514.66,515.48,514.49,515.48,57.506,1786751999999999,29605.93677,788,3.719,1914.88323,0
1786752000000000,515.52,515.54,514.13,515.31,17.669,1786755599999999,9094.38361,244,9.486,4881.9108,0
1786755600000000,515.39,517.76,515.23,516.21,27.884,1786759199999999,14423.10093,151,3.786,1953.11064,0
1786759200000000,516.33,516.41,515.53,515.85,23.797,1786762799999999,12275.72815,376,7.514,3876.29393,0
1786762800000000,515.92,516.43,515.65,515.84,84.814,1786766399999999,43764.19557,201,78.141,40320.54796,0
1786766400000000,515.81,515.81,514.02,514.02,103.246,1786769999999999,53202.97126,542,15.829,8151.81608,0
1786770000000000,513.95,514.44,513.23,513.5,21.161,1786773599999999,10876.6815,319,6.906,3551.0246,0
1786773600000000,513.64,514.49,513.18,514.21,9.809,1786777199999999,5037.31934,178,1.088,558.82332,0
1786777200000000,514.45,514.59,513.93,514.32,4.843,1786780799999999,2491.00427,123,0.591,303.86815,0
1786780800000000,514.25,514.47,513.64,514.31,22.231,1786784399999999,11427.57648,694,15.498,7966.73181,0
1786784400000000,515.1,515.17,514.83,515.17,2.193,1786787999999999,1129.54048,28,1.097,565.05946,0
1786788000000000,514.61,515.27,514.41,515.1,0.326,1786791599999999,167.83889,14,0.07,36.05328,0
1786791600000000,514.84,514.93,514.41,514.53,3.45,1786795199999999,1775.33444,78,1.22,627.82687,0
1786795200000000,514.53,515.09,514.52,514.71,3.135,1786798799999999,1613.78795,23,0.25,128.69806,0
1786798800000000,515.06,515.33,515.05,515.19,1.124,1786802399999999,578.9465,19,0.979,504.25243,0
1786802400000000,515.11,515.32,514.68,515.04,4.791,1786805999999999,2466.91388,27,0.615,316.75332,0
1786806000000000,515.03,515.37,514.95,515.35,1.691,1786809599999999,871.18874,29,1.564,805.7796,0
1786809600000000,515.22,515.22,514.6,514.6,1.478,1786813199999999,761.02791,15,0.352,181.35125,0
1786813200000000,514.86,514.88,514.81,514.88,2.343,1786816799999999,1206.35331,42,2.15,1106.98623,0
1786816800000000,514.88,514.88,514.0,514.33,16.547,1786820399999999,8511.10072,68,0.747,384.38633,0
1786820400000000,514.38,514.87,514.38,514.71,0.905,1786823999999999,465.77367,20,0.563,289.72134,0
1786824000000000,514.57,515.28,514.56,515.0,1.234,1786827599999999,635.55573,29,1.108,570.68774,0
1786827600000000,514.97,517.74,513.64,515.42,17.965,1786831199999999,9264.23691,237,9.007,4651.02915,0
1786831200000000,515.6,515.6,514.8,514.89,1.125,1786834799999999,579.29381,9,0.053,27.30856,0
1786834800000000,515.6,515.66,515.19,515.53,0.842,1786838399999999,434.06483,25,0.805,415.0028,0
1786838400000000,515.54,515.56,515.53,515.53,5.285,1786841999999999,2724.60459,93,0.997,514.00363,0
1786842000000000,515.71,516.2,515.66,516.17,4.21,1786845599999999,2171.95504,55,2.705,1395.81168,0
1786845600000000,516.05,516.66,516.05,516.22,3.625,1786849199999999,1871.97438,35,2.24,1156.83721,0
1786849200000000,516.1,517.09,516.07,516.75,2.696,1786852799999999,1392.62352,30,0.288,148.79706,0
1786852800000000,516.67,517.01,516.5,516.77,1.816,1786856399999999,938.40658,21,1.063,549.4339,0
1786856400000000,516.66,516.66,515.97,515.97,2.778,1786859999999999,1434.13028,62,1.188,613.22577,0
1786860000000000,516.52,516.66,516.44,516.53,0.645,1786863599999999,333.19649,10,0.565,291.87985,0
1786863600000000,516.11,516.15,515.75,515.86,0.121,1786867199999999,62.4388,8,0.078,40.2509,0
1786867200000000,515.94,516.97,515.54,515.54,25.192,1786870799999999,13002.06128,124,15.439,7971.0647,0
1786870800000000,515.88,515.89,514.82,514.82,15.641,1786874399999999,8060.74782,128,1.058,545.75307,0
1786874400000000,515.48,515.48,514.99,515.39,1.787,1786877999999999,920.7135,27,0.199,102.56778,0
1786878000000000,515.42,516.03,515.42,515.67,2.303,1786881599999999,1187.49102,19,1.347,694.67896,0
1786881600000000,515.93,516.1,514.93,514.93,0.628,1786885199999999,323.69048,13,0.067,34.56826,0
1786885200000000,515.15,515.15,515.06,515.07,1.355,1786888799999999,697.95294,29,0.6,309.03914,0
1786888800000000,515.28,515.6,515.28,515.6,0.534,1786892399999999,275.27873,8,0.392,202.1078,0
1786892400000000,515.77,516.15,515.73,516.15,1.574,1786895999999999,812.01112,32,1.065,549.44952,0
1786896000000000,516.07,516.1,515.75,516.03,0.958,1786899599999999,494.25059,13,0.571,294.65116,0
1786899600000000,515.91,516.09,515.56,515.79,2.908,1786903199999999,1499.8848,41,1.505,776.28285,0
1786903200000000,515.67,515.88,515.48,515.76,0.629,1786906799999999,324.37096,13,0.533,274.88104,0
1786906800000000,515.49,515.52,515.41,515.41,2.387,1786910399999999,1230.46864,6,2.29,1180.47387,0
1786910400000000,515.77,515.94,515.37,515.94,2.206,1786913999999999,1137.18595,11,0.06,30.95062,0
1786914000000000,515.99,516.1,515.83,515.99,0.313,1786917599999999,161.50959,8,0.286,147.58179,0
1786917600000000,516.03,516.73,515.76,516.07,2.856,1786921199999999,1474.79618,53,2.066,1067.13435,0
1786921200000000,516.07,516.07,516.07,516.07,0.0,1786924799999999,0.0,0,0.0,0.0,0
1786924800000000,516.49,520.49,516.49,518.51,475.891,1786928399999999,247075.09345,1932,41.319,21391.17158,0
1786928400000000,518.44,520.44,518.13,518.25,43.098,1786931999999999,22394.01214,497,8.315,4318.51099,0
1786932000000000,518.1,519.93,517.53,519.39,13.511,1786935599999999,7005.11461,184,4.817,2500.52555,0
1786935600000000,519.49,521.08,519.0,521.03,2.831,1786939199999999,1473.14295,82,1.23,639.75437,0
1786939200000000,520.65,520.65,519.53,519.75,13.711,1786942799999999,7132.96949,96,1.158,602.34719,0
1786942800000000,519.85,520.85,519.02,520.1,44.761,1786946399999999,23280.59704,142,31.445,16365.86221,0
1786946400000000,520.41,522.05,519.83,522.05,15.203,1786949999999999,7921.24638,280,4.149,2162.51907,0
1786950000000000,522.05,522.3,518.77,521.65,16.249,1786953599999999,8461.96767,373,7.047,3673.30877,0
1786953600000000,521.83,524.47,520.16,521.11,80.151,1786957199999999,41869.23387,620,49.803,26030.17208,0
1786957200000000,520.91,520.91,518.52,519.9,28.948,1786960799999999,15033.14814,325,6.845,3556.96922,0
1786960800000000,519.72,522.46,519.6,520.78,16.64,1786964399999999,8674.71541,188,13.765,7177.49723,0
1786964400000000,521.09,521.49,518.1,518.1,16.279,1786967999999999,8459.6593,247,4.914,2553.79235,0
1786968000000000,517.67,517.69,510.18,512.81,87.45,1786971599999999,44853.93547,932,29.503,15128.32379,0
1786971600000000,512.53,515.9,506.95,512.1,116.899,1786975199999999,59892.66648,1021,35.326,18088.64309,0
1786975200000000,511.94,514.72,510.1,514.72,133.181,1786978799999999,68139.34978,709,83.533,42768.65483,0
1786978800000000,514.8,517.44,512.92,514.24,90.641,1786982399999999,46691.64275,606,67.43,34735.70197,0
1786982400000000,513.6,513.6,510.7,511.55,20.463,1786985999999999,10472.46118,244,13.268,6788.02644,0
1786986000000000,511.21,511.58,509.21,509.63,42.848,1786989599999999,21859.7609,316,25.406,12964.00927,0
1786989600000000,509.54,510.75,507.84,510.75,58.129,1786993199999999,29617.70289,266,29.644,15111.45525,0
1786993200000000,510.11,510.12,504.71,506.27,74.161,1786996799999999,37596.33855,525,26.666,13513.88572,0
1786996800000000,506.17,506.32,505.93,505.98,3.259,1787000399999999,1649.5287,30,3.181,1610.04744,0
1787000400000000,506.31,506.42,505.75,506.17,1.803,1787003999999999,912.36482,16,0.708,358.45681,0
1787004000000000,506.65,507.07,506.65,507.07,0.195,1787007599999999,98.83357,8,0.157,79.57555,0
1787007600000000,507.53,508.0,507.53,507.99,0.611,1787011199999999,310.34075,18,0.535,271.74643,0
1787011200000000,507.91,509.21,507.17,507.46,68.887,1787014799999999,35018.5988,292,20.912,10626.7616,0
1787014800000000,507.25,507.83,502.0,502.3,91.976,1787018399999999,46483.57651,671,4.279,2163.17836,0
1787018400000000,503.46,503.61,495.86,496.51,148.199,1787021999999999,73886.48556,1399,19.931,9960.81244,0
1787022000000000,496.93,498.91,495.01,498.91,62.257,1787025599999999,30921.7852,1009,7.256,3609.10016,0
1787025600000000,498.41,502.21,497.83,501.83,39.066,1787029199999999,19554.82899,637,6.047,3025.03039,0
1787029200000000,501.91,501.91,497.98,497.98,17.203,1787032799999999,8594.83673,315,1.218,608.07729,0
1787032800000000,498.26,500.6,497.1,499.71,50.229,1787036399999999,25054.67931,405,13.219,6596.33238,0
1787036400000000,499.71,500.34,496.82,497.05,68.308,1787039999999999,34000.19381,889,16.747,8332.54244,0
1787040000000000,497.18,497.21,490.85,492.12,1087.793,1787043599999999,535761.25867,4407,463.348,228222.55991,0
1787043600000000,492.19,492.65,489.29,490.46,64.774,1787047199999999,31833.2168,384,8.531,4185.26403,0
1787047200000000,490.68,490.88,488.68,490.79,21.149,1787050799999999,10362.69864,229,13.42,6572.60106,0
1787050800000000,490.54,492.1,488.77,489.53,29.662,1787054399999999,14551.64004,319,22.094,10838.79975,0
1787054400000000,489.41,491.31,488.38,488.66,15.749,1787057999999999,7706.14548,167,6.466,3164.43359,0
1787058000000000,488.91,492.1,480.85,481.96,386.549,1787061599999999,188631.55845,2214,119.241,58214.11213,0
1787061600000000,482.2,483.99,475.73,476.29,62.646,1787065199999999,30145.37586,638,20.39,9810.83467,0
1787065200000000,477.0,481.11,475.18,480.0,223.737,1787068799999999,107020.61927,525,182.176,87080.15954,0
1787068800000000,480.08,480.08,477.9,479.58,39.512,1787072399999999,18945.75804,229,21.395,10256.76197,0
1787072400000000,480.1,480.1,477.0,477.0,4.307,1787075999999999,2060.6582,51,0.674,323.02715,0
1787076000000000,476.7,480.31,476.0,480.27,3.767,1787079599999999,1798.00804,60,1.356,649.67449,0
1787079600000000,479.79,485.1,479.56,484.35,19.923,1787083199999999,9609.95923,259,13.164,6356.56568,0
1787083200000000,484.2,484.71,483.1,483.59,11.619,1787086799999999,5623.33098,198,3.909,1891.31089,0
1787086800000000,483.32,483.32,481.73,482.02,32.059,1787090399999999,15483.5568,84,4.745,2291.61081,0
1787090400000000,482.25,482.91,478.67,478.67,0.913,1787093999999999,438.86729,45,0.19,91.6105,0
1787094000000000,478.61,480.1,478.61,479.15,1.161,1787097599999999,556.10226,32,0.641,307.17464,0
1787097600000000,479.05,482.33,475.79,480.45,61.563,1787101199999999,29449.86285,458,10.457,5000.18021,0
1787101200000000,480.16,483.44,479.99,481.88,12.479,1787104799999999,6008.48361,163,2.362,1136.01871,0
1787104800000000,481.69,481.76,479.07,479.07,19.944,1787108399999999,9577.58835,147,2.12,1017.38122,0
1787108400000000,479.07,480.14,478.48,478.8,25.073,1787111999999999,12022.13168,442,2.526,1210.55985,0
1787112000000000,478.94,479.9,477.39,477.73,45.351,1787115599999999,21701.45376,556,14.454,6920.22949,0
1787115600000000,479.1,479.25,475.7,476.27,28.537,1787119199999999,13591.61061,115,0.304,145.20275,0
1787119200000000,476.04,480.3,475.65,480.3,47.768,1787122799999999,22800.20055,230,13.35,6390.53145,0
1787122800000000,480.83,483.81,479.66,483.81,29.316,1787126399999999,14145.14658,225,4.104,1979.99147,0
1787126400000000,483.81,487.73,483.54,485.29,33.619,1787129999999999,16330.40674,357,13.485,6547.494,0
1787130000000000,485.11,486.57,480.54,480.57,29.267,1787133599999999,14179.5435,180,22.361,10847.52512,0
1787133600000000,480.1,480.99,478.51,480.46,18.617,1787137199999999,8941.08519,217,5.054,2423.13485,0
1787137200000000,479.37,483.74,479.24,480.25,22.775,1787140799999999,10948.36587,213,14.182,6823.09746,0
1787140800000000,480.82,489.94,477.09,489.4,93.582,1787144399999999,45288.81731,426,46.125,22387.77253,0
1787144400000000,488.3,488.35,464.92,469.04,339.711,1787147999999999,162846.50168,1420,99.264,47479.26872,0
1787148000000000,468.33,469.16,463.01,466.19,101.441,1787151599999999,47264.6917,840,44.344,20697.02064,0
1787151600000000,464.85,468.11,463.13,467.72,72.337,1787155199999999,33684.65786,346,15.495,7236.61352,0
1787155200000000,467.1,469.73,466.29,467.85,12.434,1787158799999999,5818.04759,152,5.174,2421.27614,0
1787158800000000,467.34,468.0,465.74,466.08,18.267,1787162399999999,8529.49538,124,6.172,2881.37936,0
1787162400000000,465.85,466.97,463.95,465.86,10.12,1787165999999999,4712.25755,70,3.835,1786.23222,0
1787166000000000,466.69,468.85,466.29,466.66,38.2,1787169599999999,17856.61962,175,21.195,9909.73298,0
1787169600000000,466.74,467.19,466.06,466.46,10.401,1787173199999999,4853.21425,91,3.815,1780.35073,0
1787173200000000,465.83,466.54,465.82,466.33,6.738,1787176799999999,3141.05512,43,2.504,1167.47189,0
1787176800000000,466.33,470.6,466.16,469.78,43.87,1787180399999999,20543.14757,217,33.011,15453.57037,0
1787180400000000,470.25,470.26,469.5,469.69,5.052,1787183999999999,2375.08302,20,2.269,1066.57315,0
1787184000000000,469.5,472.62,467.78,472.5,31.082,1787187599999999,14624.62957,524,9.989,4703.67415,0
1787187600000000,472.38,472.91,470.97,471.66,3.917,1787191199999999,1848.97514,67,1.496,706.61332,0
1787191200000000,471.59,472.76,470.61,471.69,16.534,1787194799999999,7794.89992,110,2.106,992.39364,0
1787194800000000,471.45,472.42,470.32,472.11,17.391,1787198399999999,8197.1585,75,4.614,2177.53241,0
1787198400000000,472.47,472.94,471.64,472.1,23.472,1787201999999999,11076.20426,92,2.125,1004.26745,0
1787202000000000,471.76,472.0,470.93,471.24,3.668,1787205599999999,1729.90547,19,0.58,273.41439,0
1787205600000000,471.08,474.46,471.08,474.23,43.621,1787209199999999,20622.26814,191,5.044,2388.7352,0
1787209200000000,473.86,473.86,472.06,472.44,7.37,1787212799999999,3487.20978,80,4.814,2278.2415,0
1787212800000000,472.16,472.32,466.1,466.38,68.921,1787216399999999,32377.50611,353,13.095,6129.27942,0
1787216400000000,467.35,469.01,467.06,468.8,6.324,1787219999999999,2961.36483,51,6.001,2810.04945,0
1787220000000000,469.0,470.2,468.67,469.31,2.741,1787223599999999,1286.16931,48,2.155,1011.23962,0
1787223600000000,467.81,468.15,463.28,463.62,34.6,1787227199999999,16119.87956,227,13.665,6367.00446,0
1787227200000000,463.42,464.18,460.49,463.35,35.615,1787230799999999,16461.41159,270,26.33,12174.35404,0
1787230800000000,464.09,475.86,463.43,467.02,123.425,1787234399999999,58012.1108,502,65.563,30834.06371,0
1787234400000000,466.82,470.64,465.0,465.97,14.589,1787237999999999,6831.78324,145,11.627,5447.65374,0
1787238000000000,467.72,468.74,461.0,463.43,23.85,1787241599999999,11084.56399,162,13.686,6367.17082,0
1787241600000000,463.58,464.51,462.4,463.59,13.35,1787245199999999,6186.37555,63,1.883,873.18361,0
1787245200000000,463.8,464.82,462.92,464.27,20.293,1787248799999999,9410.30228,149,0.899,417.23565,0
1787248800000000,463.95,464.15,461.51,463.43,5.264,1787252399999999,2439.34777,52,4.22,1956.75977,0
1787252400000000,464.15,469.55,464.08,469.54,3.744,1787255999999999,1745.95041,79,1.925,899.84608,0
1787256000000000,469.37,469.38,467.72,468.8,5.543,1787259599999999,2596.77545,135,1.746,818.01902,0
1787259600000000,468.76,468.76,468.23,468.23,4.868,1787263199999999,2281.09543,18,3.083,1445.0619,0
1787263200000000,468.52,468.9,468.01,468.9,1.578,1787266799999999,739.10896,11,1.393,652.49624,0
1787266800000000,468.65,468.83,467.54,467.54,4.065,1787270399999999,1901.34291,28,2.138,999.98745,0
1787270400000000,467.53,470.61,467.53,469.63,19.04,1787273999999999,8929.90772,125,10.424,4891.66306,0
1787274000000000,469.97,471.18,469.16,469.52,11.956,1787277599999999,5620.92177,170,2.858,1344.3512,0
1787277600000000,470.04,472.64,470.04,472.64,11.234,1787281199999999,5298.72269,59,8.77,4138.77788,0
1787281200000000,472.12,472.12,469.65,469.65,12.091,1787284799999999,5684.83995,52,1.545,728.58408,0
1787284800000000,470.02,470.84,469.07,470.17,13.526,1787288399999999,6360.04518,96,8.354,3929.56625,0
1787288400000000,470.02,471.57,470.0,470.43,7.123,1787291999999999,3353.0912,38,4.007,1888.02967,0
1787292000000000,470.57,472.25,470.23,471.95,2.657,1787295599999999,1252.25861,88,1.464,689.97163,0
1787295600000000,472.53,475.0,472.46,474.35,9.845,1787299199999999,4666.93135,115,5.535,2622.25652,0
1787299200000000,474.04,474.59,470.27,472.73,26.707,1787302799999999,12620.18369,233,10.334,4887.34857,0
1787302800000000,472.49,473.84,471.56,473.84,5.398,1787306399999999,2551.64455,86,4.034,1907.15076,0
1787306400000000,473.51,474.43,473.32,473.97,15.441,1787309999999999,7315.38363,142,1.51,715.21557,0
1787310000000000,474.54,475.76,472.77,474.93,27.834,1787313599999999,13208.37262,232,11.056,5246.8949,0
1787313600000000,474.16,475.6,473.46,475.36,29.605,1787317199999999,14044.66401,222,11.42,5418.23852,0
1787317200000000,475.37,477.73,468.38,470.65,190.773,1787320799999999,90130.01406,1082,34.397,16310.50952,0
1787320800000000,470.33,470.79,462.54,464.73,103.861,1787324399999999,48299.17711,806,33.919,15791.77569,0
1787324400000000,464.47,470.6,464.47,468.97,50.96,1787327999999999,23888.41403,696,33.453,15701.16471,0
1787328000000000,469.04,470.8,468.16,469.69,17.596,1787331599999999,8253.95743,221,3.114,1460.97296,0
1787331600000000,469.65,471.43,468.57,471.34,13.68,1787335199999999,6427.41463,216,7.872,3700.51158,0
1787335200000000,471.64,472.42,470.61,472.16,16.369,1787338799999999,7719.47231,191,10.594,4997.11776,0
1787338800000000,472.4,473.85,470.21,473.04,17.798,1787342399999999,8396.8547,249,9.314,4392.36855,0
1787342400000000,472.73,473.49,471.94,471.94,3.614,1787345999999999,1708.07701,69,1.611,762.11307,0
1787346000000000,471.91,472.61,471.8,472.04,5.483,1787349599999999,2589.3419,43,0.734,346.59615,0
1787349600000000,471.97,472.31,471.84,471.89,1.05,1787353199999999,495.6892,36,0.405,191.22536,0
1787353200000000,471.96,472.37,471.9,472.14,13.995,1787356799999999,6606.04246,97,1.59,750.66945,0
1787356800000000,471.99,472.3,470.8,471.88,41.623,1787360399999999,19637.22118,225,4.417,2081.46213,0
1787360400000000,471.65,471.91,470.9,470.94,2.914,1787363999999999,1373.09536,69,1.47,692.53372,0
1787364000000000,471.14,472.32,471.04,472.32,17.397,1787367599999999,8201.67761,154,8.722,4112.58631,0
1787367600000000,472.26,472.53,471.27,471.27,25.791,1787371199999999,12171.53008,250,9.35,4413.01594,0
1787371200000000,471.38,471.59,470.63,471.0,13.31,1787374799999999,6268.66336,172,4.826,2272.88307,0
1787374800000000,471.0,471.0,462.36,469.39,232.44,1787378399999999,108522.14435,1193,101.871,47613.62624,0
1787378400000000,468.62,469.14,467.86,468.41,3.664,1787381999999999,1715.59965,83,0.907,424.53766,0
1787382000000000,468.54,469.56,468.5,469.1,13.896,1787385599999999,6518.96225,144,11.939,5601.24138,0
1787385600000000,469.14,469.26,468.34,468.87,1.908,1787389199999999,894.60055,46,0.739,346.40966,0
1787389200000000,468.72,468.84,468.13,468.39,2.196,1787392799999999,1028.67725,66,1.119,524.17835,0
1787392800000000,468.34,468.34,466.48,467.56,5.962,1787396399999999,2784.53938,44,0.753,351.88649,0
1787396400000000,467.22,468.4,466.62,467.96,3.021,1787399999999999,1412.23663,76,1.806,844.14027,0
1787400000000000,467.85,468.07,467.41,467.76,3.678,1787403599999999,1720.60377,56,0.638,298.476,0
1787403600000000,468.0,468.23,467.58,467.98,0.474,1787407199999999,221.80488,14,0.323,151.17082,0
1787407200000000,467.6,467.6,466.96,467.02,0.523,1787410799999999,244.36851,10,0.274,127.96797,0
1787410800000000,467.14,467.18,466.3,467.06,3.457,1787414399999999,1613.52909,27,0.623,290.89151,0
1787414400000000,466.65,466.97,466.49,466.73,2.741,1787417999999999,1279.27863,34,1.777,829.36213,0
1787418000000000,466.79,467.45,466.66,467.38,1.365,1787421599999999,637.27893,17,0.323,150.91486,0
1787421600000000,467.61,467.98,467.23,467.54,5.369,1787425199999999,2511.62318,46,3.147,1472.14332,0
1787425200000000,467.8,467.98,467.7,467.98,1.107,1787428799999999,517.90732,20,0.856,400.45428,0
1787428800000000,467.91,468.38,467.9,468.05,3.58,1787432399999999,1675.57464,48,3.203,1499.08579,0
1787432400000000,467.92,467.92,466.66,467.46,3.704,1787435999999999,1730.80402,49,1.452,678.55861,0
1787436000000000,467.1,467.36,466.64,466.66,4.085,1787439599999999,1907.6672,64,2.333,1089.45738,0
1787439600000000,466.98,467.7,466.98,467.46,1.371,1787443199999999,640.93871,24,0.36,168.17561,0
1787443200000000,467.47,469.85,467.47,469.5,14.448,1787446799999999,6778.60065,147,7.514,3523.59757,0
1787446800000000,469.51,469.78,468.34,468.96,3.747,1787450399999999,1758.6494,56,1.548,726.30279,0
1787450400000000,468.96,469.2,468.68,469.1,3.499,1787453999999999,1640.90604,36,2.323,1089.47829,0
1787454000000000,468.95,469.4,468.35,469.01,7.859,1787457599999999,3685.31592,88,5.749,2695.4362,0
1787457600000000,469.42,469.61,468.68,469.38,4.944,1787461199999999,2320.62559,95,1.828,857.85177,0
1787461200000000,469.47,469.67,468.25,468.27,6.759,1787464799999999,3169.20975,118,2.458,1152.50118,0
1787464800000000,468.42,468.78,467.73,468.11,3.01,1787468399999999,1409.83866,69,1.26,590.03204,0
1787468400000000,467.92,469.09,467.92,468.94,6.19,1787471999999999,2901.1561,109,3.246,1520.93778,0
1787472000000000,469.1,469.78,469.1,469.45,2.074,1787475599999999,973.56302,45,1.012,475.05925,0
1787475600000000,469.46,470.64,469.19,470.24,17.371,1787479199999999,8159.11755,196,6.71,3152.27837,0
1787479200000000,470.34,471.31,470.04,471.02,13.617,1787482799999999,6409.02769,176,5.182,2438.31939,0
1787482800000000,470.93,471.5,470.22,470.8,10.758,1787486399999999,5066.65285,141,4.164,1961.50024,0
1787486400000000,470.56,471.22,470.56,471.22,2.354,1787489999999999,1108.07235,37,1.937,911.6623,0
1787490000000000,471.22,471.98,470.94,471.82,35.83,1787493599999999,16902.58644,155,24.154,11397.39911,0
1787493600000000,471.88,471.88,470.27,470.84,48.601,1787497199999999,22917.20436,154,2.447,1152.45732,0
1787497200000000,470.85,472.0,470.35,471.38,28.475,1787500799999999,13418.69601,533,14.298,6738.4335,0
1787500800000000,471.33,471.98,471.18,471.18,11.462,1787504399999999,5404.49286,142,1.588,748.77393,0
1787504400000000,471.31,471.4,470.99,471.32,2.873,1787507999999999,1353.91032,38,1.706,803.88938,0
1787508000000000,471.44,472.16,471.44,472.01,36.068,1787511599999999,17015.41584,390,21.566,10173.40461,0
1787511600000000,472.0,473.3,471.73,472.7,40.99,1787515199999999,19372.15565,579,12.535,5924.66766,0
1787515200000000,472.76,472.93,471.31,471.31,18.183,1787518799999999,8586.20363,186,3.839,1811.66373,0
1787518800000000,471.54,471.78,471.15,471.55,8.203,1787522399999999,3866.81194,97,3.812,1796.6823,0
1787522400000000,471.71,471.96,468.73,470.6,31.188,1787525999999999,14660.70217,425,8.723,4101.41849,0
1787526000000000,470.45,471.7,470.34,471.59,16.068,1787529599999999,7570.37299,251,7.492,3529.50879,0
1787529600000000,471.9,472.9,469.07,471.45,197.967,1787533199999999,93441.15047,484,7.608,3582.09885,0
1787533200000000,471.5,472.1,469.16,469.16,3.395,1787536799999999,1600.40594,57,2.041,962.39524,0
1787536800000000,469.18,470.1,468.69,469.44,6.487,1787540399999999,3044.49327,72,4.254,1996.72269,0
1787540400000000,469.33,469.33,464.67,464.85,19.546,1787543999999999,9097.10238,169,3.692,1722.36993,0
1787544000000000,464.87,466.84,464.85,465.7,42.84,1787547599999999,19959.83587,159,6.606,3079.69804,0
1787547600000000,465.72,466.72,464.61,464.87,29.498,1787551199999999,13726.40973,203,6.29,2927.07597,0
1787551200000000,464.48,464.6,462.83,463.87,29.346,1787554799999999,13619.50206,270,8.975,4164.64275,0
1787554800000000,464.18,464.85,462.72,462.78,89.242,1787558399999999,41350.10766,731,6.074,2819.88849,0
1787558400000000,462.73,465.1,461.0,464.52,31.261,1787561999999999,14482.9353,372,20.085,9309.17155,0
1787562000000000,464.32,465.83,464.01,465.64,23.383,1787565599999999,10869.73033,269,9.844,4578.914,0
1787565600000000,465.66,466.46,464.11,464.24,14.554,1787569199999999,6776.19202,149,7.517,3499.06304,0
1787569200000000,464.1,466.66,462.8,466.16,17.914,1787572799999999,8321.81515,269,11.379,5281.79973,0
1787572800000000,466.04,466.04,464.16,464.58,8.649,1787576399999999,4021.62875,94,4.43,2058.99593,0
1787576400000000,464.45,469.12,452.84,454.67,125.113,1787579999999999,57883.8345,1500,76.743,35518.02135,0
1787580000000000,454.1,458.02,451.65,456.14,19.11,1787583599999999,8704.90723,303,7.523,3422.46641,0
1787583600000000,456.32,462.96,455.57,460.41,42.652,1787587199999999,19536.43899,669,28.358,12988.48528,0
1787587200000000,460.57,461.42,458.25,459.24,14.347,1787590799999999,6593.02726,268,3.933,1809.06046,0
1787590800000000,459.41,460.69,457.07,457.07,10.835,1787594399999999,4961.33348,105,9.106,4169.35822,0
1787594400000000,457.75,459.2,457.58,457.96,11.723,1787597999999999,5373.07416,70,9.944,4557.89853,0
1787598000000000,457.99,457.99,455.21,455.61,28.141,1787601599999999,12830.14141,97,24.372,11113.1728,0
1787601600000000,456.85,456.87,455.98,456.61,8.949,1787605199999999,4083.28735,65,2.345,1070.32489,0
1787605200000000,456.61,457.22,456.61,456.95,5.633,1787608799999999,2573.52767,21,4.901,2239.08293,0
1787608800000000,456.66,456.77,456.06,456.06,1.524,1787612399999999,695.69187,24,0.247,112.7725,0
1787612400000000,456.31,456.31,454.51,454.51,8.258,1787615999999999,3758.47098,74,3.5,1594.21185,0
1787616000000000,454.63,456.58,451.68,456.58,28.865,1787619599999999,13126.72465,433,12.978,5904.90074,0
1787619600000000,456.32,457.89,455.03,457.37,5.653,1787623199999999,2578.98582,190,2.399,1094.40016,0
1787623200000000,457.93,458.64,455.68,455.95,7.324,1787626799999999,3351.63559,171,3.336,1527.12053,0
1787626800000000,455.93,459.53,455.93,458.57,3.995,1787630399999999,1830.4825,120,1.431,655.56258,0
1787630400000000,458.61,460.66,458.44,459.93,5.847,1787633999999999,2690.05999,58,0.825,379.46238,0
1787634000000000,459.85,462.0,459.85,461.77,96.141,1787637599999999,44373.21552,1042,3.876,1788.12102,0
1787637600000000,461.98,463.98,461.82,462.76,8.642,1787641199999999,4003.03694,90,2.725,1262.61369,0
1787641200000000,463.1,466.43,463.01,465.77,39.165,1787644799999999,18199.51611,405,24.808,11520.23584,0
1787644800000000,465.64,467.07,463.31,465.65,145.854,1787648399999999,67821.11407,617,83.819,38965.71596,0
1787648400000000,465.93,471.62,465.56,470.87,89.288,1787651999999999,41958.16901,402,71.806,33744.84864,0
1787652000000000,470.64,471.55,468.41,468.78,15.197,1787655599999999,7142.59029,184,5.808,2729.66336,0
1787655600000000,468.82,469.75,466.28,469.01,8.533,1787659199999999,3989.8688,154,4.026,1883.06772,0
1787659200000000,469.16,472.09,469.09,469.96,62.341,1787662799999999,29326.06202,290,16.309,7673.52302,0
1787662800000000,469.73,478.29,468.38,474.31,175.867,1787666399999999,83235.82853,1550,107.762,50975.71789,0
1787666400000000,474.23,478.36,470.71,478.18,58.577,1787669999999999,27782.64644,989,23.534,11188.00944,0
1787670000000000,478.21,480.4,475.16,477.06,142.178,1787673599999999,67993.82111,1014,101.736,48647.49375,0
1787673600000000,477.34,479.92,475.85,476.36,26.082,1787677199999999,12468.52645,464,13.571,6490.49913,0
1787677200000000,476.42,478.07,475.61,478.01,30.638,1787680799999999,14604.93821,202,6.761,3223.24271,0
1787680800000000,477.74,481.3,476.5,480.42,180.404,1787684399999999,86719.99803,569,101.224,48665.32415,0
1787684400000000,480.4,480.63,478.11,478.95,123.086,1787687999999999,58998.936,550,35.699,17111.77879,0
1787688000000000,478.91,481.88,478.18,480.84,29.336,1787691599999999,14094.7367,345,15.658,7522.61235,0
1787691600000000,480.85,481.42,480.0,481.22,11.197,1787695199999999,5383.48563,98,5.135,2468.78787,0
1787695200000000,481.31,481.35,480.84,481.29,5.768,1787698799999999,2774.73727,71,1.576,758.51695,0
1787698800000000,481.25,481.25,478.69,479.38,5.341,1787702399999999,2564.92962,98,1.18,565.89633,0
1787702400000000,479.1,480.05,475.8,475.8,71.027,1787705999999999,33911.02415,482,6.497,3102.94235,0
1787706000000000,475.52,477.39,475.45,476.38,39.971,1787709599999999,19040.19392,227,16.627,7928.03923,0
1787709600000000,476.34,479.57,475.35,479.4,18.992,1787713199999999,9058.21693,103,13.01,6206.7656,0
1787713200000000,479.43,481.29,478.78,481.29,14.057,1787716799999999,6734.70572,113,7.435,3561.11836,0
1787716800000000,481.13,481.42,479.38,479.38,11.376,1787720399999999,5466.3431,187,1.347,647.54991,0
1787720400000000,479.84,480.27,479.1,479.84,5.028,1787723999999999,2412.28931,110,1.287,617.26823,0
1787724000000000,479.83,481.03,478.73,480.67,8.21,1787727599999999,3937.22587,109,4.991,2393.62218,0
1787727600000000,480.7,480.72,478.37,479.49,2.636,1787731199999999,1263.45622,60,0.913,437.56345,0
1787731200000000,479.37,480.28,478.03,479.78,15.534,1787734799999999,7442.08218,228,5.45,2613.01863,0
1787734800000000,479.79,480.17,479.45,480.0,3.337,1787738399999999,1601.24118,54,2.7,1295.63545,0
1787738400000000,480.0,480.71,479.51,480.71,4.275,1787741999999999,2052.05271,70,1.717,824.21766,0
1787742000000000,480.74,481.5,475.52,477.09,13.38,1787745599999999,6407.62626,229,7.843,3758.0815,0
1787745600000000,476.76,477.4,473.1,473.51,31.341,1787749199999999,14909.52926,244,8.843,4199.81276,0
1787749200000000,473.41,490.54,472.28,489.76,231.854,1787752799999999,111421.92425,2032,115.912,55845.21279,0
1787752800000000,489.77,491.19,480.85,483.93,202.781,1787756399999999,98455.87432,1010,127.584,62117.16179,0
1787756400000000,484.14,485.5,481.81,483.66,22.334,1787759999999999,10802.66839,341,9.475,4581.53776,0
1787760000000000,483.1,483.81,481.01,482.44,21.388,1787763599999999,10329.45061,154,18.135,8759.85906,0
1787763600000000,482.66,484.01,481.38,483.4,22.843,1787767199999999,11017.44222,213,7.563,3650.70791,0
1787767200000000,483.0,483.0,480.52,481.5,15.554,1787770799999999,7487.66925,158,4.73,2276.54903,0
1787770800000000,482.53,483.81,478.68,480.32,12.084,1787774399999999,5815.52181,204,7.118,3422.14195,0
1787774400000000,480.37,481.86,478.4,480.57,40.427,1787777999999999,19397.69665,432,14.819,7115.89147,0
1787778000000000,480.85,485.36,479.38,482.04,71.999,1787781599999999,34716.31873,482,53.369,25733.87778,0
1787781600000000,482.17,483.14,481.86,482.56,27.325,1787785199999999,13189.36189,113,14.86,7172.42636,0
1787785200000000,482.63,484.39,482.23,484.23,4.295,1787788799999999,2075.32693,66,3.849,1859.86543,0
1787788800000000,484.91,485.69,478.86,480.1,61.942,1787792399999999,29917.32989,433,22.324,10785.25694,0
1787792400000000,479.39,483.62,479.39,482.96,14.533,1787795999999999,7008.29247,112,6.054,2919.49398,0
1787796000000000,483.07,483.17,482.37,482.78,4.052,1787799599999999,1956.2216,30,3.137,1514.32096,0
1787799600000000,483.17,484.04,482.61,484.04,5.993,1787803199999999,2897.52387,43,3.075,1485.66198,0
1787803200000000,484.1,484.1,482.47,482.56,1.682,1787806799999999,812.15978,31,1.262,609.28927,0
1787806800000000,482.64,482.81,481.43,481.77,19.135,1787810399999999,9225.50532,116,15.966,7696.66397,0
1787810400000000,481.54,483.36,480.91,483.25,7.161,1787813999999999,3449.56849,71,4.563,2198.12333,0
1787814000000000,483.28,485.43,482.99,485.14,5.833,1787817599999999,2828.12162,103,2.576,1248.43426,0
1787817600000000,485.19,490.62,485.05,488.75,52.097,1787821199999999,25472.93439,433,34.21,16735.17046,0
1787821200000000,488.69,488.86,487.32,487.98,24.487,1787824799999999,11950.89162,138,15.943,7780.46916,0
1787824800000000,487.96,488.24,486.66,487.46,11.411,1787828399999999,5561.55191,86,6.944,3384.59359,0
1787828400000000,487.66,489.1,485.5,486.15,20.448,1787831999999999,9977.59826,181,10.175,4967.38753,0
1787832000000000,486.07,487.45,484.05,484.18,15.721,1787835599999999,7638.83402,211,5.081,2467.57226,0
1787835600000000,484.11,485.47,472.35,473.51,179.788,1787839199999999,86114.9768,1620,53.335,25467.87337,0
1787839200000000,473.61,478.91,473.11,476.6,61.143,1787842799999999,29110.17975,873,25.76,12263.03609,0
1787842800000000,476.74,479.37,471.53,474.21,20.448,1787846399999999,9722.8903,373,11.963,5686.71237,0
1787846400000000,473.81,475.04,470.64,473.8,14.721,1787849999999999,6962.84212,200,8.097,3832.26372,0
1787850000000000,473.91,475.86,472.63,473.31,10.848,1787853599999999,5149.54082,183,3.684,1749.00421,0
1787853600000000,472.1,472.1,469.68,471.28,63.092,1787857199999999,29710.57042,411,10.398,4893.81434,0
1787857200000000,471.32,476.65,470.53,476.12,21.949,1787860799999999,10395.16417,383,9.266,4391.65906,0
1787860800000000,476.19,476.35,474.47,474.66,40.335,1787864399999999,19206.34308,157,34.97,16655.00207,0
1787864400000000,474.65,474.8,473.96,474.2,16.177,1787867999999999,7676.67256,109,6.485,3076.99908,0
1787868000000000,474.42,474.68,474.42,474.55,1.237,1787871599999999,586.98046,12,1.069,507.26647,0
1787871600000000,474.73,474.73,473.82,473.97,0.967,1787875199999999,458.59883,37,0.544,257.995,0
1787875200000000,474.11,476.05,473.44,475.29,9.236,1787878799999999,4385.5822,148,3.64,1727.89738,0
1787878800000000,475.68,476.18,475.37,476.14,4.904,1787882399999999,2332.64089,65,2.72,1293.89205,0
1787882400000000,476.23,476.61,475.13,475.41,3.65,1787885999999999,1736.33164,36,1.913,910.48442,0
1787886000000000,475.5,476.72,475.1,475.39,6.156,1787889599999999,2930.3817,67,5.474,2606.10568,0
1787889600000000,475.24,475.24,473.85,473.85,3.809,1787893199999999,1807.20111,51,1.967,933.42592,0
1787893200000000,473.96,474.01,472.1,472.12,17.194,1787896799999999,8125.73274,119,5.002,2364.85219,0
1787896800000000,472.13,473.59,472.13,473.54,7.756,1787900399999999,3665.9766,58,2.76,1304.50645,0
1787900400000000,473.94,473.94,472.46,472.48,14.009,1787903999999999,6627.33251,328,2.042,966.00028,0
1787904000000000,472.58,473.16,470.15,472.11,85.82,1787907599999999,40493.63797,872,9.469,4470.64492,0
1787907600000000,472.0,472.15,471.31,472.07,39.163,1787911199999999,18477.70995,346,8.298,3915.4719,0
1787911200000000,472.07,472.74,471.45,472.6,18.674,1787914799999999,8817.0178,215,2.331,1100.28887,0
1787914800000000,472.49,473.51,471.03,471.03,43.256,1787918399999999,20444.97301,392,2.864,1354.21386,0
1787918400000000,471.5,472.95,471.02,472.4,26.139,1787921999999999,12336.88477,185,6.019,2841.28378,0
1787922000000000,472.31,476.43,469.99,474.28,162.373,1787925599999999,76839.03149,1095,113.142,53536.00399,0
1787925600000000,474.25,478.15,471.02,477.98,122.386,1787929199999999,58179.49333,1165,64.236,30540.87862,0
1787929200000000,478.07,478.51,467.13,467.79,99.578,1787932799999999,47026.41589,839,44.227,20892.9027,0
1787932800000000,467.63,472.34,465.62,471.59,69.751,1787936399999999,32805.00104,679,31.601,14855.78334,0
1787936400000000,471.22,473.3,469.65,471.72,18.76,1787939999999999,8839.08449,200,13.041,6146.82119,0
1787940000000000,471.34,471.76,468.77,469.3,8.644,1787943599999999,4062.73427,126,4.603,2162.36923,0
1787943600000000,469.13,470.98,465.52,465.73,32.654,1787947199999999,15300.43536,403,11.909,5593.26268,0
1787947200000000,465.99,467.17,465.73,466.9,2.496,1787950799999999,1164.28136,45,2.203,1027.67438,0
1787950800000000,466.9,466.98,466.07,466.42,4.937,1787954399999999,2302.83529,44,3.363,1568.7401,0
1787954400000000,466.31,466.41,466.11,466.11,3.499,1787957999999999,1631.6525,14,3.499,1631.6525,0
1787958000000000,466.14,466.33,466.14,466.14,1.215,1787961599999999,566.48038,26,0.29,135.20672,0
1787961600000000,466.25,466.49,466.25,466.42,7.132,1787965199999999,3326.1421,97,4.973,2319.25214,0
1787965200000000,466.32,466.44,466.07,466.18,5.061,1787968799999999,2359.96214,66,1.012,471.95935,0
1787968800000000,466.27,466.32,466.27,466.31,0.58,1787972399999999,270.44746,9,0.3,139.89186,0
1787972400000000,466.31,466.49,466.23,466.49,5.183,1787975999999999,2417.29418,67,2.974,1387.08823,0
1787976000000000,466.73,466.73,466.09,466.09,2.125,1787979599999999,991.21321,35,0.109,50.84589,0
1787979600000000,466.43,466.52,466.15,466.15,7.985,1787983199999999,3724.2386,57,0.63,293.89589,0
1787983200000000,466.15,466.35,466.05,466.35,3.045,1787986799999999,1419.37231,33,1.815,846.10391,0
1787986800000000,466.36,467.1,466.36,467.07,10.058,1787990399999999,4694.33125,62,9.943,4640.67573,0
1787990400000000,467.11,468.25,467.11,467.58,3.63,1787993999999999,1697.95226,53,2.3,1075.73234,0
1787994000000000,467.65,467.85,467.3,467.84,2.327,1787997599999999,1087.94972,61,1.41,659.25472,0
1787997600000000,467.78,467.78,467.37,467.4,1.509,1788001199999999,705.59307,27,0.301,140.73587,0
1788001200000000,467.4,467.47,467.08,467.33,5.168,1788004799999999,2415.25569,67,1.686,787.95746,0
1788004800000000,467.32,467.32,466.99,467.07,2.756,1788008399999999,1287.65457,43,0.443,206.95331,0
1788008400000000,466.99,467.07,466.99,467.01,0.679,1788011999999999,317.12691,6,0.637,297.51333,0
1788012000000000,466.99,467.07,466.99,467.06,1.842,1788015599999999,860.29945,21,1.008,470.7986,0
1788015600000000,467.06,467.06,466.87,466.95,1.871,1788019199999999,873.72028,30,0.957,446.91788,0
1788019200000000,467.0,467.07,466.91,466.92,3.522,1788022799999999,1644.88465,34,2.689,1255.88636,0
1788022800000000,467.0,467.46,467.0,467.45,4.766,1788026399999999,2226.73122,39,4.008,1872.50152,0
1788026400000000,467.46,467.78,467.44,467.77,2.469,1788029999999999,1154.53842,34,1.326,620.01252,0
1788030000000000,467.77,468.72,467.77,468.67,4.677,1788033599999999,2189.29046,80,4.077,1908.23912,0
1788033600000000,468.78,469.43,468.71,469.29,5.041,1788037199999999,2364.53783,68,3.214,1507.42045,0
1788037200000000,469.3,470.05,468.37,468.57,20.39,1788040799999999,9562.90592,212,9.386,4403.85541,0
1788040800000000,468.46,469.16,468.46,469.14,12.566,1788044399999999,5889.47325,152,6.527,3058.92133,0
1788044400000000,469.17,469.6,469.17,469.59,1.211,1788047999999999,568.56375,24,0.705,330.95749,0
1788048000000000,469.69,469.81,469.51,469.51,4.743,1788051599999999,2227.9171,56,2.491,1170.08369,0
1788051600000000,469.57,470.1,469.38,469.72,7.022,1788055199999999,3299.54557,104,4.206,1976.16128,0
1788055200000000,469.86,470.19,469.86,470.07,6.86,1788058799999999,3224.61395,76,3.879,1823.32372,0
1788058800000000,470.14,470.14,469.55,469.82,3.242,1788062399999999,1523.01645,50,0.585,274.78776,0
1788062400000000,469.82,470.36,469.65,470.18,6.386,1788065999999999,3001.8621,94,3.986,1873.64207,0
1788066000000000,470.25,470.46,470.0,470.15,4.85,1788069599999999,2280.39154,70,2.047,962.59325,0
1788069600000000,470.15,470.23,470.02,470.22,9.73,1788073199999999,4574.47588,84,3.662,1721.78776,0
1788073200000000,470.26,470.98,469.97,469.97,11.579,1788076799999999,5447.55753,89,5.836,2745.89952,0
1788076800000000,470.11,470.11,469.7,469.74,0.954,1788080399999999,448.27286,19,0.081,38.06319,0
1788080400000000,469.63,469.63,469.18,469.18,7.324,1788083999999999,3437.07347,76,0.347,162.85111,0
1788084000000000,469.19,469.92,469.18,469.8,4.6,1788087599999999,2159.26245,49,3.385,1589.14659,0
1788087600000000,469.99,469.99,469.76,469.93,5.307,1788091199999999,2493.74682,68,1.694,795.95926,0
1788091200000000,469.92,470.16,469.18,469.39,4.602,1788094799999999,2162.01417,65,2.253,1058.24273,0
1788094800000000,469.51,469.7,469.31,469.42,11.027,1788098399999999,5175.72922,63,1.9,891.91366,0
1788098400000000,469.44,469.87,469.33,469.46,1.068,1788101999999999,501.4745,20,0.396,185.94494,0
1788102000000000,469.48,469.48,469.3,469.37,1.514,1788105599999999,710.63543,32,0.245,114.99556,0
1788105600000000,469.32,470.49,469.3,470.45,6.703,1788109199999999,3148.66264,78,4.067,1909.90877,0
1788109200000000,470.48,470.49,470.05,470.38,3.547,1788112799999999,1668.55474,44,0.782,367.91147,0
1788112800000000,470.4,470.4,470.28,470.28,3.093,1788116399999999,1454.78845,28,0.74,348.09078,0
1788116400000000,470.28,470.29,469.84,469.91,1.209,1788119999999999,568.47571,21,0.502,236.03744,0
1788120000000000,469.91,469.91,469.48,469.54,11.05,1788123599999999,5190.33122,63,0.442,207.62584,0
1788123600000000,469.28,469.71,468.55,468.61,9.309,1788127199999999,4366.1786,120,3.336,1565.46502,0
1788127200000000,468.76,469.09,466.34,467.02,20.292,1788130799999999,9484.77641,177,6.486,3033.3016,0
1788130800000000,466.78,467.45,462.66,464.01,11.317,1788134399999999,5264.18332,212,4.645,2162.57351,0
1788134400000000,462.93,464.97,460.0,462.59,39.507,1788137999999999,18290.85333,486,16.588,7681.76852,0
1788138000000000,462.31,462.89,461.15,461.61,6.128,1788141599999999,2830.63371,153,4.399,2031.77024,0
1788141600000000,462.0,463.34,461.38,462.41,12.883,1788145199999999,5951.25632,112,4.859,2246.53744,0
1788145200000000,462.64,462.88,462.44,462.87,0.565,1788148799999999,261.42276,19,0.311,143.9078,0
1788148800000000,462.56,464.39,462.25,464.39,2.436,1788152399999999,1128.48343,34,1.906,882.63991,0
1788152400000000,464.71,467.15,464.71,466.81,26.95,1788155999999999,12571.21985,138,4.575,2132.80411,0
1788156000000000,466.94,470.53,466.92,469.89,21.072,1788159599999999,9897.04517,210,10.186,4783.0607,0
1788159600000000,469.79,469.99,468.79,469.1,11.051,1788163199999999,5188.47002,62,2.122,996.30997,0
1788163200000000,469.29,471.04,468.14,468.39,12.424,1788166799999999,5833.52751,226,4.885,2294.92151,0
1788166800000000,468.3,469.01,466.42,466.74,4.094,1788170399999999,1916.58323,82,2.037,954.12126,0
1788170400000000,466.29,467.38,465.93,466.76,3.234,1788173999999999,1510.07091,76,2.212,1033.12488,0
1788174000000000,466.1,466.96,465.66,466.18,6.942,1788177599999999,3237.67525,102,3.475,1620.83377,0
1788177600000000,466.39,467.37,464.12,464.47,75.474,1788181199999999,35120.63155,277,5.998,2795.28027,0
1788181200000000,464.5,475.6,464.15,471.22,165.045,1788184799999999,77430.81501,2229,120.883,56701.41281,0
1788184800000000,471.21,473.74,467.48,468.55,51.421,1788188399999999,24140.46347,1028,34.676,16277.31003,0
1788188400000000,468.75,469.26,465.58,465.59,17.515,1788191999999999,8173.67113,471,7.068,3299.80088,0
1788192000000000,465.71,469.16,465.24,469.16,28.133,1788195599999999,13144.11292,639,16.772,7837.15509,0
1788195600000000,469.02,469.62,467.3,468.73,11.13,1788199199999999,5215.50766,256,5.228,2449.92443,0
1788199200000000,468.53,469.41,467.14,467.51,23.142,1788202799999999,10829.26883,414,12.944,6055.97566,0
1788202800000000,467.52,471.25,467.11,470.61,21.848,1788206399999999,10255.39718,395,12.684,5952.44405,0
1788206400000000,470.29,470.85,469.83,470.21,11.541,1788209999999999,5428.15752,192,4.773,2245.04499,0
1788210000000000,470.2,470.62,470.2,470.52,7.683,1788213599999999,3614.2868,78,4.792,2254.27161,0
1788213600000000,470.5,470.5,470.38,470.38,37.625,1788217199999999,17698.20376,359,2.866,1348.2187,0
1788217200000000,470.38,470.39,469.74,469.9,21.182,1788220799999999,9962.99169,119,0.72,338.51495,0
1788220800000000,469.86,469.98,468.89,469.54,15.26,1788224399999999,7166.53818,288,7.457,3502.02324,0
1788224400000000,469.97,470.38,469.43,469.77,6.28,1788227999999999,2952.73123,85,4.792,2253.12605,0
1788228000000000,469.77,469.77,467.9,469.1,3.158,1788231599999999,1480.18246,43,0.651,304.94843,0
1788231600000000,469.19,469.31,468.76,469.01,4.875,1788235199999999,2285.81953,52,0.572,268.35102,0
1788235200000000,469.55,469.79,469.35,469.38,6.093,1788238799999999,2860.96597,38,5.745,2697.59487,0
1788238800000000,469.28,472.51,469.28,472.51,31.099,1788242399999999,14649.01584,155,29.66,13971.21838,0
1788242400000000,472.37,472.56,470.83,471.09,6.347,1788245999999999,2992.96116,110,0.991,467.46103,0
1788246000000000,471.1,472.48,469.36,469.36,11.781,1788249599999999,5549.6813,157,5.148,2428.6559,0
1788249600000000,469.42,469.67,464.85,464.85,24.794,1788253199999999,11586.61594,416,8.886,4148.09406,0
1788253200000000,464.95,464.95,462.45,463.82,12.029,1788256799999999,5576.44533,197,7.791,3612.2716,0
1788256800000000,463.77,464.26,462.66,463.0,11.191,1788260399999999,5185.32272,128,5.534,2565.61706,0
1788260400000000,463.0,463.41,461.38,461.48,11.558,1788263999999999,5344.65659,179,5.36,2480.03514,0
1788264000000000,461.62,461.64,460.34,460.98,3.502,1788267599999999,1614.77,129,1.279,589.85574,0
1788267600000000,460.95,460.95,453.63,458.8,90.37,1788271199999999,41302.20323,1120,54.844,25042.67775,0
1788271200000000,458.56,459.21,452.75,456.62,15.693,1788274799999999,7162.21143,423,10.314,4706.47756,0
1788274800000000,458.08,461.61,456.85,459.98,15.986,1788278399999999,7341.30438,460,11.681,5366.15507,0
1788278400000000,460.36,460.36,455.37,459.18,224.722,1788281999999999,102968.59124,1135,14.689,6718.05758,0
1788282000000000,459.04,459.04,455.3,455.85,7.655,1788285599999999,3493.1155,192,2.952,1347.54689,0
1788285600000000,456.08,456.46,454.1,456.46,10.901,1788289199999999,4964.23835,195,6.66,3034.76351,0
1788289200000000,456.82,460.68,456.34,460.01,16.855,1788292799999999,7745.65377,193,8.345,3831.20158,0
1788292800000000,459.54,460.88,459.27,460.55,1.111,1788296399999999,510.9672,40,0.458,210.73213,0
1788296400000000,460.52,460.52,460.04,460.1,2.537,1788299999999999,1167.76498,25,1.358,625.1961,0
1788300000000000,460.0,460.0,459.34,459.68,0.559,1788303599999999,256.91716,23,0.171,78.58398,0
1788303600000000,459.58,459.76,458.95,459.64,1.857,1788307199999999,853.29804,40,1.381,634.68136,0
1788307200000000,459.9,461.44,458.81,460.02,5.025,1788310799999999,2312.8258,102,2.805,1291.24203,0
1788310800000000,459.59,460.19,457.47,457.66,4.617,1788314399999999,2117.42511,76,1.119,513.26858,0
1788314400000000,457.93,458.47,457.57,458.37,0.301,1788317999999999,137.88371,14,0.11,50.37188,0
1788318000000000,458.09,458.46,457.76,457.76,0.719,1788321599999999,329.35892,30,0.466,213.48012,0
1788321600000000,457.76,457.76,457.1,457.56,0.638,1788325199999999,291.87101,27,0.258,118.04196,0
1788325200000000,457.39,458.15,456.86,457.89,2.343,1788328799999999,1072.60781,48,0.539,246.68111,0
1788328800000000,457.49,457.76,455.84,457.1,10.779,1788332399999999,4921.49159,59,3.878,1774.2054,0
1788332400000000,457.2,459.85,457.2,459.41,0.601,1788335999999999,275.83806,17,0.407,186.79854,0
1788336000000000,458.12,458.49,454.48,455.04,9.741,1788339599999999,4446.27684,102,3.15,1441.45337,0
1788339600000000,455.37,456.36,453.65,453.99,3.602,1788343199999999,1637.52515,84,1.687,767.47725,0
1788343200000000,454.09,455.28,453.64,455.28,9.539,1788346799999999,4335.0799,75,4.461,2026.90202,0
1788346800000000,455.19,456.6,453.97,456.39,5.065,1788350399999999,2307.36717,87,1.632,743.0414,0
1788350400000000,457.08,458.68,455.71,456.13,6.977,1788353999999999,3185.79866,127,2.197,1003.44895,0
1788354000000000,456.87,461.1,453.1,453.1,34.053,1788357599999999,15601.92617,431,12.549,5751.69164,0
1788357600000000,453.9,462.0,452.92,456.88,4.833,1788361199999999,2216.30535,150,2.334,1067.85552,0
1788361200000000,456.37,459.85,455.89,459.26,8.664,1788364799999999,3963.79583,89,7.602,3477.80034,0
1788364800000000,458.82,459.62,456.98,457.27,1.352,1788368399999999,619.74254,39,0.36,165.09781,0
1788368400000000,457.92,458.69,456.87,457.35,14.027,1788371999999999,6420.17585,88,10.424,4772.11437,0
1788372000000000,457.27,457.27,455.99,456.76,4.257,1788375599999999,1943.97465,63,3.268,1492.20907,0
1788375600000000,457.12,457.75,456.44,457.43,4.999,1788379199999999,2285.48605,74,2.757,1260.03007,0
1788379200000000,457.25,457.25,455.72,456.46,4.752,1788382799999999,2168.20522,67,1.104,503.85486,0
1788382800000000,457.16,457.7,457.16,457.62,0.369,1788386399999999,168.80964,9,0.235,107.50464,0
1788386400000000,456.94,457.09,456.94,457.09,0.25,1788389999999999,114.24896,8,0.227,103.73888,0
1788390000000000,456.93,457.39,456.93,457.36,0.151,1788393599999999,69.02697,6,0.151,69.02697,0
1788393600000000,457.33,457.36,454.93,455.68,5.256,1788397199999999,2396.35583,105,2.567,1170.30729,0
1788397200000000,456.14,457.59,455.97,455.97,3.511,1788400799999999,1603.59291,51,2.722,1242.99552,0
1788400800000000,456.0,457.07,456.0,457.0,1.845,1788404399999999,842.84089,41,1.087,496.51779,0
1788404400000000,456.78,458.37,456.78,458.33,5.309,1788407999999999,2431.21192,43,3.921,1795.44088,0
1788408000000000,458.47,459.17,457.85,457.9,2.589,1788411599999999,1186.95628,44,1.572,720.75246,0
1788411600000000,457.54,457.54,454.18,456.55,19.363,1788415199999999,8824.87159,174,11.03,5027.73142,0
1788415200000000,456.32,456.93,456.22,456.74,5.379,1788418799999999,2456.55591,57,3.692,1686.42562,0
1788418800000000,456.64,458.19,456.64,457.78,1.943,1788422399999999,888.91712,60,1.266,579.14085,0
1788422400000000,457.82,459.17,457.32,457.72,11.589,1788425999999999,5303.58556,51,10.532,4819.43886,0
1788426000000000,457.74,457.74,455.9,455.9,12.124,1788429599999999,5533.75222,45,7.907,3609.12101,0
1788429600000000,455.96,455.96,454.6,454.97,0.938,1788433199999999,427.30692,17,0.317,144.34885,0
1788433200000000,454.37,454.97,453.78,453.94,4.573,1788436799999999,2077.42868,65,0.692,314.71498,0
1788436800000000,454.3,456.34,453.45,456.01,4.487,1788440399999999,2041.54431,70,3.429,1559.96935,0
1788440400000000,455.58,455.58,441.18,447.74,152.359,1788443999999999,68081.48101,515,17.878,8059.29346,0
1788444000000000,447.6,453.56,445.0,453.26,18.174,1788447599999999,8170.76412,200,5.091,2284.64869,0
1788447600000000,454.37,457.74,454.37,457.44,125.247,1788451199999999,57006.92864,258,119.96,54597.58891,0
1788451200000000,457.45,459.82,456.77,459.02,10.496,1788454799999999,4813.66014,166,5.103,2341.03262,0
1788454800000000,458.81,458.81,456.92,458.06,105.433,1788458399999999,48250.22145,246,2.846,1303.94494,0
1788458400000000,458.04,459.06,456.75,457.7,4.702,1788461999999999,2153.44231,76,2.675,1225.30874,0
1788462000000000,457.6,457.6,454.7,456.25,6.317,1788465599999999,2882.85992,98,2.899,1322.97954,0
1788465600000000,455.98,456.24,455.63,455.63,1.774,1788469199999999,808.94562,26,0.76,346.55718,0
1788469200000000,455.84,456.04,455.68,455.89,1.397,1788472799999999,636.75422,14,0.849,387.03162,0
1788472800000000,455.7,455.7,455.13,455.48,6.196,1788476399999999,2823.4911,41,0.091,41.454,0
1788476400000000,455.52,455.53,455.13,455.35,1.607,1788479999999999,731.55645,21,0.404,184.00405,0
1788480000000000,455.34,457.75,454.99,457.36,15.803,1788483599999999,7206.7903,168,8.607,3927.08735,0
1788483600000000,456.83,457.93,456.76,457.54,43.371,1788487199999999,19837.57487,83,42.615,19491.8845,0
1788487200000000,457.57,458.4,457.57,458.38,94.46,1788490799999999,43258.38945,141,93.572,42851.75891,0
1788490800000000,458.38,459.05,458.04,458.55,33.685,1788494399999999,15442.18129,210,30.498,13981.38761,0
1788494400000000,458.46,459.42,458.24,459.42,71.317,1788497999999999,32718.58547,342,62.967,28889.60281,0
1788498000000000,459.38,460.95,459.23,460.24,69.322,1788501599999999,31894.16353,494,66.295,30502.12738,0
1788501600000000,459.88,461.26,459.53,459.53,68.36,1788505199999999,31496.33296,483,62.602,28845.97237,0
1788505200000000,459.54,462.91,459.53,462.85,34.305,1788508799999999,15867.57576,150,26.604,12307.121,0
1788508800000000,462.47,464.91,462.28,463.9,117.906,1788512399999999,54752.91522,255,89.079,41387.00772,0
1788512400000000,463.74,464.66,462.67,464.66,15.664,1788515999999999,7253.4921,49,2.03,941.18319,0
1788516000000000,464.85,464.93,464.0,464.39,3.351,1788519599999999,1556.39073,25,1.879,872.74005,0
1788519600000000,463.43,463.89,462.68,463.89,1.685,1788523199999999,780.1178,21,0.1,46.3657,0
1788523200000000,463.48,464.56,459.18,461.1,142.652,1788526799999999,65943.1842,313,25.768,11909.54344,0
1788526800000000,460.77,471.1,457.88,470.03,168.784,1788530399999999,78245.5808,1004,80.36,37277.4579,0
1788530400000000,470.48,473.51,467.1,472.54,34.916,1788533999999999,16429.66032,325,17.746,8354.2631,0
1788534000000000,472.84,472.98,468.91,470.53,13.819,1788537599999999,6508.36252,149,4.735,2229.47207,0
1788537600000000,470.8,476.88,470.8,476.85,29.795,1788541199999999,14125.339,203,19.012,9011.98505,0
1788541200000000,476.14,476.35,472.73,473.17,69.384,1788544799999999,32997.36296,168,59.558,28329.66589,0
1788544800000000,472.77,472.77,471.77,472.27,0.57,1788548399999999,269.16801,12,0.156,73.68059,0
1788548400000000,472.0,478.46,471.53,477.32,12.868,1788551999999999,6110.68714,173,8.278,3932.86384,0
1788552000000000,477.32,477.51,475.64,475.79,22.624,1788555599999999,10775.69111,153,4.359,2076.81954,0
1788555600000000,475.86,477.41,475.81,476.37,19.916,1788559199999999,9488.81923,211,12.257,5839.47943,0
1788559200000000,476.33,476.33,475.94,476.06,7.944,1788562799999999,3781.54632,71,0.202,96.17694,0
1788562800000000,475.93,476.1,475.47,475.98,7.202,1788566399999999,3427.45401,125,4.757,2263.93862,0
1788566400000000,475.98,476.62,475.1,475.1,36.136,1788569999999999,17208.01527,268,22.4,10671.33059,0
1788570000000000,475.31,475.48,475.19,475.24,2.481,1788573599999999,1179.42754,58,0.663,315.20268,0
1788573600000000,475.19,475.54,475.05,475.26,10.282,1788577199999999,4887.1459,149,4.983,2368.53177,0
1788577200000000,475.36,475.36,474.96,475.04,4.043,1788580799999999,1920.98852,46,2.601,1235.96456,0
1788580800000000,474.96,475.22,474.31,475.22,6.348,1788584399999999,3013.07854,44,0.801,380.51208,0
1788584400000000,475.23,475.77,475.02,475.02,6.532,1788587999999999,3105.39172,68,2.276,1082.09197,0
1788588000000000,475.08,475.32,474.57,475.32,4.529,1788591599999999,2151.17494,91,2.151,1021.6766,0
1788591600000000,475.19,475.32,474.59,474.6,8.361,1788595199999999,3971.67914,129,2.202,1046.41774,0
1788595200000000,474.59,475.12,474.36,475.02,1.355,1788598799999999,643.21998,45,0.667,316.63559,0
1788598800000000,475.1,475.45,475.02,475.43,2.802,1788602399999999,1331.82676,41,2.408,1144.58587,0
1788602400000000,475.45,475.49,474.96,475.19,28.063,1788605999999999,13335.15992,50,0.514,244.39045,0
1788606000000000,475.44,475.49,475.42,475.48,1.221,1788609599999999,580.56228,27,0.551,261.9921,0
1788609600000000,475.48,475.68,475.48,475.61,5.907,1788613199999999,2808.83479,50,2.347,1116.09666,0
1788613200000000,475.64,475.68,475.51,475.51,1.249,1788616799999999,594.02992,37,0.53,252.09573,0
1788616800000000,475.51,475.81,475.51,475.81,1.911,1788620399999999,908.92017,36,1.508,717.2648,0
1788620400000000,475.72,475.88,475.6,475.67,2.827,1788623999999999,1344.81121,44,1.068,508.09696,0
1788624000000000,475.64,475.65,474.86,475.45,4.202,1788627599999999,1997.56557,65,1.515,720.07674,0
1788627600000000,475.49,475.74,475.49,475.62,3.537,1788631199999999,1682.12822,42,2.126,1011.02272,0
1788631200000000,475.63,475.91,475.56,475.56,3.019,1788634799999999,1436.35623,38,2.329,1108.14254,0
1788634800000000,475.74,476.29,475.54,476.18,21.262,1788638399999999,10122.39923,103,9.766,4649.01876,0
1788638400000000,476.12,476.61,476.12,476.37,1.888,1788641999999999,899.30066,12,1.875,893.1111,0
1788642000000000,476.25,476.51,476.12,476.24,26.617,1788645599999999,12673.07011,67,1.181,562.47024,0
1788645600000000,476.47,476.76,476.34,476.34,1.15,1788649199999999,547.94711,17,0.697,332.12335,0
1788649200000000,476.42,476.51,476.17,476.34,0.078,1788652799999999,37.15413,5,0.031,14.76992,0
1788652800000000,476.37,476.67,476.16,476.67,3.623,1788656399999999,1726.12268,49,1.269,604.81994,0
1788656400000000,476.67,476.92,476.55,476.59,2.745,1788659999999999,1308.90475,33,1.424,678.95556,0
1788660000000000,476.66,476.93,476.66,476.89,2.773,1788663599999999,1322.4078,29,1.979,943.75234,0
1788663600000000,476.88,477.32,476.76,476.96,4.703,1788667199999999,2243.34648,61,2.468,1177.46111,0
1788667200000000,476.88,476.99,476.31,476.55,5.896,1788670799999999,2811.26825,73,1.331,634.63922,0
1788670800000000,476.62,476.99,476.55,476.74,5.829,1788674399999999,2778.92372,76,3.613,1722.53666,0
1788674400000000,476.76,477.42,476.67,477.12,8.525,1788677999999999,4067.34438,90,5.733,2735.2214,0
1788678000000000,477.07,477.22,476.41,477.12,6.545,1788681599999999,3121.68521,79,4.772,2276.27148,0
1788681600000000,477.12,477.31,476.83,477.27,2.871,1788685199999999,1369.84164,61,1.37,653.75907,0
1788685200000000,477.26,477.97,477.09,477.96,5.422,1788688799999999,2590.06703,59,3.919,1872.34319,0
1788688800000000,477.92,478.56,477.7,478.13,5.763,1788692399999999,2755.73658,80,3.846,1839.00667,0
1788692400000000,477.83,478.18,477.55,477.8,1.902,1788695999999999,909.1527,48,0.581,277.7605,0
1788696000000000,477.91,478.64,477.81,478.64,8.581,1788699599999999,4104.99967,112,5.394,2580.14838,0
1788699600000000,478.56,478.56,477.05,477.35,3.109,1788703199999999,1485.17322,37,0.395,188.72155,0
1788703200000000,477.24,477.24,474.66,475.63,12.563,1788706799999999,5978.99163,62,2.921,1388.97919,0
1788706800000000,475.19,476.93,475.19,476.61,9.599,1788710399999999,4569.83192,60,4.52,2154.089,0
1788710400000000,477.17,477.86,477.17,477.8,5.337,1788713999999999,2549.01186,24,0.248,118.48467,0
1788714000000000,477.9,479.55,477.9,479.55,5.077,1788717599999999,2431.56046,51,3.959,1896.08305,0
1788717600000000,479.27,480.44,478.95,480.27,14.262,1788721199999999,6841.28912,95,9.058,4347.19746,0
1788721200000000,480.19,481.14,480.19,480.52,8.131,1788724799999999,3908.79959,85,5.68,2730.59379,0
1788724800000000,480.72,480.72,479.96,480.21,3.291,1788728399999999,1580.17141,36,1.03,494.68411,0
1788728400000000,480.53,481.09,480.14,480.78,8.969,1788731999999999,4309.87935,65,2.379,1143.75809,0
1788732000000000,480.57,480.57,478.96,479.22,11.694,1788735599999999,5609.73817,70,0.819,393.05813,0
1788735600000000,478.96,479.04,478.46,478.69,4.579,1788739199999999,2192.59788,57,1.759,842.41142,0
1788739200000000,478.82,479.59,478.62,478.79,7.931,1788742799999999,3799.35161,117,3.867,1852.37779,0
1788742800000000,478.94,479.62,478.5,479.47,23.638,1788746399999999,11326.63779,247,18.525,8877.12071,0
1788746400000000,479.47,481.43,479.47,480.69,33.293,1788749999999999,15991.02183,370,23.311,11191.54047,0
1788750000000000,480.41,481.35,480.41,481.35,30.216,1788753599999999,14531.84702,233,15.559,7482.95942,0
1788753600000000,481.35,483.12,481.35,483.06,50.045,1788757199999999,24138.41589,597,42.723,20606.24559,0
1788757200000000,483.07,484.23,483.07,483.27,59.554,1788760799999999,28806.49521,693,17.929,8668.77262,0
1788760800000000,483.42,487.18,483.4,487.01,117.332,1788764399999999,57015.29717,386,80.492,39167.26515,0
1788764400000000,487.07,487.12,483.32,484.65,47.949,1788767999999999,23278.47513,356,12.17,5899.76293,0
1788768000000000,484.99,486.36,484.98,485.71,9.132,1788771599999999,4435.17339,90,4.345,2109.84345,0
1788771600000000,485.54,486.01,483.71,483.71,14.275,1788775199999999,6927.47994,311,3.302,1602.10528,0
1788775200000000,484.1,484.52,482.57,482.83,20.903,1788778799999999,10097.70374,79,3.282,1589.78819,0
1788778800000000,482.55,482.6,481.32,481.32,11.049,1788782399999999,5327.72618,81,8.316,4010.33405,0
1788782400000000,481.1,481.24,480.44,481.1,9.202,1788785999999999,4425.41623,53,4.908,2361.20575,0
1788786000000000,481.43,484.02,481.3,483.61,54.493,1788789599999999,26326.55244,229,29.32,14171.00163,0
1788789600000000,483.06,483.79,482.5,483.74,38.67,1788793199999999,18673.02698,112,5.365,2593.18425,0
1788793200000000,483.78,483.78,481.8,481.8,10.193,1788796799999999,4915.73805,47,1.238,597.25235,0
1788796800000000,482.07,483.81,481.66,483.32,3.592,1788800399999999,1735.651,45,2.128,1028.42484,0
1788800400000000,483.3,485.19,483.3,484.84,6.99,1788803999999999,3386.2446,52,4.324,2094.12692,0
1788804000000000,484.86,485.45,484.16,484.21,15.71,1788807599999999,7616.86678,114,7.605,3688.35389,0
1788807600000000,484.23,485.05,483.94,484.13,5.127,1788811199999999,2483.70146,46,2.21,1070.54943,0
1788811200000000,483.83,485.07,483.09,485.07,4.089,1788814799999999,1979.53169,42,2.723,1318.69048,0
1788814800000000,485.03,485.22,484.18,484.86,2.372,1788818399999999,1150.31493,27,0.664,322.0665,0
1788818400000000,484.35,484.35,481.3,481.6,8.519,1788821999999999,4113.5266,73,1.936,934.33434,0
1788822000000000,481.1,482.5,479.73,481.8,8.044,1788825599999999,3869.91955,64,3.215,1547.96466,0
1788825600000000,481.63,483.85,478.76,483.67,252.985,1788829199999999,121516.58434,1031,189.7,91076.50378,0
1788829200000000,483.67,487.39,483.29,487.31,49.83,1788832799999999,24204.85834,517,34.384,16699.93037,0
1788832800000000,486.94,487.29,485.8,485.8,23.959,1788836399999999,11664.01247,166,3.955,1925.42635,0
1788836400000000,485.71,488.18,485.66,488.18,24.808,1788839999999999,12088.35047,136,17.666,8610.04799,0
1788840000000000,488.15,488.57,487.42,488.31,37.759,1788843599999999,18426.43613,221,15.837,7729.67832,0
1788843600000000,488.1,488.1,485.97,486.35,147.961,1788847199999999,72166.38212,581,13.378,6513.78829,0
1788847200000000,486.43,486.65,481.78,483.76,40.008,1788850799999999,19374.07961,419,16.61,8035.81278,0
1788850800000000,483.42,485.05,482.38,482.38,141.016,1788854399999999,68322.24312,412,18.558,8973.58963,0
1788854400000000,482.57,484.78,480.85,483.49,65.751,1788857999999999,31771.15496,401,34.493,16675.58158,0
1788858000000000,483.31,485.99,482.87,485.41,12.296,1788861599999999,5952.75218,123,6.642,3216.14603,0
1788861600000000,485.29,486.25,483.81,483.85,54.119,1788865199999999,26289.77872,131,12.956,6291.85443,0
1788865200000000,483.64,484.36,482.22,484.21,6.728,1788868799999999,3252.92272,46,4.529,2190.33713,0
1788868800000000,484.08,487.4,483.66,487.4,12.434,1788872399999999,6034.4634,75,5.608,2721.03973,0
1788872400000000,487.09,496.63,486.47,493.06,230.201,1788875999999999,113136.08695,1382,165.307,81263.41741,0
1788876000000000,492.82,502.67,489.8,502.35,109.982,1788879599999999,54663.63375,951,61.865,30779.16149,0
1788879600000000,502.45,510.39,501.49,509.24,123.848,1788883199999999,62714.7583,953,62.651,31705.48451,0
1788883200000000,509.71,510.68,506.88,509.31,234.328,1788886799999999,119459.82679,426,208.601,106369.06884,0
1788886800000000,509.29,512.0,508.04,508.22,58.002,1788890399999999,29623.00873,237,19.604,10014.81429,0
1788890400000000,507.69,508.56,505.73,506.1,10.352,1788893999999999,5247.65202,91,1.826,925.19209,0
1788894000000000,506.55,506.55,503.13,505.09,23.288,1788897599999999,11760.31126,197,12.029,6076.6438,0
1788897600000000,505.44,506.6,504.46,504.93,119.67,1788901199999999,60439.36539,628,12.86,6499.30941,0
1788901200000000,504.95,506.5,504.81,505.83,9.382,1788904799999999,4743.16925,87,5.98,3021.73358,0
1788904800000000,505.73,506.43,505.38,506.32,0.606,1788908399999999,306.57653,33,0.263,133.0897,0
1788908400000000,506.38,506.38,505.13,505.35,2.525,1788911999999999,1275.9962,38,0.62,313.40667,0
1788912000000000,505.53,507.73,505.22,506.98,212.151,1788915599999999,107297.27031,1054,148.811,75257.79568,0
1788915600000000,507.22,509.24,507.22,508.65,8.012,1788919199999999,4069.53768,103,3.847,1954.74446,0
1788919200000000,508.81,510.11,508.52,509.33,25.212,1788922799999999,12834.94768,291,19.11,9729.29172,0
1788922800000000,509.57,509.57,506.96,506.96,3.487,1788926399999999,1773.19511,67,0.796,404.73694,0
1788926400000000,507.33,508.72,506.69,508.72,12.274,1788929999999999,6234.07019,102,6.719,3412.83625,0
1788930000000000,508.7,508.86,507.05,508.06,2.619,1788933599999999,1331.04599,72,1.772,900.52057,0
1788933600000000,508.42,509.43,508.06,508.15,7.859,1788937199999999,3999.84033,104,5.312,2704.42019,0
1788937200000000,508.15,508.9,507.03,507.78,7.288,1788940799999999,3703.31962,107,1.654,839.91876,0
1788940800000000,507.91,508.03,505.83,506.79,13.73,1788944399999999,6963.20769,180,7.191,3647.58718,0
1788944400000000,506.31,506.31,499.42,499.42,51.084,1788947999999999,25746.94502,241,12.943,6507.72612,0
1788948000000000,499.49,501.5,497.72,499.53,118.291,1788951599999999,59161.20619,543,62.44,31219.74286,0
1788951600000000,499.71,503.74,499.49,501.9,19.122,1788955199999999,9595.54431,228,10.973,5505.22735,0
1788955200000000,501.5,501.75,498.41,499.95,11.616,1788958799999999,5808.67937,125,5.331,2665.26789,0
1788958800000000,500.05,525.06,499.92,524.17,206.631,1788962399999999,106063.1189,2517,129.271,66379.67862,0
1788962400000000,524.06,526.54,518.35,522.89,68.298,1788965999999999,35650.36106,577,25.759,13458.5696,0
1788966000000000,522.72,526.32,517.67,524.92,69.041,1788969599999999,36163.03131,397,42.978,22535.75854,0
1788969600000000,525.33,525.69,520.87,523.16,19.773,1788973199999999,10349.41581,153,12.906,6763.24466,0
1788973200000000,523.17,524.6,521.4,524.6,11.927,1788976799999999,6237.05167,132,7.259,3798.15529,0
1788976800000000,523.08,524.14,521.5,521.5,4.56,1788980399999999,2383.19326,49,1.72,899.46161,0
1788980400000000,521.51,521.57,519.22,520.86,18.267,1788983999999999,9501.19766,162,4.525,2353.9642,0
1788984000000000,520.57,521.4,520.3,521.15,3.565,1788987599999999,1856.62832,34,2.782,1448.76814,0
1788987600000000,521.34,521.5,520.47,520.5,5.788,1788991199999999,3013.17835,33,3.975,2069.21414,0
1788991200000000,520.5,520.88,519.76,519.76,6.459,1788994799999999,3362.49004,184,6.219,3237.7044,0
1788994800000000,519.9,520.76,519.34,520.44,9.143,1788998399999999,4753.12454,94,2.106,1095.20065,0
1788998400000000,520.76,521.76,518.26,518.52,25.782,1789001999999999,13393.34003,137,3.694,1922.7864,0
1789002000000000,518.24,518.55,515.65,516.99,50.271,1789005599999999,26017.78748,279,8.196,4235.9324,0
1789005600000000,517.57,519.24,516.97,518.96,10.941,1789009199999999,5663.85259,92,3.595,1862.05747,0
1789009200000000,519.21,519.41,517.67,518.35,1.709,1789012799999999,886.11842,23,0.623,323.08512,0
1789012800000000,518.66,520.2,518.66,520.11,0.986,1789016399999999,512.36163,17,0.848,440.63876,0
1789016400000000,520.52,522.49,520.06,520.76,6.15,1789019999999999,3208.08553,55,4.499,2347.21408,0
1789020000000000,521.34,521.39,519.38,520.06,2.889,1789023599999999,1503.93905,47,0.568,295.89195,0
1789023600000000,520.02,520.28,518.28,518.35,1.682,1789027199999999,873.34374,51,0.338,175.56762,0
1789027200000000,518.67,519.17,517.61,518.11,24.064,1789030799999999,12478.66678,167,14.957,7756.39757,0
1789030800000000,518.56,519.27,516.99,518.03,7.876,1789034399999999,4077.70337,73,2.434,1261.39366,0
1789034400000000,517.57,518.66,515.96,516.45,13.834,1789037999999999,7155.69803,202,6.325,3270.67564,0
1789038000000000,515.54,515.6,511.51,511.86,39.359,1789041599999999,20240.22086,464,18.575,9555.68257,0
1789041600000000,511.51,512.83,506.66,507.67,153.86,1789045199999999,78213.75464,656,21.219,10835.8759,0
1789045200000000,507.29,516.9,504.46,504.46,107.605,1789048799999999,54844.46105,1620,55.823,28477.59858,0
1789048800000000,504.25,510.64,504.25,509.42,29.174,1789052399999999,14826.79084,500,11.55,5869.01323,0
1789052400000000,509.53,509.92,506.89,507.61,6.408,1789055999999999,3254.00568,106,2.504,1271.69659,0
1789056000000000,506.65,506.65,503.31,506.32,127.509,1789059599999999,64416.2293,352,117.276,59248.98425,0
1789059600000000,505.45,507.32,504.73,506.2,4.301,1789063199999999,2177.39597,76,2.825,1430.49956,0
1789063200000000,505.95,506.7,503.85,504.98,55.999,1789066799999999,28286.32554,335,6.927,3500.10487,0
1789066800000000,504.57,506.2,503.1,503.61,12.139,1789070399999999,6121.63612,125,10.115,5101.74616,0
1789070400000000,503.7,504.16,503.41,503.58,6.616,1789073999999999,3332.13902,156,4.178,2104.1367,0
1789074000000000,503.57,504.62,503.57,504.2,4.692,1789077599999999,2365.10248,97,2.842,1432.53132,0
1789077600000000,504.37,504.43,503.03,503.35,2.409,1789081199999999,1212.29971,28,0.198,99.80193,0
1789081200000000,502.99,503.22,502.0,502.0,6.285,1789084799999999,3160.57896,99,4.56,2293.11791,0
1789084800000000,502.08,504.27,501.67,504.27,3.483,1789088399999999,1751.85549,57,1.143,575.17182,0
1789088400000000,504.9,504.9,502.54,502.54,1.705,1789091999999999,857.90358,21,1.679,844.82178,0
1789092000000000,502.53,503.06,500.87,500.87,8.984,1789095599999999,4507.41845,108,2.049,1029.33608,0
1789095600000000,501.43,501.51,499.53,500.27,7.136,1789099199999999,3570.20928,98,1.704,853.38837,0
1789099200000000,500.1,503.1,499.85,503.1,0.96,1789102799999999,481.11372,20,0.875,438.5689,0
1789102800000000,502.48,506.1,502.22,506.1,1.295,1789106399999999,653.59265,29,0.536,270.00244,0
1789106400000000,505.59,507.1,505.57,506.64,1.767,1789109999999999,894.81572,58,0.217,109.90782,0
1789110000000000,506.58,507.99,506.16,506.56,5.119,1789113599999999,2592.9646,62,1.306,661.78592,0
1789113600000000,506.85,509.35,506.1,509.35,9.224,1789117199999999,4683.64474,150,5.795,2943.62144,0
1789117200000000,509.58,509.77,508.12,508.51,4.081,1789120799999999,2075.80423,87,1.894,963.71519,0
1789120800000000,508.53,509.68,508.45,508.91,0.685,1789124399999999,348.63412,24,0.472,240.15804,0
1789124400000000,508.75,508.94,507.54,508.94,5.199,1789127999999999,2641.31042,76,1.67,847.96498,0
1789128000000000,508.64,513.23,503.54,513.23,58.012,1789131599999999,29396.10235,854,23.003,11653.73839,0
1789131600000000,513.16,518.6,501.67,518.6,121.545,1789135199999999,61918.6088,2811,68.753,34989.60183,0
1789135200000000,518.09,520.84,508.74,512.43,150.78,1789138799999999,77603.52392,1618,88.649,45569.04389,0
1789138800000000,512.56,518.89,512.48,515.83,49.416,1789142399999999,25438.78656,566,21.63,11149.63212,0
1789142400000000,515.61,516.01,511.34,512.94,13.807,1789145999999999,7089.07424,192,6.183,3175.67273,0
1789146000000000,513.37,518.3,511.54,516.86,129.16,1789149599999999,66822.19182,663,14.741,7605.856,0
1789149600000000,517.25,518.67,516.26,517.36,48.972,1789153199999999,25355.55743,363,36.906,19111.85585,0
1789153200000000,517.1,517.11,515.01,515.73,16.655,1789156799999999,8593.38684,157,9.756,5034.0917,0
1789156800000000,515.79,516.0,514.73,514.73,2.288,1789160399999999,1179.30248,27,0.136,70.14678,0
1789160400000000,514.99,515.4,514.98,515.39,20.225,1789163999999999,10416.37018,356,16.354,8422.45204,0
1789164000000000,515.4,515.88,515.35,515.47,3.23,1789167599999999,1665.33972,26,2.682,1382.82319,0
1789167600000000,515.54,515.7,515.53,515.66,0.692,1789171199999999,356.85129,11,0.035,18.0454,0
1789171200000000,515.66,517.19,515.66,517.19,7.113,1789174799999999,3672.57776,112,4.709,2430.94787,0
1789174800000000,517.12,517.22,516.6,516.6,3.785,1789178399999999,1956.40156,36,0.353,182.48185,0
1789178400000000,516.8,517.29,516.8,517.16,0.457,1789181999999999,236.33486,15,0.169,87.39154,0
1789182000000000,516.92,516.92,516.68,516.9,0.125,1789185599999999,64.59979,7,0.041,21.1931,0
1789185600000000,516.87,518.02,516.76,517.22,10.725,1789189199999999,5550.86379,34,10.189,5273.74593,0
1789189200000000,517.15,517.28,516.98,517.13,1.558,1789192799999999,805.74661,20,0.06,31.03044,0
1789192800000000,517.03,517.16,515.82,516.0,7.517,1789196399999999,3881.70961,111,2.625,1355.37517,0
1789196400000000,516.01,516.56,515.87,515.94,3.386,1789199999999999,1747.93994,86,0.618,318.99297,0
1789200000000000,515.93,516.69,514.92,516.69,4.512,1789203599999999,2327.69956,60,1.661,857.23574,0
1789203600000000,516.75,517.06,516.6,516.71,2.619,1789207199999999,1353.47742,45,1.121,579.33786,0
1789207200000000,516.73,517.0,516.46,517.0,0.617,1789210799999999,318.85252,35,0.185,95.62116,0
1789210800000000,516.99,517.67,516.99,517.62,6.383,1789214399999999,3303.62611,57,0.669,345.98363,0
1789214400000000,517.61,517.77,517.22,517.49,1.741,1789217999999999,900.9055,55,0.664,343.64725,0
1789218000000000,517.23,518.1,517.22,517.67,3.254,1789221599999999,1684.71512,63,2.093,1083.58601,0
1789221600000000,517.76,518.11,517.63,518.08,2.871,1789225199999999,1486.81704,53,1.683,871.55182,0
1789225200000000,517.95,518.03,517.67,517.87,0.919,1789228799999999,475.94383,25,0.109,56.46063,0
1789228800000000,517.69,518.05,517.67,517.94,1.244,1789232399999999,644.20992,48,0.588,304.53251,0
1789232400000000,518.04,518.04,517.68,517.68,1.176,1789235999999999,609.06032,89,0.528,273.49251,0
1789236000000000,517.68,517.7,517.41,517.65,2.045,1789239599999999,1058.63176,23,0.148,76.61423,0
1789239600000000,517.66,517.79,515.98,516.14,6.841,1789243199999999,3533.20045,51,4.474,2310.6641,0
1789243200000000,515.93,516.37,515.89,515.89,1.51,1789246799999999,779.27237,89,0.545,281.36031,0
1789246800000000,516.01,516.41,515.86,516.41,0.235,1789250399999999,121.27739,21,0.102,52.65667,0
1789250400000000,516.31,516.31,515.9,515.97,0.047,1789253999999999,24.25473,4,0.019,9.80869,0
1789254000000000,516.12,516.12,515.64,515.81,0.76,1789257599999999,391.95594,11,0.283,145.98438,0
1789257600000000,515.72,515.76,514.55,514.7,6.268,1789261199999999,3229.19091,67,1.852,953.51359,0
1789261200000000,515.14,515.27,514.87,515.01,1.214,1789264799999999,625.32913,22,0.47,242.06113,0
1789264800000000,515.07,515.11,514.06,514.15,2.842,1789268399999999,1461.55447,47,2.178,1119.94286,0
1789268400000000,514.35,514.35,513.04,513.04,3.308,1789271999999999,1698.41635,63,1.355,695.52489,0
1789272000000000,513.02,513.24,512.64,512.64,3.044,1789275599999999,1561.06825,45,2.47,1266.64712,0
1789275600000000,512.35,512.35,510.75,511.11,8.108,1789279199999999,4146.4507,153,3.935,2011.08404,0
1789279200000000,510.38,510.67,508.3,508.3,20.548,1789282799999999,10469.1244,219,2.56,1305.34321,0
1789282800000000,508.24,508.83,506.65,507.83,59.279,1789286399999999,30093.58966,970,15.516,7876.4625,0
1789286400000000,507.65,507.65,505.0,505.0,14.447,1789289999999999,7315.70448,148,6.271,3174.76583,0
1789290000000000,505.0,506.07,503.94,504.0,124.875,1789293599999999,63059.45658,400,11.902,6011.1357,0
1789293600000000,503.81,504.09,501.29,502.28,18.29,1789297199999999,9190.06432,211,4.87,2445.80451,0
1789297200000000,502.27,503.0,501.41,501.54,19.098,1789300799999999,9588.0823,88,7.115,3573.83913,0
1789300800000000,501.43,501.75,500.47,500.51,21.705,1789304399999999,10874.90434,107,9.608,4817.11063,0
1789304400000000,500.61,503.71,499.28,502.63,58.749,1789307999999999,29491.72967,353,43.67,21921.91873,0
1789308000000000,502.7,504.49,502.03,502.74,42.807,1789311599999999,21538.98133,178,18.822,9469.01934,0
1789311600000000,502.82,502.82,500.39,500.71,24.747,1789315199999999,12405.28818,220,10.904,5464.7586,0
1789315200000000,500.74,502.76,500.51,502.25,12.401,1789318799999999,6224.4426,108,9.894,4966.61803,0
1789318800000000,502.45,502.63,501.07,501.26,2.034,1789322399999999,1020.8718,36,0.653,327.98472,0
1789322400000000,501.26,501.53,501.03,501.14,0.992,1789325999999999,497.33716,19,0.557,279.31479,0
1789326000000000,501.27,502.2,501.1,501.31,7.429,1789329599999999,3725.62556,25,6.86,3440.33857,0
1789329600000000,501.53,502.31,501.4,502.31,0.695,1789333199999999,348.73781,16,0.657,329.68296,0
1789333200000000,502.42,503.89,502.4,503.89,0.855,1789336799999999,430.01275,17,0.479,240.94631,0
1789336800000000,503.2,503.2,498.21,498.96,84.655,1789340399999999,42357.47372,1079,17.829,8922.88529,0
1789340400000000,498.54,499.82,497.1,497.1,16.402,1789343999999999,8180.27929,95,10.757,5367.17342,0
1789344000000000,496.73,508.64,496.73,500.66,289.928,1789347599999999,145613.06282,1387,90.834,45653.5919,0
1789347600000000,500.46,501.53,498.0,501.53,48.428,1789351199999999,24173.08537,422,21.389,10678.06388,0
1789351200000000,501.87,502.67,501.44,501.87,6.463,1789354799999999,3245.05137,115,3.478,1746.388,0
1789354800000000,501.62,501.76,499.63,499.63,23.818,1789358399999999,11918.34091,89,3.746,1874.95168,0
1789358400000000,499.54,499.89,498.87,499.48,2.241,1789361999999999,1119.08406,35,0.582,290.62181,0
1789362000000000,499.16,499.48,497.61,497.61,25.662,1789365599999999,12804.67802,103,2.752,1371.7875,0
1789365600000000,498.44,498.59,496.93,497.18,38.968,1789369199999999,19383.45377,110,1.844,917.7929,0
1789369200000000,496.7,497.2,492.0,492.88,219.823,1789372799999999,108800.09052,349,7.467,3695.11805,0
1789372800000000,492.87,493.51,489.0,490.18,191.906,1789376399999999,94315.45268,612,134.576,66164.80179,0
1789376400000000,489.94,490.36,486.26,487.48,16.239,1789379999999999,7921.843,119,5.972,2912.94894,0
1789380000000000,487.24,489.6,486.84,488.41,57.548,1789383599999999,28112.2855,173,22.776,11107.91481,0
1789383600000000,489.03,489.33,486.78,487.52,19.148,1789387199999999,9353.94417,86,5.985,2927.30521,0
1789387200000000,487.04,487.58,485.31,486.33,18.075,1789390799999999,8796.27742,104,8.749,4258.21527,0
1789390800000000,486.18,491.31,480.85,485.16,254.377,1789394399999999,123453.89153,1476,114.955,55810.38615,0
1789394400000000,484.84,492.62,482.85,485.1,40.267,1789397999999999,19639.15743,263,25.49,12419.09627,0
1789398000000000,485.28,492.45,483.81,490.99,35.471,1789401599999999,17315.92439,267,18.775,9163.30141,0
1789401600000000,490.1,494.55,488.88,493.1,25.0,1789405199999999,12287.15783,90,13.25,6513.56869,0
1789405200000000,493.47,496.22,493.28,496.08,1.816,1789408799999999,899.05503,34,0.551,272.80258,0
1789408800000000,496.89,498.23,496.5,497.37,8.268,1789412399999999,4110.3187,56,3.001,1492.22664,0
1789412400000000,497.27,497.51,493.29,493.45,97.121,1789415999999999,48082.27844,319,29.775,14738.56982,0
1789416000000000,493.34,495.06,492.53,494.62,6.806,1789419599999999,3360.48826,79,5.81,2868.58848,0
1789419600000000,494.69,494.69,493.29,493.89,10.709,1789423199999999,5285.15654,44,1.457,718.96076,0
1789423200000000,493.99,494.13,493.52,493.52,4.052,1789426799999999,2001.25665,24,3.914,1933.11541,0
1789426800000000,493.7,493.97,493.17,493.65,6.315,1789430399999999,3114.77022,31,3.369,1661.60356,0
1789430400000000,493.24,496.1,492.86,495.0,10.067,1789433999999999,4976.35438,180,3.869,1914.83375,0
1789434000000000,494.83,496.04,493.55,494.51,1.852,1789437599999999,916.24134,38,0.415,205.33096,0
1789437600000000,494.75,496.09,494.71,495.71,6.042,1789441199999999,2992.12331,53,2.558,1266.84356,0
1789441200000000,495.73,495.79,493.35,493.35,2.464,1789444799999999,1217.32423,26,1.152,568.56738,0
1789444800000000,493.21,493.47,491.85,491.85,6.205,1789448399999999,3053.47026,52,0.477,235.05057,0
1789448400000000,491.36,492.68,489.21,491.8,10.473,1789451999999999,5131.74407,98,3.039,1491.42272,0
1789452000000000,491.93,493.1,491.28,491.95,10.926,1789455599999999,5376.06109,194,4.799,2361.75784,0
1789455600000000,491.87,493.1,491.28,491.6,7.312,1789459199999999,3599.854,145,2.947,1450.3169,0
1789459200000000,491.48,491.65,488.67,490.85,7.007,1789462799999999,3437.99557,64,2.606,1279.51058,0
1789462800000000,490.56,494.24,489.82,494.08,5.227,1789466399999999,2572.28185,63,2.797,1376.28184,0
1789466400000000,494.19,495.86,493.88,495.65,7.153,1789469999999999,3540.86219,74,5.231,2590.33262,0
1789470000000000,495.49,498.42,495.49,497.04,18.843,1789473599999999,9367.18516,89,13.434,6677.67497,0
1789473600000000,497.0,501.44,496.72,499.31,73.743,1789477199999999,36820.97495,252,35.13,17534.89796,0
1789477200000000,500.05,513.48,497.69,512.22,208.072,1789480799999999,105150.08964,1017,116.501,58976.25415,0
1789480800000000,511.34,512.92,503.74,504.77,51.045,1789484399999999,25956.37093,298,23.518,11949.47178,0
1789484400000000,504.79,506.2,501.63,503.1,70.685,1789487999999999,35627.31085,264,43.755,22063.44857,0
1789488000000000,503.04,504.41,501.68,502.94,44.47,1789491599999999,22369.77126,198,20.036,10071.49078,0
1789491600000000,502.92,505.29,501.54,503.46,45.351,1789495199999999,22857.33255,198,11.545,5819.36994,0
1789495200000000,504.09,505.58,502.83,503.61,26.864,1789498799999999,13538.73105,218,3.77,1900.22835,0
1789498800000000,504.1,505.1,503.42,503.78,53.04,1789502399999999,26758.1005,244,5.491,2769.28723,0
1789502400000000,504.84,504.84,504.08,504.39,2.035,1789505999999999,1026.40836,25,0.935,471.71273,0
1789506000000000,504.65,504.65,503.45,503.79,3.19,1789509599999999,1606.28418,58,0.494,248.86851,0
1789509600000000,503.64,504.29,503.63,504.29,2.541,1789513199999999,1279.83724,12,0.601,302.75819,0
1789513200000000,504.24,504.72,504.17,504.33,1.722,1789516799999999,868.90376,22,1.432,722.67412,0
1789516800000000,504.48,505.3,503.87,504.89,2.621,1789520399999999,1323.02352,93,1.296,654.33612,0
1789520400000000,504.67,505.1,502.6,502.67,1.947,1789523999999999,980.89176,40,1.487,749.14918,0
1789524000000000,502.72,505.31,502.72,505.19,6.988,1789527599999999,3518.36408,123,0.912,459.67008,0
1789527600000000,505.89,508.55,505.89,508.06,2.19,1789531199999999,1111.10065,57,1.256,636.93075,0
1789531200000000,508.76,508.83,506.87,507.23,3.749,1789534799999999,1905.68364,81,0.972,494.05793,0
1789534800000000,507.15,508.57,506.47,508.34,8.995,1789538399999999,4572.07759,163,7.223,3671.83058,0
1789538400000000,508.68,509.55,508.45,509.35,4.507,1789541999999999,2294.26302,139,1.128,574.34951,0
1789542000000000,509.48,512.49,509.32,511.26,15.711,1789545599999999,8034.81934,158,13.085,6692.88775,0
1789545600000000,511.24,513.52,510.07,511.36,17.093,1789549199999999,8743.2294,278,7.904,4043.11283,0
1789549200000000,511.53,512.1,510.32,512.1,8.702,1789552799999999,4447.88717,70,4.266,2181.257,0
1789552800000000,511.97,511.97,510.4,511.84,11.999,1789556399999999,6137.47366,164,3.147,1609.06115,0
1789556400000000,512.07,514.09,511.42,512.53,24.808,1789559999999999,12719.02298,322,11.263,5776.32359,0
1789560000000000,512.94,514.85,512.86,513.66,9.624,1789563599999999,4940.659,119,2.406,1235.69314,0
1789563600000000,513.54,524.27,512.56,524.25,317.469,1789567199999999,164920.60187,1316,251.695,130808.22245,0
1789567200000000,525.0,527.31,520.86,523.24,143.44,1789570799999999,75205.7458,560,41.996,21999.26767,0
1789570800000000,523.56,527.11,521.38,525.1,65.833,1789574399999999,34515.21139,333,25.057,13127.22326,0
1789574400000000,524.72,524.98,522.5,522.73,6.526,1789577999999999,3419.75618,74,4.497,2357.80257,0
1789578000000000,522.54,524.48,521.12,523.73,91.235,1789581599999999,47732.75419,325,25.624,13393.27217,0
1789581600000000,524.03,526.25,512.28,513.28,27.28,1789585199999999,14225.37971,318,14.269,7445.44448,0
1789585200000000,514.1,514.63,506.59,513.07,54.901,1789588799999999,28109.21015,347,13.779,7061.96855,0
1789588800000000,513.11,513.73,512.85,513.14,1.339,1789592399999999,687.28861,55,0.609,312.64058,0
1789592400000000,513.23,515.81,513.23,514.97,6.589,1789595999999999,3394.25199,83,3.461,1782.19087,0
1789596000000000,515.11,517.67,514.45,517.18,2.512,1789599599999999,1294.29693,59,0.768,396.10348,0
1789599600000000,517.67,519.99,517.66,519.8,10.542,1789603199999999,5473.9023,96,4.451,2311.70756,0
1789603200000000,519.37,520.09,517.94,519.93,25.425,1789606799999999,13194.58712,110,3.122,1621.00685,0
1789606800000000,519.21,519.58,517.1,517.24,1.626,1789610399999999,843.13398,23,1.223,634.18219,0
1789610400000000,517.21,518.24,516.19,517.7,8.99,1789613999999999,4651.05806,58,3.732,1929.61195,0
1789614000000000,517.81,519.27,517.81,519.27,0.31,1789617599999999,160.8322,12,0.163,84.63171,0
1789617600000000,519.29,519.72,518.92,519.4,0.26,1789621199999999,135.0346,15,0.065,33.76242,0
1789621200000000,519.74,519.74,516.91,516.97,0.573,1789624799999999,296.49293,19,0.345,178.44229,0
1789624800000000,516.86,518.97,516.13,518.95,7.633,1789628399999999,3953.46891,130,4.34,2247.78245,0
1789628400000000,518.97,521.98,518.88,520.36,7.528,1789631999999999,3921.4642,146,3.754,1956.47039,0
1789632000000000,520.63,522.99,520.14,522.5,6.698,1789635599999999,3492.10848,172,3.56,1855.63228,0
1789635600000000,523.02,523.88,522.59,522.7,5.726,1789639199999999,2996.29949,93,3.238,1694.57887,0
1789639200000000,522.8,525.01,522.8,524.02,13.416,1789642799999999,7032.97445,114,5.225,2739.22308,0
1789642800000000,524.26,527.09,524.26,526.85,13.339,1789646399999999,7020.01487,111,9.652,5079.74528,0
1789646400000000,527.14,532.5,527.02,529.81,15.984,1789649999999999,8472.6458,186,6.71,3556.68211,0
1789650000000000,530.09,539.62,528.29,539.43,190.334,1789653599999999,101456.56963,1620,86.494,46120.21016,0
1789653600000000,539.68,543.27,533.53,542.02,95.162,1789657199999999,51146.49946,799,24.371,13102.45563,0
1789657200000000,541.71,547.38,541.54,546.38,357.22,1789660799999999,194868.74107,3865,294.25,160532.4079,0
1789660800000000,546.07,551.7,545.34,549.14,29.685,1789664399999999,16310.17485,580,9.869,5424.87929,0
1789664400000000,549.53,550.32,546.53,546.71,12.887,1789667999999999,7065.84216,212,2.497,1369.03659,0
1789668000000000,546.84,547.8,544.29,544.37,8.71,1789671599999999,4758.56471,148,3.1,1694.25955,0
1789671600000000,544.43,546.93,543.38,545.03,66.854,1789675199999999,36441.68335,369,54.072,29472.10194,0
1789675200000000,545.05,546.28,544.71,545.83,5.099,1789678799999999,2781.46838,111,1.195,652.0469,0
1789678800000000,545.77,547.15,545.77,547.03,15.314,1789682399999999,8370.44434,123,9.412,5146.31339,0
1789682400000000,546.99,546.99,545.1,545.97,5.486,1789685999999999,2993.63948,176,3.337,1820.50409,0
1789686000000000,545.8,546.03,542.54,545.27,412.605,1789689599999999,224310.82751,1888,39.671,21569.19825,0
1789689600000000,545.0,545.44,541.62,542.18,191.519,1789693199999999,104063.39781,1633,25.005,13578.04549,0
1789693200000000,542.16,543.04,541.34,542.79,91.913,1789696799999999,49824.16944,525,19.344,10485.26287,0
1789696800000000,542.71,543.1,542.52,542.76,9.138,1789700399999999,4959.03233,60,1.726,937.13133,0
1789700400000000,542.63,546.81,542.63,546.23,22.692,1789703999999999,12362.78949,191,9.983,5438.77076,0
1789704000000000,546.33,548.77,546.12,548.29,11.855,1789707599999999,6480.64366,172,0.875,478.72295,0
1789707600000000,548.26,549.06,547.86,548.27,33.567,1789711199999999,18405.97878,211,2.396,1313.98989,0
1789711200000000,548.28,552.26,548.28,552.01,38.427,1789714799999999,21150.98881,226,15.792,8689.52408,0
1789714800000000,552.1,555.03,552.01,553.44,34.026,1789718399999999,18850.62355,315,10.784,5976.88342,0
1789718400000000,553.34,555.07,551.43,551.87,66.692,1789721999999999,36915.00219,407,5.046,2791.01649,0
1789722000000000,551.8,552.29,549.61,550.35,395.022,1789725599999999,217768.75132,688,387.066,213385.35645,0
1789725600000000,550.31,553.17,550.31,551.49,14.627,1789729199999999,8075.19036,485,10.835,5981.04441,0
1789729200000000,551.29,551.45,546.29,547.39,25.753,1789732799999999,14134.03293,623,20.676,11348.16388,0
1789732800000000,547.03,547.21,544.62,545.32,25.405,1789736399999999,13868.16169,197,9.567,5224.83971,0
1789736400000000,545.05,551.79,543.99,551.79,117.722,1789739999999999,64413.51587,1457,69.924,38263.77289,0
1789740000000000,551.57,553.3,542.83,542.84,117.149,1789743599999999,64218.87641,949,9.817,5389.7888,0
1789743600000000,542.54,544.53,541.92,544.02,47.969,1789747199999999,26079.13597,418,18.403,10012.1552,0
1789747200000000,544.22,545.03,542.79,544.77,84.335,1789750799999999,45860.49201,367,3.268,1777.87817,0
1789750800000000,545.15,546.52,545.01,545.82,3.293,1789754399999999,1796.99721,92,2.139,1167.0548,0
1789754400000000,545.67,545.67,543.78,545.09,8.131,1789757999999999,4428.13438,168,4.174,2273.60515,0
1789758000000000,545.17,560.0,544.35,559.05,431.322,1789761599999999,237872.87024,1409,342.363,188725.9004,0
1789761600000000,559.51,559.94,556.83,556.95,32.445,1789765199999999,18130.09366,297,4.787,2674.31823,0
1789765200000000,557.08,558.02,557.06,557.15,58.154,1789768799999999,32408.53984,105,2.088,1163.7991,0
1789768800000000,557.15,557.28,556.95,557.03,39.375,1789772399999999,21936.49376,68,0.731,407.23245,0
1789772400000000,556.73,557.66,556.73,557.5,10.36,1789775999999999,5773.779,61,4.565,2544.399,0
1789776000000000,557.53,558.14,557.02,557.02,26.065,1789779599999999,14534.72559,132,1.525,850.05121,0
1789779600000000,556.89,556.89,554.57,554.82,16.062,1789783199999999,8926.53862,179,4.046,2247.65564,0
1789783200000000,554.61,554.72,551.6,553.35,56.465,1789786799999999,31254.10328,198,8.818,4883.84854,0
1789786800000000,553.31,553.33,552.59,553.05,12.278,1789790399999999,6789.05036,107,6.681,3694.23799,0
1789790400000000,553.11,553.59,552.23,552.87,33.86,1789793999999999,18724.69628,201,11.009,6084.65297,0
1789794000000000,552.87,552.96,552.5,552.59,12.648,1789797599999999,6990.43684,135,6.847,3784.16125,0
1789797600000000,552.67,552.99,552.47,552.8,2.691,1789801199999999,1487.28917,84,0.883,487.97796,0
1789801200000000,552.83,554.27,552.42,552.57,6.141,1789804799999999,3398.31181,105,3.163,1750.77601,0
1789804800000000,552.42,552.83,552.28,552.37,5.005,1789808399999999,2765.4393,84,2.462,1360.19939,0
1789808400000000,552.42,552.89,552.25,552.74,6.572,1789811999999999,3630.49129,57,5.229,2888.42084,0
1789812000000000,552.75,553.22,552.23,552.74,5.722,1789815599999999,3163.07194,68,1.472,813.73671,0
1789815600000000,552.51,552.65,552.02,552.65,3.587,1789819199999999,1981.27282,57,1.23,679.47397,0
1789819200000000,552.65,553.3,552.44,552.54,4.48,1789822799999999,2476.59038,65,2.356,1302.29479,0
1789822800000000,552.64,553.31,552.47,552.8,6.505,1789826399999999,3596.74686,63,4.338,2398.69426,0
1789826400000000,552.79,553.06,552.63,553.0,4.419,1789829999999999,2443.1628,67,2.399,1326.21407,0
1789830000000000,552.88,553.01,552.43,552.56,3.451,1789833599999999,1907.47415,57,2.286,1263.35873,0
1789833600000000,552.56,552.68,552.34,552.49,2.945,1789837199999999,1627.06867,41,1.771,978.38615,0
1789837200000000,552.5,552.72,552.04,552.61,9.04,1789840799999999,4993.74954,92,5.728,3163.75927,0
1789840800000000,552.63,554.53,552.6,553.99,8.612,1789844399999999,4769.40089,73,5.075,2810.64733,0
1789844400000000,553.99,555.03,553.99,555.03,2.684,1789847999999999,1488.17732,37,2.164,1199.72779,0
1789848000000000,555.09,555.62,555.09,555.52,2.742,1789851599999999,1523.39381,53,1.042,578.94035,0
1789851600000000,555.58,555.91,555.58,555.8,2.713,1789855199999999,1507.71289,29,1.505,836.24641,0
1789855200000000,555.81,556.39,555.39,555.39,39.038,1789858799999999,21707.87701,50,22.98,12783.69118,0
1789858800000000,555.26,556.35,554.24,555.83,19.04,1789862399999999,10567.48673,135,11.325,6285.42829,0
1789862400000000,555.82,555.88,554.8,555.15,7.376,1789865999999999,4096.5542,76,2.835,1574.44383,0
1789866000000000,555.15,556.65,555.14,556.38,19.275,1789869599999999,10716.40783,108,16.536,9193.56671,0
1789869600000000,556.61,557.18,552.29,552.3,14.45,1789873199999999,8011.93611,234,6.706,3716.99122,0
1789873200000000,552.31,555.55,551.33,554.14,36.144,1789876799999999,19991.11194,683,18.346,10150.49583,0
1789876800000000,554.21,554.22,553.03,553.49,1.554,1789880399999999,860.73653,39,0.51,282.60224,0
1789880400000000,553.85,555.47,553.79,554.9,160.615,1789883999999999,89169.76252,150,92.467,51335.22037,0
1789884000000000,554.9,555.04,554.29,554.91,2.638,1789887599999999,1463.04629,94,0.698,387.18704,0
1789887600000000,554.9,555.47,554.59,554.88,1.92,1789891199999999,1065.56245,80,0.633,351.32092,0
1789891200000000,554.65,555.33,554.56,554.56,4.56,1789894799999999,2530.92682,85,2.058,1142.27641,0
1789894800000000,554.6,554.97,554.18,554.54,10.158,1789898399999999,5633.33924,65,3.243,1799.10032,0
1789898400000000,554.71,554.84,554.13,554.68,2.168,1789901999999999,1202.41286,47,1.121,621.81812,0
1789902000000000,554.66,554.94,554.3,554.84,2.132,1789905599999999,1182.62907,48,1.222,678.02059,0
1789905600000000,554.84,554.85,553.53,554.06,2.263,1789909199999999,1254.61413,62,0.763,422.98976,0
1789909200000000,554.2,554.52,553.97,554.06,1.453,1789912799999999,805.41987,53,0.691,383.06222,0
1789912800000000,554.06,555.05,553.82,554.62,14.384,1789916399999999,7971.7218,212,12.477,6914.60583,0
1789916400000000,554.62,556.37,554.62,556.31,10.687,1789919999999999,5937.15479,127,6.479,3599.47834,0
1789920000000000,556.31,557.91,555.31,557.18,13.57,1789923599999999,7560.34013,103,9.22,5138.01039,0
1789923600000000,557.32,557.84,557.16,557.38,20.862,1789927199999999,11627.66965,101,3.304,1842.02086,0
1789927200000000,557.08,557.83,557.07,557.57,6.165,1789930799999999,3437.53575,57,3.077,1715.82013,0
1789930800000000,557.62,558.2,557.09,557.81,6.713,1789934399999999,3743.5145,66,4.559,2542.58045,0
1789934400000000,557.83,558.2,557.53,558.12,2.781,1789937999999999,1551.2342,35,1.509,841.84565,0
1789938000000000,558.02,558.02,557.03,557.04,3.044,1789941599999999,1696.99214,39,0.227,126.54629,0
1789941600000000,557.04,565.95,556.79,564.36,43.576,1789945199999999,24486.30425,453,21.079,11842.81511,0
1789945200000000,564.28,565.38,563.11,564.24,55.309,1789948799999999,31205.42626,936,24.392,13767.32317,0
1789948800000000,563.97,572.41,562.24,572.02,104.516,1789952399999999,59367.41274,1423,72.972,41439.87133,0
1789952400000000,572.0,572.38,568.58,568.58,76.489,1789955999999999,43684.52592,961,38.639,22072.87704,0
1789956000000000,568.76,571.75,568.34,570.53,28.949,1789959599999999,16508.35931,367,16.516,9420.26002,0
1789959600000000,570.52,571.34,570.42,570.62,27.143,1789963199999999,15494.65033,269,12.069,6889.61924,0
1789963200000000,570.78,570.95,568.99,570.36,90.294,1789966799999999,51444.2756,721,64.696,36850.775,0
1789966800000000,570.15,570.15,567.76,569.26,108.071,1789970399999999,61441.61523,491,87.434,49695.76,0
1789970400000000,569.72,571.19,569.5,571.12,193.865,1789973999999999,110539.49805,736,174.093,99266.59631,0
1789974000000000,571.11,571.79,569.81,571.79,134.152,1789977599999999,76591.9215,731,111.947,63918.91973,0
1789977600000000,571.77,574.91,569.42,574.43,442.251,1789981199999999,253821.31655,2368,254.788,146167.10738,0
1789981200000000,574.5,578.47,574.16,575.07,1298.417,1789984799999999,748563.81481,2209,1162.426,670130.74083,0
1789984800000000,574.83,576.79,574.29,575.56,56.989,1789988399999999,32793.85307,363,36.053,20741.27842,0
1789988400000000,575.51,575.8,573.44,575.36,28.77,1789991999999999,16534.30267,217,9.625,5531.18052,0
1789992000000000,575.46,582.48,575.46,579.81,63.538,1789995599999999,36875.76293,476,39.812,23105.81279,0
1789995600000000,579.54,608.04,578.83,607.05,342.314,1789999199999999,202332.8293,2634,147.098,87031.18898,0
1789999200000000,607.05,614.53,605.48,614.2,2295.975,1790002799999999,1407535.2557,4387,1639.461,1004867.6368,0
1790002800000000,614.31,616.2,609.05,609.45,254.809,1790006399999999,156017.9393,1572,141.406,86545.63332,0
1790006400000000,609.66,613.01,609.66,609.72,60.58,1790009999999999,37045.69161,542,24.304,14855.73553,0
1790010000000000,609.82,611.52,606.25,608.03,48.98,1790013599999999,29782.52545,206,7.741,4707.08961,0
1790013600000000,608.52,610.73,607.83,610.73,12.075,1790017199999999,7359.90969,68,10.861,6620.84542,0
1790017200000000,611.03,616.53,611.03,615.59,166.508,1790020799999999,102478.25731,459,87.98,54157.36585,0
1790020800000000,615.54,616.76,614.48,615.23,154.903,1790024399999999,95302.05432,545,146.589,90185.58892,0
1790024400000000,615.22,616.31,614.92,616.02,22.674,1790027999999999,13956.40589,246,9.31,5733.67989,0
1790028000000000,616.11,619.56,615.7,619.39,30.299,1790031599999999,18719.55717,311,21.849,13494.43721,0
1790031600000000,619.44,620.33,619.16,620.24,68.335,1790035199999999,42369.66913,942,53.548,33203.76683,0
1790035200000000,620.15,626.04,620.15,623.03,205.203,1790038799999999,127784.31031,1441,88.169,54913.0332,0
1790038800000000,622.63,622.63,619.03,619.78,136.094,1790042399999999,84413.59714,502,112.797,69953.40766,0
1790042400000000,619.82,622.41,618.81,622.0,77.499,1790045999999999,48105.63604,304,43.036,26738.69978,0
1790046000000000,621.82,622.87,620.56,621.87,29.333,1790049599999999,18232.74787,185,14.9,9259.79372,0
1790049600000000,622.11,622.13,614.3,614.92,84.506,1790053199999999,52091.65569,464,18.334,11308.54169,0
1790053200000000,614.63,616.43,609.99,613.33,81.959,1790056799999999,50272.38841,533,31.671,19413.03861,0
1790056800000000,613.45,613.88,610.53,612.58,63.168,1790060399999999,38698.79969,464,44.589,27319.42363,0
1790060400000000,612.97,614.16,611.62,612.42,9.935,1790063999999999,6086.70545,182,5.6,3431.51438,0
1790064000000000,612.8,612.81,604.04,610.03,70.497,1790067599999999,42929.4949,810,29.511,17950.61598,0
1790067600000000,610.06,614.2,608.54,613.73,133.011,1790071199999999,81138.19285,624,107.292,65441.75426,0
1790071200000000,614.04,614.53,611.36,612.03,72.784,1790074799999999,44615.24833,450,43.586,26713.83315,0
1790074800000000,611.97,612.05,605.24,605.24,132.28,1790078399999999,80551.46161,531,22.894,13937.32927,0
1790078400000000,605.49,608.57,604.53,606.74,43.375,1790081999999999,26323.12971,248,22.339,13554.94745,0
1790082000000000,606.71,618.35,604.78,618.34,243.193,1790085599999999,148986.61033,1938,121.644,74682.36511,0
1790085600000000,618.23,621.9,614.53,615.75,191.626,1790089199999999,118458.49721,1610,91.921,56803.79152,0
1790089200000000,615.97,620.62,615.89,616.61,30.044,1790092799999999,18570.78328,473,11.053,6832.10449,0
1790092800000000,616.82,619.32,613.03,616.6,27.785,1790096399999999,17128.40342,380,10.865,6699.9026,0
1790096400000000,616.54,620.88,616.03,620.88,40.506,1790099999999999,25061.42901,446,20.311,12569.94832,0
1790100000000000,620.55,621.34,616.19,618.94,32.43,1790103599999999,20086.78923,487,13.472,8342.85757,0
1790103600000000,618.92,624.32,618.86,623.06,43.182,1790107199999999,26851.27026,594,17.711,11008.63698,0
1790107200000000,623.05,623.28,620.59,620.92,377.013,1790110799999999,234157.72382,2460,11.977,7443.67693,0
1790110800000000,620.91,621.19,620.24,620.29,83.665,1790114399999999,51932.84959,335,7.449,4621.94286,0
1790114400000000,620.6,621.87,620.4,621.53,10.546,1790117999999999,6551.2808,66,6.321,3927.40454,0
1790118000000000,621.79,623.44,621.42,623.34,5.417,1790121599999999,3370.47154,71,3.23,2009.79008,0
1790121600000000,623.18,623.48,621.03,621.39,83.085,1790125199999999,51728.62475,1208,54.395,33875.9027,0
1790125200000000,621.42,622.99,620.51,620.67,25.8,1790128799999999,16034.5849,456,12.287,7639.34381,0
1790128800000000,620.76,621.2,619.03,620.71,48.69,1790132399999999,30180.94072,324,8.693,5393.59216,0
1790132400000000,621.02,621.34,620.03,620.78,1.029,1790135999999999,638.94573,53,0.448,278.22673,0
1790136000000000,620.73,623.39,620.45,621.81,13.58,1790139599999999,8454.24233,131,4.17,2597.14457,0
1790139600000000,621.54,622.03,620.32,620.93,13.133,1790143199999999,8156.76359,124,4.228,2626.55399,0
1790143200000000,620.92,624.72,620.92,623.53,12.118,1790146799999999,7551.2971,203,4.76,2967.29419,0
1790146800000000,623.65,623.65,620.62,620.63,204.974,1790150399999999,127389.82589,890,9.107,5662.16084,0
1790150400000000,620.95,621.38,618.29,619.09,25.541,1790153999999999,15838.22294,353,4.95,3067.47151,0
1790154000000000,619.22,620.97,618.71,619.75,9.323,1790157599999999,5782.9667,128,4.412,2736.97235,0
1790157600000000,619.54,622.53,619.54,622.25,5.032,1790161199999999,3119.34848,65,1.283,795.81948,0
1790161200000000,622.04,622.04,617.08,618.6,13.033,1790164799999999,8063.79653,195,6.982,4319.24353,0
1790164800000000,618.67,619.53,616.55,619.07,13.951,1790168399999999,8626.21691,241,4.531,2802.55781,0
1790168400000000,618.7,624.51,614.57,615.07,73.93,1790171999999999,45765.39324,1180,39.168,24246.46332,0
1790172000000000,615.06,617.92,608.53,614.88,73.113,1790175599999999,44791.9161,1276,58.008,35543.84449,0
1790175600000000,614.74,616.3,611.86,614.64,55.068,1790179199999999,33852.85639,815,32.072,19706.14482,0
1790179200000000,615.03,615.82,611.75,611.79,8.392,1790182799999999,5150.91785,216,4.906,3012.07059,0
1790182800000000,612.17,614.63,610.2,614.35,8.749,1790186399999999,5355.31192,254,5.259,3218.81743,0
1790186400000000,614.26,615.28,612.97,614.45,532.085,1790189999999999,326318.29122,2469,526.055,322616.03326,0
1790190000000000,614.18,615.87,612.61,615.18,29.106,1790193599999999,17877.98194,326,16.465,10107.00486,0
1790193600000000,614.65,615.27,613.92,614.82,4.26,1790197199999999,2617.0392,33,3.65,2242.49368,0
1790197200000000,614.6,615.0,614.23,614.79,65.789,1790200799999999,40421.27265,597,54.148,33266.63637,0
1790200800000000,615.02,615.52,614.74,615.1,5.167,1790204399999999,3178.87883,62,3.808,2342.90897,0
1790204400000000,615.37,615.37,614.41,614.51,26.247,1790207999999999,16128.42067,83,2.098,1289.85049,0
1790208000000000,614.51,614.51,611.23,612.19,7.205,1790211599999999,4413.83412,135,2.695,1651.56951,0
1790211600000000,612.36,613.75,612.23,612.69,3.748,1790215199999999,2297.46092,83,2.9,1777.51378,0
1790215200000000,613.19,613.47,611.77,613.12,19.555,1790218799999999,11983.05805,131,17.872,10952.61044,0
1790218800000000,612.93,613.01,610.4,611.18,15.087,1790222399999999,9217.81605,85,0.602,367.96255,0
1790222400000000,610.68,611.25,609.53,610.71,16.782,1790225999999999,10245.09069,131,2.77,1690.09224,0
1790226000000000,611.01,612.53,608.83,609.23,7.663,1790229599999999,4680.80419,136,4.514,2756.17905,0
1790229600000000,608.97,609.05,606.04,606.52,16.546,1790233199999999,10052.59352,465,11.846,7197.96935,0
1790233200000000,606.74,610.53,606.46,608.24,129.07,1790236799999999,78503.07264,1473,115.191,70062.02665,0
1790236800000000,608.38,608.91,599.48,600.53,94.424,1790240399999999,57194.80435,728,82.79,50170.50565,0
1790240400000000,600.74,602.03,597.99,599.79,65.683,1790243999999999,39394.21047,492,55.679,33391.63945,0
1790244000000000,600.2,604.06,599.59,602.39,24.026,1790247599999999,14439.61361,408,10.373,6229.30294,0
1790247600000000,602.63,603.53,598.0,599.08,30.559,1790251199999999,18356.1408,395,9.219,5542.08291,0
1790251200000000,598.9,600.21,596.04,598.51,21.284,1790254799999999,12730.07182,444,13.57,8116.73947,0
1790254800000000,598.62,623.69,598.62,615.64,548.289,1790258399999999,338237.78177,3751,219.595,134758.27858,0
1790258400000000,616.03,618.53,611.42,611.71,1516.036,1790261999999999,934324.58071,3176,148.361,91330.10802,0
1790262000000000,611.86,613.48,610.93,611.01,471.73,1790265599999999,288896.28759,1830,317.196,194247.2559,0
1790265600000000,611.01,629.0,609.58,625.8,332.865,1790269199999999,204219.45344,1789,258.379,158312.34992,0
1790269200000000,625.6,627.67,619.13,619.88,51.252,1790272799999999,32013.77737,860,20.562,12844.11966,0
1790272800000000,619.62,628.82,617.03,628.07,40.367,1790276399999999,25173.33428,467,30.134,18796.8307,0
1790276400000000,628.03,630.53,623.79,629.27,53.762,1790279999999999,33746.78993,578,24.145,15163.0839,0
1790280000000000,629.23,629.62,627.73,629.62,8.525,1790283599999999,5358.74918,154,4.218,2651.19503,0
1790283600000000,629.59,629.73,628.55,629.73,54.652,1790287199999999,34355.52872,841,3.923,2468.31505,0
1790287200000000,629.5,630.47,629.35,630.13,5.576,1790290799999999,3512.19166,101,2.727,1717.35624,0
1790290800000000,629.89,629.89,629.53,629.75,5.686,1790294399999999,3580.44349,70,2.812,1770.7778,0
1790294400000000,629.75,630.59,628.62,629.33,13.987,1790297999999999,8807.9951,221,4.688,2953.46509,0
1790298000000000,629.26,635.16,628.99,634.03,27.589,1790301599999999,17455.41164,478,10.91,6903.50922,0
1790301600000000,634.09,635.69,633.34,633.95,5.414,1790305199999999,3434.69409,158,4.065,2578.54597,0
1790305200000000,634.34,635.33,633.66,634.13,12.981,1790308799999999,8234.48412,102,11.085,7030.93685,0
1790308800000000,634.08,634.58,633.11,633.95,7.708,1790312399999999,4889.03846,75,7.105,4506.87033,0
1790312400000000,634.52,639.07,634.39,638.53,17.001,1790315999999999,10834.58456,359,4.992,3180.17868,0
1790316000000000,638.56,642.1,638.52,640.08,336.92,1790319599999999,216260.17551,1603,10.699,6857.94269,0
1790319600000000,640.32,643.56,639.95,643.1,51.021,1790323199999999,32737.82042,843,22.11,14195.85431,0
1790323200000000,642.94,645.29,640.75,644.71,53.57,1790326799999999,34456.78833,987,39.456,25382.79999,0
1790326800000000,644.58,645.25,641.24,642.15,24.405,1790330399999999,15693.82247,515,7.771,4998.68299,0
1790330400000000,642.34,643.26,641.29,641.56,9.451,1790333999999999,6070.51919,235,3.984,2559.33527,0
1790334000000000,641.54,642.39,638.65,641.51,46.066,1790337599999999,29511.0303,763,17.778,11393.17691,0
1790337600000000,641.49,642.71,639.0,639.5,33.288,1790341199999999,21322.14009,716,7.436,4766.10054,0
1790341200000000,639.47,641.89,629.69,635.74,268.339,1790344799999999,170492.54116,4640,69.239,43998.6136,0
1790344800000000,636.32,636.94,629.03,633.14,260.49,1790348399999999,165486.93155,1294,44.248,28009.55715,0
1790348400000000,632.53,634.53,625.72,629.04,32.628,1790351999999999,20530.73656,590,19.35,12147.61582,0
1790352000000000,629.49,632.48,627.14,628.38,156.639,1790355599999999,98770.57375,1086,25.622,16148.85287,0
1790355600000000,628.48,631.37,628.48,629.67,33.729,1790359199999999,21242.12826,464,19.152,12058.29175,0
1790359200000000,629.93,631.48,629.22,629.25,11.281,1790362799999999,7111.48786,149,3.316,2089.72371,0
1790362800000000,629.29,632.26,628.3,630.53,34.587,1790366399999999,21800.66243,288,18.807,11850.38144,0
1790366400000000,630.4,630.89,630.1,630.28,7.468,1790369999999999,4708.26679,88,3.782,2384.38411,0
1790370000000000,630.29,631.79,629.81,631.03,56.644,1790373599999999,35747.55262,185,15.001,9462.64973,0
1790373600000000,631.41,631.58,631.32,631.49,3.896,1790377199999999,2460.11638,33,0.572,361.23874,0
1790377200000000,631.54,631.71,630.99,631.12,168.413,1790380799999999,106279.23671,115,1.17,738.82169,0
1790380800000000,630.78,631.94,625.53,627.38,14.867,1790384399999999,9338.66533,277,5.997,3766.62513,0
1790384400000000,627.72,629.13,626.8,629.05,5.622,1790387999999999,3530.37428,90,3.455,2170.44836,0
1790388000000000,629.05,629.8,628.27,629.54,2.747,1790391599999999,1728.09468,54,1.651,1038.70721,0
1790391600000000,629.54,629.54,628.73,628.77,2.767,1790395199999999,1740.36432,38,1.455,915.02075,0
1790395200000000,629.07,631.6,628.69,631.21,14.657,1790398799999999,9231.51332,137,8.911,5615.0778,0
1790398800000000,631.3,631.6,628.98,628.98,9.149,1790402399999999,5772.16147,143,5.839,3686.00217,0
1790402400000000,629.08,629.09,627.53,628.07,4.159,1790405999999999,2611.89967,124,0.74,464.81634,0
1790406000000000,627.79,628.9,627.57,628.46,1.971,1790409599999999,1238.11144,82,0.699,439.14939,0
1790409600000000,628.14,629.53,627.56,628.19,3.124,1790413199999999,1963.29668,78,1.445,907.65788,0
1790413200000000,628.4,629.35,627.8,628.49,6.41,1790416799999999,4029.31693,78,4.103,2579.34823,0
1790416800000000,628.73,629.53,628.73,629.36,1.892,1790420399999999,1190.6962,44,0.081,50.97144,0
1790420400000000,629.42,629.7,629.36,629.42,3.014,1790423999999999,1897.67291,49,0.149,93.81093,0
1790424000000000,629.42,629.72,629.42,629.42,65.38,1790427599999999,41151.55709,204,2.332,1467.88455,0
1790427600000000,629.43,629.48,629.42,629.42,12.855,1790431199999999,8091.30771,104,0.731,460.11407,0
1790431200000000,629.43,630.36,629.42,630.07,24.422,1790434799999999,15373.04267,72,3.721,2343.34656,0
1790434800000000,630.08,630.13,629.6,629.74,3.29,1790438399999999,2072.42982,49,0.191,120.33089,0
1790438400000000,630.1,630.12,629.54,629.56,0.647,1790441999999999,407.48049,32,0.2,125.97577,0
1790442000000000,629.77,629.77,625.4,626.53,84.738,1790445599999999,53285.56517,226,3.784,2375.42346,0
1790445600000000,626.57,628.5,624.04,625.59,71.847,1790449199999999,44980.99575,427,43.918,27506.08759,0
1790449200000000,625.82,627.18,625.71,627.12,5.713,1790452799999999,3580.97891,71,4.487,2813.29932,0
1790452800000000,627.42,628.02,625.03,625.53,24.243,1790456399999999,15195.3568,209,21.679,13587.71468,0
1790456400000000,625.14,626.79,624.72,626.64,4.594,1790459999999999,2875.83909,43,3.446,2157.50188,0
1790460000000000,626.64,627.11,626.47,626.64,1.563,1790463599999999,979.72108,21,1.175,736.50685,0
1790463600000000,627.11,627.38,626.74,627.37,1.976,1790467199999999,1239.53108,19,0.935,586.56346,0
1790467200000000,627.4,628.7,627.38,628.14,11.291,1790470799999999,7091.70302,187,9.111,5722.23831,0
1790470800000000,628.16,629.31,628.04,628.33,3.283,1790474399999999,2063.806,61,0.96,603.3472,0
1790474400000000,628.33,628.67,627.75,628.49,15.381,1790477999999999,9668.59849,103,0.781,490.84349,0
1790478000000000,628.61,628.65,628.02,628.41,2.428,1790481599999999,1525.73048,41,0.176,110.62232,0
1790481600000000,628.66,629.25,627.97,628.69,15.59,1790485199999999,9804.03337,216,12.463,7837.93003,0
1790485200000000,628.74,629.41,628.42,629.02,23.919,1790488799999999,15046.05643,319,16.236,10213.51438,0
1790488800000000,629.09,630.8,629.02,630.26,28.744,1790492399999999,18113.44102,442,23.584,14862.74688,0
1790492400000000,630.26,635.13,630.26,634.4,65.175,1790495999999999,41208.69337,516,25.059,15856.52688,0
1790496000000000,634.52,635.36,633.4,634.69,112.91,1790499599999999,71607.27552,730,94.343,59834.45387,0
1790499600000000,634.69,641.29,633.7,639.31,60.628,1790503199999999,38639.57222,551,28.203,17953.591,0
1790503200000000,639.9,641.18,636.82,636.82,160.557,1790506799999999,102675.58601,2609,104.496,66836.43324,0
1790506800000000,636.82,636.84,635.04,635.05,25.208,1790510399999999,16048.57446,388,2.666,1696.18279,0
1790510400000000,635.24,636.53,634.87,634.87,10.025,1790513999999999,6374.91691,162,3.068,1951.08706,0
1790514000000000,634.86,634.99,632.89,634.27,35.632,1790517599999999,22592.7803,927,16.341,10361.35206,0
1790517600000000,634.28,634.28,632.81,633.61,30.078,1790521199999999,19061.8644,617,15.899,10074.12206,0
1790521200000000,633.45,634.76,632.94,633.48,8.396,1790524799999999,5319.51881,123,4.107,2602.16228,0
1790524800000000,633.45,634.23,633.04,633.69,12.207,1790528399999999,7731.15272,89,9.746,6172.23195,0
1790528400000000,633.29,633.94,633.04,633.79,0.893,1790531999999999,565.64817,24,0.72,456.0588,0
1790532000000000,633.83,634.14,633.5,633.75,1.342,1790535599999999,850.588,25,0.247,156.5603,0
1790535600000000,633.64,634.49,633.28,634.05,2.985,1790539199999999,1893.08137,33,1.344,852.21901,0
1790539200000000,634.36,634.81,633.9,633.9,2.795,1790542799999999,1773.29187,31,2.43,1541.80585,0
1790542800000000,633.8,637.28,633.8,636.03,6.847,1790546399999999,4352.32091,74,4.243,2698.71493,0
1790546400000000,635.78,635.78,629.65,631.11,44.315,1790549999999999,27962.34247,627,20.02,12634.88882,0
1790550000000000,631.52,631.86,629.44,631.86,7.669,1790553599999999,4837.47529,91,5.063,3194.78135,0
1790553600000000,632.2,636.82,627.33,627.5,216.269,1790557199999999,137053.73957,914,123.013,78068.20327,0
1790557200000000,627.57,628.59,622.6,623.0,155.321,1790560799999999,97343.11036,915,35.016,21931.58996,0
1790560800000000,622.67,624.06,613.3,617.1,1699.923,1790564399999999,1048424.63603,3691,305.88,188602.27663,0
1790564400000000,617.31,619.73,615.96,616.37,1753.337,1790567999999999,1083405.11103,4219,111.797,69112.41216,0
1790568000000000,616.37,618.95,616.06,618.19,244.433,1790571599999999,151007.44179,1040,43.62,26954.19738,0
1790571600000000,618.36,619.06,614.89,615.44,296.502,1790575199999999,182726.97142,1177,32.43,19990.55878,0
1790575200000000,615.56,616.11,612.25,615.1,849.384,1790578799999999,520843.55438,1370,437.394,268015.76034,0
1790578800000000,615.09,615.49,613.55,615.4,170.32,1790582399999999,104665.56432,414,84.666,52022.27314,0
1790582400000000,615.0,616.99,613.9,614.85,105.372,1790585999999999,64828.70522,349,46.59,28653.0949,0
1790586000000000,614.75,615.64,611.68,614.36,109.068,1790589599999999,66915.53279,415,64.62,39645.32933,0
1790589600000000,614.45,615.35,612.8,614.92,21.753,1790593199999999,13353.51844,127,9.69,5951.24193,0
1790593200000000,614.92,619.16,614.92,619.16,33.759,1790596799999999,20821.88462,246,25.344,15630.94204,0
1790596800000000,619.44,626.36,618.22,625.15,35.245,1790600399999999,21928.29554,412,22.944,14272.46961,0
1790600400000000,625.04,630.0,608.82,614.77,135.975,1790603999999999,84263.76102,1306,73.142,45206.81055,0
1790604000000000,614.16,614.77,595.9,597.84,132.879,1790607599999999,80605.59956,1668,113.15,68656.02932,0
1790607600000000,597.91,604.29,597.43,604.29,35.852,1790611199999999,21494.17894,572,30.857,18499.34501,0
1790611200000000,604.02,611.18,603.25,606.48,363.345,1790614799999999,221834.73573,620,68.317,41612.04886,0
1790614800000000,606.47,608.61,604.56,604.88,10.897,1790618399999999,6607.38007,180,6.93,4201.67177,0
1790618400000000,604.57,608.22,604.28,607.86,10.83,1790621999999999,6556.01926,150,6.144,3720.51593,0
1790622000000000,607.71,608.8,606.5,607.92,254.21,1790625599999999,154547.64205,2977,228.386,138847.68185,0
1790625600000000,609.0,610.31,605.04,608.78,59.704,1790629199999999,36356.35971,382,32.848,20002.86759,0
1790629200000000,608.81,609.57,608.61,608.61,42.899,1790632799999999,26130.70592,285,41.673,25383.68596,0
1790632800000000,608.61,611.21,608.47,611.1,3.195,1790636399999999,1948.15582,35,2.903,1769.99492,0
1790636400000000,610.54,612.12,610.53,611.01,6.81,1790639999999999,4166.09047,64,5.372,3286.38238,0
1790640000000000,610.74,612.12,607.02,607.02,19.996,1790643599999999,12204.03054,343,10.742,6560.10899,0
1790643600000000,607.02,608.3,603.55,607.65,61.069,1790647199999999,37030.74726,1146,15.024,9112.56303,0
1790647200000000,607.71,608.85,605.53,605.86,5.981,1790650799999999,3630.77011,120,3.883,2357.26425,0
1790650800000000,606.23,607.52,604.0,605.03,27.159,1790654399999999,16435.51883,192,25.126,15203.14317,0
1790654400000000,605.37,606.25,604.46,605.34,14.831,1790657999999999,8974.2826,103,11.772,7124.59979,0
1790658000000000,605.47,606.6,603.39,605.37,25.823,1790661599999999,15621.15542,206,22.438,13572.91401,0
1790661600000000,605.37,609.71,605.01,609.38,32.039,1790665199999999,19450.58868,326,28.018,17010.26467,0
1790665200000000,609.38,612.45,609.05,611.22,31.703,1790668799999999,19359.28956,326,27.317,16681.78353,0
1790668800000000,611.45,614.87,611.08,612.87,23.055,1790672399999999,14119.31976,476,12.295,7531.48095,0
1790672400000000,612.58,612.68,609.76,611.05,12.047,1790675999999999,7361.5391,261,5.197,3174.96613,0
1790676000000000,611.48,615.0,611.48,614.79,10.67,1790679599999999,6544.1699,277,7.641,4685.58234,0
1790679600000000,614.99,618.36,614.58,617.13,34.915,1790683199999999,21525.29989,508,12.933,7963.75739,0
1790683200000000,617.13,617.53,613.27,613.61,14.523,1790686799999999,8943.9323,343,3.031,1866.77619,0
1790686800000000,613.53,623.98,608.12,621.55,252.529,1790690399999999,156005.98353,1653,209.545,129546.34231,0
1790690400000000,621.8,621.8,614.12,617.73,112.458,1790693999999999,69367.81978,1479,36.508,22541.40754,0
1790694000000000,618.06,618.06,612.66,613.8,127.211,1790697599999999,78343.35049,796,90.014,55450.05523,0
1790697600000000,613.62,613.84,610.19,611.23,22.145,1790701199999999,13545.82651,310,16.244,9934.39484,0
1790701200000000,611.15,613.17,608.86,608.9,31.775,1790704799999999,19433.50187,325,10.444,6386.9962,0
1790704800000000,609.29,612.53,609.29,610.32,15.635,1790708399999999,9536.52655,209,14.177,8646.01446,0
1790708400000000,610.35,610.4,605.77,607.7,26.191,1790711999999999,15909.73335,317,5.23,3178.08576,0
1790712000000000,607.81,609.17,607.61,609.0,18.935,1790715599999999,11529.8374,251,2.321,1412.45044,0
1790715600000000,609.01,609.33,609.0,609.0,37.235,1790719199999999,22677.86411,223,17.041,10379.6438,0
1790719200000000,609.0,609.02,608.14,608.14,77.435,1790722799999999,47154.0953,663,22.937,13968.85857,0
1790722800000000,608.47,609.57,608.47,609.28,4.121,1790726399999999,2509.73126,43,3.538,2154.57839,0
1790726400000000,609.42,611.62,608.48,609.41,17.945,1790729999999999,10946.748,295,9.359,5711.94617,0
1790730000000000,609.13,610.29,607.76,608.03,35.959,1790733599999999,21876.98643,207,32.754,19925.79153,0
1790733600000000,608.52,608.87,605.02,607.04,30.136,1790737199999999,18272.15414,216,23.225,14078.99479,0
1790737200000000,607.06,609.07,606.99,608.38,14.541,1790740799999999,8836.70268,244,9.762,5932.83475,0
1790740800000000,608.38,610.12,608.1,608.8,12.505,1790744399999999,7617.08825,175,9.447,5754.47371,0
1790744400000000,609.16,609.62,606.35,607.38,59.105,1790747999999999,35984.94699,295,48.297,29418.36348,0
1790748000000000,607.15,607.52,604.95,607.23,12.323,1790751599999999,7473.10162,196,7.634,4629.23938,0
1790751600000000,606.61,610.34,606.46,610.02,53.681,1790755199999999,32663.92525,255,48.873,29735.46043,0
1790755200000000,609.95,610.84,608.21,608.21,32.332,1790758799999999,19706.30548,412,11.481,6997.9265,0
1790758800000000,608.15,609.39,607.57,607.89,19.586,1790762399999999,11917.70868,267,8.635,5254.86459,0
1790762400000000,607.88,607.99,605.5,607.15,22.995,1790765999999999,13961.59124,310,12.07,7328.79463,0
1790766000000000,606.92,606.92,602.69,604.04,23.392,1790769599999999,14131.24948,347,8.688,5249.67608,0
1790769600000000,603.8,610.56,600.85,610.39,87.624,1790773199999999,53037.05815,468,63.171,38298.45206,0
1790773200000000,610.74,614.86,602.96,605.05,75.572,1790776799999999,46115.67728,1241,43.875,26761.47336,0
1790776800000000,605.51,605.74,602.41,603.33,24.926,1790780399999999,15047.15022,509,10.329,6237.86449,0
1790780400000000,603.63,604.21,600.82,603.08,242.47,1790783999999999,146065.97818,810,175.192,105471.52753,0
1790784000000000,603.07,606.42,601.09,606.21,7.538,1790787599999999,4547.25726,209,2.048,1237.33821,0
1790787600000000,606.38,607.83,604.25,607.82,200.818,1790791199999999,121518.73068,611,159.52,96525.64949,0
1790791200000000,607.82,610.69,606.89,610.03,14.011,1790794799999999,8525.10419,358,9.142,5562.01532,0
1790794800000000,610.01,614.22,610.01,612.36,30.766,1790798399999999,18855.66247,409,7.847,4809.6308,0
1790798400000000,612.13,613.25,609.89,611.13,16.098,1790801999999999,9845.66115,606,10.551,6453.66825,0
1790802000000000,611.22,611.68,608.96,610.63,15.56,1790805599999999,9494.25784,385,4.161,2539.70053,0
1790805600000000,610.6,612.98,610.6,612.66,4.338,1790809199999999,2655.63664,156,1.139,696.90711,0
1790809200000000,612.67,614.17,612.31,613.81,7.962,1790812799999999,4877.6491,147,2.239,1372.48777,0
1790812800000000,613.91,613.95,609.11,612.78,42.822,1790816399999999,26206.61256,495,8.799,5382.61714,0
1790816400000000,613.13,614.87,612.93,614.14,31.084,1790819999999999,19088.12678,280,25.579,15710.42798,0
1790820000000000,614.38,616.99,614.38,616.43,59.758,1790823599999999,36753.35763,241,58.355,35889.51662,0
1790823600000000,617.02,622.53,617.02,622.35,66.019,1790827199999999,40898.96358,703,18.564,11508.29847,0
1790827200000000,622.75,623.48,621.11,623.41,85.75,1790830799999999,53361.1252,266,2.115,1316.73001,0
1790830800000000,623.46,628.03,623.38,628.03,52.206,1790834399999999,32637.74321,525,19.51,12202.71565,0
1790834400000000,628.48,631.14,625.79,626.1,70.482,1790837999999999,44298.67486,690,21.727,13647.0908,0
1790838000000000,626.1,628.3,620.38,621.3,161.055,1790841599999999,100516.4336,795,14.149,8819.82528,0
1790841600000000,621.27,622.95,616.58,619.56,14.225,1790845199999999,8818.82272,514,6.537,4053.25365,0
1790845200000000,619.51,621.53,618.66,619.13,6.047,1790848799999999,3752.1757,171,4.662,2893.13609,0
1790848800000000,619.01,620.61,616.08,620.22,13.801,1790852399999999,8524.26759,385,9.29,5737.2916,0
1790852400000000,620.19,620.19,614.26,614.91,14.257,1790855999999999,8777.12109,317,10.28,6324.94298,0
1790856000000000,614.53,615.3,612.42,612.43,10.217,1790859599999999,6270.68649,362,7.089,4350.43302,0
1790859600000000,612.56,618.81,604.64,608.8,146.26,1790863199999999,89535.69406,1852,114.026,69824.28801,0
1790863200000000,608.75,611.56,602.0,609.03,34.457,1790866799999999,20891.4745,1033,13.144,7994.66898,0
1790866800000000,609.08,613.88,606.05,612.24,10.992,1790870399999999,6710.07586,372,4.237,2585.4769,0
1790870400000000,612.76,613.01,609.94,609.99,226.238,1790873999999999,138560.71019,680,66.76,40885.63372,0
1790874000000000,610.52,619.19,610.52,616.78,34.377,1790877599999999,21150.6878,704,27.818,17114.21429,0
1790877600000000,616.8,618.66,611.92,618.53,9.876,1790881199999999,6089.37876,440,7.202,4442.99595,0
1790881200000000,618.7,619.1,614.8,616.03,66.109,1790884799999999,40832.93878,498,36.638,22626.01913,0
1790884800000000,616.24,617.25,615.77,616.29,41.631,1790888399999999,25666.45564,309,39.953,24632.12036,0
1790888400000000,616.3,616.72,615.19,615.41,5.716,1790891999999999,3520.13492,103,5.086,3132.20972,0
1790892000000000,615.51,616.72,615.51,616.72,0.84,1790895599999999,517.57467,44,0.539,332.09503,0
1790895600000000,616.8,617.98,616.79,617.34,10.53,1790899199999999,6498.84736,103,10.289,6350.06226,0
1790899200000000,617.3,623.53,616.83,620.18,18.785,1790902799999999,11647.55329,502,12.791,7938.0384,0
1790902800000000,620.07,620.24,617.97,619.61,9.258,1790906399999999,5729.78444,268,2.193,1357.90401,0
1790906400000000,619.83,620.88,619.06,620.61,1.109,1790909999999999,687.45827,79,0.508,314.98369,0
1790910000000000,621.03,621.32,619.03,619.11,4.071,1790913599999999,2526.60359,67,2.263,1404.81185,0
1790913600000000,619.95,621.02,619.95,620.74,24.377,1790917199999999,15123.83445,139,19.838,12307.39427,0
1790917200000000,621.0,621.82,619.14,619.36,5.414,1790920799999999,3363.03473,137,4.557,2831.30676,0
1790920800000000,619.61,620.53,618.11,618.87,8.603,1790924399999999,5328.24692,171,0.773,478.75001,0
1790924400000000,619.29,623.97,619.05,623.47,16.079,1790927999999999,10018.49948,144,14.571,9081.25533,0
1790928000000000,623.48,625.83,623.04,624.68,18.964,1790931599999999,11849.89746,336,10.802,6748.37932,0
1790931600000000,624.53,625.78,623.35,625.13,5.33,1790935199999999,3329.10152,183,3.232,2018.64074,0
1790935200000000,625.31,625.31,622.53,624.11,17.349,1790938799999999,10826.63974,174,12.562,7839.67841,0
1790938800000000,624.17,627.05,623.93,627.03,14.486,1790942399999999,9062.84833,357,5.92,3702.4117,0
1790942400000000,626.99,634.52,626.7,634.23,76.605,1790945999999999,48326.88988,1082,52.878,33382.05003,0
1790946000000000,634.19,642.22,631.32,639.5,116.228,1790949599999999,73933.43243,1902,39.79,25349.03498,0
1790949600000000,640.01,645.37,635.69,638.92,243.784,1790953199999999,155614.23322,1234,152.286,97214.20006,0
1790953200000000,639.31,640.52,632.37,634.71,457.413,1790956799999999,290896.83226,1287,18.412,11712.53084,0
1790956800000000,634.42,635.01,629.57,630.61,109.792,1790960399999999,69315.13305,456,25.726,16239.3745,0
1790960400000000,630.62,632.26,629.03,632.03,45.656,1790963999999999,28769.81468,284,40.307,25395.77673,0
1790964000000000,631.65,633.29,630.42,633.0,18.018,1790967599999999,11382.60733,301,15.175,9585.75829,0
1790967600000000,633.0,635.82,632.08,633.58,31.668,1790971199999999,20089.05594,340,24.101,15286.77722,0
1790971200000000,633.72,634.24,632.96,633.0,1.138,1790974799999999,721.14177,63,0.439,278.24331,0
1790974800000000,633.26,633.26,632.79,632.94,0.423,1790978399999999,267.72242,22,0.188,118.97319,0
1790978400000000,633.01,633.01,632.6,632.71,0.675,1790981999999999,427.14723,27,0.064,40.49862,0
1790982000000000,632.97,633.52,632.97,633.42,2.2,1790985599999999,1393.51864,35,0.577,365.4345,0
1790985600000000,633.25,634.47,633.24,634.47,2.236,1790989199999999,1417.49454,78,1.794,1137.30127,0
1790989200000000,634.53,635.53,634.53,635.53,1.52,1790992799999999,965.62454,20,1.489,945.93503,0
1790992800000000,635.53,635.92,635.14,635.15,17.239,1790996399999999,10954.38705,291,0.113,71.80736,0
1790996400000000,635.05,635.05,634.03,634.2,0.237,1790999999999999,150.3958,13,0.13,82.50343,0
1791000000000000,634.04,634.04,633.61,633.69,2.193,1791003599999999,1390.08837,41,1.87,1185.31409,0
1791003600000000,633.79,633.8,633.22,633.22,0.392,1791007199999999,248.33982,19,0.241,152.68978,0
1791007200000000,633.05,633.34,632.63,632.8,2.162,1791010799999999,1368.36315,71,1.09,689.88948,0
1791010800000000,633.13,633.49,633.13,633.4,0.377,1791014399999999,238.7685,16,0.377,238.7685,0
1791014400000000,633.4,633.4,632.67,632.67,0.33,1791017999999999,208.95732,10,0.033,20.9022,0
1791018000000000,632.83,634.08,632.54,632.68,8.236,1791021599999999,5215.68741,36,8.144,5157.46914,0
1791021600000000,632.68,633.07,632.58,633.07,0.242,1791025199999999,153.16379,12,0.186,117.73225,0
1791025200000000,632.78,632.78,632.17,632.17,0.579,1791028799999999,366.17315,15,0.461,291.5408,0
1791028800000000,632.26,632.62,632.0,632.13,2.19,1791032399999999,1384.45363,64,0.443,280.08088,0
1791032400000000,632.24,632.6,632.14,632.29,4.849,1791035999999999,3066.53185,92,2.064,1305.25275,0
1791036000000000,632.3,632.3,631.75,631.86,4.114,1791039599999999,2599.936,53,0.286,180.73698,0
1791039600000000,631.53,631.84,631.23,631.48,1.16,1791043199999999,732.58923,31,0.812,512.81622,0
1791043200000000,631.71,632.16,631.71,632.16,0.758,1791046799999999,479.1172,24,0.563,355.8764,0
1791046800000000,632.44,634.75,632.44,634.75,14.198,1791050399999999,8998.41842,65,9.73,6169.16249,0
1791050400000000,633.62,633.74,633.11,633.11,0.234,1791053999999999,148.24142,13,0.045,28.51385,0
1791054000000000,633.22,633.43,633.05,633.28,0.752,1791057599999999,476.25893,25,0.682,431.94443,0
1791057600000000,633.77,634.61,633.77,634.32,1.415,1791061199999999,897.33555,36,0.774,490.73619,0
1791061200000000,634.05,634.05,634.03,634.05,0.058,1791064799999999,36.7746,5,0.031,19.65555,0
1791064800000000,634.05,634.5,634.04,634.04,1.732,1791068399999999,1098.56084,82,0.895,567.80316,0
1791068400000000,634.04,634.05,633.55,633.74,4.935,1791071999999999,3128.05515,120,2.322,1471.92168,0
