open_time,open,high,low,close,volume,close_time,quote_volume,trades,taker_buy_base,taker_buy_quote,ignore
1783429200000000,366.46,374.13,366.46,372.0,266.794,1783432799999999,98818.55625,628,185.796,68921.96425,0
1783432800000000,371.01,373.76,368.0,368.11,556.871,1783436399999999,206757.46114,574,427.813,158883.06778,0
1783436400000000,368.12,370.73,368.0,370.18,15.678,1783439999999999,5779.17179,108,4.303,1586.01072,0
1783440000000000,369.94,370.84,368.02,370.84,11.843,1783443599999999,4374.74963,109,5.742,2122.9034,0
1783443600000000,370.8,370.8,369.44,370.41,1.878,1783447199999999,694.1551,24,0.309,114.44246,0
1783447200000000,369.92,370.81,368.46,368.74,3.631,1783450799999999,1342.10171,68,1.624,600.47373,0
1783450800000000,369.97,369.97,366.0,367.93,31.132,1783454399999999,11436.63613,168,26.138,9600.9723,0
1783454400000000,367.67,367.68,366.41,367.43,14.647,1783457999999999,5383.80748,27,6.972,2562.12483,0
1783458000000000,366.41,367.6,366.0,366.0,2.016,1783461599999999,739.1879,19,0.836,307.11871,0
1783461600000000,366.0,367.87,366.0,367.07,2.593,1783465199999999,950.80023,27,1.02,374.68709,0
1783465200000000,366.06,367.94,366.06,366.47,3.689,1783468799999999,1353.7585,32,1.47,540.29985,0
1783468800000000,367.76,368.48,366.34,367.5,13.077,1783472399999999,4800.7648,33,2.497,918.21924,0
1783472400000000,367.5,367.92,366.68,367.88,4.779,1783475999999999,1756.4569,35,2.731,1004.51242,0
1783476000000000,367.09,368.45,366.67,368.45,4.104,1783479599999999,1507.64669,74,2.505,920.54718,0
1783479600000000,368.45,368.45,367.3,368.27,0.4,1783483199999999,147.03256,6,0.08,29.4616,0
1783483200000000,367.99,368.01,366.96,367.78,7.243,1783486799999999,2661.4132,39,5.056,1858.72371,0
1783486800000000,367.78,368.21,367.09,367.2,2.477,1783490399999999,910.63265,15,1.441,530.30042,0
1783490400000000,367.08,368.2,366.91,367.42,6.178,1783493999999999,2268.65271,30,5.773,2120.00859,0
1783494000000000,368.2,369.3,367.3,368.94,5.019,1783497599999999,1850.45889,51,3.357,1237.34724,0
1783497600000000,368.95,369.06,362.91,362.92,34.753,1783501199999999,12761.80332,94,2.077,759.3229,0
1783501200000000,362.91,363.17,361.54,363.17,19.74,1783504799999999,7159.0985,51,11.517,4176.05684,0
1783504800000000,362.85,363.41,361.6,363.41,21.384,1783508399999999,7756.24193,40,11.582,4207.48592,0
1783508400000000,362.29,363.6,362.29,363.1,4.071,1783511999999999,1477.02122,24,3.06,1110.59179,0
1783512000000000,363.08,364.54,363.07,364.25,19.509,1783515599999999,7106.9131,33,15.552,5667.11054,0
1783515600000000,364.08,367.44,363.15,363.15,27.391,1783519199999999,9998.33846,100,12.02,4390.46593,0
1783519200000000,363.02,363.59,361.61,362.83,6.96,1783522799999999,2521.8868,48,1.448,525.26277,0
1783522800000000,362.65,362.65,361.09,361.09,3.065,1783526399999999,1108.10322,25,0.436,157.80093,0
1783526400000000,361.19,362.63,361.04,362.35,6.44,1783529999999999,2331.73997,61,4.503,1630.31312,0
1783530000000000,361.54,362.91,359.43,360.83,18.855,1783533599999999,6791.02499,50,1.386,500.41547,0
1783533600000000,359.74,360.19,358.15,359.64,28.23,1783537199999999,10136.8816,60,18.806,6759.0234,0
1783537200000000,359.81,362.91,359.22,362.91,6.192,1783540799999999,2236.76084,55,5.308,1919.00611,0
1783540800000000,362.23,362.68,361.34,361.34,1.145,1783544399999999,414.42147,26,0.303,109.70028,0
1783544400000000,361.86,362.2,361.3,361.45,1.224,1783547999999999,442.51204,11,0.301,108.94321,0
1783548000000000,362.21,362.76,361.55,361.66,12.805,1783551599999999,4640.3241,45,10.76,3900.50397,0
1783551600000000,361.7,363.12,361.53,363.12,5.955,1783555199999999,2156.85488,96,3.332,1208.10344,0
1783555200000000,362.62,363.07,361.17,362.85,19.65,1783558799999999,7112.90686,121,17.053,6172.67452,0
1783558800000000,362.9,362.98,362.27,362.49,23.271,1783562399999999,8439.53983,189,16.029,5814.50936,0
1783562400000000,362.49,362.79,362.0,362.17,23.257,1783565999999999,8430.89978,144,16.375,5937.0423,0
1783566000000000,361.92,362.96,361.85,362.69,12.109,1783569599999999,4388.85837,113,10.182,3690.35164,0
1783569600000000,362.58,363.01,362.24,362.96,11.702,1783573199999999,4243.51118,85,8.492,3079.87271,0
1783573200000000,362.93,363.34,362.59,363.34,23.068,1783576799999999,8372.52115,107,19.633,7126.35749,0
1783576800000000,363.29,363.38,362.69,363.03,19.623,1783580399999999,7123.64368,125,13.685,4967.94852,0
1783580400000000,363.19,363.92,362.91,362.91,32.726,1783583999999999,11882.90374,200,19.907,7229.34229,0
1783584000000000,362.22,363.37,360.7,360.9,17.128,1783587599999999,6193.60643,155,7.928,2867.17022,0
1783587600000000,361.49,361.5,360.89,360.9,16.095,1783591199999999,5811.02796,67,1.058,382.40038,0
1783591200000000,360.9,361.09,360.15,360.52,8.174,1783594799999999,2947.7033,45,0.728,262.48742,0
1783594800000000,360.5,361.54,358.53,359.45,21.19,1783598399999999,7627.33836,102,9.235,3325.89573,0
1783598400000000,359.22,359.26,357.0,357.48,88.297,1783601999999999,31627.11546,172,6.654,2384.40862,0
1783602000000000,357.43,359.47,354.74,356.75,209.636,1783605599999999,74742.70042,583,87.962,31326.26063,0
1783605600000000,357.24,357.78,351.17,354.03,98.013,1783609199999999,34640.1084,318,44.47,15733.21416,0
1783609200000000,353.64,355.19,353.0,353.0,36.752,1783612799999999,13009.76595,83,23.668,8386.9333,0
1783612800000000,353.89,356.05,353.89,355.96,52.207,1783616399999999,18524.5558,128,14.768,5242.80818,0
1783616400000000,355.96,356.8,355.95,356.24,33.796,1783619999999999,12040.54129,116,27.153,9674.34418,0
1783620000000000,356.07,358.0,356.07,357.57,3.232,1783623599999999,1154.57972,46,1.978,706.80082,0
1783623600000000,358.0,359.47,357.81,359.47,10.554,1783627199999999,3786.7438,65,7.301,2619.04505,0
1783627200000000,358.85,359.32,358.62,358.62,2.397,1783630799999999,860.37391,29,1.164,417.88323,0
1783630800000000,358.89,359.26,358.38,359.16,12.871,1783634399999999,4620.42011,43,12.087,4339.23226,0
1783634400000000,359.02,359.02,357.48,357.51,6.191,1783637999999999,2216.22198,57,2.32,831.23829,0
1783638000000000,358.61,358.61,357.76,358.1,2.788,1783641599999999,998.66167,31,1.494,535.37792,0
1783641600000000,358.1,358.56,356.65,356.96,22.763,1783645199999999,8134.17872,88,7.75,2773.13019,0
1783645200000000,357.69,358.37,356.97,358.37,18.44,1783648799999999,6598.72884,46,14.461,5177.67488,0
1783648800000000,358.33,359.14,358.33,359.14,46.43,1783652399999999,16644.24259,112,24.735,8865.17219,0
1783652400000000,359.14,359.3,358.13,358.33,118.738,1783655999999999,42651.46921,121,48.322,17357.18704,0
1783656000000000,358.87,358.88,357.91,358.02,39.352,1783659599999999,14089.88521,79,35.714,12786.57796,0
1783659600000000,357.82,358.37,357.64,357.87,7.558,1783663199999999,2705.58355,48,7.509,2688.05268,0
1783663200000000,357.88,358.09,357.02,358.09,6.298,1783666799999999,2252.13179,46,2.833,1012.3847,0
1783666800000000,357.45,358.1,357.05,357.05,16.268,1783670399999999,5817.09814,152,16.116,5762.7725,0
1783670400000000,357.69,358.41,357.57,358.41,1.553,1783673999999999,555.83623,12,1.159,414.91981,0
1783674000000000,358.78,359.42,358.16,359.24,15.69,1783677599999999,5629.4662,23,7.898,2837.5204,0
1783677600000000,359.4,361.26,359.24,359.47,19.069,1783681199999999,6865.08537,90,14.019,5047.72261,0
1783681200000000,359.49,359.83,357.71,357.85,7.809,1783684799999999,2802.71438,47,4.452,1600.06618,0
1783684800000000,357.86,358.41,356.27,358.08,20.922,1783688399999999,7478.891,146,6.88,2460.24677,0
1783688400000000,357.4,358.48,355.47,357.37,44.656,1783691999999999,15954.07864,306,12.541,4479.08877,0
1783692000000000,356.87,356.87,354.0,354.04,30.207,1783695599999999,10729.85089,309,16.082,5716.92206,0
1783695600000000,354.01,355.62,353.36,354.83,9.946,1783699199999999,3525.95903,141,5.852,2076.32345,0
1783699200000000,355.35,356.72,354.71,356.12,9.488,1783702799999999,3371.1422,101,7.276,2585.43888,0
1783702800000000,355.91,356.72,354.51,355.51,20.581,1783706399999999,7316.4534,142,18.056,6419.15702,0
1783706400000000,355.49,356.72,355.32,356.18,34.645,1783709999999999,12343.61638,274,3.868,1378.03465,0
1783710000000000,356.26,358.0,356.12,357.61,23.745,1783713599999999,8482.08022,226,19.777,7064.72374,0
1783713600000000,357.91,358.0,357.3,357.8,5.165,1783717199999999,1847.35419,131,2.093,748.91126,0
1783717200000000,357.85,357.97,357.56,357.87,5.491,1783720799999999,1964.34691,104,2.382,852.45846,0
1783720800000000,357.97,357.99,357.32,357.93,3.991,1783724399999999,1427.19263,77,2.27,812.1601,0
1783724400000000,357.99,358.0,357.5,358.0,10.147,1783727999999999,3631.51272,75,9.312,3332.98632,0
1783728000000000,357.78,358.36,357.47,357.56,3.919,1783731599999999,1402.3719,94,1.758,629.24407,0
1783731600000000,357.8,358.04,357.45,357.57,0.67,1783735199999999,239.71101,11,0.359,128.51676,0
1783735200000000,358.08,358.08,357.45,357.45,1.673,1783738799999999,598.66593,12,1.006,360.18739,0
1783738800000000,358.05,358.13,357.83,358.12,0.559,1783742399999999,200.05412,6,0.559,200.05412,0
1783742400000000,358.09,359.2,357.61,358.18,25.747,1783745999999999,9239.24047,130,20.656,7413.6549,0
1783746000000000,358.5,359.19,358.1,358.43,15.349,1783749599999999,5505.94467,162,5.441,1952.3363,0
1783749600000000,358.88,358.97,357.92,358.81,8.117,1783753199999999,2911.21612,109,3.351,1202.22166,0
1783753200000000,358.81,358.88,358.1,358.39,6.633,1783756799999999,2379.75926,26,1.329,476.89683,0
1783756800000000,358.29,358.89,357.65,357.7,6.765,1783760399999999,2423.50925,49,1.528,547.83775,0
1783760400000000,357.76,358.8,357.76,357.89,20.499,1783763999999999,7343.35499,94,6.188,2217.71429,0
1783764000000000,357.97,358.15,357.71,357.92,10.766,1783767599999999,3853.32242,72,7.345,2628.87849,0
1783767600000000,357.86,357.86,357.71,357.72,2.119,1783771199999999,758.08569,23,1.794,641.82994,0
1783771200000000,357.97,358.46,357.8,357.84,10.566,1783774799999999,3783.66147,138,5.752,2059.77988,0
1783774800000000,357.72,357.78,357.02,357.25,21.663,1783778399999999,7740.77314,99,4.913,1756.36771,0
1783778400000000,357.21,357.76,356.79,357.48,7.032,1783781999999999,2510.14979,161,6.364,2271.62308,0
1783782000000000,357.68,357.98,357.16,357.39,2.689,1783785599999999,961.36297,30,1.689,604.01876,0
1783785600000000,357.73,357.86,357.73,357.86,15.862,1783789199999999,5675.27533,17,15.846,5669.55165,0
1783789200000000,357.73,358.33,357.65,358.06,3.109,1783792799999999,1113.40948,18,2.593,928.75523,0
1783792800000000,358.67,358.8,358.24,358.24,4.361,1783796399999999,1563.76418,41,2.316,830.60666,0
1783796400000000,358.4,358.75,357.97,358.75,10.019,1783799999999999,3588.04865,64,1.122,402.43672,0
1783800000000000,358.31,358.58,358.23,358.58,0.445,1783803599999999,159.47329,7,0.028,10.03884,0
1783803600000000,358.58,359.2,358.48,359.12,11.882,1783807199999999,4263.90458,212,8.235,2955.15246,0
1783807200000000,358.58,360.01,358.58,360.01,12.424,1783810799999999,4463.63163,208,10.381,3729.0791,0
1783810800000000,360.01,360.02,358.99,359.61,4.689,1783814399999999,1687.15208,114,0.545,195.82602,0
1783814400000000,359.64,359.95,359.21,359.62,2.273,1783817999999999,817.47114,69,1.878,675.57739,0
1783818000000000,359.59,359.75,359.04,359.6,1.131,1783821599999999,406.69167,42,1.03,370.41981,0
1783821600000000,359.56,359.59,358.78,358.91,4.191,1783825199999999,1506.00619,103,0.368,132.30878,0
1783825200000000,359.55,359.64,358.79,359.64,1.203,1783828799999999,432.45228,10,1.188,427.07043,0
1783828800000000,358.82,359.52,358.76,358.93,1.038,1783832399999999,372.67667,16,0.338,121.48762,0
1783832400000000,359.44,359.44,358.82,359.41,5.395,1783835999999999,1938.98197,57,1.931,694.01775,0
1783836000000000,359.45,359.46,358.72,358.76,0.439,1783839599999999,157.74067,10,0.359,129.04163,0
1783839600000000,359.26,359.47,358.7,358.97,2.441,1783843199999999,876.81428,26,1.508,541.91856,0
1783843200000000,359.27,359.54,358.91,359.12,6.772,1783846799999999,2433.26448,58,5.588,2008.16127,0
1783846800000000,359.15,359.41,358.11,358.51,9.341,1783850399999999,3349.35115,178,6.278,2250.77126,0
1783850400000000,358.96,358.97,358.15,358.16,2.954,1783853999999999,1059.26042,59,0.677,242.91479,0
1783854000000000,358.91,359.12,358.19,358.19,0.528,1783857599999999,189.37955,13,0.323,115.93997,0
1783857600000000,358.99,359.44,358.35,358.49,2.871,1783861199999999,1030.72497,53,1.554,558.34151,0
1783861200000000,359.37,359.44,358.1,358.1,49.838,1783864799999999,17908.73116,120,1.587,570.27871,0
1783864800000000,358.11,359.41,358.1,359.41,15.856,1783868399999999,5691.50226,97,11.567,4154.92676,0
1783868400000000,358.8,359.13,358.1,358.96,5.271,1783871999999999,1889.54698,135,2.299,824.39647,0
1783872000000000,359.0,359.04,358.42,358.48,1.551,1783875599999999,556.4615,42,0.912,327.38973,0
1783875600000000,358.99,359.01,358.46,358.52,0.893,1783879199999999,320.39721,16,0.516,185.21628,0
1783879200000000,358.97,359.0,358.31,358.38,1.408,1783882799999999,505.15688,43,1.19,426.98624,0
1783882800000000,358.97,359.02,358.48,359.02,0.846,1783886399999999,303.635,18,0.551,197.81249,0
1783886400000000,359.02,359.02,358.88,358.92,1.971,1783889999999999,707.52392,31,1.002,359.72694,0
1783890000000000,358.92,359.01,358.1,358.4,11.788,1783893599999999,4229.72411,54,0.309,110.92293,0
1783893600000000,358.67,358.67,356.06,357.02,2.107,1783897199999999,752.04823,64,0.463,165.18992,0
1783897200000000,357.17,357.37,356.11,356.41,1.619,1783900799999999,577.25466,32,1.035,369.05286,0
1783900800000000,356.37,357.42,356.08,356.44,9.186,1783904399999999,3274.54776,133,2.528,901.95189,0
1783904400000000,356.44,356.57,356.0,356.09,4.182,1783907999999999,1489.37134,88,2.24,797.93325,0
1783908000000000,356.01,356.68,355.72,355.99,7.883,1783911599999999,2806.65435,82,2.646,942.24525,0
1783911600000000,355.99,356.44,355.05,355.96,11.691,1783915199999999,4161.37175,207,7.336,2610.82108,0
1783915200000000,356.39,356.39,355.39,355.64,10.114,1783918799999999,3596.97287,214,6.66,2368.3531,0
1783918800000000,355.4,356.06,355.01,356.0,4.136,1783922399999999,1470.23609,133,1.541,547.8313,0
1783922400000000,355.9,356.74,355.46,356.1,9.489,1783925999999999,3378.25571,185,5.989,2133.25831,0
1783926000000000,356.52,357.19,356.26,356.7,8.985,1783929599999999,3203.87242,151,6.493,2315.25666,0
1783929600000000,356.79,358.58,356.79,357.6,8.461,1783933199999999,3026.10991,184,3.649,1304.22117,0
1783933200000000,357.61,358.48,356.82,358.06,21.363,1783936799999999,7631.92472,261,8.204,2932.8603,0
1783936800000000,358.17,358.46,357.53,357.81,7.631,1783940399999999,2733.11457,155,2.741,981.7891,0
1783940400000000,357.42,357.55,356.06,356.84,6.376,1783943999999999,2274.98866,63,3.159,1127.13752,0
1783944000000000,356.29,356.6,355.58,356.49,6.863,1783947599999999,2443.27879,137,4.794,1706.39777,0
1783947600000000,356.51,358.5,355.4,357.2,50.204,1783951199999999,17886.31021,729,34.173,12172.01859,0
1783951200000000,357.23,357.23,355.0,356.16,11.911,1783954799999999,4237.76609,253,5.487,1952.59421,0
1783954800000000,356.37,356.78,355.43,356.09,9.087,1783958399999999,3236.33585,183,4.698,1673.19116,0
1783958400000000,356.2,357.28,355.69,356.5,13.83,1783961999999999,4930.92468,298,8.318,2965.87628,0
1783962000000000,356.45,357.42,355.41,355.99,7.137,1783965599999999,2544.78847,162,4.131,1473.79392,0
1783965600000000,355.96,357.01,355.57,355.57,8.779,1783969199999999,3126.98537,201,4.616,1644.12374,0
1783969200000000,355.46,356.23,352.75,353.41,4.156,1783972799999999,1471.08325,120,1.438,508.69229,0
1783972800000000,353.09,353.19,352.34,352.84,4.365,1783976399999999,1540.33455,32,1.722,608.04368,0
1783976400000000,353.32,353.32,352.45,353.12,1.026,1783979999999999,362.25243,14,0.714,252.18668,0
1783980000000000,353.0,354.03,353.0,353.32,4.324,1783983599999999,1528.86441,89,2.582,913.04331,0
1783983600000000,352.72,353.78,352.72,352.87,0.631,1783987199999999,222.7389,9,0.102,36.05652,0
1783987200000000,353.54,354.0,353.27,353.77,3.405,1783990799999999,1203.80663,56,1.996,705.56189,0
1783990800000000,353.8,353.87,353.32,353.42,0.756,1783994399999999,267.28706,15,0.246,87.04516,0
1783994400000000,353.0,353.9,352.69,352.69,1.18,1783997999999999,416.47319,25,0.294,103.85526,0
1783998000000000,352.68,352.81,351.46,352.28,9.538,1784001599999999,3359.90926,171,5.245,1847.78044,0
1784001600000000,352.55,353.31,352.55,353.27,3.3,1784005199999999,1164.40212,59,2.811,991.86483,0
1784005200000000,353.29,354.47,352.55,353.58,329.014,1784008799999999,116127.46455,1166,306.476,108172.74683,0
1784008800000000,352.97,354.0,352.97,354.0,1.972,1784012399999999,696.74894,38,0.65,229.81145,0
1784012400000000,353.05,353.5,352.01,352.43,23.818,1784015999999999,8403.43727,280,6.162,2173.13759,0
1784016000000000,352.01,352.1,351.01,351.81,5.689,1784019599999999,2000.73269,112,1.849,650.63666,0
1784019600000000,351.34,351.34,351.1,351.1,0.298,1784023199999999,104.63164,3,0.0,0.0,0
1784023200000000,351.09,351.9,351.09,351.78,1.867,1784026799999999,656.53355,25,1.286,452.34312,0
1784026800000000,351.48,352.07,351.06,351.07,8.778,1784030399999999,3086.38302,148,4.225,1485.93826,0
1784030400000000,351.44,354.09,350.08,351.62,27.294,1784033999999999,9599.57891,304,14.686,5170.53707,0
1784034000000000,351.69,355.52,350.26,354.59,247.504,1784037599999999,87437.31921,533,234.543,82869.85561,0
1784037600000000,354.61,358.0,353.48,357.1,26.606,1784041199999999,9460.51579,428,19.301,6861.37556,0
1784041200000000,357.91,359.02,355.51,357.04,490.828,1784044799999999,175359.16278,671,235.047,84053.94606,0
1784044800000000,356.8,356.8,355.47,356.7,8.129,1784048399999999,2895.46605,165,3.494,1243.7392,0
1784048400000000,356.73,359.8,356.73,358.46,65.34,1784051999999999,23427.2953,204,63.947,22928.56969,0
1784052000000000,358.56,359.9,355.59,358.77,164.565,1784055599999999,58889.18837,193,59.629,21440.34885,0
1784055600000000,358.77,360.31,358.77,360.31,6.55,1784059199999999,2354.53003,68,4.93,1771.88767,0
1784059200000000,360.11,360.11,358.78,359.47,3.358,1784062799999999,1206.97824,42,0.561,201.37822,0
1784062800000000,359.54,359.87,359.54,359.84,2.157,1784066399999999,776.07787,43,0.85,305.84493,0
1784066400000000,359.84,359.84,358.75,359.24,5.489,1784069999999999,1972.2435,89,0.264,94.87268,0
1784070000000000,358.7,359.96,358.7,359.61,4.394,1784073599999999,1578.60402,112,2.316,831.86874,0
1784073600000000,359.71,359.97,358.87,359.63,6.097,1784077199999999,2192.66198,162,3.185,1145.47434,0
1784077200000000,359.64,360.49,359.46,360.48,12.542,1784080799999999,4511.92959,269,11.919,4287.66492,0
1784080800000000,360.5,361.19,360.01,361.06,6.489,1784084399999999,2340.83663,146,3.076,1109.69704,0
1784084400000000,360.82,361.12,360.77,360.85,2.754,1784087999999999,993.69145,14,0.618,223.06231,0
1784088000000000,360.77,360.87,360.15,360.85,128.269,1784091599999999,46274.30969,1116,4.57,1647.91671,0
1784091600000000,360.99,360.99,359.9,360.83,11.844,1784095199999999,4270.77825,119,5.412,1952.04081,0
1784095200000000,360.83,361.16,360.49,360.6,3.787,1784098799999999,1366.52858,67,2.037,734.67585,0
1784098800000000,360.49,360.53,358.8,359.69,25.96,1784102399999999,9335.49972,187,7.147,2573.79254,0
1784102400000000,359.77,360.84,358.76,359.52,48.069,1784105999999999,17279.09065,642,22.382,8041.36134,0
1784106000000000,358.82,359.46,358.39,358.69,4.798,1784109599999999,1722.28409,115,1.971,707.50077,0
1784109600000000,358.54,359.03,358.1,358.75,2.142,1784113199999999,767.99592,39,0.882,316.44126,0
1784113200000000,358.75,358.75,357.59,357.73,5.223,1784116799999999,1869.99728,100,3.022,1081.90136,0
1784116800000000,357.99,358.88,357.08,358.58,29.642,1784120399999999,10627.2754,277,20.722,7432.65976,0
1784120400000000,358.91,365.0,357.68,363.46,72.469,1784123999999999,26331.27912,668,42.997,15646.62117,0
1784124000000000,364.29,369.55,364.29,367.78,381.326,1784127599999999,139785.34622,780,28.297,10372.25804,0
1784127600000000,367.63,372.93,367.63,372.02,268.106,1784131199999999,99452.49248,1033,98.167,36355.44317,0
1784131200000000,371.78,374.0,371.67,371.74,181.535,1784134799999999,67787.02737,629,126.418,47230.62535,0
1784134800000000,372.58,373.18,370.14,372.12,13.812,1784138399999999,5121.76087,133,3.015,1119.34123,0
1784138400000000,372.73,373.65,371.31,371.31,12.187,1784141999999999,4542.04653,261,6.907,2576.19405,0
1784142000000000,371.1,371.83,369.78,370.94,19.163,1784145599999999,7107.05948,379,12.042,4467.85794,0
1784145600000000,371.56,371.56,370.2,370.29,6.293,1784149199999999,2334.17604,102,1.145,424.74951,0
1784149200000000,370.33,371.35,370.23,371.19,5.31,1784152799999999,1969.15291,83,4.168,1545.33296,0
1784152800000000,371.45,372.57,371.45,372.56,7.133,1784156399999999,2653.394,127,5.013,1864.73104,0
1784156400000000,372.56,373.26,372.18,372.35,5.276,1784159999999999,1965.84397,116,3.259,1214.47032,0
1784160000000000,371.91,373.22,371.91,372.39,3.269,1784163599999999,1217.44749,57,1.449,539.91314,0
1784163600000000,372.31,372.31,371.31,371.58,6.353,1784167199999999,2363.13773,112,1.346,500.59497,0
1784167200000000,371.62,372.8,371.32,372.38,8.576,1784170799999999,3192.30539,79,2.731,1016.57795,0
1784170800000000,372.34,372.87,372.34,372.72,4.284,1784174399999999,1596.36447,88,2.961,1103.56324,0
1784174400000000,373.25,373.84,373.02,373.62,12.706,1784177999999999,4745.79226,178,9.642,3601.95282,0
1784178000000000,373.34,374.78,373.25,374.5,15.406,1784181599999999,5766.47795,210,12.101,4530.56878,0
1784181600000000,374.7,374.7,373.45,374.0,6.483,1784185199999999,2424.21378,201,3.248,1214.71247,0
1784185200000000,373.63,373.84,372.24,372.24,5.642,1784188799999999,2105.37143,167,1.314,490.50945,0
1784188800000000,372.24,379.67,372.18,378.65,45.264,1784192399999999,17075.31012,612,28.312,10667.48811,0
1784192400000000,378.66,379.99,377.72,378.24,27.34,1784195999999999,10345.14805,472,13.838,5233.30794,0
1784196000000000,378.25,378.94,377.53,378.1,23.445,1784199599999999,8871.69831,235,13.266,5024.52863,0
1784199600000000,378.07,378.84,374.86,375.24,26.43,1784203199999999,9967.54986,255,5.128,1930.44445,0
1784203200000000,375.49,375.94,372.85,373.21,23.107,1784206799999999,8638.67411,405,13.013,4863.93816,0
1784206800000000,373.29,375.05,369.9,371.46,63.353,1784210399999999,23585.34865,820,25.893,9649.23941,0
1784210400000000,371.3,374.86,370.3,372.73,140.598,1784213999999999,52417.02172,259,71.456,26706.83152,0
1784214000000000,372.66,373.34,371.49,372.03,8.096,1784217599999999,3015.42597,149,3.064,1141.96022,0
1784217600000000,372.03,372.88,370.2,372.88,37.345,1784221199999999,13868.99199,107,24.162,8979.89553,0
1784221200000000,372.6,372.6,371.5,372.04,1.859,1784224799999999,691.32591,26,0.814,302.54402,0
1784224800000000,371.92,371.92,356.74,357.07,99.45,1784228399999999,36356.12453,423,33.173,12014.86553,0
1784228400000000,356.87,357.03,352.84,354.4,117.355,1784231999999999,41662.66146,485,62.634,22226.21021,0
1784232000000000,354.92,356.9,354.53,356.9,4.62,1784235599999999,1643.9309,75,2.072,737.60453,0
1784235600000000,356.9,357.47,356.49,356.71,11.569,1784239199999999,4130.7464,47,5.095,1820.42724,0
1784239200000000,357.73,358.57,357.16,357.22,10.29,1784242799999999,3680.58326,117,8.051,2879.31218,0
1784242800000000,357.22,358.54,357.22,358.16,3.216,1784246399999999,1150.57373,35,1.176,421.03301,0
1784246400000000,358.19,358.19,355.58,355.91,26.878,1784249999999999,9590.01975,182,7.46,2655.85379,0
1784250000000000,355.86,356.2,353.01,353.01,31.19,1784253599999999,11072.49221,307,8.672,3075.03332,0
1784253600000000,353.01,353.6,352.0,353.33,17.318,1784257199999999,6105.37752,207,5.621,1983.69538,0
1784257200000000,353.38,354.07,352.81,352.92,7.478,1784260799999999,2642.25848,107,3.824,1350.98849,0
1784260800000000,352.9,352.9,349.57,350.04,28.244,1784264399999999,9901.44727,242,9.839,3449.9381,0
1784264400000000,350.41,352.0,349.38,350.0,116.642,1784267999999999,41024.87134,230,88.185,31014.92102,0
1784268000000000,350.07,352.47,350.07,352.21,36.496,1784271599999999,12847.09046,87,33.934,11945.85382,0
1784271600000000,351.42,351.42,349.95,350.38,6.314,1784275199999999,2213.08742,66,0.467,163.70999,0
1784275200000000,349.92,350.22,347.21,348.21,12.174,1784278799999999,4239.7408,77,4.475,1559.65467,0
1784278800000000,348.6,350.28,347.66,349.92,109.18,1784282399999999,38103.43234,112,101.03,35257.67544,0
1784282400000000,349.9,351.05,349.1,351.05,80.507,1784285999999999,28139.23507,238,51.986,18171.76387,0
1784286000000000,351.1,351.1,348.61,349.39,83.306,1784289599999999,29186.11558,205,4.913,1718.82625,0
1784289600000000,349.59,349.64,346.1,346.1,13.364,1784293199999999,4639.25102,144,2.121,737.70231,0
1784293200000000,346.1,348.63,342.36,347.06,322.757,1784296799999999,111851.53596,864,256.139,88774.90619,0
1784296800000000,347.15,348.71,345.26,346.53,128.299,1784300399999999,44537.08878,367,75.908,26356.95612,0
1784300400000000,346.35,348.89,345.61,348.89,17.956,1784303999999999,6227.54971,162,5.098,1775.18113,0
1784304000000000,348.3,348.3,346.0,347.93,225.805,1784307599999999,78172.74647,303,168.941,58461.13956,0
1784307600000000,347.95,348.27,344.23,344.23,109.752,1784311199999999,38152.25314,232,4.517,1565.49851,0
1784311200000000,344.69,345.88,343.77,345.88,101.106,1784314799999999,34816.8763,390,91.103,31372.89253,0
1784314800000000,345.93,347.41,344.9,346.92,21.376,1784318399999999,7402.3813,112,18.021,6242.58919,0
1784318400000000,346.36,347.25,346.09,347.25,2.063,1784321999999999,715.32977,31,1.532,531.35041,0
1784322000000000,347.25,347.26,347.01,347.01,0.154,1784325599999999,53.47241,3,0.134,46.53221,0
1784325600000000,347.4,347.5,346.98,347.5,0.814,1784329199999999,282.78988,13,0.78,270.99128,0
1784329200000000,347.16,347.16,345.67,346.14,174.814,1784332799999999,60465.22179,124,47.893,16566.92003,0
1784332800000000,346.03,346.68,346.03,346.56,3.509,1784336399999999,1216.04521,34,3.198,1108.37521,0
1784336400000000,346.7,347.45,346.67,347.15,15.574,1784339999999999,5406.97893,44,14.898,5172.3015,0
1784340000000000,347.36,347.37,346.61,346.61,2.955,1784343599999999,1025.59239,27,1.249,433.64926,0
1784343600000000,346.9,347.48,346.67,347.06,1.674,1784347199999999,581.24813,30,1.481,514.30234,0
1784347200000000,347.48,347.61,346.55,347.23,4.486,1784350799999999,1557.42235,43,3.152,1094.5563,0
1784350800000000,347.08,347.63,346.7,347.62,4.053,1784354399999999,1407.03429,38,3.342,1160.38864,0
1784354400000000,347.64,347.76,346.78,347.51,3.712,1784357999999999,1289.63901,49,2.455,853.22963,0
1784358000000000,347.23,347.33,346.62,347.09,1.712,1784361599999999,594.20477,23,1.201,416.94755,0
1784361600000000,346.85,347.44,346.62,347.29,5.064,1784365199999999,1758.20351,73,4.056,1408.4434,0
1784365200000000,346.84,347.12,346.68,346.78,5.373,1784368799999999,1864.56691,35,0.915,317.31997,0
1784368800000000,347.26,347.35,346.68,347.24,4.72,1784372399999999,1638.02771,30,2.458,853.42472,0
1784372400000000,347.25,347.37,346.81,347.01,0.825,1784375999999999,286.40219,13,0.357,123.92007,0
1784376000000000,346.88,347.3,346.78,346.96,7.374,1784379599999999,2558.68144,28,5.862,2034.1641,0
1784379600000000,347.21,347.48,346.7,347.48,1.473,1784383199999999,511.58447,18,1.349,468.59187,0
1784383200000000,347.47,347.47,346.68,347.1,6.454,1784386799999999,2238.42565,29,0.518,179.84415,0
1784386800000000,347.2,347.78,346.71,347.2,11.811,1784390399999999,4104.63441,61,10.556,3668.8215,0
1784390400000000,347.28,347.63,346.81,347.24,5.01,1784393999999999,1740.15602,43,1.949,677.32432,0
1784394000000000,347.78,347.79,346.91,346.91,2.298,1784397599999999,798.38237,16,0.607,211.10771,0
1784397600000000,347.52,347.52,346.68,347.16,0.651,1784401199999999,225.82168,10,0.211,73.2718,0
1784401200000000,346.68,347.43,346.68,346.8,3.111,1784404799999999,1079.1882,29,0.36,125.01826,0
1784404800000000,347.16,347.23,346.68,346.69,4.001,1784408399999999,1387.39145,16,0.297,103.10911,0
1784408400000000,347.04,347.12,346.68,347.12,1.028,1784411999999999,356.73336,12,0.897,311.31774,0
1784412000000000,346.77,347.07,345.51,345.51,46.075,1784415599999999,15967.73554,133,0.328,113.66039,0
1784415600000000,345.51,346.32,345.17,346.32,8.899,1784419199999999,3077.43255,48,0.595,205.92942,0
1784419200000000,346.27,346.35,345.14,345.66,10.359,1784422799999999,3583.16846,73,2.059,712.44818,0
1784422800000000,346.33,346.38,345.55,345.55,5.626,1784426399999999,1946.61039,57,2.008,695.18214,0
1784426400000000,345.84,346.35,345.39,346.32,4.799,1784429999999999,1660.11239,36,2.26,782.35233,0
1784430000000000,346.25,346.99,345.99,346.25,11.715,1784433599999999,4059.844,112,9.685,3356.9786,0
1784433600000000,346.33,347.14,346.27,346.64,0.728,1784437199999999,252.41355,10,0.136,47.16977,0
1784437200000000,346.67,347.14,346.65,347.01,1.206,1784440799999999,418.28313,21,1.206,418.28313,0
1784440800000000,347.01,347.14,346.78,347.14,2.139,1784444399999999,742.30282,30,1.99,690.6326,0
1784444400000000,347.14,348.04,347.14,347.81,27.65,1784447999999999,9607.41904,175,14.634,5086.45758,0
1784448000000000,347.81,347.81,347.06,347.65,15.912,1784451599999999,5529.79611,118,2.683,932.58438,0
1784451600000000,347.75,347.75,346.36,346.36,143.225,1784455199999999,49740.1724,683,45.531,15801.30806,0
1784455200000000,346.35,347.15,346.26,347.15,40.851,1784458799999999,14158.90455,219,37.102,12860.52448,0
1784458800000000,347.15,347.51,346.74,347.08,20.162,1784462399999999,7000.32453,93,13.348,4633.09375,0
1784462400000000,347.32,347.33,345.94,346.86,103.578,1784465999999999,35854.75507,279,67.973,23527.82948,0
1784466000000000,346.83,346.86,346.52,346.53,1.454,1784469599999999,504.04108,18,0.591,204.98028,0
1784469600000000,346.85,347.15,346.28,347.15,19.055,1784473199999999,6602.54887,44,3.065,1063.35902,0
1784473200000000,347.04,347.71,347.03,347.71,5.273,1784476799999999,1832.55734,63,5.08,1765.57874,0
1784476800000000,347.46,348.43,347.43,347.56,9.924,1784480399999999,3453.29112,85,8.287,2884.42992,0
1784480400000000,347.8,347.8,347.04,347.05,1.017,1784483999999999,353.09742,16,0.14,48.6682,0
1784484000000000,347.33,347.44,347.03,347.05,2.165,1784487599999999,751.51381,27,1.704,591.46602,0
1784487600000000,347.05,347.37,347.03,347.03,0.982,1784491199999999,340.81976,25,0.91,315.8336,0
1784491200000000,347.45,347.96,347.45,347.85,0.609,1784494799999999,211.78949,9,0.609,211.78949,0
1784494800000000,347.79,348.06,347.03,347.45,1.753,1784498399999999,609.36345,24,0.976,339.57898,0
1784498400000000,347.57,349.22,347.4,348.97,10.539,1784501999999999,3671.88575,60,9.66,3365.94277,0
1784502000000000,348.26,349.21,348.26,349.15,5.452,1784505599999999,1900.26783,26,0.934,325.90686,0
1784505600000000,348.87,349.4,347.8,348.71,17.14,1784509199999999,5972.41251,154,9.484,3307.7929,0
1784509200000000,348.18,349.07,348.0,348.02,5.612,1784512799999999,1955.95389,91,4.652,1621.48686,0
1784512800000000,348.55,349.03,347.91,348.99,8.326,1784516399999999,2903.30794,80,4.507,1572.58169,0
1784516400000000,348.97,349.09,348.81,348.81,34.827,1784519999999999,12149.02274,126,5.017,1750.96593,0
1784520000000000,348.81,349.26,347.96,348.61,68.82,1784523599999999,23998.37391,553,12.748,4444.82843,0
1784523600000000,348.61,348.83,347.71,347.71,8.877,1784527199999999,3091.45877,110,3.613,1258.74725,0
1784527200000000,347.81,348.23,347.8,348.03,9.254,1784530799999999,3218.90468,121,1.737,604.48292,0
1784530800000000,347.89,348.89,347.89,348.44,5.004,1784534399999999,1742.29088,29,0.558,194.57644,0
1784534400000000,348.77,348.9,348.05,348.9,3.624,1784537999999999,1262.97516,24,1.953,681.18696,0
1784538000000000,348.54,348.9,348.21,348.9,1.715,1784541599999999,598.3083,19,1.528,533.11496,0
1784541600000000,348.9,349.09,348.25,348.28,2.334,1784545199999999,813.95606,35,1.134,395.76191,0
1784545200000000,348.12,349.42,348.0,349.42,6.109,1784548799999999,2129.13794,82,2.58,899.67428,0
1784548800000000,349.31,349.37,348.44,348.53,66.794,1784552399999999,23319.47764,247,15.665,5462.90091,0
1784552400000000,349.1,359.4,349.1,358.56,451.744,1784555999999999,159866.17577,1082,306.905,108372.79398,0
1784556000000000,358.56,360.26,356.62,356.98,34.386,1784559599999999,12321.46206,400,12.825,4606.82934,0
1784559600000000,356.58,358.1,356.4,358.1,18.727,1784563199999999,6691.06712,154,9.494,3393.69465,0
1784563200000000,357.23,357.23,354.86,355.09,24.26,1784566799999999,8632.30505,311,5.519,1965.50136,0
1784566800000000,354.66,354.66,352.04,353.05,18.805,1784570399999999,6636.97941,137,0.879,310.60009,0
1784570400000000,353.94,353.99,351.39,351.75,3.993,1784573999999999,1407.23374,39,1.683,593.7932,0
1784574000000000,352.41,353.63,351.99,352.23,6.628,1784577599999999,2337.84797,121,3.149,1111.86085,0
1784577600000000,352.46,353.23,352.07,352.79,30.864,1784581199999999,10885.8244,35,30.329,10697.20438,0
1784581200000000,352.66,353.07,352.47,352.49,1.069,1784584799999999,376.96293,9,0.118,41.66226,0
1784584800000000,353.19,353.19,352.04,352.61,4.133,1784588399999999,1456.00347,43,0.288,101.47258,0
1784588400000000,352.79,353.71,352.24,353.41,5.91,1784591999999999,2083.94673,72,2.903,1024.61372,0
1784592000000000,353.4,354.57,352.71,354.41,17.41,1784595599999999,6160.51245,116,12.984,4596.41307,0
1784595600000000,354.33,354.6,353.54,354.27,3.005,1784599199999999,1063.87835,53,1.29,457.09582,0
1784599200000000,354.36,354.97,353.98,354.97,9.604,1784602799999999,3406.24786,45,1.498,530.9686,0
1784602800000000,355.13,355.58,354.88,355.58,6.517,1784606399999999,2314.5484,34,6.488,2304.25688,0
1784606400000000,355.58,356.19,355.55,355.55,5.747,1784609999999999,2044.87813,77,4.849,1725.48721,0
1784610000000000,355.27,356.08,354.76,355.64,13.788,1784613599999999,4901.05482,100,9.288,3301.77231,0
1784613600000000,355.26,357.71,355.26,357.06,2870.165,1784617199999999,1023707.23543,4659,2754.905,982608.59401,0
1784617200000000,357.06,357.78,356.2,357.13,540.334,1784620799999999,192901.96617,1180,500.486,178671.59774,0
1784620800000000,356.78,356.85,355.03,355.3,18.626,1784624399999999,6631.82361,106,3.266,1163.78925,0
1784624400000000,356.13,356.16,355.33,355.5,38.468,1784627999999999,13686.26628,59,23.286,8284.92183,0
1784628000000000,355.87,356.02,353.76,355.33,56.746,1784631599999999,20142.11218,222,29.57,10496.24149,0
1784631600000000,355.45,355.5,352.35,352.8,57.946,1784635199999999,20520.87287,193,27.437,9730.09491,0
1784635200000000,353.01,353.34,351.04,352.5,55.066,1784638799999999,19394.95481,230,36.062,12705.25633,0
1784638800000000,352.47,352.52,348.41,350.78,304.547,1784642399999999,106802.79785,1373,137.025,48069.60538,0
1784642400000000,350.07,350.82,348.5,349.66,118.236,1784645999999999,41354.75538,764,48.542,16985.66619,0
1784646000000000,349.7,351.18,348.4,349.94,355.854,1784649599999999,124383.00235,941,251.719,87985.60653,0
1784649600000000,349.95,350.71,349.19,349.63,199.859,1784653199999999,69914.42293,516,43.421,15207.4674,0
1784653200000000,349.91,350.9,348.68,349.57,431.056,1784656799999999,150848.31681,346,300.066,105105.80499,0
1784656800000000,349.58,349.84,348.0,349.3,86.312,1784660399999999,30072.33921,114,5.318,1858.49264,0
1784660400000000,349.12,350.26,347.16,347.16,203.623,1784663999999999,70897.06532,388,13.491,4719.14086,0
1784664000000000,347.16,348.4,347.16,348.15,2.298,1784667599999999,800.02632,13,0.748,260.53473,0
1784667600000000,348.32,349.46,348.18,349.15,7.914,1784671199999999,2762.58027,56,6.113,2134.3008,0
1784671200000000,349.25,349.25,348.33,348.62,4.928,1784674799999999,1718.20292,18,1.332,464.74769,0
1784674800000000,348.95,349.87,348.93,349.19,15.67,1784678399999999,5477.68766,89,6.362,2225.09855,0
1784678400000000,349.2,350.13,349.19,349.45,176.664,1784681999999999,61767.21312,264,157.389,55031.43066,0
1784682000000000,349.7,350.17,349.19,349.42,9.262,1784685599999999,3237.88168,62,1.843,644.42259,0
1784685600000000,349.85,350.41,349.31,349.46,293.863,1784689199999999,102783.86113,374,253.058,88515.8552,0
1784689200000000,349.48,349.95,349.19,349.45,62.778,1784692799999999,21938.15125,87,20.691,7231.40269,0
1784692800000000,349.63,350.31,349.19,349.46,253.301,1784696399999999,88577.57706,209,224.699,78583.2357,0
1784696400000000,349.89,349.89,348.93,349.07,13.458,1784699999999999,4700.64625,49,2.291,800.70953,0
1784700000000000,349.11,349.58,349.02,349.07,37.616,1784703599999999,13129.1878,77,0.636,222.2064,0
1784703600000000,349.26,349.32,348.0,348.52,51.742,1784707199999999,18043.9234,439,3.744,1305.548,0
1784707200000000,349.1,349.7,348.04,349.7,82.963,1784710799999999,28958.17284,352,68.362,23867.52627,0
1784710800000000,349.69,350.3,348.46,350.19,268.994,1784714399999999,93985.63216,262,122.238,42792.32894,0
1784714400000000,349.94,350.92,349.92,349.92,53.755,1784717999999999,18842.66125,244,45.433,15927.1225,0
1784718000000000,349.77,350.0,348.9,349.17,121.489,1784721599999999,42406.42235,236,8.639,3018.41841,0
1784721600000000,348.92,349.05,348.17,348.6,23.572,1784725199999999,8215.36801,68,4.941,1723.84536,0
1784725200000000,348.54,349.44,347.0,348.56,168.013,1784728799999999,58522.29476,730,101.062,35226.45724,0
1784728800000000,348.7,350.66,347.74,348.94,230.643,1784732399999999,80446.11105,508,107.991,37657.30841,0
1784732400000000,348.89,349.57,347.63,348.66,195.349,1784735999999999,68065.12826,562,71.736,24992.61352,0
1784736000000000,348.61,349.2,348.09,348.72,65.936,1784739599999999,22987.26491,200,16.595,5787.11776,0
1784739600000000,348.94,349.02,347.42,347.59,182.502,1784743199999999,63618.74491,553,74.731,26065.06307,0
1784743200000000,347.53,347.76,346.51,346.51,63.409,1784746799999999,22009.95414,385,32.917,11429.00565,0
1784746800000000,346.64,346.69,342.0,342.38,176.454,1784750399999999,60914.37834,716,87.563,30248.26703,0
1784750400000000,342.83,353.5,329.0,329.0,5113.831,1784753999999999,1746583.34329,17049,3307.527,1129140.65928,0
1784754000000000,328.5,334.7,325.46,329.83,1612.026,1784757599999999,531150.61494,9218,1223.002,402943.60943,0
1784757600000000,329.89,332.51,328.0,332.0,256.101,1784761199999999,84671.64386,1440,105.242,34832.32905,0
1784761200000000,332.0,332.13,329.9,331.38,183.374,1784764799999999,60795.85622,1231,121.606,40320.1035,0
1784764800000000,331.55,336.91,331.31,334.86,705.764,1784768399999999,236221.46898,2425,602.147,201452.93938,0
1784768400000000,334.72,335.29,333.0,335.06,373.721,1784771999999999,125012.23656,822,320.515,107217.52811,0
1784772000000000,334.93,335.26,333.22,333.92,431.749,1784775599999999,144136.74474,806,359.508,120006.87548,0
1784775600000000,334.17,334.61,333.36,334.16,231.419,1784779199999999,77293.81327,367,110.521,36916.98966,0
1784779200000000,334.15,334.58,333.57,333.64,84.581,1784782799999999,28256.24548,226,18.092,6048.92831,0
1784782800000000,333.65,334.17,332.5,332.6,243.299,1784786399999999,81015.22706,469,167.438,55752.51429,0
1784786400000000,332.52,334.16,332.52,333.38,307.81,1784789999999999,102653.76294,506,287.728,95960.99317,0
1784790000000000,333.25,333.25,331.0,331.78,405.819,1784793599999999,134714.67607,671,169.566,56363.70293,0
1784793600000000,331.98,332.74,328.43,330.45,762.553,1784797199999999,252268.92551,1521,440.079,145763.4757,0
1784797200000000,330.41,331.13,328.23,328.24,245.465,1784800799999999,80867.48128,581,54.566,17995.22595,0
1784800800000000,328.32,329.94,327.2,328.0,159.01,1784804399999999,52260.79089,641,68.033,22372.24822,0
1784804400000000,328.42,328.47,325.0,325.66,213.859,1784807999999999,69775.04112,998,108.151,35287.30437,0
1784808000000000,325.82,326.34,323.64,325.33,427.072,1784811599999999,138743.99512,1453,161.781,52598.44717,0
1784811600000000,325.34,326.39,318.91,321.91,1367.298,1784815199999999,440642.4433,4805,823.485,265350.73367,0
1784815200000000,321.91,322.63,317.57,317.73,1242.598,1784818799999999,396358.30521,2339,442.108,141088.93874,0
1784818800000000,318.01,321.66,315.69,320.53,886.488,1784822399999999,281425.99745,1357,309.482,98319.71672,0
1784822400000000,320.71,322.2,319.45,320.25,268.224,1784825999999999,86077.99332,468,67.745,21744.64622,0
1784826000000000,320.25,321.49,319.7,319.97,326.561,1784829599999999,104662.24299,402,88.515,28380.59456,0
1784829600000000,319.97,320.82,318.87,319.37,116.458,1784833199999999,37265.48948,399,54.913,17578.49976,0
1784833200000000,319.52,319.56,318.0,318.33,131.712,1784836799999999,41960.85375,454,55.867,17801.42628,0
1784836800000000,318.46,319.71,318.0,319.47,129.793,1784840399999999,41407.00338,319,90.96,29025.75468,0
1784840400000000,319.49,319.78,319.0,319.53,153.925,1784843999999999,49163.11577,221,143.316,45775.97707,0
1784844000000000,319.56,320.0,319.5,319.84,63.526,1784847599999999,20310.89005,130,58.34,18652.21184,0
1784847600000000,320.0,320.22,319.13,319.6,48.898,1784851199999999,15630.33377,86,1.073,343.40244,0
1784851200000000,319.47,320.85,319.43,320.85,113.161,1784854799999999,36195.7992,370,96.443,30846.41393,0
1784854800000000,320.86,321.24,320.0,320.11,127.337,1784858399999999,40822.86075,439,82.924,26591.69919,0
1784858400000000,320.03,320.3,318.83,319.2,78.006,1784861999999999,24931.63596,476,26.308,8408.90212,0
1784862000000000,319.08,319.29,317.75,317.89,92.785,1784865599999999,29558.34547,445,34.909,11125.08341,0
1784865600000000,317.8,318.92,317.0,318.89,58.391,1784869199999999,18553.68919,221,36.812,11706.77774,0
1784869200000000,318.81,319.44,318.53,318.76,30.57,1784872799999999,9753.31905,231,10.44,3332.10501,0
1784872800000000,318.45,319.35,318.01,318.77,44.385,1784876399999999,14155.41859,129,30.227,9644.08488,0
1784876400000000,319.2,320.0,318.98,319.5,78.133,1784879999999999,24979.4785,261,18.538,5925.82893,0
1784880000000000,319.65,320.86,319.6,320.82,80.632,1784883599999999,25809.81475,276,37.233,11914.09064,0
1784883600000000,320.49,322.34,320.48,320.87,182.585,1784887199999999,58711.81097,451,84.058,27035.87965,0
1784887200000000,320.89,321.08,320.09,320.3,84.656,1784890799999999,27151.96348,356,11.719,3761.16806,0
1784890800000000,320.3,320.35,319.32,319.32,55.248,1784894399999999,17668.84622,430,20.351,6512.6,0
1784894400000000,319.85,320.05,318.4,319.09,303.405,1784897999999999,96931.41885,1330,105.451,33694.37039,0
1784898000000000,319.09,324.79,318.0,322.52,1019.324,1784901599999999,327301.68085,4420,781.346,251219.35099,0
1784901600000000,323.2,324.24,318.0,320.33,470.747,1784905199999999,151029.29255,2700,230.101,73903.12571,0
1784905200000000,320.33,322.47,320.17,320.29,143.985,1784908799999999,46232.70577,1250,60.459,19414.06463,0
1784908800000000,320.53,320.53,318.5,319.88,325.946,1784912399999999,104035.66018,1351,195.639,62375.51967,0
1784912400000000,319.87,321.21,319.47,320.5,94.688,1784915999999999,30318.58499,417,42.942,13743.5343,0
1784916000000000,320.59,321.47,319.46,319.55,60.573,1784919599999999,19418.54118,499,27.254,8746.70133,0
1784919600000000,319.74,320.92,319.37,320.08,112.917,1784923199999999,36152.32955,802,51.458,16487.4225,0
1784923200000000,320.08,320.42,319.15,320.0,25.919,1784926799999999,8287.06899,188,15.038,4807.97523,0
1784926800000000,320.13,320.37,319.38,319.96,31.78,1784930399999999,10163.76005,124,11.303,3618.64962,0
1784930400000000,320.41,320.41,319.46,319.85,7.276,1784933999999999,2327.87591,46,1.334,427.3287,0
1784934000000000,319.47,319.69,319.3,319.3,37.034,1784937599999999,11826.51489,43,3.96,1265.3042,0
1784937600000000,319.14,319.17,318.7,318.9,1.105,1784941199999999,352.46635,12,0.23,73.37409,0
1784941200000000,318.9,318.97,318.01,318.23,6.13,1784944799999999,1953.0408,80,3.381,1077.7314,0
1784944800000000,318.52,318.79,318.23,318.66,2.449,1784948399999999,780.29417,49,2.044,651.31084,0
1784948400000000,318.89,320.38,318.44,319.79,45.671,1784951999999999,14604.97527,477,32.668,10445.84733,0
1784952000000000,320.28,320.9,320.11,320.26,36.783,1784955599999999,11787.65142,302,10.643,3411.85756,0
1784955600000000,320.7,320.7,320.1,320.28,23.283,1784959199999999,7457.56216,207,9.516,3048.61276,0
1784959200000000,320.46,321.06,320.0,320.83,29.208,1784962799999999,9364.9039,329,23.108,7409.21202,0
1784962800000000,320.99,320.99,320.16,320.48,42.223,1784966399999999,13532.7966,196,12.708,4074.91954,0
1784966400000000,320.39,320.73,320.36,320.55,5.764,1784969999999999,1848.08315,32,4.959,1590.1516,0
1784970000000000,320.66,320.66,318.0,318.98,88.221,1784973599999999,28148.59151,284,33.682,10731.29147,0
1784973600000000,319.02,319.08,318.7,318.99,5.912,1784977199999999,1885.98129,23,5.435,1733.96139,0
1784977200000000,318.97,319.3,318.3,318.9,50.232,1784980799999999,16013.91409,211,30.129,9607.48488,0
1784980800000000,318.93,319.59,318.78,319.59,24.984,1784984399999999,7970.91853,131,19.722,6293.01881,0
1784984400000000,319.59,319.59,317.23,318.4,154.141,1784987999999999,49062.50587,671,33.664,10709.62869,0
1784988000000000,318.4,319.08,318.19,318.91,50.945,1784991599999999,16230.68044,342,25.944,8266.03874,0
1784991600000000,318.77,318.84,317.93,318.0,29.767,1784995199999999,9473.90064,191,1.662,529.45667,0
1784995200000000,317.99,318.16,315.11,318.11,162.738,1784998799999999,51574.16263,689,72.914,23110.66101,0
1784998800000000,317.88,318.68,317.55,318.66,41.511,1785002399999999,13214.29196,143,28.016,8923.20932,0
1785002400000000,318.7,318.93,318.54,318.93,8.889,1785005999999999,2832.60928,51,0.398,126.86991,0
1785006000000000,319.07,319.42,318.82,319.29,18.417,1785009599999999,5879.44281,77,16.918,5401.26281,0
1785009600000000,319.18,319.47,318.8,319.05,43.026,1785013199999999,13728.47938,175,14.485,4623.87037,0
1785013200000000,319.18,319.79,319.18,319.64,18.953,1785016799999999,6053.92319,66,18.822,6012.04651,0
1785016800000000,319.94,320.46,319.51,319.88,32.138,1785020399999999,10281.06505,155,0.9,287.92856,0
1785020400000000,319.99,320.5,319.81,319.93,17.424,1785023999999999,5579.19686,113,11.652,3731.72014,0
1785024000000000,319.91,320.86,319.54,320.79,74.811,1785027599999999,23964.22834,353,35.28,11304.52098,0
1785027600000000,320.86,321.69,319.34,320.43,268.063,1785031199999999,85879.89024,566,115.593,37048.99184,0
1785031200000000,320.37,320.37,319.48,320.02,123.169,1785034799999999,39416.47916,221,6.177,1977.94955,0
1785034800000000,320.29,320.59,319.64,320.08,32.862,1785038399999999,10524.5734,152,23.41,7500.54482,0
1785038400000000,320.22,320.54,320.22,320.43,11.386,1785041999999999,3647.94374,79,5.347,1713.50721,0
1785042000000000,320.6,320.62,319.92,320.03,29.913,1785045599999999,9583.38554,110,11.29,3616.63686,0
1785045600000000,320.39,320.81,320.03,320.81,6.369,1785049199999999,2041.77888,82,5.809,1862.52662,0
1785049200000000,320.86,321.4,320.25,320.55,173.4,1785052799999999,55648.71621,224,148.842,47766.76006,0
1785052800000000,320.54,321.27,320.3,321.27,13.162,1785056399999999,4221.29637,58,7.633,2448.59759,0
1785056400000000,321.12,321.48,320.13,320.39,34.419,1785059999999999,11038.77016,228,1.673,537.37206,0
1785060000000000,320.73,321.27,320.44,321.26,35.511,1785063599999999,11392.79499,194,9.405,3018.52564,0
1785063600000000,321.26,321.57,321.26,321.57,7.6,1785067199999999,2443.59706,32,3.198,1028.08716,0
1785067200000000,321.46,321.49,320.68,320.76,57.554,1785070799999999,18484.39517,160,32.459,10427.15497,0
1785070800000000,321.1,321.46,320.66,320.86,49.849,1785074399999999,16007.88239,150,47.364,15210.64991,0
1785074400000000,320.9,321.41,319.75,320.55,39.374,1785077999999999,12618.64492,166,6.95,2230.9875,0
1785078000000000,320.8,321.66,320.43,321.63,78.277,1785081599999999,25118.85779,255,26.866,8621.88259,0
1785081600000000,321.64,322.62,321.58,322.41,62.564,1785085199999999,20149.50734,578,44.228,14243.26252,0
1785085200000000,322.26,322.78,322.21,322.63,23.819,1785088799999999,7682.50273,161,8.517,2747.81369,0
1785088800000000,322.74,322.77,320.47,320.93,42.004,1785092399999999,13516.21587,191,3.806,1224.11263,0
1785092400000000,321.11,321.34,320.94,321.33,7.509,1785095999999999,2411.51125,37,3.022,970.76134,0
1785096000000000,321.33,321.33,321.01,321.27,7.68,1785099599999999,2466.62277,73,4.087,1312.71668,0
1785099600000000,321.12,321.79,320.7,321.52,8.143,1785103199999999,2614.53206,68,2.219,713.25657,0
1785103200000000,322.16,323.61,321.77,322.75,24.525,1785106799999999,7918.28201,254,16.989,5485.13529,0
1785106800000000,322.83,324.66,322.06,324.66,48.481,1785110399999999,15680.85235,518,33.961,10995.26131,0
1785110400000000,324.17,324.17,321.23,321.7,166.203,1785113999999999,53587.83747,880,42.984,13860.73229,0
1785114000000000,322.04,322.53,321.13,321.84,88.672,1785117599999999,28520.40661,466,21.305,6857.68669,0
1785117600000000,321.84,322.18,321.59,322.18,18.783,1785121199999999,6044.58152,159,7.727,2487.82044,0
1785121200000000,322.41,322.48,321.9,322.34,78.525,1785124799999999,25304.74907,278,18.138,5846.60939,0
1785124800000000,322.34,323.07,322.34,323.07,5.551,1785128399999999,1790.99645,87,5.159,1664.56632,0
1785128400000000,322.88,324.06,322.49,323.75,37.895,1785131999999999,12248.8674,274,12.769,4131.60678,0
1785132000000000,323.81,324.32,323.55,323.65,19.574,1785135599999999,6340.7025,210,5.315,1722.13297,0
1785135600000000,323.9,324.56,323.84,324.33,36.37,1785139199999999,11793.08147,264,16.495,5349.56453,0
1785139200000000,323.96,325.05,323.55,324.92,86.913,1785142799999999,28202.88721,976,45.534,14780.52973,0
1785142800000000,325.02,325.45,324.78,325.45,42.237,1785146399999999,13729.22861,331,10.54,3427.61703,0
1785146400000000,325.48,325.5,324.09,324.1,130.264,1785149999999999,42319.02262,416,8.72,2836.80982,0
1785150000000000,324.43,324.43,323.05,323.72,125.221,1785153599999999,40549.026,713,40.054,12976.14338,0
1785153600000000,324.01,325.1,323.66,324.77,156.884,1785157199999999,50895.96588,827,35.184,11412.19739,0
1785157200000000,324.73,329.2,324.01,327.68,1062.844,1785160799999999,347089.55179,3142,389.173,127320.33961,0
1785160800000000,327.7,330.4,324.36,327.47,586.359,1785164399999999,191558.39092,1816,180.229,59044.67775,0
1785164400000000,327.51,329.83,327.11,328.37,254.53,1785167999999999,83576.41894,939,178.876,58722.38739,0
1785168000000000,328.48,329.02,326.38,326.6,73.983,1785171599999999,24266.26368,366,31.368,10292.74883,0
1785171600000000,326.59,327.46,325.96,326.33,118.666,1785175199999999,38760.14644,661,81.43,26602.7233,0
1785175200000000,326.54,327.99,325.54,327.57,143.514,1785178799999999,46847.26957,872,117.898,38498.28479,0
1785178800000000,327.52,328.0,326.55,326.6,162.652,1785182399999999,53256.61606,901,99.398,32556.78828,0
1785182400000000,327.13,327.47,326.59,326.83,21.402,1785185999999999,6997.55687,132,10.644,3479.96675,0
1785186000000000,326.89,327.67,326.89,327.46,11.651,1785189599999999,3813.60456,177,10.466,3426.00026,0
1785189600000000,327.58,327.58,326.38,326.38,11.285,1785193199999999,3688.97229,23,1.12,366.23405,0
1785193200000000,326.26,327.09,326.25,327.08,11.253,1785196799999999,3676.28318,88,9.634,3147.26746,0
1785196800000000,327.08,327.47,326.0,326.11,246.878,1785200399999999,80654.70177,600,21.695,7092.92186,0
1785200400000000,326.33,326.47,324.27,325.1,475.772,1785203999999999,154595.39669,1293,38.893,12649.95843,0
1785204000000000,325.27,325.27,324.05,324.54,165.177,1785207599999999,53593.67653,399,7.185,2331.82326,0
1785207600000000,324.34,325.3,323.66,324.8,141.211,1785211199999999,45857.91941,456,7.63,2478.10792,0
1785211200000000,325.3,325.3,324.13,324.14,189.001,1785214799999999,61397.42552,620,1.918,622.31356,0
1785214800000000,324.47,325.07,323.46,324.04,171.255,1785218399999999,55550.80008,626,12.829,4156.78441,0
1785218400000000,324.03,325.38,323.86,325.33,426.555,1785221999999999,138492.94342,1050,77.399,25107.07789,0
1785222000000000,325.26,325.93,324.9,325.39,389.333,1785225599999999,126754.74022,1008,16.044,5223.95102,0
1785225600000000,325.67,327.1,324.98,327.1,5.616,1785229199999999,1832.75714,63,4.109,1341.09716,0
1785229200000000,327.1,327.76,326.92,326.92,18.424,1785232799999999,6031.20098,62,9.828,3219.21837,0
1785232800000000,326.9,327.12,326.39,326.58,18.14,1785236399999999,5926.37865,183,9.355,3056.43863,0
1785236400000000,326.77,327.85,326.23,327.74,64.803,1785239999999999,21188.51789,216,52.847,17278.44653,0
1785240000000000,327.74,328.76,327.3,327.86,85.637,1785243599999999,28075.4977,467,14.198,4658.01574,0
1785243600000000,327.9,330.0,324.48,325.5,263.983,1785247199999999,86411.20463,1409,132.223,43335.888,0
1785247200000000,325.49,329.29,325.49,328.96,183.046,1785250799999999,60022.25878,1060,112.907,37009.57852,0
1785250800000000,328.98,333.75,328.95,333.75,177.988,1785254399999999,59029.23583,1307,118.138,39174.75652,0
1785254400000000,333.57,334.64,333.05,334.64,165.759,1785257999999999,55310.97222,1280,135.345,45168.71896,0
1785258000000000,334.65,336.02,334.1,335.96,129.9,1785261599999999,43544.51598,1060,95.771,32101.63007,0
1785261600000000,336.01,336.01,334.17,335.45,118.371,1785265199999999,39683.12128,901,84.906,28463.62644,0
1785265200000000,335.47,335.58,333.77,334.1,117.013,1785268799999999,39152.84379,810,82.474,27598.46447,0
1785268800000000,334.11,335.41,334.07,334.94,35.754,1785272399999999,11966.65266,360,29.634,9919.74962,0
1785272400000000,335.11,335.11,334.53,334.78,6.173,1785275999999999,2066.96175,80,0.424,141.9941,0
1785276000000000,335.01,335.01,332.81,333.7,47.712,1785279599999999,15910.39546,456,18.285,6095.4606,0
1785279600000000,333.39,335.55,332.52,335.55,38.349,1785283199999999,12784.47025,267,14.85,4953.56488,0
1785283200000000,335.55,335.55,334.53,334.91,329.254,1785286799999999,110289.39817,1283,21.36,7156.46912,0
1785286800000000,334.8,334.94,331.69,331.87,251.346,1785290399999999,83718.53088,1637,20.125,6720.5384,0
1785290400000000,331.87,333.38,331.45,332.37,249.742,1785293999999999,82976.804,861,49.068,16287.85132,0
1785294000000000,332.35,332.44,330.8,331.42,385.769,1785297599999999,127956.00374,1592,27.963,9265.70924,0
1785297600000000,331.48,332.17,330.5,331.75,307.004,1785301199999999,101636.05942,486,108.31,35861.99293,0
1785301200000000,332.0,332.79,331.44,332.68,156.809,1785304799999999,52057.72594,127,5.697,1891.16864,0
1785304800000000,332.63,334.2,332.62,334.2,9.289,1785308399999999,3098.82693,35,7.368,2458.44558,0
1785308400000000,334.24,334.85,333.9,334.34,9.479,1785311999999999,3169.29207,28,3.756,1256.56196,0
1785312000000000,334.35,336.08,333.43,335.2,47.536,1785315599999999,15910.44439,216,37.634,12595.34051,0
1785315600000000,335.19,335.19,334.03,334.22,63.092,1785319199999999,21094.08788,129,19.166,6403.65909,0
1785319200000000,334.17,335.18,333.86,334.63,46.776,1785322799999999,15656.22505,266,24.825,8313.02723,0
1785322800000000,335.05,336.66,334.86,335.59,65.778,1785326399999999,22081.80689,364,29.048,9754.00664,0
1785326400000000,336.18,336.98,335.34,336.17,37.153,1785329999999999,12495.22719,428,21.994,7402.76272,0
1785330000000000,336.42,336.42,332.26,333.27,208.719,1785333599999999,69917.98719,1135,82.791,27752.73304,0
1785333600000000,333.04,334.68,331.94,334.67,375.363,1785337199999999,125195.26998,925,119.018,39671.84198,0
1785337200000000,334.28,335.89,332.7,332.77,117.323,1785340799999999,39257.50327,539,49.035,16416.34293,0
1785340800000000,333.38,336.91,333.36,336.68,114.09,1785344399999999,38224.64948,386,110.247,36936.79087,0
1785344400000000,336.99,338.2,336.21,338.08,31.924,1785347999999999,10757.89404,188,13.746,4636.24968,0
1785348000000000,338.09,342.73,338.09,341.73,124.621,1785351599999999,42426.83655,549,55.533,18925.67387,0
1785351600000000,341.73,341.82,335.67,336.76,130.018,1785355199999999,43804.36961,581,41.879,14116.33613,0
1785355200000000,336.76,337.13,332.96,333.39,55.415,1785358799999999,18544.65999,500,16.676,5602.922,0
1785358800000000,333.6,333.61,329.59,330.73,62.981,1785362399999999,20858.78345,322,9.27,3077.83751,0
1785362400000000,331.32,336.92,331.32,334.91,43.498,1785365999999999,14538.07478,258,28.654,9565.84275,0
1785366000000000,335.41,336.27,335.33,335.85,9.222,1785369599999999,3095.96544,132,6.693,2246.90023,0
1785369600000000,335.85,337.39,335.7,336.39,46.668,1785373199999999,15703.59772,140,24.456,8236.20559,0
1785373200000000,336.39,338.09,336.38,337.7,10.263,1785376799999999,3461.77839,38,6.345,2141.97591,0
1785376800000000,337.7,337.7,335.94,335.99,167.367,1785380399999999,56371.63296,292,5.452,1835.62988,0
1785380400000000,335.99,335.99,335.03,335.59,37.674,1785383999999999,12647.96615,79,3.754,1260.08954,0
1785384000000000,335.52,335.88,335.0,335.0,26.011,1785387599999999,8725.75503,105,4.738,1589.99853,0
1785387600000000,335.02,335.52,335.02,335.17,22.243,1785391199999999,7456.8993,152,10.405,3488.40412,0
1785391200000000,335.29,335.64,334.18,334.55,34.231,1785394799999999,11463.78289,76,5.558,1861.74186,0
1785394800000000,334.84,335.69,334.83,335.01,16.547,1785398399999999,5547.64829,91,9.354,3136.33147,0
1785398400000000,334.72,335.86,334.41,335.64,46.178,1785401999999999,15481.7489,148,43.287,14512.93079,0
1785402000000000,335.61,337.57,335.61,337.04,14.824,1785405599999999,4995.34579,67,1.578,531.81406,0
1785405600000000,336.97,337.3,336.56,337.09,1.292,1785409199999999,435.52509,40,0.678,228.54419,0
1785409200000000,337.62,338.08,336.93,337.32,34.629,1785412799999999,11698.24207,199,17.302,5846.34465,0
1785412800000000,336.91,336.91,333.76,335.45,42.493,1785416399999999,14254.89905,317,11.751,3933.84417,0
1785416400000000,335.45,336.64,331.2,332.46,437.932,1785419999999999,145900.8198,1046,240.788,80146.91022,0
1785420000000000,332.48,335.55,332.17,333.12,442.981,1785423599999999,147682.79634,1178,235.75,78615.54729,0
1785423600000000,332.92,334.21,331.51,333.43,171.447,1785427199999999,57024.95477,780,82.796,27519.89342,0
1785427200000000,333.43,335.55,333.31,334.59,60.943,1785430799999999,20390.56612,291,38.076,12730.70138,0
1785430800000000,334.94,335.52,332.63,333.8,234.367,1785434399999999,78173.35034,637,168.497,56219.56369,0
1785434400000000,333.66,335.07,332.56,334.66,82.219,1785437999999999,27391.64725,418,10.287,3433.87361,0
1785438000000000,334.98,334.98,333.82,333.82,5.317,1785441599999999,1777.96382,91,0.346,115.85131,0
1785441600000000,334.25,336.54,333.8,334.86,23.707,1785445199999999,7945.23595,328,18.842,6315.65506,0
1785445200000000,334.86,335.22,334.19,334.64,57.471,1785448799999999,19245.64606,291,18.556,6215.27983,0
1785448800000000,335.0,337.57,335.0,335.51,23.11,1785452399999999,7762.31343,133,13.758,4621.98409,0
1785452400000000,336.15,336.15,335.39,335.87,8.592,1785455999999999,2884.88335,47,3.117,1046.66124,0
1785456000000000,335.87,338.49,335.8,338.49,22.907,1785459599999999,7715.26366,245,14.472,4880.7545,0
1785459600000000,338.49,341.12,338.28,338.86,66.253,1785463199999999,22494.3286,368,50.684,17217.26386,0
1785463200000000,339.16,340.0,338.37,340.0,125.269,1785466799999999,42449.83096,105,39.58,13424.88594,0
1785466800000000,339.68,342.0,339.68,341.19,126.427,1785470399999999,43017.18862,193,120.518,41003.10076,0
1785470400000000,340.77,342.27,340.75,341.69,88.424,1785473999999999,30206.21604,202,10.862,3709.57228,0
1785474000000000,341.74,342.44,341.26,342.44,203.66,1785477599999999,69610.65377,234,151.264,51701.8532,0
1785477600000000,342.61,342.61,339.56,340.4,120.905,1785481199999999,41177.05429,396,50.903,17324.38459,0
1785481200000000,340.18,343.5,339.81,341.6,316.826,1785484799999999,108083.97624,692,307.318,104840.72506,0
1785484800000000,341.4,343.75,340.64,343.06,435.829,1785488399999999,149525.19744,572,410.805,140950.36571,0
1785488400000000,343.05,343.05,341.5,342.33,253.832,1785491999999999,86843.25049,274,228.454,78159.49248,0
1785492000000000,342.16,342.19,340.71,340.71,91.99,1785495599999999,31408.94622,85,74.138,25314.54042,0
1785495600000000,340.72,340.91,338.96,339.15,956.024,1785499199999999,324949.50382,929,869.157,295438.9934,0
1785499200000000,339.15,339.16,338.1,338.49,628.33,1785502799999999,212695.16092,456,571.342,193399.36849,0
1785502800000000,338.5,346.55,338.4,344.49,1821.066,1785506399999999,622174.37949,1390,1666.082,569241.77013,0
1785506400000000,345.68,353.73,345.11,353.29,647.799,1785509999999999,226133.60779,1107,314.995,109984.96939,0
1785510000000000,352.86,353.99,348.89,352.0,493.033,1785513599999999,173390.1908,1545,264.137,92847.87655,0
1785513600000000,352.35,354.99,351.96,353.59,262.87,1785517199999999,92975.12782,1177,117.771,41658.54235,0
1785517200000000,353.65,355.0,353.38,354.28,200.302,1785520799999999,70971.95051,1356,119.055,42184.02895,0
1785520800000000,354.41,356.87,354.35,355.65,161.849,1785524399999999,57614.24687,850,93.376,33221.47837,0
1785524400000000,355.86,358.89,355.22,356.61,204.781,1785527999999999,73176.49042,496,106.625,38074.6664,0
1785528000000000,356.75,356.99,354.6,354.6,31.983,1785531599999999,11389.42151,113,23.008,8192.23423,0
1785531600000000,354.96,355.65,353.5,353.5,11.437,1785535199999999,4051.90367,49,9.943,3522.91653,0
1785535200000000,353.49,354.01,352.99,353.86,64.745,1785538799999999,22879.18558,241,19.116,6754.28952,0
1785538800000000,354.01,354.77,353.63,354.73,9.302,1785542399999999,3297.50124,80,4.79,1698.71066,0
1785542400000000,354.73,355.01,353.31,353.9,122.641,1785545999999999,43365.89362,211,29.427,10415.02123,0
1785546000000000,354.07,354.5,353.64,353.96,18.78,1785549599999999,6650.76616,128,9.898,3505.56637,0
1785549600000000,354.0,354.13,353.46,354.13,9.068,1785553199999999,3210.56452,123,8.65,3062.67053,0
1785553200000000,354.13,354.74,354.13,354.2,49.606,1785556799999999,17581.47436,286,41.024,14538.76013,0
1785556800000000,354.31,354.95,354.27,354.52,19.786,1785560399999999,7018.10411,98,17.53,6217.86235,0
1785560400000000,354.78,354.78,353.88,353.91,10.486,1785563999999999,3712.01959,25,0.315,111.62775,0
1785564000000000,354.19,354.74,353.89,354.74,5.009,1785567599999999,1774.15149,42,1.864,660.46857,0
1785567600000000,354.52,354.65,354.22,354.23,3.263,1785571199999999,1156.31921,22,1.153,408.53814,0
1785571200000000,354.31,354.32,354.06,354.08,4.797,1785574799999999,1698.58838,43,0.477,169.00728,0
1785574800000000,354.3,354.3,353.6,353.85,7.628,1785578399999999,2700.41715,28,2.016,714.2532,0
1785578400000000,354.17,354.61,353.92,354.1,8.561,1785581999999999,3033.60285,79,4.868,1724.95684,0
1785582000000000,354.1,354.1,353.64,353.86,29.668,1785585599999999,10499.22075,81,19.549,6920.32128,0
1785585600000000,354.0,354.0,353.11,353.54,6.015,1785589199999999,2126.10659,36,1.679,593.4989,0
1785589200000000,353.54,353.54,352.12,352.29,17.796,1785592799999999,6280.40844,78,4.463,1574.54443,0
1785592800000000,352.47,352.71,352.4,352.66,14.451,1785596399999999,5094.59972,47,7.346,2590.3989,0
1785596400000000,352.56,352.99,352.1,352.99,39.453,1785599999999999,13908.28703,128,13.796,4864.89481,0
1785600000000000,353.28,353.28,352.19,352.37,12.34,1785603599999999,4351.65899,63,1.869,659.69731,0
1785603600000000,352.91,352.92,352.28,352.35,31.209,1785607199999999,10998.03593,94,27.504,9691.94032,0
1785607200000000,352.63,353.04,351.64,352.04,16.411,1785610799999999,5780.67754,96,10.217,3598.00786,0
1785610800000000,352.82,352.95,351.89,351.89,16.023,1785614399999999,5647.21277,86,2.073,730.63927,0
1785614400000000,351.77,352.05,349.53,351.41,71.442,1785617999999999,25073.77267,262,13.798,4840.80174,0
1785618000000000,351.79,352.47,351.16,352.17,11.125,1785621599999999,3915.34115,37,6.514,2294.1502,0
1785621600000000,352.42,352.97,351.83,352.5,10.973,1785625199999999,3864.61543,29,1.296,456.7755,0
1785625200000000,351.96,352.54,351.96,352.2,2.382,1785628799999999,839.00094,13,0.671,236.41872,0
1785628800000000,352.32,352.57,352.17,352.55,5.112,1785632399999999,1801.40576,31,2.712,955.60731,0
1785632400000000,352.47,353.82,352.47,353.2,25.341,1785635999999999,8955.90286,154,20.228,7148.70817,0
1785636000000000,353.18,356.12,353.18,355.9,101.689,1785639599999999,36038.76118,411,81.718,28952.93965,0
1785639600000000,355.99,356.12,355.33,355.83,8.136,1785643199999999,2893.50844,99,3.897,1385.85752,0
1785643200000000,356.13,356.13,355.19,355.26,103.485,1785646799999999,36789.00349,100,87.552,31123.31066,0
1785646800000000,355.26,355.61,354.9,354.97,13.439,1785650399999999,4773.1979,47,4.238,1505.13698,0
1785650400000000,355.31,355.55,354.86,355.32,95.635,1785653999999999,33966.93589,299,82.379,29257.45726,0
1785654000000000,355.32,355.61,355.07,355.15,81.217,1785657599999999,28847.16353,235,71.725,25475.24574,0
1785657600000000,355.16,355.81,355.11,355.22,92.317,1785661199999999,32802.72536,243,85.181,30267.15028,0
1785661200000000,355.25,356.2,355.17,355.98,94.958,1785664799999999,33763.85639,258,84.363,29994.59051,0
1785664800000000,355.86,356.3,355.79,355.85,80.073,1785668399999999,28505.16192,237,72.95,25968.96685,0
1785668400000000,355.86,356.08,354.58,354.86,45.903,1785671999999999,16307.7489,138,22.087,7850.03509,0
1785672000000000,355.26,355.44,354.68,355.04,106.389,1785675599999999,37766.79013,290,80.456,28560.26739,0
1785675600000000,355.04,355.39,354.56,354.61,75.219,1785679199999999,26682.13222,204,58.948,20909.65897,0
1785679200000000,354.6,355.42,354.48,354.8,91.72,1785682799999999,32542.66787,267,76.023,26974.9885,0
1785682800000000,354.77,355.44,354.77,355.28,41.823,1785686399999999,14848.15333,126,41.722,14812.28469,0
1785686400000000,355.27,356.16,355.16,355.99,29.114,1785689999999999,10364.10229,117,18.767,6682.58992,0
1785690000000000,356.2,356.2,355.72,355.83,29.485,1785693599999999,10492.67723,114,15.18,5403.06551,0
1785693600000000,355.89,356.06,355.7,355.73,0.772,1785697199999999,274.70878,11,0.206,73.32405,0
1785697200000000,355.75,356.05,355.75,355.99,2.108,1785700799999999,750.29817,64,1.807,643.21322,0
1785700800000000,355.97,356.03,355.66,356.03,1.671,1785704399999999,594.73937,70,1.524,542.45105,0
1785704400000000,356.03,356.54,355.91,356.54,14.533,1785707999999999,5176.72659,170,5.536,1971.99363,0
1785708000000000,356.52,358.58,356.48,357.91,33.477,1785711599999999,11966.67374,432,18.637,6661.33644,0
1785711600000000,358.09,358.72,357.53,358.38,16.474,1785715199999999,5897.29153,228,11.875,4251.46703,0
1785715200000000,358.38,361.26,358.18,360.27,128.117,1785718799999999,46110.04384,809,71.771,25827.88695,0
1785718800000000,360.26,360.26,359.12,360.09,38.012,1785722399999999,13670.52407,428,22.259,8006.16389,0
1785722400000000,360.09,361.76,360.09,361.58,46.135,1785725999999999,16658.54125,425,20.175,7286.37288,0
1785726000000000,361.58,361.71,360.61,361.32,37.227,1785729599999999,13452.20458,387,10.384,3750.61407,0
1785729600000000,361.32,361.34,360.03,360.08,22.308,1785733199999999,8045.79184,269,14.445,5208.72001,0
1785733200000000,360.01,360.93,359.71,360.93,103.515,1785736799999999,37279.03741,354,90.912,32741.96324,0
1785736800000000,360.93,361.55,360.93,361.55,30.989,1785740399999999,11195.87636,340,13.065,4720.74317,0
1785740400000000,361.55,362.05,360.82,361.26,37.821,1785743999999999,13673.30454,261,24.485,8854.10994,0
1785744000000000,361.35,361.35,358.0,360.95,112.167,1785747599999999,40323.5393,1278,24.364,8756.22956,0
1785747600000000,361.0,362.79,360.8,362.79,42.92,1785751199999999,15515.98544,412,17.044,6159.47647,0
1785751200000000,362.49,364.39,362.17,362.74,94.354,1785754799999999,34298.0159,573,54.143,19689.19392,0
1785754800000000,363.15,363.55,362.3,362.3,74.717,1785758399999999,27122.36229,360,26.219,9520.6552,0
1785758400000000,362.38,364.08,361.59,363.33,322.907,1785761999999999,117118.27878,1282,89.596,32499.99562,0
1785762000000000,363.43,374.5,360.93,372.01,1505.278,1785765599999999,554604.0074,5303,969.104,357235.38621,0
1785765600000000,371.93,372.8,366.66,369.44,372.805,1785769199999999,137554.17816,2044,123.452,45661.88849,0
1785769200000000,369.38,375.92,368.75,375.03,193.187,1785772799999999,71649.39539,946,139.347,51628.80506,0
1785772800000000,375.03,376.88,374.75,376.4,114.549,1785776399999999,43044.05273,933,52.257,19632.3512,0
1785776400000000,376.24,376.24,374.48,374.49,199.338,1785779999999999,74878.61195,439,110.434,41482.54039,0
1785780000000000,374.49,376.14,373.92,376.14,24.545,1785783599999999,9197.5556,263,14.755,5532.41661,0
1785783600000000,375.79,375.79,373.76,373.84,41.318,1785787199999999,15464.99678,212,25.743,9632.11866,0
1785787200000000,373.62,373.77,371.85,372.1,42.69,1785790799999999,15937.37331,145,28.435,10622.47561,0
1785790800000000,372.09,372.36,371.51,371.55,7.261,1785794399999999,2699.09744,44,4.796,1782.43265,0
1785794400000000,371.54,373.14,371.54,372.41,46.175,1785797999999999,17190.14032,206,23.806,8862.22955,0
1785798000000000,372.56,372.56,370.78,371.14,13.954,1785801599999999,5179.60899,85,1.608,597.00774,0
1785801600000000,371.14,372.48,370.94,372.45,9.837,1785805199999999,3655.51635,87,5.777,2146.65852,0
1785805200000000,372.49,374.75,371.88,374.1,52.039,1785808799999999,19416.70375,348,23.879,8916.08582,0
1785808800000000,374.28,374.63,373.45,374.63,50.903,1785812399999999,19032.37625,258,33.727,12610.2421,0
1785812400000000,374.56,374.91,373.89,374.91,144.896,1785815999999999,54254.07907,519,62.588,23438.83117,0
1785816000000000,374.86,374.91,374.27,374.62,38.669,1785819599999999,14483.66106,156,5.73,2147.28843,0
1785819600000000,374.62,374.77,374.15,374.3,26.498,1785823199999999,9922.65658,171,14.508,5432.65427,0
1785823200000000,374.21,374.22,372.24,372.66,46.941,1785826799999999,17538.85446,114,18.141,6783.71058,0
1785826800000000,372.71,372.96,371.53,371.65,78.023,1785830399999999,29018.503,309,70.434,26195.47108,0
1785830400000000,371.64,371.73,369.08,370.23,135.744,1785833999999999,50237.83365,691,47.072,17418.58811,0
1785834000000000,370.1,370.89,369.79,370.89,72.115,1785837599999999,26682.8363,245,40.013,14805.26946,0
1785837600000000,370.69,370.87,367.12,368.1,409.891,1785841199999999,150762.18066,462,52.289,19261.39215,0
1785841200000000,368.56,369.22,366.48,368.33,90.053,1785844799999999,33117.21201,634,43.693,16064.17696,0
1785844800000000,368.39,369.39,367.53,368.63,181.362,1785848399999999,66775.66837,447,23.868,8791.76519,0
1785848400000000,368.34,376.41,366.57,375.72,457.228,1785851999999999,170268.97996,1648,204.238,75930.35572,0
1785852000000000,375.9,378.39,374.62,376.03,492.767,1785855599999999,185304.58448,2777,91.621,34495.47316,0
1785855600000000,376.09,378.4,375.56,375.85,144.266,1785859199999999,54347.01315,995,68.005,25665.60033,0
1785859200000000,375.85,378.03,375.53,376.86,59.21,1785862799999999,22291.86304,643,39.585,14902.76347,0
1785862800000000,376.93,379.33,376.8,378.98,496.369,1785866399999999,187705.11953,4987,441.234,166886.00637,0
1785866400000000,378.85,380.46,378.62,379.95,92.386,1785869999999999,35099.84977,594,66.465,25259.00099,0
1785870000000000,379.55,380.62,377.61,377.62,296.202,1785873599999999,112265.26062,4200,140.321,53225.05824,0
1785873600000000,377.84,380.91,376.79,380.41,428.687,1785877199999999,162172.69826,4510,339.382,128405.83236,0
1785877200000000,380.39,380.81,378.77,379.52,75.583,1785880799999999,28671.91348,830,51.338,19471.25486,0
1785880800000000,379.57,380.2,379.57,379.79,16.815,1785884399999999,6387.61808,182,9.037,3432.35102,0
1785884400000000,379.73,380.05,379.19,379.54,24.164,1785887999999999,9170.31331,204,7.2,2732.11443,0
1785888000000000,379.31,379.55,377.92,378.0,37.456,1785891599999999,14194.61153,414,14.818,5614.50224,0
1785891600000000,378.0,379.97,377.92,379.43,32.954,1785895199999999,12486.21183,220,20.07,7597.48609,0
1785895200000000,379.38,380.2,379.2,380.2,20.825,1785898799999999,7909.20826,191,11.845,4498.69336,0
1785898800000000,380.2,380.45,379.83,379.83,11.823,1785902399999999,4494.26944,85,2.715,1032.39389,0
1785902400000000,379.99,380.17,379.48,379.86,10.448,1785905999999999,3968.35543,63,4.883,1854.7609,0
1785906000000000,379.71,379.9,379.16,379.9,14.536,1785909599999999,5516.06429,116,6.647,2522.64236,0
1785909600000000,380.0,380.2,380.0,380.2,8.693,1785913199999999,3304.55569,96,5.863,2228.92509,0
1785913200000000,380.2,380.76,380.2,380.72,45.531,1785916799999999,17319.91951,347,44.786,17036.5538,0
1785916800000000,380.64,382.19,379.53,381.22,43.776,1785920399999999,16671.37963,582,22.521,8580.02544,0
1785920400000000,381.48,383.44,381.48,382.42,82.193,1785923999999999,31451.91452,351,32.559,12447.47161,0
1785924000000000,382.44,383.34,382.4,382.88,36.595,1785927599999999,14010.14034,334,19.736,7556.53746,0
1785927600000000,383.09,383.46,381.43,382.68,55.424,1785931199999999,21175.30201,416,33.784,12902.44903,0
1785931200000000,382.76,384.26,382.2,382.66,98.273,1785934799999999,37656.69102,751,40.286,15431.05221,0
1785934800000000,382.72,384.59,378.0,379.44,646.585,1785938399999999,246460.21907,5355,171.847,65568.20957,0
1785938400000000,379.47,382.69,378.0,380.73,510.627,1785941999999999,194057.48684,2310,197.699,75163.3972,0
1785942000000000,381.41,381.89,375.77,375.77,112.795,1785945599999999,42596.30525,485,65.259,24612.8665,0
1785945600000000,375.78,376.05,357.05,365.19,1772.328,1785949199999999,644710.57685,6461,798.802,290803.82708,0
1785949200000000,364.72,364.72,361.42,363.63,166.121,1785952799999999,60249.09889,448,101.246,36741.10518,0
1785952800000000,363.57,365.1,361.32,362.04,64.383,1785956399999999,23396.20688,351,36.423,13235.54092,0
1785956400000000,361.55,363.84,361.41,362.67,465.077,1785959999999999,168680.35836,1773,283.991,103039.51482,0
1785960000000000,362.77,363.99,362.03,363.19,158.812,1785963599999999,57607.86981,673,83.824,30423.84446,0
1785963600000000,362.94,363.39,362.41,363.38,74.885,1785967199999999,27166.05288,240,23.39,8493.03066,0
1785967200000000,363.38,365.51,363.38,364.55,25.923,1785970799999999,9450.23394,120,14.638,5333.01654,0
1785970800000000,364.6,365.46,364.5,365.16,69.49,1785974399999999,25367.11716,342,30.11,10993.77048,0
1785974400000000,365.28,365.66,364.42,364.42,96.329,1785977999999999,35162.08667,808,55.717,20347.05033,0
1785978000000000,364.42,365.5,363.82,365.27,98.079,1785981599999999,35787.43507,482,27.185,9912.81228,0
1785981600000000,365.03,365.51,364.92,364.92,49.854,1785985199999999,18212.04877,343,38.331,14002.92807,0
1785985200000000,364.94,365.25,364.7,364.97,13.876,1785988799999999,5063.84865,138,7.585,2768.10193,0
1785988800000000,364.93,365.3,364.64,365.06,28.307,1785992399999999,10331.25656,331,16.618,6065.78489,0
1785992400000000,364.98,365.32,364.62,365.32,184.035,1785995999999999,67164.8628,191,173.452,63303.6337,0
1785996000000000,365.21,365.32,364.43,364.53,10.678,1785999599999999,3897.11974,148,2.355,859.44332,0
1785999600000000,364.85,365.32,364.46,365.22,21.831,1786003199999999,7967.15046,72,9.639,3518.79303,0
1786003200000000,365.1,367.5,364.28,365.8,148.313,1786006799999999,54239.3646,1331,84.927,31046.62774,0
1786006800000000,365.5,365.75,364.52,365.22,91.655,1786010399999999,33464.53306,717,56.358,20580.05856,0
1786010400000000,365.06,365.34,364.43,365.0,171.141,1786013999999999,62447.87903,1238,77.866,28418.50986,0
1786014000000000,365.0,365.58,361.28,361.71,341.56,1786017599999999,124090.80553,1996,147.402,53511.47898,0
1786017600000000,361.67,362.23,360.15,361.05,451.274,1786021199999999,162834.96947,1649,311.931,112539.3082,0
1786021200000000,360.83,364.61,359.32,363.72,758.853,1786024799999999,274603.43227,1929,527.656,191041.31137,0
1786024800000000,363.59,363.88,359.89,362.35,416.923,1786028399999999,150746.4089,1130,157.704,57051.15201,0
1786028400000000,362.45,362.63,359.3,360.01,339.184,1786031999999999,122225.63923,633,96.197,34657.92786,0
1786032000000000,360.01,360.3,358.0,358.96,597.81,1786035599999999,214880.50248,1798,196.199,70539.81129,0
1786035600000000,358.9,359.34,358.0,358.2,458.097,1786039199999999,164257.99764,1969,259.896,93212.79338,0
1786039200000000,358.1,358.35,357.37,357.92,472.432,1786042799999999,169094.24325,2061,264.083,94538.06318,0
1786042800000000,357.92,358.89,357.44,358.35,560.279,1786046399999999,200677.47965,2147,270.068,96742.79182,0
1786046400000000,358.36,359.31,358.16,358.53,38.865,1786049999999999,13938.62245,97,22.224,7971.02195,0
1786050000000000,358.67,359.25,358.66,358.98,109.603,1786053599999999,39344.45078,132,88.012,31595.115,0
1786053600000000,358.95,359.35,358.83,359.07,25.202,1786057199999999,9049.50669,41,12.26,4403.77225,0
1786057200000000,359.13,359.34,359.11,359.2,33.965,1786060799999999,12200.79024,67,17.102,6143.40713,0
1786060800000000,359.43,359.95,359.14,359.47,158.557,1786064399999999,57011.14903,632,106.042,38131.17538,0
1786064400000000,359.45,359.54,359.0,359.07,376.129,1786067999999999,135094.92109,359,355.832,127807.10485,0
1786068000000000,359.37,359.48,359.0,359.07,59.795,1786071599999999,21474.54391,101,38.857,13954.43465,0
1786071600000000,359.0,359.21,358.59,359.21,131.532,1786075199999999,47208.39438,169,97.147,34866.9539,0
1786075200000000,358.8,359.15,358.2,358.88,54.998,1786078799999999,19729.26494,105,35.776,12834.40622,0
1786078800000000,359.17,359.37,358.87,359.02,79.907,1786082399999999,28690.54802,79,65.02,23346.06409,0
1786082400000000,358.91,359.56,358.85,359.3,91.291,1786085999999999,32802.09503,97,81.623,29327.65616,0
1786086000000000,359.28,360.07,359.26,359.74,109.04,1786089599999999,39214.52753,174,67.44,24248.32928,0
1786089600000000,359.68,359.78,357.71,359.23,612.687,1786093199999999,219860.09571,821,496.363,178116.94773,0
1786093200000000,359.19,359.33,358.65,358.73,419.267,1786096799999999,150514.50071,815,344.208,123572.24758,0
1786096800000000,358.75,359.21,358.65,358.8,475.465,1786100399999999,170608.17777,928,428.08,153600.90902,0
1786100400000000,358.79,359.4,358.52,358.52,401.774,1786103999999999,144209.44336,703,268.573,96408.16111,0
1786104000000000,358.46,359.21,357.55,359.21,911.52,1786107599999999,326707.91348,954,728.645,261173.60374,0
1786107600000000,359.14,359.39,355.27,356.52,2436.035,1786111199999999,870860.3823,1930,1499.669,536363.29809,0
1786111200000000,356.48,356.95,354.3,355.91,1048.809,1786114799999999,372893.14068,1018,780.253,277398.23406,0
1786114800000000,355.91,357.75,355.32,356.36,409.147,1786118399999999,146049.08447,521,252.085,90002.4849,0
1786118400000000,356.36,356.36,354.83,355.83,322.412,1786121999999999,114739.2579,390,248.089,88292.73917,0
1786122000000000,355.84,355.84,354.89,355.61,96.659,1786125599999999,34349.87985,156,52.643,18708.09292,0
1786125600000000,355.61,355.71,354.31,354.75,124.775,1786129199999999,44273.88542,220,57.796,20494.49865,0
1786129200000000,354.83,355.88,354.52,354.77,399.625,1786132799999999,142006.73944,614,180.173,64024.87996,0
1786132800000000,354.73,355.04,354.68,354.75,219.846,1786136399999999,78025.57717,193,69.62,24703.41707,0
1786136400000000,354.91,355.44,354.9,355.0,95.717,1786139999999999,33991.8326,118,70.676,25099.92074,0
1786140000000000,355.01,355.06,354.83,354.83,15.316,1786143599999999,5436.13758,24,10.184,3614.3321,0
1786143600000000,354.96,355.28,354.84,355.26,272.268,1786147199999999,96683.98743,103,268.904,95489.85055,0
1786147200000000,355.26,355.34,355.08,355.34,20.962,1786150799999999,7445.71213,71,11.487,4080.18186,0
1786150800000000,355.38,355.61,355.38,355.45,23.842,1786154399999999,8476.33028,88,13.058,4642.18681,0
1786154400000000,355.48,355.7,355.12,355.57,56.018,1786157999999999,19902.77206,95,7.702,2737.89605,0
1786158000000000,355.57,356.62,355.57,356.35,109.244,1786161599999999,38920.08735,350,62.901,22404.6932,0
1786161600000000,356.37,356.62,355.46,355.85,46.373,1786165199999999,16504.11749,170,15.559,5537.07914,0
1786165200000000,355.85,356.28,355.13,355.27,44.466,1786168799999999,15818.72538,93,17.735,6312.06658,0
1786168800000000,355.31,355.68,355.09,355.52,56.552,1786172399999999,20097.82068,94,11.682,4152.63875,0
1786172400000000,355.64,355.87,354.9,355.45,58.025,1786175999999999,20623.46831,194,19.164,6812.17445,0
1786176000000000,355.4,356.05,355.4,356.05,11.99,1786179599999999,4264.78641,23,5.262,1871.70284,0
1786179600000000,355.96,356.26,355.91,355.95,55.571,1786183199999999,19786.03527,121,23.301,8295.42673,0
1786183200000000,355.99,356.05,355.8,355.85,12.313,1786186799999999,4382.88621,75,5.726,2037.95141,0
1786186800000000,355.85,356.14,355.57,355.7,108.798,1786190399999999,38713.03084,289,58.695,20886.86223,0
1786190400000000,355.64,356.2,355.14,355.81,53.226,1786193999999999,18928.45789,191,14.421,5132.43857,0
1786194000000000,355.81,356.17,355.49,355.54,89.896,1786197599999999,31989.39912,236,50.201,17864.16809,0
1786197600000000,355.61,355.84,354.85,355.66,131.299,1786201199999999,46650.24072,201,47.406,16850.55064,0
1786201200000000,355.63,356.6,355.57,356.21,36.671,1786204799999999,13061.11451,124,15.916,5667.09793,0
1786204800000000,356.18,356.38,355.86,356.29,33.679,1786208399999999,11998.28523,89,9.06,3227.28631,0
1786208400000000,356.3,356.79,356.03,356.69,52.276,1786211999999999,18633.24432,146,23.778,8477.90026,0
1786212000000000,356.67,356.84,356.14,356.41,26.789,1786215599999999,9550.71992,56,6.308,2248.03877,0
1786215600000000,356.44,356.74,356.2,356.52,19.956,1786219199999999,7113.76625,93,9.214,3284.46739,0
1786219200000000,356.6,356.88,356.31,356.53,25.52,1786222799999999,9100.26448,89,12.005,4281.56841,0
1786222800000000,356.29,356.39,355.89,356.1,15.851,1786226399999999,5644.55806,50,4.635,1650.65281,0
1786226400000000,356.17,356.17,355.96,356.11,4.104,1786229999999999,1461.23026,12,0.987,351.47895,0
1786230000000000,356.21,357.9,356.21,357.9,23.35,1786233599999999,8340.45569,74,20.238,7228.22541,0
1786233600000000,357.46,357.53,355.98,355.98,24.31,1786237199999999,8673.94977,110,4.361,1556.63459,0
1786237200000000,356.49,356.87,356.26,356.65,36.642,1786240799999999,13071.02721,149,32.249,11504.71248,0
1786240800000000,356.65,357.07,356.3,356.85,48.756,1786244399999999,17395.9685,195,29.275,10449.6092,0
1786244400000000,357.01,357.01,356.74,356.9,21.523,1786247999999999,7678.81911,38,19.195,6847.94555,0
1786248000000000,356.89,356.89,356.63,356.84,7.583,1786251599999999,2705.28887,15,1.617,577.02962,0
1786251600000000,356.64,357.23,356.64,357.23,9.769,1786255199999999,3488.29027,32,3.75,1339.19454,0
1786255200000000,357.24,357.59,356.7,357.59,51.056,1786258799999999,18238.87427,168,38.925,13907.71992,0
1786258800000000,357.74,357.96,357.14,357.29,175.934,1786262399999999,62915.25415,343,5.459,1951.81804,0
1786262400000000,357.4,358.05,357.16,357.51,69.245,1786265999999999,24751.95945,172,7.93,2836.83635,0
1786266000000000,357.61,357.98,357.53,357.74,42.291,1786269599999999,15134.52523,87,32.507,11633.32244,0
1786269600000000,357.74,357.91,357.7,357.75,20.382,1786273199999999,7291.89928,105,12.305,4402.1082,0
1786273200000000,357.93,357.94,357.5,357.68,17.452,1786276799999999,6239.85799,37,3.058,1093.58187,0
1786276800000000,357.8,357.8,357.5,357.55,30.642,1786280399999999,10955.88047,45,2.387,853.72269,0
1786280400000000,357.56,357.87,357.5,357.51,80.706,1786283999999999,28855.90522,180,20.107,7190.45282,0
1786284000000000,357.51,357.79,357.5,357.75,16.605,1786287599999999,5939.07108,62,8.593,3073.78258,0
1786287600000000,357.75,357.99,357.5,357.82,33.404,1786291199999999,11945.34697,38,1.568,561.11013,0
1786291200000000,357.99,358.52,357.99,358.45,27.586,1786294799999999,9881.52793,65,11.701,4191.92309,0
1786294800000000,358.69,358.69,357.87,358.38,16.162,1786298399999999,5788.43693,46,1.385,496.23683,0
1786298400000000,358.34,358.72,358.0,358.72,5.26,1786301999999999,1884.22201,18,1.668,597.45043,0
1786302000000000,358.54,359.16,358.45,359.08,8.075,1786305599999999,2898.78614,31,4.44,1593.95567,0
1786305600000000,359.24,359.36,359.14,359.34,3.229,1786309199999999,1160.01591,25,0.571,205.1465,0
1786309200000000,359.08,359.44,358.03,358.18,22.848,1786312799999999,8194.73782,82,9.371,3358.7473,0
1786312800000000,358.0,358.82,357.06,357.06,182.721,1786316399999999,65414.08476,205,15.269,5467.99567,0
1786316400000000,357.09,357.45,356.66,356.95,18.908,1786319999999999,6752.66077,89,10.312,3683.49838,0
1786320000000000,357.01,357.01,355.47,355.89,199.389,1786323599999999,70955.19873,351,117.882,41942.58177,0
1786323600000000,355.79,356.28,355.66,356.19,34.854,1786327199999999,12408.56938,114,21.098,7511.46734,0
1786327200000000,356.1,356.85,356.1,356.47,11.795,1786330799999999,4203.32045,44,7.778,2771.19765,0
1786330800000000,356.32,356.32,355.99,356.0,24.586,1786334399999999,8753.43258,82,2.64,940.28919,0
1786334400000000,356.12,356.37,356.0,356.26,221.175,1786337999999999,78767.68602,787,173.384,61748.4321,0
1786338000000000,356.24,356.88,356.21,356.54,233.751,1786341599999999,83345.57477,737,164.743,58744.64941,0
1786341600000000,356.62,356.92,356.53,356.88,55.605,1786345199999999,19831.62314,105,25.224,8996.81493,0
1786345200000000,356.54,356.87,356.33,356.71,23.992,1786348799999999,8557.75452,87,13.48,4808.46666,0
1786348800000000,356.72,357.05,356.0,357.01,111.808,1786352399999999,39863.36982,254,86.917,30987.76312,0
1786352400000000,357.11,357.6,356.65,356.98,181.859,1786355999999999,64929.54386,361,170.729,60954.78606,0
1786356000000000,356.96,358.19,356.96,357.31,99.798,1786359599999999,35676.26665,200,85.493,30560.92343,0
1786359600000000,357.4,358.12,356.79,357.51,193.212,1786363199999999,69077.59168,284,102.672,36720.24638,0
1786363200000000,357.52,358.31,356.56,356.6,229.032,1786366799999999,81891.09831,294,89.218,31913.27865,0
1786366800000000,356.68,357.0,353.25,354.54,781.688,1786370399999999,277907.77819,1067,458.87,163118.02998,0
1786370400000000,354.59,357.75,353.89,354.52,533.849,1786373999999999,189809.22579,892,350.209,124460.73506,0
1786374000000000,354.41,355.49,354.0,354.87,232.106,1786377599999999,82278.84996,483,171.812,60902.65528,0
1786377600000000,354.84,355.22,354.31,354.76,301.143,1786381199999999,106821.01552,345,250.29,88787.65528,0
1786381200000000,354.91,355.25,354.49,354.64,62.579,1786384799999999,22201.99565,175,40.561,14390.22237,0
1786384800000000,354.73,356.5,354.61,356.08,18.224,1786388399999999,6480.45559,90,16.314,5801.30287,0
1786388400000000,356.3,357.83,355.14,357.83,215.102,1786391999999999,76679.84378,346,173.967,62054.3938,0
1786392000000000,357.33,357.71,356.74,357.21,24.98,1786395599999999,8922.23271,133,9.849,3518.6312,0
1786395600000000,357.18,357.75,357.18,357.39,8.772,1786399199999999,3135.73213,79,4.498,1607.96091,0
1786399200000000,357.44,357.5,356.94,356.97,12.778,1786402799999999,4564.37704,37,5.289,1889.15751,0
1786402800000000,357.1,357.11,356.4,356.4,11.636,1786406399999999,4151.82383,60,1.447,516.62852,0
1786406400000000,356.88,357.69,356.47,357.65,26.755,1786409999999999,9558.60343,89,19.967,7134.47933,0
1786410000000000,357.5,357.94,357.46,357.79,16.969,1786413599999999,6070.6203,72,7.776,2782.16813,0
1786413600000000,357.8,358.29,357.76,358.21,24.424,1786417199999999,8743.79913,90,17.159,6143.27333,0
1786417200000000,358.22,358.31,358.04,358.21,10.35,1786420799999999,3706.1941,64,0.232,83.10372,0
1786420800000000,358.02,358.11,357.83,357.86,18.819,1786424399999999,6737.2952,53,13.612,4873.31092,0
1786424400000000,357.74,358.04,357.6,357.73,97.072,1786427999999999,34726.52379,757,31.097,11126.4941,0
1786428000000000,357.73,358.2,356.95,357.13,419.887,1786431599999999,150069.88377,3637,97.648,34909.91131,0
1786431600000000,357.25,357.58,356.95,357.03,377.329,1786435199999999,134795.65139,2793,142.138,50777.46755,0
1786435200000000,357.1,357.25,356.17,356.85,310.135,1786438799999999,110606.97967,4593,70.391,25104.7191,0
1786438800000000,356.81,357.31,356.57,357.0,189.004,1786442399999999,67469.81021,1751,86.381,30837.39955,0
1786442400000000,356.95,357.93,356.74,357.52,135.455,1786445999999999,48404.6018,590,74.216,26524.05961,0
1786446000000000,357.49,358.21,357.13,357.32,187.717,1786449599999999,67156.28445,1715,66.146,23668.24449,0
1786449600000000,357.36,357.71,356.72,356.89,22.921,1786453199999999,8186.15974,94,9.095,3247.97537,0
1786453200000000,356.88,357.0,350.06,351.95,721.666,1786456799999999,255068.32332,1583,243.667,86138.75016,0
1786456800000000,351.33,353.06,351.08,352.82,325.095,1786460399999999,114512.79533,529,222.016,78221.76754,0
1786460400000000,352.77,352.9,349.7,350.22,536.441,1786463999999999,188029.36389,990,80.522,28295.7344,0
1786464000000000,350.25,350.66,348.54,348.54,135.908,1786467599999999,47567.77108,309,71.495,25035.1257,0
1786467600000000,348.5,348.63,347.0,347.76,160.042,1786471199999999,55668.96644,318,121.165,42153.07579,0
1786471200000000,347.76,347.85,345.04,345.18,912.674,1786474799999999,316576.72386,774,630.861,219115.27101,0
1786474800000000,345.14,345.58,343.95,344.27,508.429,1786478399999999,175165.38554,588,395.599,136258.96619,0
1786478400000000,344.28,345.51,343.98,345.43,283.669,1786481999999999,97870.92977,149,278.593,96118.93837,0
1786482000000000,345.46,345.46,345.19,345.36,336.676,1786485599999999,116279.65769,185,329.731,113881.11289,0
1786485600000000,345.28,346.29,345.23,345.6,366.816,1786489199999999,126772.9431,741,339.755,117413.1619,0
1786489200000000,345.6,345.75,345.48,345.61,312.982,1786492799999999,108164.45116,519,291.468,100729.50299,0
1786492800000000,345.77,346.61,345.59,346.0,584.851,1786496399999999,202308.04086,525,550.893,190555.90643,0
1786496400000000,345.97,346.17,345.19,345.82,227.516,1786499999999999,78626.62825,184,167.957,58046.77677,0
1786500000000000,345.88,346.23,345.8,345.83,267.417,1786503599999999,92494.66488,407,103.704,35880.12455,0
1786503600000000,345.92,346.02,345.72,345.73,249.311,1786507199999999,86216.926,558,49.434,17097.71688,0
1786507200000000,345.81,346.4,345.75,346.32,97.863,1786510799999999,33871.26872,734,36.094,12492.79821,0
1786510800000000,346.32,346.48,346.03,346.08,33.077,1786514399999999,11453.16673,324,10.687,3700.92251,0
1786514400000000,346.1,346.65,346.0,346.52,138.669,1786517999999999,48031.57191,677,95.879,33212.80559,0
1786518000000000,346.46,346.61,346.1,346.12,124.125,1786521599999999,43002.45598,346,80.412,27859.21367,0
1786521600000000,346.29,347.15,346.09,347.04,1618.18,1786525199999999,560974.23365,848,1547.179,536360.02591,0
1786525200000000,347.03,347.46,346.88,347.05,167.16,1786528799999999,58028.35579,231,97.796,33948.83823,0
1786528800000000,347.05,347.1,346.43,346.76,141.449,1786532399999999,49062.08145,141,31.749,11013.1146,0
1786532400000000,346.74,346.74,345.89,346.26,210.81,1786535999999999,72984.89879,221,104.066,36025.0879,0
1786536000000000,346.13,347.13,345.62,346.1,755.389,1786539599999999,261663.62297,670,396.915,137515.18023,0
1786539600000000,346.16,347.13,342.7,344.3,2304.845,1786543199999999,794263.07627,2093,1787.059,615785.10299,0
1786543200000000,344.29,345.16,342.27,343.38,1003.631,1786546799999999,344743.57291,877,747.25,256684.20795,0
1786546800000000,343.49,344.0,341.64,342.12,836.1,1786550399999999,286335.0944,857,486.364,166583.41921,0
1786550400000000,342.1,343.49,341.53,343.0,1096.402,1786553999999999,374993.71053,754,1002.901,342973.33557,0
1786554000000000,343.08,343.81,341.66,341.75,503.915,1786557599999999,172845.49095,550,389.881,133784.32025,0
1786557600000000,341.76,344.36,341.76,344.36,114.354,1786561199999999,39272.60134,86,111.456,38277.00338,0
1786561200000000,344.34,345.28,343.96,344.12,242.027,1786564799999999,83356.11203,236,163.321,56255.92707,0
1786564800000000,344.2,344.32,343.16,344.32,41.315,1786568399999999,14213.91451,127,33.908,11668.6003,0
1786568400000000,344.32,344.57,344.25,344.4,40.562,1786571999999999,13969.13889,184,27.059,9318.91088,0
1786572000000000,344.43,344.47,343.98,344.16,61.641,1786575599999999,21217.16901,138,15.108,5200.46241,0
1786575600000000,344.24,344.3,343.75,343.76,14.57,1786579199999999,5011.17762,44,3.917,1347.34922,0
1786579200000000,343.91,344.74,343.91,344.11,174.892,1786582799999999,60216.78916,277,118.994,40963.25558,0
1786582800000000,344.09,344.09,343.28,343.97,51.873,1786586399999999,17823.26967,101,26.284,9032.5278,0
1786586400000000,343.94,344.17,343.68,343.9,95.329,1786589999999999,32793.99222,102,28.171,9691.34112,0
1786590000000000,343.98,344.95,343.98,344.92,113.338,1786593599999999,39046.97143,70,109.194,37618.91823,0
1786593600000000,344.91,345.0,344.38,344.79,7.019,1786597199999999,2420.08168,19,1.636,564.19236,0
1786597200000000,344.85,345.4,344.79,344.79,17.934,1786600799999999,6189.46488,53,9.853,3400.63097,0
1786600800000000,344.61,344.7,344.26,344.27,18.223,1786604399999999,6278.81056,31,13.934,4801.08797,0
1786604400000000,344.56,345.1,344.56,344.65,42.319,1786607999999999,14596.61111,66,39.977,13789.16373,0
1786608000000000,344.71,346.29,344.65,345.99,535.658,1786611599999999,185275.1625,428,494.227,170944.37395,0
1786611600000000,346.05,346.49,345.71,346.0,828.709,1786615199999999,286816.79212,420,819.852,283751.54426,0
1786615200000000,346.01,346.24,345.36,345.39,207.792,1786618799999999,71875.94166,196,168.786,58388.29754,0
1786618800000000,345.35,345.69,345.12,345.43,325.944,1786622399999999,112581.76241,316,305.254,105437.91118,0
1786622400000000,345.5,345.88,345.35,345.62,216.732,1786625999999999,74911.85371,294,203.648,70390.12192,0
1786626000000000,345.65,346.67,344.38,345.99,1214.948,1786629599999999,420024.93034,1308,873.198,301813.32669,0
1786629600000000,345.91,348.35,345.7,346.7,1325.242,1786633199999999,459600.05689,748,1141.627,395945.29593,0
1786633200000000,346.65,346.86,344.57,345.4,1367.48,1786636799999999,472252.78765,743,1167.74,403244.19432,0
1786636800000000,345.37,347.0,345.2,346.63,411.773,1786640399999999,142439.66572,321,324.441,112189.89453,0
1786640400000000,346.52,347.23,345.82,346.21,411.033,1786643999999999,142374.13806,287,337.445,116881.96423,0
1786644000000000,346.26,347.0,346.13,346.29,91.973,1786647599999999,31882.05782,98,75.842,26291.13594,0
1786647600000000,346.22,347.47,346.06,346.69,92.509,1786651199999999,32076.00762,181,57.999,20115.55193,0
1786651200000000,346.65,347.06,346.54,346.6,34.589,1786654799999999,11994.22288,87,4.742,1644.3551,0
1786654800000000,346.89,346.98,346.67,346.68,55.629,1786658399999999,19298.60124,30,52.597,18247.22385,0
1786658400000000,346.63,346.79,346.42,346.79,94.277,1786661999999999,32675.49109,267,49.563,17179.80853,0
1786662000000000,346.83,347.22,346.77,346.87,65.559,1786665599999999,22742.63094,208,48.713,16900.39264,0
1786665600000000,346.67,347.48,346.57,346.59,43.022,1786669199999999,14936.63763,315,25.743,8939.30404,0
1786669200000000,346.52,346.93,346.32,346.93,8.637,1786672799999999,2993.42654,43,5.625,1950.19184,0
1786672800000000,346.78,347.07,346.5,346.5,10.418,1786676399999999,3613.29457,39,5.218,1810.38862,0
1786676400000000,346.46,346.93,346.32,346.78,36.954,1786679999999999,12809.6519,85,32.589,11296.56878,0
1786680000000000,346.75,347.08,346.75,346.89,52.647,1786683599999999,18259.98186,149,42.863,14866.06378,0
1786683600000000,346.99,346.99,346.7,346.7,107.334,1786687199999999,37215.0849,48,21.869,7583.9616,0
1786687200000000,346.73,346.94,346.28,346.47,217.905,1786690799999999,75543.95901,159,25.695,8911.91064,0
1786690800000000,346.56,346.95,346.56,346.87,39.035,1786694399999999,13538.85112,204,23.761,8242.12899,0
1786694400000000,346.79,348.18,346.79,347.5,70.456,1786697999999999,24503.22254,231,49.184,17103.03429,0
1786698000000000,347.7,347.85,347.38,347.7,71.355,1786701599999999,24798.75842,124,51.783,17997.01833,0
1786701600000000,347.54,347.62,347.14,347.36,164.637,1786705199999999,57190.89146,81,131.09,45538.15432,0
1786705200000000,347.17,347.29,346.62,347.12,165.655,1786708799999999,57494.2962,172,95.789,33247.40764,0
1786708800000000,347.31,347.74,346.8,346.87,227.218,1786712399999999,78905.31745,412,97.097,33735.27506,0
1786712400000000,346.71,350.81,346.0,348.35,1248.049,1786715999999999,435003.60628,2401,1081.082,376835.08215,0
1786716000000000,348.31,348.9,346.12,346.43,1606.313,1786719599999999,558553.81016,1994,1495.867,520218.23629,0
1786719600000000,346.43,346.6,345.25,345.92,1222.268,1786723199999999,423002.04533,1315,832.38,288004.39196,0
1786723200000000,345.9,345.93,345.2,345.3,213.768,1786726799999999,73903.42095,302,188.643,65229.18364,0
1786726800000000,345.35,345.58,344.69,345.2,402.559,1786730399999999,138863.65725,425,14.336,4948.07522,0
1786730400000000,345.18,345.97,345.02,345.97,92.021,1786733999999999,31771.3653,177,77.435,26733.88677,0
1786734000000000,346.02,346.29,345.25,346.2,142.087,1786737599999999,49119.93732,129,113.503,39228.63993,0
1786737600000000,346.19,347.6,345.82,347.3,99.18,1786741199999999,34386.44988,296,39.687,13750.16799,0
1786741200000000,347.35,347.62,347.29,347.44,8.906,1786744799999999,3094.414,17,5.744,1995.89081,0
1786744800000000,347.32,347.48,347.23,347.37,3.001,1786748399999999,1042.62673,18,0.975,338.69688,0
1786748400000000,347.52,347.79,347.45,347.75,80.457,1786751999999999,27961.58275,35,21.518,7479.42152,0
1786752000000000,347.72,348.61,347.72,348.24,8.451,1786755599999999,2943.13079,26,3.54,1232.66446,0
1786755600000000,348.02,348.3,347.96,348.14,42.642,1786759199999999,14847.32929,58,15.753,5484.75816,0
1786759200000000,348.39,348.52,347.95,348.35,30.967,1786762799999999,10787.39569,80,10.065,3506.28369,0
1786762800000000,348.41,348.52,347.98,348.52,53.609,1786766399999999,18668.06468,164,17.846,6215.20088,0
1786766400000000,348.47,348.95,348.0,348.03,94.303,1786769999999999,32859.2469,267,60.584,21114.62098,0
1786770000000000,348.06,348.37,347.91,348.06,50.282,1786773599999999,17504.50749,245,23.554,8200.44993,0
1786773600000000,348.04,348.26,347.8,348.13,57.062,1786777199999999,19855.63703,212,31.231,10867.87732,0
1786777200000000,348.08,348.28,348.0,348.17,42.574,1786780799999999,14822.21774,164,21.239,7394.81709,0
1786780800000000,348.17,348.22,347.9,348.11,8.797,1786784399999999,3062.73107,33,6.146,2139.90331,0
1786784400000000,348.1,348.48,348.1,348.48,7.493,1786787999999999,2608.86908,14,7.449,2593.54608,0
1786788000000000,348.44,348.8,348.12,348.12,18.506,1786791599999999,6450.75547,48,13.344,4652.15015,0
1786791600000000,348.18,348.27,347.65,347.74,69.393,1786795199999999,24133.64301,102,5.972,2077.77495,0
1786795200000000,347.81,347.82,346.73,347.01,81.391,1786798799999999,28244.89697,813,14.883,5166.57004,0
1786798800000000,347.37,347.52,347.34,347.4,9.625,1786802399999999,3343.78595,19,5.123,1780.00504,0
1786802400000000,347.42,347.68,347.34,347.41,33.793,1786805999999999,11743.32015,74,20.164,7008.03754,0
1786806000000000,347.46,347.47,347.15,347.42,6.195,1786809599999999,2152.00415,71,1.761,611.77757,0
1786809600000000,347.42,347.8,347.4,347.78,7.533,1786813199999999,2618.63429,80,5.91,2054.51571,0
1786813200000000,347.77,348.07,347.66,347.75,1.882,1786816799999999,654.53553,34,0.629,218.76833,0
1786816800000000,347.83,348.13,347.75,348.13,6.964,1786820399999999,2423.72074,20,6.15,2140.57188,0
1786820400000000,347.79,348.28,347.79,348.19,2.046,1786823999999999,711.7818,13,1.827,635.56254,0
1786824000000000,348.11,348.27,347.73,347.73,2.992,1786827599999999,1040.66514,12,0.309,107.589,0
1786827600000000,347.61,347.86,347.56,347.65,1.868,1786831199999999,649.42423,11,0.114,39.6492,0
1786831200000000,347.88,348.21,347.78,347.98,2.93,1786834799999999,1019.36956,15,0.776,269.96902,0
1786834800000000,347.93,348.34,347.93,348.08,16.831,1786838399999999,5859.35237,39,1.6,556.76004,0
1786838400000000,347.93,347.98,347.88,347.98,0.711,1786841999999999,247.35333,4,0.191,66.45573,0
1786842000000000,347.92,348.0,347.92,348.0,7.963,1786845599999999,2770.83412,17,6.509,2264.95844,0
1786845600000000,347.99,348.14,347.95,348.11,185.137,1786849199999999,64427.78485,805,182.468,63498.99954,0
1786849200000000,348.07,348.19,348.02,348.08,19.412,1786852799999999,6757.49783,48,8.839,3077.00383,0
1786852800000000,348.02,348.18,348.02,348.12,12.997,1786856399999999,4524.51078,32,7.279,2534.2808,0
1786856400000000,348.12,348.32,348.12,348.32,6.51,1786859999999999,2266.70107,22,5.473,1905.58494,0
1786860000000000,348.36,348.43,348.34,348.34,0.566,1786863599999999,197.18871,4,0.498,173.50159,0
1786863600000000,348.29,348.49,348.29,348.49,1.651,1786867199999999,575.11818,14,0.436,151.88284,0
1786867200000000,348.37,348.45,348.3,348.34,8.631,1786870799999999,3006.79911,36,4.971,1731.89433,0
1786870800000000,348.38,348.46,348.34,348.43,32.814,1786874399999999,11432.03128,105,22.246,7750.25994,0
1786874400000000,348.38,348.51,348.38,348.42,18.476,1786877999999999,6437.21112,82,2.59,902.48043,0
1786878000000000,348.48,348.51,348.38,348.39,44.322,1786881599999999,15441.11413,279,3.74,1303.1069,0
1786881600000000,348.43,348.46,348.38,348.46,12.712,1786885199999999,4429.05811,31,5.069,1766.28514,0
1786885200000000,348.48,348.57,348.4,348.48,17.966,1786888799999999,6260.74271,36,6.634,2312.08196,0
1786888800000000,348.5,348.53,348.48,348.5,50.569,1786892399999999,17622.55932,53,2.869,999.8465,0
1786892400000000,348.5,348.65,348.5,348.58,16.188,1786895999999999,5642.67993,57,9.71,3384.82735,0
1786896000000000,348.59,348.87,348.52,348.52,7.806,1786899599999999,2721.21759,33,1.949,679.66457,0
1786899600000000,348.49,348.67,348.48,348.65,26.451,1786903199999999,9221.04331,163,6.983,2434.62128,0
1786903200000000,348.64,348.73,348.55,348.6,4.063,1786906799999999,1416.6079,22,1.411,492.04706,0
1786906800000000,348.77,348.92,348.77,348.92,0.475,1786910399999999,165.684,7,0.448,156.2637,0
1786910400000000,348.9,348.97,348.69,348.69,8.004,1786913999999999,2791.562,15,0.344,120.03723,0
1786914000000000,348.75,349.24,348.75,349.1,5.561,1786917599999999,1941.04394,45,4.203,1466.98896,0
1786917600000000,349.15,349.72,348.86,349.72,5.042,1786921199999999,1761.64086,19,2.01,702.76918,0
1786921200000000,349.64,349.97,348.53,348.87,61.873,1786924799999999,21588.59486,130,5.451,1902.17962,0
1786924800000000,348.94,349.63,348.55,349.02,105.615,1786928399999999,36856.86516,216,65.142,22727.68943,0
1786928400000000,349.21,349.33,348.6,348.64,108.402,1786931999999999,37835.55805,134,46.288,16154.00975,0
1786932000000000,348.56,348.68,348.03,348.25,65.744,1786935599999999,22906.38286,88,7.697,2681.54196,0
1786935600000000,348.25,349.24,348.21,349.07,31.464,1786939199999999,10979.30079,92,24.621,8591.41614,0
1786939200000000,348.85,349.15,348.44,348.82,44.901,1786942799999999,15663.35088,124,27.681,9656.0662,0
1786942800000000,348.79,349.08,348.28,348.28,117.97,1786946399999999,41151.52043,391,61.311,21387.43325,0
1786946400000000,348.3,349.22,348.27,348.81,157.516,1786949999999999,54954.3193,293,101.217,35315.747,0
1786950000000000,348.8,348.8,348.02,348.49,98.648,1786953599999999,34384.87661,251,37.956,13221.26236,0
1786953600000000,348.42,348.9,348.29,348.79,90.629,1786957199999999,31596.672,160,39.041,13608.80465,0
1786957200000000,348.8,348.84,348.22,348.26,286.429,1786960799999999,99843.9399,441,175.88,61315.28741,0
1786960800000000,348.3,349.27,348.21,348.56,405.063,1786964399999999,141301.46624,1199,220.688,76983.62644,0
1786964400000000,348.41,348.68,348.0,348.0,73.655,1786967999999999,25641.94495,142,29.712,10343.9686,0
1786968000000000,348.0,348.0,346.86,347.31,364.544,1786971599999999,126632.52375,1076,208.282,72323.43138,0
1786971600000000,347.34,347.96,344.23,344.74,1695.3,1786975199999999,586124.35665,5258,1276.589,441334.62579,0
1786975200000000,344.74,345.61,342.5,343.35,1578.628,1786978799999999,543573.71649,7140,1315.716,453164.49327,0
1786978800000000,343.36,344.77,343.36,344.37,780.07,1786982399999999,268515.92277,488,710.103,244440.04076,0
1786982400000000,344.21,345.04,343.27,343.27,256.323,1786985999999999,88233.74713,233,84.089,28925.49116,0
1786986000000000,343.27,344.07,342.98,343.43,136.389,1786989599999999,46825.62729,287,63.141,21695.66526,0
1786989600000000,343.26,344.53,343.26,344.02,192.018,1786993199999999,66138.32075,84,157.124,54118.51557,0
1786993200000000,344.02,344.54,343.72,344.47,247.669,1786996799999999,85236.70701,817,230.296,79258.22352,0
1786996800000000,344.2,344.37,343.95,344.17,56.449,1787000399999999,19418.58573,351,51.104,17579.23447,0
1787000400000000,344.17,344.22,344.08,344.15,180.362,1787003999999999,62071.49203,1881,165.869,57083.98234,0
1787004000000000,344.14,344.18,343.97,344.15,18.895,1787007599999999,6501.67334,151,15.249,5247.32088,0
1787007600000000,344.14,344.28,343.93,344.23,91.157,1787011199999999,31373.07453,686,75.254,25900.81162,0
1787011200000000,344.23,344.48,344.09,344.31,98.041,1787014799999999,33756.13124,170,68.451,23568.25201,0
1787014800000000,344.17,344.63,343.16,343.31,153.133,1787018399999999,52639.12778,221,118.454,40721.96259,0
1787018400000000,343.57,343.6,342.8,343.12,140.436,1787021999999999,48201.14003,290,43.747,15012.38113,0
1787022000000000,343.12,343.69,342.3,343.35,392.694,1787025599999999,134764.38112,452,245.958,84448.8906,0
1787025600000000,343.33,343.39,342.43,343.03,166.974,1787029199999999,57286.79064,326,34.916,11980.25456,0
1787029200000000,343.02,343.02,342.72,342.93,47.459,1787032799999999,16272.43609,61,8.499,2914.61891,0
1787032800000000,342.56,343.15,342.2,343.15,49.163,1787036399999999,16835.73972,183,13.294,4553.22667,0
1787036400000000,343.06,343.22,342.44,342.44,20.51,1787039999999999,7036.01625,97,10.472,3592.98426,0
1787040000000000,342.46,343.11,342.0,343.0,585.596,1787043599999999,200662.69523,2059,343.702,117769.59089,0
1787043600000000,343.0,343.79,342.83,342.84,171.209,1787047199999999,58771.48008,748,109.197,37484.23719,0
1787047200000000,342.84,343.02,342.4,342.41,268.727,1787050799999999,92101.83464,873,199.775,68469.54606,0
1787050800000000,342.59,342.84,342.32,342.84,35.633,1787054399999999,12204.21002,92,25.109,8599.9656,0
1787054400000000,342.84,343.0,342.2,342.68,80.659,1787057999999999,27625.31461,428,64.407,22058.06116,0
1787058000000000,342.73,343.44,340.39,342.41,850.819,1787061599999999,291062.92002,1535,341.033,116688.77354,0
1787061600000000,342.36,344.47,341.88,343.15,1629.372,1787065199999999,559249.93678,10151,1312.723,450513.00659,0
1787065200000000,343.21,343.9,342.8,343.56,350.391,1787068799999999,120322.03809,505,120.762,41464.56079,0
1787068800000000,343.6,344.43,343.48,344.17,232.336,1787072399999999,79876.25095,350,176.443,60651.17471,0
1787072400000000,344.2,344.2,343.28,343.56,124.836,1787075999999999,42905.98571,297,79.93,27468.07448,0
1787076000000000,343.56,345.03,343.0,343.0,133.413,1787079599999999,45915.13064,201,70.451,24265.43009,0
1787079600000000,343.22,344.84,342.9,344.35,142.189,1787083199999999,48946.59713,295,44.298,15254.00396,0
1787083200000000,344.45,344.45,344.05,344.13,47.949,1787086799999999,16506.46232,73,38.37,13209.42712,0
1787086800000000,344.17,344.27,343.78,344.18,138.882,1787090399999999,47786.05074,121,87.207,30011.3415,0
1787090400000000,344.24,344.26,343.8,343.8,21.589,1787093999999999,7426.10613,66,5.205,1790.59119,0
1787094000000000,343.73,344.34,343.73,344.25,57.282,1787097599999999,19716.43784,86,53.033,18255.06774,0
1787097600000000,344.29,344.48,343.51,344.08,173.594,1787101199999999,59725.92259,694,94.777,32621.19972,0
1787101200000000,344.11,344.34,343.61,344.12,310.33,1787104799999999,106771.04645,1777,233.305,80278.86387,0
1787104800000000,344.09,344.12,343.5,343.5,25.646,1787108399999999,8817.49598,98,11.091,3813.97506,0
1787108400000000,343.52,343.99,343.52,343.87,72.409,1787111999999999,24900.5319,106,60.436,20784.67346,0
1787112000000000,343.86,344.12,343.55,343.55,80.096,1787115599999999,27543.63416,215,38.936,13394.24691,0
1787115600000000,343.67,344.01,343.45,343.65,57.988,1787119199999999,19928.43404,86,15.427,5303.65803,0
1787119200000000,343.71,344.18,343.38,343.89,152.382,1787122799999999,52381.69306,338,119.284,41003.80534,0
1787122800000000,343.64,343.8,343.14,343.28,94.724,1787126399999999,32515.80305,275,78.767,27036.98261,0
1787126400000000,343.33,343.6,342.11,343.29,615.404,1787129999999999,210928.21642,1491,409.21,140217.47375,0
1787130000000000,343.21,343.42,343.08,343.26,124.108,1787133599999999,42604.0125,527,85.74,29432.70242,0
1787133600000000,343.26,343.39,342.82,342.96,263.854,1787137199999999,90529.36188,893,83.847,28775.47788,0
1787137200000000,342.84,342.98,342.37,342.57,486.284,1787140799999999,166629.35823,929,458.071,156963.45519,0
1787140800000000,342.51,343.45,342.0,343.02,1204.184,1787144399999999,412734.6043,5939,1161.145,397979.96438,0
1787144400000000,343.03,344.56,341.11,342.59,1916.303,1787147999999999,656765.66112,8494,1459.982,500552.61686,0
1787148000000000,342.38,346.33,342.16,345.96,523.823,1787151599999999,180308.02299,1148,311.944,107399.4281,0
1787151600000000,346.07,346.48,344.73,345.22,684.815,1787155199999999,236518.61472,725,451.103,155782.34267,0
1787155200000000,345.22,346.96,344.36,344.42,873.476,1787158799999999,302102.60559,877,767.898,265594.02686,0
1787158800000000,344.48,344.87,343.8,343.95,55.394,1787162399999999,19082.90007,133,20.839,7179.3261,0
1787162400000000,343.98,344.88,343.6,344.59,112.269,1787165999999999,38633.96577,153,54.15,18632.98615,0
1787166000000000,344.64,345.57,344.06,344.99,725.353,1787169599999999,250223.38031,336,502.376,173338.95285,0
1787169600000000,344.98,345.43,344.83,345.04,300.204,1787173199999999,103627.49863,1081,238.217,82231.61642,0
1787173200000000,345.03,345.05,343.74,344.16,190.52,1787176799999999,65593.81407,296,69.242,23845.97593,0
1787176800000000,344.24,344.75,344.12,344.67,59.386,1787180399999999,20458.6814,85,13.584,4681.06842,0
1787180400000000,344.78,345.26,344.77,345.0,239.527,1787183999999999,82622.24751,187,144.254,49754.42831,0
1787184000000000,345.04,346.02,345.04,345.81,550.231,1787187599999999,190264.71321,365,181.237,62659.70427,0
1787187600000000,345.83,346.1,345.6,345.83,187.469,1787191199999999,64836.36637,166,22.517,7788.12526,0
1787191200000000,345.98,346.15,345.61,345.8,159.675,1787194799999999,55240.45135,126,25.894,8958.21288,0
1787194800000000,345.79,345.81,345.53,345.7,42.115,1787198399999999,14557.25219,55,36.227,12522.33962,0
1787198400000000,345.74,345.87,345.64,345.86,21.213,1787201999999999,7335.11625,23,11.814,4085.17876,0
1787202000000000,345.69,345.77,345.34,345.55,191.814,1787205599999999,66273.07759,276,135.857,46941.68993,0
1787205600000000,345.55,345.86,345.5,345.74,132.135,1787209199999999,45675.96311,218,72.709,25134.09374,0
1787209200000000,345.84,346.26,345.0,345.2,413.438,1787212799999999,142904.99522,415,251.471,86959.93372,0
1787212800000000,345.26,345.33,343.87,343.9,312.751,1787216399999999,107753.23738,350,211.258,72783.32107,0
1787216400000000,343.87,344.13,343.6,343.77,395.721,1787219999999999,136102.46436,436,196.964,67742.4936,0
1787220000000000,343.77,344.29,343.74,344.05,567.846,1787223599999999,195244.15671,780,437.224,150322.67399,0
1787223600000000,344.14,344.46,343.0,343.13,309.499,1787227199999999,106414.51406,713,188.668,64871.89064,0
1787227200000000,343.11,343.53,341.56,343.34,787.629,1787230799999999,269494.8328,1729,596.129,203944.35323,0
1787230800000000,343.37,344.26,341.65,343.42,1507.619,1787234399999999,517738.13763,1862,769.535,264264.26724,0
1787234400000000,343.39,343.53,341.37,341.69,879.213,1787237999999999,300680.77033,1836,693.129,237013.54229,0
1787238000000000,341.71,342.0,339.0,339.81,1088.132,1787241599999999,370252.15974,1290,690.604,235194.95978,0
1787241600000000,339.87,342.18,339.65,341.73,465.267,1787245199999999,158776.55211,495,426.643,145628.32433,0
1787245200000000,341.82,341.91,340.82,341.14,206.185,1787248799999999,70363.90567,537,183.38,62580.72778,0
1787248800000000,341.13,341.14,339.71,340.44,415.464,1787252399999999,141400.44254,825,378.298,128755.87892,0
1787252400000000,340.35,341.69,340.21,340.67,821.104,1787255999999999,279949.84421,438,627.858,214047.86502,0
1787256000000000,340.83,341.14,340.28,340.97,170.563,1787259599999999,58126.15449,164,154.201,52552.63068,0
1787259600000000,341.03,341.25,340.99,341.23,243.659,1787263199999999,83092.30867,156,231.796,79045.68973,0
1787263200000000,341.29,341.4,341.11,341.31,22.379,1787266799999999,7637.39626,158,11.824,4035.22763,0
1787266800000000,341.27,341.27,340.98,341.03,28.746,1787270399999999,9805.4471,171,10.604,3617.27043,0
1787270400000000,341.04,341.41,340.98,341.37,167.603,1787273999999999,57194.80052,309,88.691,30261.73758,0
1787274000000000,341.37,341.5,340.94,341.12,142.541,1787277599999999,48647.66063,175,9.515,3247.10051,0
1787277600000000,341.19,341.73,341.19,341.73,20.501,1787281199999999,7001.73365,48,10.433,3563.29075,0
1787281200000000,341.73,341.73,341.0,341.08,125.725,1787284799999999,42900.75014,154,50.957,17392.93846,0
1787284800000000,341.19,341.33,341.02,341.04,104.825,1787288399999999,35773.07105,80,81.191,27711.33623,0
1787288400000000,341.11,341.33,341.02,341.33,131.426,1787291999999999,44855.04629,183,108.241,36944.85573,0
1787292000000000,341.33,341.83,341.29,341.64,70.249,1787295599999999,23995.53379,675,59.315,20261.70675,0
1787295600000000,341.68,342.11,341.57,341.67,57.741,1787299199999999,19738.35502,630,26.624,9102.99926,0
1787299200000000,341.78,343.36,341.77,342.89,258.562,1787302799999999,88579.062,345,225.328,77191.84419,0
1787302800000000,342.71,343.25,342.41,342.99,93.45,1787306399999999,32050.81403,121,26.049,8935.98071,0
1787306400000000,343.14,343.32,342.8,342.8,230.32,1787309999999999,79022.72103,162,14.23,4883.06747,0
1787310000000000,342.67,343.26,342.47,343.1,50.486,1787313599999999,17309.92126,66,24.841,8513.27324,0
1787313600000000,343.07,343.64,342.85,343.33,27.447,1787317199999999,9421.74334,68,11.655,4002.9866,0
1787317200000000,343.31,343.32,340.74,341.86,737.497,1787320799999999,252238.68242,770,343.689,117536.19605,0
1787320800000000,341.96,344.88,341.81,344.41,368.682,1787324399999999,126524.17428,467,196.607,67388.52642,0
1787324400000000,344.53,345.56,343.89,344.98,196.4,1787327999999999,67720.09698,182,132.372,45628.96019,0
1787328000000000,344.97,346.08,343.86,346.05,247.628,1787331599999999,85409.33791,267,159.956,55198.14989,0
1787331600000000,346.09,346.31,344.9,344.9,1138.504,1787335199999999,393532.97366,610,930.365,321619.11039,0
1787335200000000,344.79,345.21,344.53,345.18,168.224,1787338799999999,58035.75992,125,107.737,37184.18538,0
1787338800000000,345.5,346.0,344.4,345.02,441.039,1787342399999999,152328.44933,720,169.561,58659.32156,0
1787342400000000,344.79,345.1,344.17,344.96,71.941,1787345999999999,24792.25629,125,27.357,9428.59716,0
1787346000000000,344.79,345.3,344.79,345.16,14.128,1787349599999999,4875.27115,25,6.043,2084.94705,0
1787349600000000,345.3,345.38,345.01,345.05,14.311,1787353199999999,4940.81059,43,1.57,541.96028,0
1787353200000000,345.08,345.16,344.94,345.06,35.573,1787356799999999,12275.47938,133,22.743,7848.15521,0
1787356800000000,345.06,345.15,344.49,344.88,75.27,1787360399999999,25962.97598,173,2.069,713.6386,0
1787360400000000,344.88,344.9,344.48,344.48,109.657,1787363999999999,37811.27531,237,39.077,13477.21234,0
1787364000000000,344.52,344.87,344.52,344.65,18.522,1787367599999999,6384.95148,107,5.142,1772.47979,0
1787367600000000,344.69,344.74,343.93,344.07,29.278,1787371199999999,10085.70201,60,4.847,1669.88544,0
1787371200000000,344.0,344.02,342.61,342.92,41.682,1787374799999999,14310.51415,142,5.601,1922.25057,0
1787374800000000,343.05,343.81,342.75,343.06,266.965,1787378399999999,91598.94867,624,113.065,38807.4783,0
1787378400000000,343.0,343.42,342.56,343.26,63.735,1787381999999999,21857.7309,302,17.582,6034.97444,0
1787382000000000,343.33,343.99,343.04,343.38,82.984,1787385599999999,28488.75704,342,9.42,3235.821,0
1787385600000000,343.33,343.48,342.85,343.12,28.202,1787389199999999,9684.44661,199,2.738,939.6089,0
1787389200000000,343.15,343.38,342.98,343.01,21.885,1787392799999999,7511.74885,133,4.113,1411.71597,0
1787392800000000,343.03,343.51,342.77,343.28,24.461,1787396399999999,8400.94834,128,16.418,5638.83709,0
1787396400000000,343.29,343.36,342.66,343.06,85.875,1787399999999999,29466.0145,208,3.503,1202.17804,0
1787400000000000,343.04,343.38,342.96,343.35,127.026,1787403599999999,43608.33113,324,32.318,11096.68913,0
1787403600000000,343.31,343.67,343.31,343.63,58.253,1787407199999999,20004.68612,135,47.575,16336.76222,0
1787407200000000,343.51,343.73,343.3,343.36,2.764,1787410799999999,949.40883,17,0.77,264.47891,0
1787410800000000,343.27,343.27,342.72,342.86,18.218,1787414399999999,6248.55807,34,13.374,4586.63441,0
1787414400000000,342.84,343.25,342.76,343.13,15.977,1787417999999999,5477.4874,35,14.989,5138.57904,0
1787418000000000,343.3,343.86,343.21,343.79,6.813,1787421599999999,2340.95233,39,1.309,449.4217,0
1787421600000000,343.91,344.2,343.91,343.99,47.492,1787425199999999,16345.65373,50,41.856,14406.77526,0
1787425200000000,344.14,344.2,344.14,344.19,13.649,1787428799999999,4697.88921,18,11.632,4003.72448,0
1787428800000000,344.2,344.42,344.14,344.42,53.927,1787432399999999,18565.52903,61,49.44,17021.1921,0
1787432400000000,344.45,344.52,343.91,344.1,14.073,1787435999999999,4845.61585,51,5.746,1978.47803,0
1787436000000000,344.09,344.38,343.95,344.37,7.284,1787439599999999,2507.58977,21,4.337,1493.08765,0
1787439600000000,344.31,344.5,344.29,344.5,76.797,1787443199999999,26455.36115,57,68.872,23726.13171,0
1787443200000000,344.49,344.56,344.15,344.15,36.111,1787446799999999,12438.90973,40,16.382,5643.57071,0
1787446800000000,344.01,344.01,343.61,343.79,14.713,1787450399999999,5058.31218,33,6.561,2255.34353,0
1787450400000000,343.89,344.34,343.83,344.28,13.605,1787453999999999,4681.89844,39,8.412,2895.04033,0
1787454000000000,344.33,344.33,344.03,344.03,9.231,1787457599999999,3177.1325,33,1.952,671.79876,0
1787457600000000,344.03,344.04,343.63,343.95,20.333,1787461199999999,6992.68687,36,0.855,294.14365,0
1787461200000000,344.03,344.46,343.5,343.73,103.605,1787464799999999,35653.77436,101,58.546,20152.59686,0
1787464800000000,343.5,343.5,342.27,343.18,61.729,1787468399999999,21164.93519,109,3.8,1303.87085,0
1787468400000000,343.26,343.76,343.26,343.76,5.477,1787471999999999,1881.92932,19,4.601,1580.97118,0
1787472000000000,343.9,343.9,343.48,343.73,3.376,1787475599999999,1160.41233,12,0.099,34.02927,0
1787475600000000,343.71,343.94,343.48,343.92,14.591,1787479199999999,5013.68254,21,2.296,789.26073,0
1787479200000000,343.93,344.2,343.81,344.01,17.987,1787482799999999,6188.39986,44,11.967,4116.95463,0
1787482800000000,344.08,344.47,344.08,344.46,58.602,1787486399999999,20173.58561,86,47.827,16462.94765,0
1787486400000000,344.46,344.47,344.19,344.19,131.984,1787489999999999,45433.77029,109,17.026,5861.95654,0
1787490000000000,344.19,344.2,343.6,343.9,76.672,1787493599999999,26381.92356,294,0.186,63.97871,0
1787493600000000,344.15,344.4,343.79,344.12,7.539,1787497199999999,2595.22272,27,5.787,1992.00028,0
1787497200000000,344.01,344.4,343.85,344.28,69.075,1787500799999999,23787.82732,73,43.519,14987.5196,0
1787500800000000,344.25,344.59,344.17,344.59,12.292,1787504399999999,4233.70551,41,10.83,3730.30626,0
1787504400000000,344.35,344.36,344.27,344.36,17.393,1787507999999999,5989.25942,24,9.939,3422.5742,0
1787508000000000,344.45,344.71,344.45,344.58,4.754,1787511599999999,1638.25335,16,0.677,233.31945,0
1787511600000000,344.69,344.98,344.69,344.98,10.43,1787515199999999,3596.80357,28,7.451,2569.51473,0
1787515200000000,344.84,344.97,344.75,344.84,7.405,1787518799999999,2553.44833,46,1.061,365.96812,0
1787518800000000,344.91,345.33,344.69,344.89,54.236,1787522399999999,18717.18269,161,44.483,15354.17649,0
1787522400000000,344.91,344.92,343.69,343.99,30.803,1787525999999999,10596.86987,144,27.636,9506.94799,0
1787526000000000,343.95,348.17,343.95,347.77,274.981,1787529599999999,95117.20156,312,226.235,78224.36,0
1787529600000000,347.57,347.57,344.42,344.93,290.071,1787533199999999,100253.44521,518,213.223,73687.64592,0
1787533200000000,345.16,345.31,343.92,343.95,84.421,1787536799999999,29121.67638,287,39.074,13476.85626,0
1787536800000000,343.91,344.46,343.83,344.35,35.297,1787540399999999,12149.51645,223,19.179,6602.02485,0
1787540400000000,344.35,344.35,342.62,343.18,530.463,1787543999999999,181954.55869,560,31.741,10894.13581,0
1787544000000000,343.18,343.24,342.94,343.03,139.4,1787547599999999,47817.6865,125,22.584,7748.98845,0
1787547600000000,343.1,343.58,342.98,343.56,5.03,1787551199999999,1726.50685,52,1.853,635.93427,0
1787551200000000,343.32,343.32,342.78,343.07,68.435,1787554799999999,23481.26016,82,48.674,16701.42294,0
1787554800000000,343.12,343.55,342.84,342.96,135.816,1787558399999999,46598.84814,185,110.3,37843.70472,0
1787558400000000,342.89,343.7,342.05,343.49,669.708,1787561999999999,229788.93101,2226,51.718,17746.56722,0
1787562000000000,343.43,343.93,343.37,343.91,62.158,1787565599999999,21357.37234,153,14.243,4895.61821,0
1787565600000000,343.85,344.0,343.28,343.28,14.424,1787569199999999,4958.39637,71,4.079,1402.7174,0
1787569200000000,343.18,344.03,343.18,343.84,20.562,1787572799999999,7068.45138,34,0.193,66.32306,0
1787572800000000,343.84,344.09,343.32,343.32,48.596,1787576399999999,16710.22523,60,35.364,12158.58791,0
1787576400000000,343.24,347.98,342.56,347.93,1527.792,1787579999999999,529627.42561,1881,520.447,180491.88519,0
1787580000000000,347.99,350.27,347.42,349.61,1995.76,1787583599999999,696666.32044,6068,388.58,135699.09978,0
1787583600000000,349.77,351.52,348.78,350.82,308.128,1787587199999999,107958.96974,705,80.128,28088.09883,0
1787587200000000,350.82,351.32,350.67,350.95,102.634,1787590799999999,36018.24559,261,65.347,22935.08619,0
1787590800000000,351.08,351.08,348.6,348.6,43.434,1787594399999999,15177.38582,74,1.588,555.35618,0
1787594400000000,348.81,349.1,348.0,348.17,123.434,1787597999999999,43044.97001,702,11.532,4022.65389,0
1787598000000000,348.41,349.24,348.27,348.32,159.306,1787601599999999,55542.97845,174,85.958,29973.43852,0
1787601600000000,348.24,348.24,347.61,348.09,14.104,1787605199999999,4906.30447,91,1.83,636.84249,0
1787605200000000,348.01,348.58,347.88,348.22,25.154,1787608799999999,8759.21923,38,10.036,3495.16956,0
1787608800000000,348.21,348.28,348.01,348.07,1.661,1787612399999999,578.1408,30,1.052,366.17912,0
1787612400000000,348.05,348.07,347.59,347.61,8.829,1787615999999999,3070.47513,28,1.115,387.6496,0
1787616000000000,347.8,348.0,347.1,348.0,16.526,1787619599999999,5744.07318,49,0.943,327.96607,0
1787619600000000,348.03,348.31,347.85,348.09,27.886,1787623199999999,9703.94005,47,10.187,3545.81599,0
1787623200000000,348.08,348.08,347.38,347.5,92.753,1787626799999999,32242.38736,100,6.067,2108.87575,0
1787626800000000,347.88,347.9,347.77,347.8,3.359,1787630399999999,1168.39647,31,2.177,757.2847,0
1787630400000000,348.16,348.46,348.03,348.4,3.132,1787633999999999,1090.89559,15,3.008,1047.70531,0
1787634000000000,348.45,348.45,347.59,347.62,50.189,1787637599999999,17469.0146,58,5.252,1828.10794,0
1787637600000000,347.82,348.23,347.82,348.15,70.03,1787641199999999,24368.47163,160,64.511,22448.35222,0
1787641200000000,348.25,348.29,347.7,347.77,117.795,1787644799999999,40966.95801,91,12.745,4434.13884,0
1787644800000000,347.76,349.0,347.63,349.0,30.756,1787648399999999,10714.25286,52,6.169,2148.81242,0
1787648400000000,349.03,349.54,348.89,349.49,119.977,1787651999999999,41923.30191,45,118.896,41545.9672,0
1787652000000000,349.61,349.61,349.1,349.37,69.618,1787655599999999,24327.21635,134,8.157,2848.87272,0
1787655600000000,349.32,350.77,348.88,349.8,412.58,1787659199999999,144286.77691,943,210.78,73677.28485,0
1787659200000000,349.87,350.39,349.36,349.36,209.528,1787662799999999,73308.44608,266,41.025,14360.59435,0
1787662800000000,349.33,349.91,347.77,348.11,469.35,1787666399999999,163841.75269,492,38.55,13457.22768,0
1787666400000000,348.08,348.55,346.07,346.16,807.996,1787669999999999,280895.15984,533,161.028,55944.09136,0
1787670000000000,346.09,346.76,345.6,346.64,754.84,1787673599999999,261265.58316,3013,44.2,15304.11548,0
1787673600000000,346.51,347.11,346.38,347.11,42.716,1787677199999999,14806.64783,94,7.791,2701.05196,0
1787677200000000,347.33,347.47,346.4,347.11,973.502,1787680799999999,337523.74939,682,24.061,8351.66961,0
1787680800000000,347.09,347.09,345.67,345.89,73.237,1787684399999999,25370.6679,133,11.283,3904.91304,0
1787684400000000,346.05,347.16,346.0,346.94,211.512,1787687999999999,73330.46505,250,29.975,10389.78583,0
1787688000000000,346.84,347.24,346.83,347.03,22.85,1787691599999999,7930.92404,50,6.787,2356.065,0
1787691600000000,347.04,347.05,346.89,346.98,63.21,1787695199999999,21929.67903,43,0.023,7.98215,0
1787695200000000,347.08,347.22,347.08,347.13,6.77,1787698799999999,2350.14363,19,3.079,1068.81249,0
1787698800000000,347.19,347.21,346.45,346.45,4.104,1787702399999999,1423.70494,49,0.842,291.95293,0
1787702400000000,346.48,346.71,345.68,345.68,94.924,1787705999999999,32847.55115,129,7.922,2743.26687,0
1787706000000000,345.76,345.85,345.15,345.85,52.744,1787709599999999,18216.81839,93,15.545,5369.30259,0
1787709600000000,345.9,346.36,345.79,346.27,6.813,1787713199999999,2357.36005,193,3.157,1092.4086,0
1787713200000000,346.27,346.71,346.15,346.62,23.393,1787716799999999,8102.8976,181,16.87,5843.90667,0
1787716800000000,346.62,346.79,346.46,346.6,1.925,1787720399999999,667.35946,67,0.054,18.72666,0
1787720400000000,346.64,347.01,346.64,346.75,2.179,1787723999999999,755.75784,72,0.686,237.90894,0
1787724000000000,346.73,346.9,346.18,346.74,177.647,1787727599999999,61525.02437,180,15.497,5371.23294,0
1787727600000000,346.72,346.89,346.58,346.66,10.867,1787731199999999,3767.50135,162,7.411,2569.44356,0
1787731200000000,346.74,347.22,346.29,346.99,460.908,1787734799999999,159876.68506,379,313.762,108870.0755,0
1787734800000000,346.99,347.34,346.69,346.76,53.822,1787738399999999,18671.57277,74,21.531,7467.36054,0
1787738400000000,346.76,347.01,346.62,346.9,80.888,1787741999999999,28043.43394,95,79.454,27545.91435,0
1787742000000000,346.92,347.35,346.92,347.2,10.188,1787745599999999,3536.73911,53,5.567,1932.47166,0
1787745600000000,347.18,347.18,346.11,346.11,2172.095,1787749199999999,753930.02607,5936,138.532,48071.88453,0
1787749200000000,346.09,347.82,343.3,343.89,440.193,1787752799999999,152061.54101,1015,191.783,66243.76864,0
1787752800000000,343.9,344.21,341.68,343.13,240.653,1787756399999999,82492.02531,340,200.281,68659.67463,0
1787756400000000,343.13,343.46,341.55,341.61,171.457,1787759999999999,58776.36279,280,78.782,26982.01254,0
1787760000000000,341.52,341.7,340.25,340.67,173.287,1787763599999999,59098.4542,294,89.115,30409.45076,0
1787763600000000,340.79,341.79,340.77,341.58,60.736,1787767199999999,20733.16129,95,31.265,10669.78378,0
1787767200000000,341.71,341.88,341.4,341.75,20.651,1787770799999999,7055.43663,67,4.355,1488.37219,0
1787770800000000,341.75,342.44,341.37,342.04,91.454,1787774399999999,31271.31787,168,41.338,14133.11654,0
1787774400000000,342.18,342.37,341.92,342.27,126.298,1787777999999999,43226.66924,286,19.152,6552.65699,0
1787778000000000,342.34,342.39,340.96,341.38,175.75,1787781599999999,60010.38377,310,153.759,52500.30079,0
1787781600000000,341.33,342.77,341.07,342.72,82.897,1787785199999999,28346.56685,143,78.305,26775.74138,0
1787785200000000,342.77,343.0,342.73,342.96,30.971,1787788799999999,10619.35537,93,21.51,7375.72336,0
1787788800000000,342.97,343.13,342.0,342.0,2135.747,1787792399999999,732071.4099,5841,69.195,23691.32096,0
1787792400000000,342.01,342.16,341.8,341.8,33.474,1787795999999999,11448.71117,109,28.07,9600.60947,0
1787796000000000,341.8,342.38,341.76,342.32,23.265,1787799599999999,7959.85718,102,5.733,1960.36671,0
1787799600000000,342.22,342.61,342.06,342.61,184.165,1787803199999999,63084.9521,668,27.318,9353.68433,0
1787803200000000,342.6,342.61,341.93,342.03,1891.985,1787806799999999,648176.81513,2088,12.753,4365.75865,0
1787806800000000,342.04,342.04,340.79,341.03,151.154,1787810399999999,51613.51622,395,9.431,3218.15196,0
1787810400000000,340.89,341.26,340.89,341.09,32.174,1787813999999999,10972.52356,276,14.043,4789.22967,0
1787814000000000,341.09,341.51,341.09,341.4,3050.904,1787817599999999,1041754.64874,1991,292.336,99791.43721,0
1787817600000000,341.41,341.45,340.98,340.98,3184.527,1787821199999999,1086966.06508,1088,128.406,43813.86548,0
1787821200000000,340.98,341.5,340.9,341.35,339.316,1787824799999999,115741.15993,589,243.278,82993.34505,0
1787824800000000,341.2,341.45,340.93,341.38,140.182,1787828399999999,47822.90835,215,130.503,44520.72617,0
1787828400000000,341.38,341.62,340.9,340.92,168.004,1787831999999999,57285.26281,532,49.986,17049.65769,0
1787832000000000,340.91,341.08,340.9,340.9,898.063,1787835599999999,306154.25046,1117,64.753,22078.85621,0
1787835600000000,340.9,341.54,338.86,340.57,2748.29,1787839199999999,935785.51308,2144,793.855,269782.76463,0
1787839200000000,340.44,341.05,339.37,341.0,238.306,1787842799999999,81050.21896,217,140.924,47924.71394,0
1787842800000000,340.9,341.41,339.97,340.75,2405.393,1787846399999999,819850.10386,1042,302.813,103102.71842,0
1787846400000000,340.58,341.67,340.41,340.86,281.936,1787849999999999,96146.0833,198,170.177,58022.66668,0
1787850000000000,340.9,341.52,340.74,340.92,633.685,1787853599999999,216109.34104,831,562.981,191989.16379,0
1787853600000000,340.92,341.43,340.45,341.04,117.073,1787857199999999,39902.08952,122,107.914,36780.2298,0
1787857200000000,340.96,341.07,340.43,340.63,76.45,1787860799999999,26055.06023,139,64.685,22045.11085,0
1787860800000000,340.69,340.95,340.55,340.73,54.104,1787864399999999,18436.0765,66,48.285,16453.07175,0
1787864400000000,340.72,340.96,340.72,340.85,80.591,1787867999999999,27470.24885,90,80.548,27455.59152,0
1787868000000000,340.96,341.06,340.73,340.93,51.964,1787871599999999,17712.76885,138,51.702,17623.49759,0
1787871600000000,340.85,340.85,340.7,340.81,180.905,1787875199999999,61649.91629,422,52.731,17968.35099,0
1787875200000000,340.8,341.06,340.8,341.02,184.43,1787878799999999,62858.94003,371,80.506,27441.39551,0
1787878800000000,341.05,341.51,341.05,341.4,2415.542,1787882399999999,824827.67212,1339,244.784,83557.57901,0
1787882400000000,341.42,341.73,341.4,341.54,59.127,1787885999999999,20191.95368,53,18.533,6330.4587,0
1787886000000000,341.55,341.55,341.4,341.41,24.938,1787889599999999,8515.02198,40,1.722,588.02169,0
1787889600000000,341.41,341.71,341.4,341.7,2052.435,1787893199999999,701242.59324,518,272.614,93107.41424,0
1787893200000000,341.7,341.7,340.98,341.22,3772.438,1787896799999999,1288498.65316,395,47.313,16144.72118,0
1787896800000000,340.97,341.57,340.97,341.57,58.147,1787900399999999,19842.13179,51,53.376,18213.7797,0
1787900400000000,341.53,341.82,341.47,341.49,48.095,1787903999999999,16433.1433,76,28.991,9905.86696,0
1787904000000000,341.5,342.31,341.4,342.12,111.396,1787907599999999,38063.09232,108,100.714,34411.78094,0
1787907600000000,342.08,342.31,342.02,342.02,115.163,1787911199999999,39409.93919,76,42.679,14601.10757,0
1787911200000000,342.03,342.06,341.69,341.78,33.813,1787914799999999,11562.00727,36,11.881,4062.41396,0
1787914800000000,341.85,341.94,341.54,341.82,23.146,1787918399999999,7909.30684,31,17.266,5899.31704,0
1787918400000000,341.7,341.92,341.59,341.79,132.177,1787921999999999,45172.77524,133,129.025,44095.73213,0
1787922000000000,341.79,343.93,340.4,343.81,458.746,1787925599999999,156764.52719,714,306.055,104549.39774,0
1787925600000000,343.73,348.0,342.85,347.36,592.013,1787929199999999,204114.11819,748,411.694,141933.78571,0
1787929200000000,347.49,348.93,346.12,346.55,606.842,1787932799999999,210623.65684,579,151.256,52655.45516,0
1787932800000000,346.69,347.52,345.52,345.68,343.456,1787936399999999,118917.62646,352,46.251,16014.39045,0
1787936400000000,345.29,346.69,345.1,346.69,20.409,1787939999999999,7054.56811,118,15.72,5431.50949,0
1787940000000000,346.64,347.1,346.26,347.06,193.495,1787943599999999,67107.53151,124,17.418,6039.19228,0
1787943600000000,347.02,347.96,346.7,346.73,294.207,1787947199999999,102222.90678,398,145.076,50395.0052,0
1787947200000000,346.55,346.55,346.1,346.35,10.414,1787950799999999,3606.54682,129,7.384,2557.31549,0
1787950800000000,346.3,346.37,345.9,345.93,40.845,1787954399999999,14131.09339,41,5.324,1843.24787,0
1787954400000000,345.92,345.99,345.92,345.99,3.54,1787957999999999,1224.57117,7,0.227,78.53617,0
1787958000000000,346.04,346.04,345.82,345.94,0.847,1787961599999999,293.03669,25,0.636,220.0357,0
1787961600000000,346.17,346.33,346.02,346.02,5.856,1787965199999999,2027.05527,29,1.358,470.17595,0
1787965200000000,346.02,346.02,345.83,345.86,4.843,1787968799999999,1675.37406,19,0.167,57.77839,0
1787968800000000,345.83,345.83,345.64,345.77,8.298,1787972399999999,2869.03106,63,3.486,1205.28604,0
1787972400000000,345.73,345.74,345.58,345.67,16.054,1787975999999999,5549.37123,128,1.517,524.39657,0
1787976000000000,345.68,345.9,345.66,345.9,42.591,1787979599999999,14725.97378,320,38.248,13224.59415,0
1787979600000000,345.92,346.2,345.92,346.17,10.434,1787983199999999,3610.52849,18,8.322,2879.39266,0
1787983200000000,346.2,346.57,346.2,346.57,4.091,1787986799999999,1417.4027,28,2.54,880.0029,0
1787986800000000,346.57,346.64,346.39,346.55,44.863,1787990399999999,15547.32,103,33.252,11523.18904,0
1787990400000000,346.53,346.56,346.27,346.39,96.789,1787993999999999,33524.34258,45,0.115,39.83825,0
1787994000000000,346.42,346.42,346.15,346.15,9.808,1787997599999999,3396.69076,60,0.357,123.67049,0
1787997600000000,346.55,346.56,345.94,346.05,22.318,1788001199999999,7730.77762,175,15.288,5297.43303,0
1788001200000000,346.06,346.1,345.92,345.92,2.891,1788004799999999,1000.30884,39,0.821,284.09066,0
1788004800000000,345.92,345.92,345.73,345.76,24.152,1788008399999999,8352.99513,183,7.709,2665.75061,0
1788008400000000,346.04,346.16,346.02,346.13,1.207,1788011999999999,417.77352,23,0.289,100.02828,0
1788012000000000,346.14,346.35,345.98,346.06,17.14,1788015599999999,5932.69824,88,2.748,951.15013,0
1788015600000000,346.07,346.07,345.68,345.68,14.997,1788019199999999,5186.59094,114,4.6,1590.90355,0
1788019200000000,345.72,346.09,345.71,345.96,30.973,1788022799999999,10715.5457,94,21.765,7529.91847,0
1788022800000000,346.02,346.09,345.69,345.69,13.623,1788026399999999,4713.33319,83,8.216,2842.71028,0
1788026400000000,345.7,345.98,345.7,345.9,9.264,1788029999999999,3204.09535,75,1.985,686.60149,0
1788030000000000,345.91,345.98,345.82,345.93,9.862,1788033599999999,3411.24241,104,2.524,873.13592,0
1788033600000000,345.96,346.14,345.9,346.0,92.766,1788037199999999,32104.47158,89,87.127,30153.84036,0
1788037200000000,346.04,346.17,345.57,345.76,14.86,1788040799999999,5138.17034,119,4.31,1490.51635,0
1788040800000000,345.66,345.71,345.55,345.63,4.224,1788044399999999,1459.9849,26,2.801,968.20705,0
1788044400000000,345.63,345.71,345.61,345.71,3.692,1788047999999999,1276.10816,66,1.497,517.47651,0
1788048000000000,345.7,346.49,345.7,346.03,20.231,1788051599999999,6998.72768,84,14.158,4896.23531,0
1788051600000000,345.94,346.09,345.88,346.04,6.0,1788055199999999,2075.94178,50,3.018,1044.36469,0
1788055200000000,346.08,346.08,345.99,346.03,8.702,1788058799999999,3011.15159,26,5.88,2034.66471,0
1788058800000000,346.03,346.03,345.97,346.0,3.737,1788062399999999,1293.02128,58,0.236,81.66203,0
1788062400000000,346.01,346.03,345.98,345.98,17.18,1788065999999999,5944.47336,65,5.866,2029.81198,0
1788066000000000,345.98,346.13,345.94,346.09,25.411,1788069599999999,8792.62572,94,16.308,5643.08327,0
1788069600000000,346.06,346.1,345.74,346.01,8.725,1788073199999999,3018.79388,72,1.164,402.63121,0
1788073200000000,346.01,346.01,345.82,345.82,16.502,1788076799999999,5707.30356,56,0.44,152.22055,0
1788076800000000,345.87,345.87,345.65,345.65,6.964,1788080399999999,2407.66129,26,4.55,1572.93647,0
1788080400000000,345.65,345.75,345.65,345.74,7.204,1788083999999999,2490.25552,18,4.193,1449.40776,0
1788084000000000,345.78,345.82,345.67,345.69,4.584,1788087599999999,1584.8983,34,1.466,506.90055,0
1788087600000000,345.75,346.0,345.75,346.0,3.511,1788091199999999,1214.29716,23,1.782,616.39101,0
1788091200000000,345.98,346.0,345.85,346.0,9.784,1788094799999999,3384.3138,48,5.919,2047.3464,0
1788094800000000,346.0,346.05,345.95,346.05,19.39,1788098399999999,6709.17502,53,19.282,6671.8117,0
1788098400000000,346.05,346.44,346.05,346.44,15.617,1788101999999999,5404.65022,34,10.498,3632.92435,0
1788102000000000,346.39,346.56,346.26,346.56,15.177,1788105599999999,5256.62333,49,9.098,3151.3668,0
1788105600000000,346.5,346.72,346.49,346.62,14.49,1788109199999999,5021.93333,79,2.927,1014.75948,0
1788109200000000,346.58,347.0,346.43,346.72,44.333,1788112799999999,15366.29703,109,17.812,6175.19023,0
1788112800000000,346.72,346.79,346.51,346.54,16.883,1788116399999999,5853.90531,79,0.731,253.46029,0
1788116400000000,346.54,346.75,346.52,346.69,8.535,1788119999999999,2958.52808,188,3.411,1182.43846,0
1788120000000000,346.69,347.0,346.52,346.98,14.317,1788123599999999,4964.13229,301,8.555,2966.55646,0
1788123600000000,346.72,346.74,346.17,346.53,0.944,1788127199999999,327.08118,13,0.531,183.99885,0
1788127200000000,346.2,346.43,345.66,345.72,4.152,1788130799999999,1435.9647,73,0.587,203.20179,0
1788130800000000,345.66,345.66,343.96,344.23,83.751,1788134399999999,28891.69811,368,12.941,4455.61042,0
1788134400000000,344.31,344.94,343.72,344.49,102.174,1788137999999999,35185.42047,496,63.126,21740.21715,0
1788138000000000,344.51,344.76,344.06,344.47,63.504,1788141599999999,21870.79962,232,47.793,16461.29609,0
1788141600000000,344.56,344.84,343.99,343.99,31.824,1788145199999999,10957.34173,143,4.537,1562.44303,0
1788145200000000,344.41,344.62,344.1,344.47,94.771,1788148799999999,32621.5763,198,16.486,5677.86574,0
1788148800000000,344.45,344.6,344.14,344.51,29.126,1788152399999999,10027.34638,161,15.7,5405.21577,0
1788152400000000,344.95,345.56,344.9,345.55,330.34,1788155999999999,114059.493,1177,14.417,4978.93467,0
1788156000000000,345.52,345.83,345.06,345.78,617.924,1788159599999999,213395.34041,2285,17.68,6110.04028,0
1788159600000000,345.78,345.78,345.31,345.55,62.24,1788163199999999,21510.81059,265,7.634,2636.96064,0
1788163200000000,345.63,345.74,344.86,344.86,62.642,1788166799999999,21621.346,186,40.747,14060.76723,0
1788166800000000,344.72,345.09,344.72,345.07,15.827,1788170399999999,5460.04846,122,13.799,4760.3908,0
1788170400000000,344.91,345.04,344.87,345.03,25.405,1788173999999999,8763.31072,119,11.444,3947.76983,0
1788174000000000,344.96,344.96,344.17,344.22,33.85,1788177599999999,11669.12875,186,5.174,1782.58793,0
1788177600000000,344.27,344.39,343.78,344.1,16.501,1788181199999999,5676.69267,148,7.776,2674.62407,0
1788181200000000,344.13,345.76,340.39,340.74,577.137,1788184799999999,197797.48638,1153,393.173,134768.26604,0
1788184800000000,340.57,340.6,337.42,338.25,849.016,1788188399999999,287326.65578,826,700.782,237158.74666,0
1788188400000000,338.33,339.23,338.07,338.47,690.812,1788191999999999,233922.67232,614,346.714,117356.36043,0
1788192000000000,338.36,338.77,338.12,338.74,55.373,1788195599999999,18739.21205,107,42.182,14276.8376,0
1788195600000000,338.72,338.96,338.39,338.6,24.034,1788199199999999,8140.71397,73,8.392,2841.96153,0
1788199200000000,338.6,338.77,338.08,338.41,101.019,1788202799999999,34181.7805,199,50.32,17026.96691,0
1788202800000000,338.41,341.1,338.35,339.51,647.497,1788206399999999,219922.88922,567,291.819,99048.84203,0
1788206400000000,339.4,339.9,339.3,339.84,81.681,1788209999999999,27743.58918,155,58.312,19806.76888,0
1788210000000000,339.8,340.27,339.8,340.19,31.054,1788213599999999,10557.59196,312,19.838,6744.48582,0
1788213600000000,340.2,340.2,339.98,339.98,28.744,1788217199999999,9777.5582,43,1.474,501.33219,0
1788217200000000,339.97,340.06,339.69,339.76,211.42,1788220799999999,71848.68226,187,4.327,1471.04933,0
1788220800000000,339.55,340.1,339.5,339.93,56.976,1788224399999999,19363.51754,89,38.305,13019.53693,0
1788224400000000,340.0,340.0,339.6,339.88,6.572,1788227999999999,2233.62142,27,0.496,168.61038,0
1788228000000000,339.87,339.87,339.36,339.67,51.301,1788231599999999,17413.67989,40,3.917,1330.36452,0
1788231600000000,339.66,339.81,339.55,339.77,21.594,1788235199999999,7334.45837,191,18.253,6199.69055,0
1788235200000000,339.78,339.99,339.76,339.8,12.016,1788238799999999,4084.49991,61,7.13,2423.85917,0
1788238800000000,339.77,339.95,339.6,339.79,25.807,1788242399999999,8769.29733,122,20.457,6950.84682,0
1788242400000000,339.81,339.97,339.81,339.9,118.636,1788245999999999,40324.33812,183,4.243,1442.06365,0
1788246000000000,339.9,339.9,338.72,338.73,1936.277,1788249599999999,658121.24751,1426,2.347,795.54545,0
1788249600000000,338.99,339.21,337.43,337.51,348.024,1788253199999999,117610.94149,412,175.459,59284.21565,0
1788253200000000,337.57,337.57,336.57,336.73,184.575,1788256799999999,62212.29342,208,79.306,26738.6203,0
1788256800000000,336.61,337.76,336.56,337.45,73.008,1788260399999999,24649.62627,80,66.55,22472.34661,0
1788260400000000,337.38,337.47,336.6,336.6,15.276,1788263999999999,5150.73281,54,9.31,3139.04316,0
1788264000000000,336.59,336.78,335.93,336.11,156.933,1788267599999999,52787.57937,306,60.949,20505.22788,0
1788267600000000,336.0,337.07,333.33,336.57,606.742,1788271199999999,203373.76116,1206,259.337,86962.32753,0
1788271200000000,336.47,337.21,335.85,336.16,221.046,1788274799999999,74395.6099,282,134.069,45135.51275,0
1788274800000000,336.77,336.85,335.8,336.25,81.594,1788278399999999,27437.33749,152,55.717,18740.40055,0
1788278400000000,336.32,336.5,335.39,335.66,397.382,1788281999999999,133488.71289,958,66.912,22498.23382,0
1788282000000000,335.46,335.76,334.8,335.16,42.55,1788285599999999,14267.76144,122,18.596,6236.87031,0
1788285600000000,335.16,335.16,334.0,334.4,137.061,1788289199999999,45798.74833,182,60.964,20375.70628,0
1788289200000000,334.39,335.0,334.17,335.0,117.002,1788292799999999,39149.99311,88,75.435,25234.20963,0
1788292800000000,335.33,335.7,335.27,335.45,4.261,1788296399999999,1429.06409,21,1.824,611.87057,0
1788296400000000,335.39,339.47,335.39,337.1,523.716,1788299999999999,176901.36147,859,421.394,142298.48727,0
1788300000000000,336.93,337.61,336.93,337.42,11.671,1788303599999999,3934.30801,25,4.326,1458.19054,0
1788303600000000,337.37,337.37,336.97,337.02,93.221,1788307199999999,31418.05328,169,28.855,9724.17483,0
1788307200000000,336.94,337.51,336.94,337.37,5.467,1788310799999999,1842.91396,17,4.174,1406.84357,0
1788310800000000,337.11,337.11,336.55,336.62,23.727,1788314399999999,7991.2172,47,8.355,2814.39661,0
1788314400000000,336.69,336.88,336.55,336.57,48.58,1788317999999999,16352.94623,51,7.702,2593.30971,0
1788318000000000,336.64,336.83,336.44,336.83,16.659,1788321599999999,5606.48227,26,4.187,1410.01091,0
1788321600000000,336.91,336.96,336.74,336.94,4.724,1788325199999999,1591.4812,18,3.538,1192.0191,0
1788325200000000,336.88,337.17,336.88,337.14,66.82,1788328799999999,22518.73774,260,66.788,22507.95438,0
1788328800000000,337.1,337.1,336.82,337.0,6.273,1788332399999999,2113.60189,34,2.051,691.20602,0
1788332400000000,337.09,337.46,336.73,336.78,11.191,1788335999999999,3771.8177,66,5.359,1806.91932,0
1788336000000000,336.87,338.5,336.6,336.6,110.077,1788339599999999,37209.29529,151,31.271,10568.81414,0
1788339600000000,337.01,337.01,336.19,336.72,16.799,1788343199999999,5652.99893,48,5.46,1837.14894,0
1788343200000000,336.51,336.83,334.36,334.88,108.522,1788346799999999,36414.76929,245,83.885,28152.59252,0
1788346800000000,334.78,336.17,334.05,336.16,51.675,1788350399999999,17305.54316,131,29.459,9866.63082,0
1788350400000000,336.59,336.79,334.85,334.88,20.317,1788353999999999,6820.1971,86,8.431,2828.77493,0
1788354000000000,334.95,336.95,333.27,336.67,452.805,1788357599999999,151418.89527,635,276.256,92401.85184,0
1788357600000000,336.48,339.68,336.4,337.06,483.591,1788361199999999,163616.4932,629,379.886,128487.51453,0
1788361200000000,336.6,338.4,336.03,338.4,60.135,1788364799999999,20243.82004,126,50.179,16889.82311,0
1788364800000000,338.66,339.15,337.62,338.35,132.872,1788368399999999,45007.45024,197,62.356,21111.39195,0
1788368400000000,338.29,338.68,337.6,337.96,17.789,1788371999999999,6009.42448,36,15.701,5303.99328,0
1788372000000000,337.88,338.38,337.3,337.58,15.163,1788375599999999,5120.07633,83,9.354,3158.74701,0
1788375600000000,337.68,338.21,337.19,337.27,111.979,1788379199999999,37798.45081,191,14.911,5034.68654,0
1788379200000000,337.3,337.63,337.22,337.43,16.3,1788382799999999,5499.58647,175,9.185,3098.94916,0
1788382800000000,337.43,337.86,337.22,337.3,27.443,1788386399999999,9264.74864,167,15.787,5330.44919,0
1788386400000000,337.93,338.28,337.93,338.22,8.384,1788389999999999,2834.29886,13,8.194,2770.04466,0
1788390000000000,338.1,338.47,338.1,338.35,46.94,1788393599999999,15881.12954,79,0.99,334.81663,0
1788393600000000,338.42,338.6,338.22,338.39,12.698,1788397199999999,4297.92898,32,8.602,2912.19996,0
1788397200000000,338.18,338.56,337.53,337.94,54.517,1788400799999999,18424.85804,94,11.184,3784.43587,0
1788400800000000,337.92,338.7,337.87,338.62,21.434,1788404399999999,7255.64152,66,14.92,5050.73637,0
1788404400000000,338.71,339.2,338.71,339.2,5.26,1788407999999999,1783.27417,30,4.942,1675.51719,0
1788408000000000,339.29,339.56,338.9,338.9,37.538,1788411599999999,12735.7434,281,29.456,9994.23217,0
1788411600000000,338.95,338.95,337.87,338.38,95.855,1788415199999999,32419.92045,221,63.656,21525.67123,0
1788415200000000,338.3,338.89,338.23,338.31,7.356,1788418799999999,2491.11142,38,4.005,1356.17134,0
1788418800000000,338.39,339.09,338.37,338.93,32.24,1788422399999999,10917.60096,127,12.827,4344.15272,0
1788422400000000,338.93,339.9,338.83,339.65,45.666,1788425999999999,15511.81433,274,36.133,12272.60646,0
1788426000000000,339.68,339.83,339.36,339.37,14.001,1788429599999999,4754.27879,70,1.29,438.07431,0
1788429600000000,339.02,339.02,338.39,338.67,10.512,1788433199999999,3558.56903,30,2.213,749.36542,0
1788433200000000,338.59,339.38,338.32,338.32,23.234,1788436799999999,7872.74159,76,10.261,3477.71829,0
1788436800000000,338.23,339.22,338.02,339.1,75.239,1788440399999999,25486.21654,381,37.532,12714.13406,0
1788440400000000,339.0,344.67,336.4,342.72,893.632,1788443999999999,305007.61628,2074,258.443,88090.9102,0
1788444000000000,342.83,342.83,341.11,341.25,1612.303,1788447599999999,552370.54062,6335,1462.218,501009.99653,0
1788447600000000,341.36,342.7,340.89,342.54,3287.18,1788451199999999,1126149.07416,8616,2830.22,969705.03922,0
1788451200000000,342.48,342.64,340.76,341.76,416.278,1788454799999999,142222.82317,971,153.493,52410.9404,0
1788454800000000,341.76,342.7,341.68,342.7,191.06,1788458399999999,65407.96498,815,36.02,12342.67988,0
1788458400000000,342.7,343.5,342.3,342.49,188.446,1788461999999999,64606.27192,968,152.35,52231.59094,0
1788462000000000,342.88,343.51,342.21,342.47,250.79,1788465599999999,85972.90743,376,39.771,13631.01637,0
1788465600000000,342.58,342.79,342.4,342.47,19.961,1788469199999999,6837.42891,88,17.753,6081.24275,0
1788469200000000,342.51,342.71,342.43,342.52,51.016,1788472799999999,17470.35908,211,46.724,16000.35124,0
1788472800000000,342.67,342.73,342.43,342.72,50.461,1788476399999999,17286.86426,76,16.279,5577.06423,0
1788476400000000,342.72,342.98,342.68,342.84,10.924,1788479999999999,3744.71569,63,1.777,609.13498,0
1788480000000000,342.85,342.85,342.06,342.3,283.237,1788483599999999,96960.58124,2168,162.282,55553.94514,0
1788483600000000,342.3,342.67,342.17,342.56,73.893,1788487199999999,25290.27181,167,69.141,23662.65629,0
1788487200000000,342.69,342.92,342.69,342.86,18.518,1788490799999999,6348.67607,33,15.505,5315.66806,0
1788490800000000,342.9,343.1,342.83,342.97,32.289,1788494399999999,11073.98333,90,27.882,9562.42906,0
1788494400000000,342.97,343.25,342.9,343.08,46.053,1788497999999999,15800.64128,116,30.569,10487.82105,0
1788498000000000,343.08,343.49,342.87,343.16,94.822,1788501599999999,32548.68808,215,69.908,23998.37416,0
1788501600000000,343.16,343.67,343.16,343.38,60.903,1788505199999999,20914.82948,222,26.718,9176.65746,0
1788505200000000,343.29,343.97,343.28,343.3,84.884,1788508799999999,29176.46905,85,70.97,24398.30326,0
1788508800000000,343.34,343.68,342.6,343.68,172.165,1788512399999999,59088.28377,224,14.048,4822.49749,0
1788512400000000,343.36,343.51,343.2,343.51,29.786,1788515999999999,10225.62261,60,20.503,7038.77285,0
1788516000000000,343.33,343.33,342.98,343.0,8.778,1788519599999999,3012.41612,65,2.265,777.20875,0
1788519600000000,343.08,343.56,342.82,343.45,18.061,1788523199999999,6198.95789,101,2.531,868.71245,0
1788523200000000,343.51,343.51,340.65,341.21,187.47,1788526799999999,64022.98489,447,101.83,34751.07643,0
1788526800000000,340.96,343.27,339.72,341.51,388.349,1788530399999999,132586.04378,922,103.515,35349.65381,0
1788530400000000,341.51,341.8,337.66,337.7,267.285,1788533999999999,90531.50526,457,174.105,58973.48562,0
1788534000000000,337.7,338.21,337.2,338.21,76.526,1788537599999999,25836.61833,253,37.383,12621.40164,0
1788537600000000,338.31,338.89,337.76,338.72,145.285,1788541199999999,49153.29768,483,37.09,12553.10742,0
1788541200000000,338.58,338.96,338.29,338.4,168.032,1788544799999999,56902.05806,219,43.903,14866.49567,0
1788544800000000,338.54,339.1,337.9,339.1,52.126,1788548399999999,17631.8974,148,37.719,12758.18484,0
1788548400000000,339.04,339.5,338.19,338.48,108.402,1788551999999999,36716.50597,312,36.481,12359.99911,0
1788552000000000,338.53,338.87,338.37,338.76,59.373,1788555599999999,20106.25244,201,53.468,18106.86332,0
1788555600000000,338.76,339.17,338.73,338.91,29.75,1788559199999999,10085.46127,309,10.763,3648.53117,0
1788559200000000,338.91,338.94,338.76,338.82,7.354,1788562799999999,2491.83969,114,3.525,1194.42322,0
1788562800000000,338.82,338.94,338.73,338.73,48.76,1788566399999999,16523.80821,209,47.832,16209.38712,0
1788566400000000,338.73,338.8,338.42,338.77,17.255,1788569999999999,5842.31243,136,10.568,3578.09127,0
1788570000000000,338.79,339.05,338.79,338.87,26.794,1788573599999999,9081.02642,60,23.805,8068.19687,0
1788573600000000,338.87,338.89,338.68,338.69,14.482,1788577199999999,4906.27337,68,4.098,1388.6149,0
1788577200000000,338.69,338.72,338.68,338.68,8.722,1788580799999999,2954.11758,90,7.052,2388.52066,0
1788580800000000,338.68,338.81,338.59,338.81,15.004,1788584399999999,5081.23076,90,0.561,190.06094,0
1788584400000000,338.81,338.89,338.73,338.73,10.028,1788587999999999,3397.95712,87,5.092,1725.39964,0
1788588000000000,338.74,338.87,338.66,338.7,13.286,1788591599999999,4500.7714,133,3.843,1301.92134,0
1788591600000000,338.72,338.85,338.7,338.77,17.981,1788595199999999,6091.45454,151,5.681,1924.76447,0
1788595200000000,338.77,338.81,338.61,338.68,12.948,1788598799999999,4385.49533,113,6.033,2043.54776,0
1788598800000000,338.68,338.83,338.68,338.81,10.781,1788602399999999,3652.1479,96,5.285,1790.21779,0
1788602400000000,338.81,339.32,338.81,339.3,202.079,1788605999999999,68523.69007,615,135.277,45873.97446,0
1788606000000000,339.3,339.55,339.09,339.31,211.823,1788609599999999,71882.7191,542,102.471,34778.19706,0
1788609600000000,339.44,339.66,339.34,339.5,163.971,1788613199999999,55671.10497,453,123.381,41891.39989,0
1788613200000000,339.49,339.62,339.48,339.57,12.269,1788616799999999,4166.14297,78,8.106,2752.65367,0
1788616800000000,339.5,340.19,339.49,339.5,117.249,1788620399999999,39848.53192,356,92.046,31288.70728,0
1788620400000000,339.5,339.74,339.42,339.42,97.519,1788623999999999,33107.60197,121,15.249,5178.69566,0
1788624000000000,339.54,339.61,339.29,339.54,101.236,1788627599999999,34363.17011,279,20.041,6804.26681,0
1788627600000000,339.58,339.87,339.49,339.61,110.017,1788631199999999,37368.77054,168,50.71,17224.2924,0
1788631200000000,339.62,339.8,339.37,339.77,107.162,1788634799999999,36395.13073,183,8.745,2970.8376,0
1788634800000000,339.69,339.78,339.62,339.62,21.905,1788638399999999,7440.81402,55,14.476,4917.57275,0
1788638400000000,339.66,339.66,339.18,339.47,14.507,1788641999999999,4925.00187,35,2.108,715.75075,0
1788642000000000,339.46,339.54,339.44,339.47,6.479,1788645599999999,2199.5385,27,1.766,599.56153,0
1788645600000000,339.54,339.64,339.54,339.64,4.902,1788649199999999,1664.70128,41,4.06,1378.7471,0
1788649200000000,339.64,339.64,339.38,339.5,12.127,1788652799999999,4117.80382,77,3.31,1124.04064,0
1788652800000000,339.48,339.7,339.38,339.46,91.458,1788656399999999,31050.58538,190,26.114,8867.2125,0
1788656400000000,339.47,339.64,338.8,339.45,58.437,1788659999999999,19834.65063,116,16.749,5686.80792,0
1788660000000000,339.45,339.57,339.15,339.43,25.869,1788663599999999,8779.09452,99,11.902,4039.51484,0
1788663600000000,339.43,339.79,339.26,339.56,63.027,1788667199999999,21395.1625,182,42.668,14485.28914,0
1788667200000000,339.56,339.66,339.22,339.28,29.869,1788670799999999,10138.08431,123,12.363,4196.80792,0
1788670800000000,339.28,339.41,338.8,339.37,22.591,1788674399999999,7662.09457,60,6.893,2339.11608,0
1788674400000000,339.4,339.6,339.23,339.33,85.111,1788677999999999,28891.42487,229,63.951,21708.98205,0
1788678000000000,339.33,339.51,339.09,339.51,22.91,1788681599999999,7774.66463,138,16.158,5483.57534,0
1788681600000000,339.51,339.52,337.98,338.96,143.848,1788685199999999,48721.48218,323,31.05,10530.90094,0
1788685200000000,338.96,339.2,338.89,339.12,93.344,1788688799999999,31653.63063,432,47.774,16201.0527,0
1788688800000000,339.06,339.48,339.06,339.48,38.891,1788692399999999,13197.04828,114,24.208,8215.0819,0
1788692400000000,339.43,339.65,339.43,339.49,50.817,1788695999999999,17252.42391,367,27.717,9409.66244,0
1788696000000000,339.49,339.54,339.33,339.38,128.827,1788699599999999,43734.51433,249,4.837,1642.20296,0
1788699600000000,339.39,339.74,338.7,339.02,88.19,1788703199999999,29921.81221,327,28.048,9519.85846,0
1788703200000000,339.09,339.09,338.28,338.49,12.978,1788706799999999,4395.97874,175,5.377,1821.67627,0
1788706800000000,338.46,338.51,337.85,338.31,30.938,1788710399999999,10464.62745,208,20.849,7052.17168,0
1788710400000000,338.37,338.74,338.3,338.65,18.482,1788713999999999,6257.34417,143,10.751,3639.724,0
1788714000000000,338.56,338.75,338.36,338.74,8.903,1788717599999999,3013.7644,43,3.797,1285.66498,0
1788717600000000,338.74,339.25,338.74,339.11,10.836,1788721199999999,3673.61373,55,8.175,2771.47451,0
1788721200000000,339.09,339.1,338.9,339.02,4.717,1788724799999999,1599.11941,33,1.941,658.07478,0
1788724800000000,338.97,339.05,338.53,338.9,42.72,1788728399999999,14475.91126,217,11.938,4047.05531,0
1788728400000000,338.86,338.93,338.7,338.84,32.819,1788731999999999,11119.98796,50,2.042,691.97261,0
1788732000000000,338.83,338.83,338.39,338.62,8.886,1788735599999999,3008.39043,41,4.001,1354.38019,0
1788735600000000,338.59,338.62,338.23,338.23,66.114,1788739199999999,22371.41968,451,2.299,778.04848,0
1788739200000000,338.24,338.3,338.11,338.11,41.149,1788742799999999,13919.08863,343,23.021,7787.2587,0
1788742800000000,338.11,338.27,338.1,338.25,23.789,1788746399999999,8044.23192,155,10.814,3656.99271,0
1788746400000000,338.25,338.27,338.18,338.27,36.91,1788749999999999,12482.9706,250,29.303,9910.28908,0
1788750000000000,338.28,338.75,338.27,338.64,28.186,1788753599999999,9540.29863,108,16.548,5601.6157,0
1788753600000000,338.48,338.59,338.22,338.46,64.086,1788757199999999,21686.65139,174,15.231,5154.58499,0
1788757200000000,338.43,338.48,337.72,338.18,61.415,1788760799999999,20766.39664,183,23.62,7989.31083,0
1788760800000000,338.18,338.61,338.18,338.46,22.008,1788764399999999,7447.62034,80,16.333,5527.7419,0
1788764400000000,338.47,338.76,338.35,338.76,38.413,1788767999999999,13007.19432,127,15.074,5104.9193,0
1788768000000000,338.75,339.3,338.75,339.1,52.031,1788771599999999,17644.89581,126,4.754,1611.76319,0
1788771600000000,339.0,339.2,338.74,338.96,53.159,1788775199999999,18022.43643,97,35.239,11947.328,0
1788775200000000,338.96,339.19,338.89,338.91,29.462,1788778799999999,9986.33425,85,6.789,2301.45192,0
1788778800000000,338.9,338.9,338.6,338.6,64.295,1788782399999999,21775.68834,454,4.599,1557.36255,0
1788782400000000,338.61,338.72,338.3,338.31,94.347,1788785999999999,31939.20182,425,44.357,15020.73028,0
1788786000000000,338.31,338.98,338.3,338.96,46.351,1788789599999999,15696.40158,173,33.041,11191.15043,0
1788789600000000,338.96,339.38,338.38,338.54,26.382,1788793199999999,8941.41127,87,15.005,5087.37932,0
1788793200000000,338.5,338.76,338.05,338.25,27.787,1788796799999999,9404.28018,163,9.6,3250.79514,0
1788796800000000,338.35,338.76,338.14,338.24,15.719,1788800399999999,5320.49328,129,13.736,4649.54446,0
1788800400000000,338.21,338.5,338.0,338.3,13.7,1788803999999999,4633.29663,149,3.752,1269.02875,0
1788804000000000,338.42,338.56,338.28,338.54,5.113,1788807599999999,1730.21223,38,2.548,862.28284,0
1788807600000000,338.6,338.75,338.54,338.56,3.317,1788811199999999,1123.21179,20,1.721,582.69459,0
1788811200000000,338.59,338.76,338.5,338.76,9.264,1788814799999999,3137.35098,31,4.424,1498.47482,0
1788814800000000,338.76,338.9,338.66,338.73,13.366,1788818399999999,4528.03552,53,6.054,2050.82096,0
1788818400000000,338.74,338.74,338.07,338.07,9.24,1788821999999999,3124.61113,81,1.1,372.24834,0
1788822000000000,338.07,339.21,337.86,339.21,37.658,1788825599999999,12732.28574,318,7.448,2520.97806,0
1788825600000000,339.16,339.16,337.33,337.58,82.065,1788829199999999,27728.05842,348,26.62,8992.83195,0
1788829200000000,337.67,338.37,337.49,338.37,41.066,1788832799999999,13874.48239,227,23.7,8007.91577,0
1788832800000000,338.39,338.69,338.1,338.13,71.755,1788836399999999,24285.74946,208,32.936,11148.18264,0
1788836400000000,338.04,338.47,338.04,338.27,179.222,1788839999999999,60633.00476,293,12.039,4073.04099,0
1788840000000000,338.29,338.99,338.29,338.82,22.053,1788843599999999,7468.85778,84,19.822,6713.10033,0
1788843600000000,338.7,338.7,337.35,337.35,49.249,1788847199999999,16640.0171,149,6.402,2163.49356,0
1788847200000000,337.33,337.37,337.13,337.24,68.404,1788850799999999,23071.71813,287,11.987,4042.48785,0
1788850800000000,337.23,337.37,337.04,337.04,18.574,1788854399999999,6263.30205,89,6.699,2259.12375,0
1788854400000000,337.05,337.37,336.63,336.71,120.954,1788857999999999,40747.16454,282,89.147,30032.49657,0
1788858000000000,336.66,337.2,336.66,337.2,15.209,1788861599999999,5122.59139,43,4.653,1567.36895,0
1788861600000000,337.22,337.6,336.59,336.59,21.184,1788865199999999,7138.92379,71,7.111,2398.39812,0
1788865200000000,336.5,336.81,336.0,336.81,240.214,1788868799999999,80787.06953,391,182.942,61528.25345,0
1788868800000000,336.57,336.57,336.12,336.27,89.661,1788872399999999,30147.20356,301,78.762,26482.08048,0
1788872400000000,336.41,336.88,333.79,333.97,439.299,1788875999999999,147244.86254,1186,175.814,58945.80402,0
1788876000000000,334.13,337.63,333.44,337.07,218.102,1788879599999999,73009.38721,324,145.946,48864.5754,0
1788879600000000,337.66,338.62,337.32,338.4,270.388,1788883199999999,91500.97392,386,95.853,32442.05127,0
1788883200000000,338.37,339.21,338.1,338.56,131.887,1788886799999999,44634.8251,189,36.938,12504.49614,0
1788886800000000,339.14,339.68,338.48,338.98,69.448,1788890399999999,23545.1709,282,35.616,12073.12671,0
1788890400000000,338.73,338.73,337.43,337.83,59.032,1788893999999999,19958.38137,96,43.302,14643.68641,0
1788894000000000,337.96,338.63,337.25,338.3,180.467,1788897599999999,61041.17608,292,152.132,51470.54294,0
1788897600000000,338.35,338.37,336.78,338.37,115.063,1788901199999999,38817.0511,381,36.147,12203.73134,0
1788901200000000,338.37,338.46,338.23,338.39,56.851,1788904799999999,19241.53723,95,56.135,18999.26755,0
1788904800000000,338.39,338.9,338.18,338.9,122.267,1788908399999999,41370.39396,126,26.503,8979.59785,0
1788908400000000,339.11,339.11,338.52,338.6,113.331,1788911999999999,38374.75438,273,2.039,690.46136,0
1788912000000000,338.62,339.15,338.6,338.93,38.384,1788915599999999,13005.38701,260,18.563,6290.93949,0
1788915600000000,338.94,339.13,338.89,339.08,162.16,1788919199999999,54974.23679,429,37.907,12851.3483,0
1788919200000000,339.08,339.68,339.06,339.17,242.798,1788922799999999,82385.3624,388,122.515,41591.67177,0
1788922800000000,339.17,339.24,339.0,339.18,154.801,1788926399999999,52494.99251,418,9.764,3311.50465,0
1788926400000000,339.19,339.66,339.13,339.59,70.096,1788929999999999,23794.46928,342,38.633,13114.91401,0
1788930000000000,339.59,339.75,339.17,339.61,53.035,1788933599999999,18009.36342,274,31.279,10623.25368,0
1788933600000000,339.69,339.71,339.34,339.37,12.676,1788937199999999,4304.01644,231,1.08,366.70096,0
1788937200000000,339.37,339.62,339.1,339.17,17.098,1788940799999999,5802.6188,264,10.494,3561.24938,0
1788940800000000,339.25,339.38,338.32,338.4,704.207,1788944399999999,238564.67241,589,68.994,23377.03457,0
1788944400000000,338.4,338.51,336.38,336.38,133.842,1788947999999999,45115.42926,333,23.187,7823.9982,0
1788948000000000,336.37,336.44,334.37,334.92,447.042,1788951599999999,149868.12969,1050,314.605,105442.58076,0
1788951600000000,334.84,334.95,330.6,331.12,3508.302,1788955199999999,1166660.65214,3736,648.497,215566.36583,0
1788955200000000,331.26,332.12,330.1,331.76,417.741,1788958799999999,138225.5759,946,286.152,94673.1401,0
1788958800000000,331.79,332.01,328.61,329.65,1750.056,1788962399999999,576826.42925,3131,752.846,248371.22956,0
1788962400000000,329.62,331.35,328.3,329.85,486.009,1788965999999999,160317.91003,893,261.401,86247.27305,0
1788966000000000,329.86,330.19,328.21,329.81,538.658,1788969599999999,177310.21713,1146,271.473,89349.46602,0
1788969600000000,329.66,330.26,329.12,330.13,656.531,1788973199999999,216474.41626,566,601.418,198308.96174,0
1788973200000000,330.13,331.72,330.11,330.64,99.565,1788976799999999,32965.90763,475,64.082,21223.38262,0
1788976800000000,330.72,330.77,330.02,330.52,50.605,1788980399999999,16730.11071,131,34.922,11549.03743,0
1788980400000000,330.51,331.69,330.34,330.82,263.533,1788983999999999,87162.93079,263,209.248,69213.38198,0
1788984000000000,330.85,331.39,330.8,331.38,20.949,1788987599999999,6937.40688,50,14.142,4683.17469,0
1788987600000000,331.38,331.49,331.25,331.25,60.188,1788991199999999,19944.73924,139,49.674,16460.83441,0
1788991200000000,331.22,331.36,330.95,331.18,48.657,1788994799999999,16114.8258,224,8.283,2744.13251,0
1788994800000000,331.12,331.22,330.94,330.99,36.13,1788998399999999,11961.43116,155,17.367,5749.81999,0
1788998400000000,330.98,331.49,330.78,330.78,54.841,1789001999999999,18167.01786,295,15.78,5226.91727,0
1789002000000000,330.7,330.89,330.33,330.63,41.057,1789005599999999,13571.78695,105,12.59,4162.81329,0
1789005600000000,330.61,331.17,330.49,331.17,19.761,1789009199999999,6538.23733,123,14.796,4896.02661,0
1789009200000000,331.17,331.49,331.15,331.23,42.342,1789012799999999,14031.50742,112,28.329,9387.76437,0
1789012800000000,331.28,331.83,331.28,331.7,73.576,1789016399999999,24398.53504,95,72.202,23943.11714,0
1789016400000000,331.61,331.75,331.46,331.75,13.21,1789019999999999,4380.56761,62,10.707,3550.49367,0
1789020000000000,331.76,331.95,331.43,331.66,22.423,1789023599999999,7439.61581,117,13.081,4341.1029,0
1789023600000000,331.63,331.66,330.96,331.53,53.195,1789027199999999,17620.61676,165,9.56,3168.66742,0
1789027200000000,331.63,331.94,331.37,331.38,79.307,1789030799999999,26307.50225,253,49.445,16402.91277,0
1789030800000000,331.38,331.66,330.92,330.92,94.359,1789034399999999,31256.57459,319,29.035,9618.86685,0
1789034400000000,330.9,332.48,330.88,331.98,214.588,1789037999999999,71110.79995,388,180.461,59788.18016,0
1789038000000000,331.82,332.48,331.08,331.11,124.768,1789041599999999,41387.18866,247,77.693,25772.96662,0
1789041600000000,331.12,331.35,328.35,328.35,649.213,1789045199999999,214140.72013,1653,259.428,85604.31793,0
1789045200000000,328.39,330.53,328.0,328.32,691.301,1789048799999999,227394.86258,979,402.187,132306.65307,0
1789048800000000,328.29,331.8,328.29,331.27,280.702,1789052399999999,92745.38352,548,127.512,42130.48315,0
1789052400000000,331.28,331.35,329.55,330.13,241.006,1789055999999999,79650.07689,618,56.293,18606.66238,0
1789056000000000,330.32,332.14,330.24,332.14,339.898,1789059599999999,112482.33532,559,252.111,83429.18328,0
1789059600000000,332.06,332.5,331.17,332.08,77.255,1789063199999999,25631.34616,221,52.086,17276.67416,0
1789063200000000,331.83,332.58,331.75,332.25,227.851,1789066799999999,75658.04188,290,66.647,22125.29356,0
1789066800000000,332.15,333.33,332.14,332.75,84.09,1789070399999999,27974.94603,159,61.209,20360.45337,0
1789070400000000,332.58,332.81,332.34,332.42,84.906,1789073999999999,28243.72868,102,73.429,24426.17721,0
1789074000000000,332.43,332.48,331.51,331.75,41.61,1789077599999999,13811.33649,326,12.168,4037.76768,0
1789077600000000,331.8,331.93,331.57,331.73,21.097,1789081199999999,6998.47667,142,13.146,4360.58881,0
1789081200000000,331.74,331.95,331.5,331.5,58.547,1789084799999999,19425.17323,110,27.793,9221.07229,0
1789084800000000,331.46,332.23,331.4,332.23,59.599,1789088399999999,19783.27813,163,50.389,16726.53936,0
1789088400000000,332.24,332.41,331.81,332.01,62.366,1789091999999999,20709.4484,106,8.881,2950.19911,0
1789092000000000,332.09,332.23,331.82,331.91,28.968,1789095599999999,9619.66505,155,9.623,3195.35425,0
1789095600000000,331.93,331.98,331.14,331.39,157.946,1789099199999999,52347.17059,165,38.361,12726.27968,0
1789099200000000,331.38,331.7,331.22,331.59,32.683,1789102799999999,10834.54885,274,4.916,1629.55377,0
1789102800000000,331.6,332.34,331.59,332.22,29.73,1789106399999999,9866.83426,348,15.733,5221.88505,0
1789106400000000,332.22,332.86,332.08,332.86,80.256,1789109999999999,26673.21901,345,47.103,15655.60139,0
1789110000000000,332.86,333.38,332.86,333.04,58.498,1789113599999999,19491.51601,352,22.249,7412.59475,0
1789113600000000,333.05,334.26,332.81,334.21,155.309,1789117199999999,51743.70345,270,131.122,43686.2546,0
1789117200000000,334.2,334.23,333.79,334.14,67.566,1789120799999999,22572.29099,149,42.388,14161.65574,0
1789120800000000,334.1,334.51,333.87,334.34,41.568,1789124399999999,13890.0581,129,21.616,7221.2432,0
1789124400000000,334.36,334.94,334.21,334.44,56.886,1789127999999999,19034.48716,534,14.955,5004.55371,0
1789128000000000,334.4,335.48,332.97,335.4,252.81,1789131599999999,84508.49551,1205,90.095,30142.77932,0
1789131600000000,335.48,340.61,334.46,338.22,1351.392,1789135199999999,456811.53297,3625,346.103,116921.90206,0
1789135200000000,338.11,340.6,337.63,339.9,767.533,1789138799999999,260577.09323,1114,331.926,112833.18679,0
1789138800000000,340.35,342.93,340.14,341.66,460.599,1789142399999999,157070.09411,2258,373.874,127444.36432,0
1789142400000000,341.41,341.64,340.1,340.86,430.334,1789145999999999,146673.57513,1183,46.995,16021.71669,0
1789146000000000,340.8,341.43,340.28,340.36,406.128,1789149599999999,138472.99409,1885,366.429,124950.80461,0
1789149600000000,340.36,340.61,338.7,338.75,33.451,1789153199999999,11357.22691,155,2.424,823.37421,0
1789153200000000,339.09,339.19,338.25,338.58,33.315,1789156799999999,11284.88972,161,11.613,3934.29513,0
1789156800000000,338.55,338.8,338.33,338.61,15.061,1789160399999999,5099.56744,153,11.456,3878.74317,0
1789160400000000,338.62,338.65,338.37,338.53,8.72,1789163999999999,2951.75288,51,2.687,909.43359,0
1789164000000000,338.52,338.52,338.29,338.29,8.934,1789167599999999,3023.37365,135,1.484,502.26478,0
1789167600000000,338.29,338.36,338.22,338.29,3.621,1789171199999999,1224.90213,31,0.396,133.97325,0
1789171200000000,338.32,338.42,338.28,338.33,16.882,1789174799999999,5712.5219,83,4.419,1494.92891,0
1789174800000000,338.41,338.48,338.07,338.07,24.793,1789178399999999,8387.87002,96,16.323,5523.27584,0
1789178400000000,338.07,338.88,338.01,338.44,32.518,1789181999999999,11004.91858,253,18.243,6172.95235,0
1789182000000000,338.5,338.97,338.5,338.97,14.266,1789185599999999,4831.10463,86,13.922,4714.61033,0
1789185600000000,339.18,339.22,338.79,338.94,12.163,1789189199999999,4123.81384,71,10.821,3668.95511,0
1789189200000000,338.92,339.22,338.9,339.22,4.68,1789192799999999,1586.8663,54,4.49,1522.46754,0
1789192800000000,339.07,339.12,338.84,338.86,15.431,1789196399999999,5231.01131,107,10.695,3625.85625,0
1789196400000000,338.86,339.19,338.86,339.19,7.358,1789199999999999,2494.41767,81,4.149,1406.53219,0
1789200000000000,339.2,339.3,338.77,339.3,11.567,1789203599999999,3922.02984,76,7.579,2569.82604,0
1789203600000000,339.29,339.7,339.28,339.7,13.023,1789207199999999,4420.70727,65,7.124,2418.04102,0
1789207200000000,339.69,340.04,339.32,339.53,74.33,1789210799999999,25253.06697,529,41.274,14026.73957,0
1789210800000000,339.53,339.72,339.53,339.56,7.735,1789214399999999,2627.2141,111,1.62,550.25484,0
1789214400000000,339.48,339.64,339.31,339.63,13.542,1789217999999999,4596.22579,131,6.588,2235.79567,0
1789218000000000,339.63,339.7,339.34,339.69,14.752,1789221599999999,5009.97248,135,4.36,1480.77603,0
1789221600000000,339.69,340.37,339.47,339.8,34.614,1789225199999999,11763.70965,194,26.988,9173.04277,0
1789225200000000,339.8,339.93,339.43,339.65,12.102,1789228799999999,4110.95486,144,5.199,1766.35757,0
1789228800000000,339.66,339.66,339.55,339.65,16.649,1789232399999999,5654.36821,117,4.867,1652.98823,0
1789232400000000,339.65,339.68,339.49,339.55,86.1,1789235999999999,29235.26378,402,64.139,21777.17954,0
1789236000000000,339.63,340.54,339.63,340.54,43.053,1789239599999999,14642.24085,256,39.308,13368.40341,0
1789239600000000,340.54,341.07,340.54,341.07,9.958,1789243199999999,3394.48685,154,6.326,2156.38853,0
1789243200000000,341.07,341.08,340.65,341.08,10.967,1789246799999999,3739.44433,107,3.323,1132.74186,0
1789246800000000,341.19,341.51,340.93,340.93,81.379,1789250399999999,27752.4751,369,2.627,896.67682,0
1789250400000000,341.05,341.66,341.05,341.17,16.185,1789253999999999,5525.53175,317,4.826,1647.30302,0
1789254000000000,341.17,341.54,340.81,340.87,39.378,1789257599999999,13438.10782,378,5.21,1777.50676,0
1789257600000000,340.87,340.87,339.99,340.11,20.161,1789261199999999,6863.47448,439,2.251,765.91063,0
1789261200000000,340.11,341.05,340.11,340.89,10.285,1789264799999999,3503.4055,171,7.493,2552.80355,0
1789264800000000,340.91,341.91,340.84,341.43,64.751,1789268399999999,22115.75249,873,49.326,16846.37899,0
1789268400000000,341.42,341.44,341.17,341.17,8.165,1789271999999999,2786.78466,159,1.312,447.77949,0
1789272000000000,341.17,341.18,340.36,340.92,56.678,1789275599999999,19311.63902,91,2.882,982.55447,0
1789275600000000,340.91,340.91,340.05,340.37,33.405,1789279199999999,11370.56964,68,0.727,247.70513,0
1789279200000000,340.39,340.54,339.47,339.77,35.041,1789282799999999,11918.20611,119,13.318,4533.11069,0
1789282800000000,339.74,339.74,339.1,339.28,18.427,1789286399999999,6251.91135,63,13.916,4720.59965,0
1789286400000000,339.01,339.33,338.44,338.59,48.534,1789289999999999,16446.18326,150,32.403,10979.3794,0
1789290000000000,338.41,338.7,336.2,336.33,218.575,1789293599999999,73697.03035,1979,152.174,51307.54739,0
1789293600000000,336.33,337.6,336.32,336.94,18.483,1789297199999999,6225.63049,127,8.163,2746.2595,0
1789297200000000,337.0,339.36,337.0,338.62,115.691,1789300799999999,39183.3437,1419,71.158,24096.26722,0
1789300800000000,338.64,338.74,338.2,338.43,32.265,1789304399999999,10918.8073,246,3.646,1233.69001,0
1789304400000000,338.37,338.46,337.65,338.25,99.365,1789307999999999,33593.24523,243,31.278,10579.70704,0
1789308000000000,338.36,338.37,336.4,337.15,67.676,1789311599999999,22809.82134,763,38.805,13077.49087,0
1789311600000000,337.38,337.38,336.69,336.96,14.341,1789315199999999,4833.81233,101,4.595,1548.40226,0
1789315200000000,337.1,337.59,336.83,337.3,6.233,1789318799999999,2102.32248,75,1.988,670.61024,0
1789318800000000,337.35,337.36,337.14,337.2,6.797,1789322399999999,2292.49352,39,3.214,1084.1541,0
1789322400000000,337.24,337.54,337.24,337.35,3.461,1789325999999999,1167.61852,16,0.721,243.1946,0
1789326000000000,337.16,337.44,337.05,337.41,2.1,1789329599999999,708.39944,24,0.168,56.67915,0
1789329600000000,337.4,338.14,337.07,337.97,42.627,1789333199999999,14385.23386,132,1.664,561.63259,0
1789333200000000,337.97,338.37,337.97,338.23,16.289,1789336799999999,5509.73967,85,11.828,4000.86202,0
1789336800000000,337.97,338.34,336.76,337.44,41.68,1789340399999999,14060.43173,339,12.807,4321.52941,0
1789340400000000,337.32,337.8,336.54,337.52,9.194,1789343999999999,3100.83852,99,5.365,1809.75755,0
1789344000000000,337.4,337.67,334.56,335.16,140.421,1789347599999999,47145.05807,1196,104.239,34989.39095,0
1789347600000000,335.13,336.18,334.76,336.18,38.82,1789351199999999,13030.95615,235,30.294,10174.47206,0
1789351200000000,336.13,336.5,336.03,336.27,30.212,1789354799999999,10158.24871,183,19.673,6614.44808,0
1789354800000000,336.28,336.5,335.9,335.91,28.438,1789358399999999,9559.51043,108,12.989,4366.39521,0
1789358400000000,335.9,336.1,335.58,336.1,24.319,1789361999999999,8166.70849,154,19.741,6629.57487,0
1789362000000000,335.82,336.1,335.25,336.1,13.499,1789365599999999,4529.1141,42,12.0,4026.1251,0
1789365600000000,336.43,336.79,336.1,336.11,23.148,1789369199999999,7789.42014,161,19.345,6509.73159,0
1789369200000000,336.15,336.15,335.55,335.75,15.847,1789372799999999,5321.38357,106,8.532,2864.17261,0
1789372800000000,335.71,336.61,335.1,336.09,24.945,1789376399999999,8379.70764,101,10.198,3423.89799,0
1789376400000000,336.08,336.08,335.33,335.72,155.097,1789379999999999,52051.20507,91,12.216,4101.37217,0
1789380000000000,335.7,340.18,335.7,339.95,170.205,1789383599999999,57595.29843,1524,89.448,30267.25869,0
1789383600000000,339.9,346.29,339.9,344.84,1282.438,1789387199999999,440869.59708,4353,631.361,216552.46344,0
1789387200000000,344.84,344.96,341.58,343.58,413.749,1789390799999999,142062.3544,673,173.902,59596.87183,0
1789390800000000,343.67,347.14,342.19,346.57,689.262,1789394399999999,237426.6942,1365,220.019,75918.17994,0
1789394400000000,346.62,346.97,342.89,345.09,372.946,1789397999999999,128576.95643,838,127.145,43769.04723,0
1789398000000000,344.81,346.17,344.3,345.4,145.56,1789401599999999,50262.18714,729,98.907,34155.42376,0
1789401600000000,345.24,347.66,345.06,347.5,109.769,1789405199999999,38051.10447,954,55.824,19354.80023,0
1789405200000000,347.58,349.75,346.64,349.29,633.008,1789408799999999,220645.97272,1593,84.382,29384.34491,0
1789408800000000,349.06,349.74,346.73,347.46,509.37,1789412399999999,177201.92593,3442,62.525,21738.65778,0
1789412400000000,347.44,349.5,346.9,349.37,214.597,1789415999999999,74741.72224,2078,49.26,17149.19484,0
1789416000000000,349.36,349.36,348.03,348.23,109.247,1789419599999999,38069.50029,242,17.286,6027.08995,0
1789419600000000,348.34,348.47,347.79,347.91,9.022,1789423199999999,3139.4346,37,3.381,1176.32087,0
1789423200000000,348.07,348.07,347.28,347.3,16.67,1789426799999999,5790.94835,40,5.836,2028.11606,0
1789426800000000,347.21,347.28,346.89,347.18,29.513,1789430399999999,10243.415,69,18.965,6581.31375,0
1789430400000000,347.28,347.37,346.6,347.08,24.837,1789433999999999,8616.59606,108,19.149,6642.49656,0
1789434000000000,347.07,348.2,347.06,348.2,102.551,1789437599999999,35617.37038,158,98.876,34339.0935,0
1789437600000000,347.91,348.18,347.77,347.78,43.977,1789441199999999,15304.82304,79,39.848,13868.43079,0
1789441200000000,347.82,347.95,347.75,347.78,23.122,1789444799999999,8042.10222,160,3.994,1389.36071,0
1789444800000000,347.77,347.83,346.69,346.95,1233.81,1789448399999999,428448.2116,1042,946.335,328666.03448,0
1789448400000000,346.94,347.16,346.34,346.97,1539.839,1789451999999999,534122.35226,4209,1391.187,482563.24956,0
1789452000000000,347.0,347.0,346.57,346.67,930.025,1789455599999999,322707.0283,3396,911.373,316236.84452,0
1789455600000000,346.67,346.68,345.67,345.68,301.544,1789459199999999,104438.60141,359,215.705,74719.43161,0
1789459200000000,345.83,345.92,344.64,345.2,487.814,1789462799999999,168319.16858,885,379.528,130938.29024,0
1789462800000000,345.19,345.73,344.36,345.68,2104.849,1789466399999999,726557.05371,4047,1934.619,667814.56095,0
1789466400000000,345.65,345.9,345.41,345.75,929.865,1789469999999999,321469.16622,5124,687.756,237785.68591,0
1789470000000000,345.75,346.52,345.75,346.15,1178.527,1789473599999999,407641.381,1157,871.832,301465.57894,0
1789473600000000,346.2,347.24,345.85,346.71,262.874,1789477199999999,91054.83227,705,99.471,34448.07252,0
1789477200000000,346.72,347.96,344.81,345.6,6137.746,1789480799999999,2127402.22614,7789,4137.084,1433724.34869,0
1789480800000000,345.6,345.6,343.96,344.2,2395.43,1789484399999999,825790.44469,2610,1687.787,581774.59136,0
1789484400000000,344.18,344.91,343.15,343.7,967.495,1789487999999999,333133.36216,4733,645.469,222296.44488,0
1789488000000000,343.7,344.93,343.69,343.9,1761.146,1789491599999999,606668.64151,4386,703.843,242277.92168,0
1789491600000000,343.88,344.23,342.88,343.41,1290.052,1789495199999999,442894.12533,3644,845.861,290285.77797,0
1789495200000000,343.38,344.56,343.31,344.38,279.664,1789498799999999,96225.71418,530,42.488,14616.41649,0
1789498800000000,344.38,345.33,343.9,345.03,298.159,1789502399999999,102815.7011,451,96.081,33127.82881,0
1789502400000000,345.25,345.33,344.44,344.44,133.487,1789505999999999,46026.05521,374,41.702,14388.82161,0
1789506000000000,344.53,344.55,344.27,344.35,16.9,1789509599999999,5820.02981,73,7.482,2577.12495,0
1789509600000000,344.4,344.69,344.14,344.48,124.683,1789513199999999,42927.0834,435,72.563,24984.7433,0
1789513200000000,344.48,344.64,344.2,344.5,92.18,1789516799999999,31749.89036,816,64.421,22188.74997,0
1789516800000000,344.51,344.72,344.26,344.62,80.121,1789520399999999,27599.22641,139,41.534,14308.74045,0
1789520400000000,344.66,344.74,344.09,344.15,176.108,1789523999999999,60661.47269,266,152.625,52575.9019,0
1789524000000000,344.18,344.91,344.18,344.91,76.666,1789527599999999,26405.1529,86,23.744,8181.43293,0
1789527600000000,344.91,345.34,344.9,345.07,231.086,1789531199999999,79753.57048,1034,53.064,18312.99804,0
1789531200000000,345.07,345.12,344.65,344.72,144.06,1789534799999999,49669.55107,688,70.529,24320.3631,0
1789534800000000,344.71,345.09,344.57,344.97,49.527,1789538399999999,17076.71067,170,32.279,11129.49112,0
1789538400000000,344.93,345.12,344.71,345.01,30.17,1789541999999999,10407.48327,153,20.241,6981.40794,0
1789542000000000,345.1,345.65,345.05,345.39,122.567,1789545599999999,42344.98838,460,37.374,12907.41695,0
1789545600000000,345.38,345.69,344.83,344.94,748.605,1789549199999999,258328.41036,1692,734.34,253405.92148,0
1789549200000000,345.14,345.14,344.44,345.06,178.447,1789552799999999,61527.82557,551,92.985,32056.7753,0
1789552800000000,345.06,345.83,344.92,345.33,106.185,1789556399999999,36670.70768,460,29.756,10279.18836,0
1789556400000000,345.54,346.14,345.29,345.75,545.21,1789559999999999,188407.3057,2297,218.534,75527.34325,0
1789560000000000,345.79,346.79,345.74,346.06,268.781,1789563599999999,93070.60675,787,74.546,25796.90645,0
1789563600000000,345.84,348.39,344.21,346.69,909.033,1789567199999999,314968.87975,2141,293.972,101505.8615,0
1789567200000000,346.55,347.01,344.55,346.76,721.266,1789570799999999,249226.52495,1048,378.024,130466.45767,0
1789570800000000,346.81,347.13,345.7,346.2,370.31,1789574399999999,128297.98054,564,73.393,25408.40476,0
1789574400000000,346.21,346.21,345.44,345.69,108.42,1789577999999999,37490.1608,222,38.086,13169.0865,0
1789578000000000,345.76,345.76,344.66,345.11,276.94,1789581599999999,95571.56532,1047,159.119,54912.82521,0
1789581600000000,345.14,346.75,342.77,342.86,2386.82,1789585199999999,824366.26721,3596,1387.422,478937.60393,0
1789585200000000,342.83,344.18,340.92,343.09,605.248,1789588799999999,207344.73603,3119,354.999,121529.43368,0
1789588800000000,343.14,343.82,343.06,343.27,91.7,1789592399999999,31494.20946,239,19.023,6534.89117,0
1789592400000000,343.3,343.96,343.28,343.62,265.867,1789595999999999,91362.29378,1334,52.515,18045.62039,0
1789596000000000,343.61,344.77,343.31,344.46,201.544,1789599599999999,69394.74832,309,43.486,14946.84068,0
1789599600000000,344.46,345.59,344.46,345.44,269.251,1789603199999999,92927.87077,1151,51.966,17927.26374,0
1789603200000000,345.42,345.69,345.0,345.46,312.179,1789606799999999,107812.12637,993,146.452,50568.77923,0
1789606800000000,345.47,345.7,345.16,345.19,296.61,1789610399999999,102478.03671,1460,112.586,38892.63386,0
1789610400000000,345.18,345.53,345.04,345.28,344.443,1789613999999999,118921.38116,3018,106.587,36803.54014,0
1789614000000000,345.3,345.7,345.21,345.7,330.051,1789617599999999,114013.20811,1833,153.601,53062.92653,0
1789617600000000,345.7,345.7,345.58,345.64,259.582,1789621199999999,89731.90041,1392,182.298,63018.70046,0
1789621200000000,345.64,345.7,345.02,345.02,347.889,1789624799999999,120170.7941,749,147.173,50825.94709,0
1789624800000000,345.02,345.7,345.02,345.7,109.329,1789628399999999,37770.26806,542,74.591,25767.38407,0
1789628400000000,345.7,347.2,345.69,347.2,2151.575,1789631999999999,744298.44083,1940,1753.255,606219.50047,0
1789632000000000,347.08,347.67,346.99,347.42,546.655,1789635599999999,189899.56882,3906,139.661,48517.65819,0
1789635600000000,347.42,347.97,346.94,347.78,366.136,1789639199999999,127216.23221,2523,170.875,59363.74287,0
1789639200000000,347.77,347.83,346.82,346.98,418.395,1789642799999999,145286.61453,3784,170.726,59272.73221,0
1789642800000000,347.0,347.17,346.12,346.78,162.655,1789646399999999,56350.61423,1941,121.183,41984.54775,0
1789646400000000,346.78,348.51,346.66,348.3,1046.723,1789649999999999,364120.63156,4124,719.285,250274.05579,0
1789650000000000,348.28,349.1,344.21,345.87,5390.864,1789653599999999,1875123.69767,11438,3611.671,1257269.41678,0
1789653600000000,345.84,348.73,344.9,346.54,1130.162,1789657199999999,392148.8239,2531,291.462,100962.41792,0
1789657200000000,346.65,348.18,345.1,345.7,678.001,1789660799999999,235074.7196,1305,245.713,85128.60443,0
1789660800000000,345.7,346.29,345.05,345.94,716.835,1789664399999999,247701.91607,1015,354.606,122598.81077,0
1789664400000000,345.88,346.18,345.16,345.69,205.274,1789667999999999,70919.82697,423,178.499,61664.8314,0
1789668000000000,345.6,346.48,345.32,346.04,64.468,1789671599999999,22296.84283,242,37.466,12956.80699,0
1789671600000000,346.26,347.84,346.26,347.65,738.046,1789675199999999,256081.50031,1811,292.12,101311.68172,0
1789675200000000,347.52,347.52,346.59,346.84,181.247,1789678799999999,62866.00271,746,65.657,22779.41711,0
1789678800000000,346.86,347.15,346.53,347.08,64.892,1789682399999999,22494.25186,341,11.595,4020.96704,0
1789682400000000,346.94,346.94,346.43,346.59,247.129,1789685999999999,85659.01656,540,131.139,45455.57309,0
1789686000000000,346.63,347.06,346.5,346.82,91.196,1789689599999999,31619.70259,482,26.376,9147.81901,0
1789689600000000,346.85,347.12,346.69,346.86,150.992,1789693199999999,52382.61722,676,35.031,12152.85675,0
1789693200000000,346.86,346.99,346.6,346.87,252.701,1789696799999999,87627.6641,487,119.169,41322.95982,0
1789696800000000,346.87,347.37,346.87,347.21,107.128,1789700399999999,37191.46843,429,49.167,17068.39874,0
1789700400000000,347.22,351.26,347.21,351.26,2974.364,1789703999999999,1039109.29499,1873,1827.541,637814.68546,0
1789704000000000,351.27,354.0,351.16,353.49,926.963,1789707599999999,326739.29006,1167,146.928,51769.98004,0
1789707600000000,353.72,355.95,353.52,355.06,1146.26,1789711199999999,406463.26072,2343,576.236,204322.77498,0
1789711200000000,355.11,355.66,353.82,354.53,528.663,1789714799999999,187503.09692,1227,158.245,56098.0797,0
1789714800000000,354.47,354.63,354.03,354.2,264.326,1789718399999999,93643.15903,769,91.852,32536.44884,0
1789718400000000,354.11,355.21,353.52,354.96,529.334,1789721999999999,187558.43601,1434,187.712,66509.41551,0
1789722000000000,355.03,355.64,354.11,354.5,184.967,1789725599999999,65623.54646,481,46.222,16403.02147,0
1789725600000000,354.51,356.43,354.29,355.95,402.167,1789729199999999,143037.01816,1864,125.383,44599.83113,0
1789729200000000,355.92,356.82,355.19,355.71,625.81,1789732799999999,222832.54199,1092,160.702,57200.54532,0
1789732800000000,355.73,356.55,354.35,355.09,371.801,1789736399999999,132084.67714,904,228.082,81010.566,0
1789736400000000,355.2,359.5,354.9,355.57,6623.868,1789739999999999,2372669.16857,8955,749.32,266953.38819,0
1789740000000000,355.57,355.83,349.87,351.57,930.121,1789743599999999,327458.79366,1730,693.133,244059.76194,0
1789743600000000,351.66,351.71,349.34,349.51,617.919,1789747199999999,216409.7112,1489,334.58,117189.33523,0
1789747200000000,349.48,350.35,349.03,349.83,204.946,1789750799999999,71683.21794,641,111.946,39138.33136,0
1789750800000000,349.73,350.2,349.29,349.92,305.778,1789754399999999,106955.21551,576,219.465,76744.21396,0
1789754400000000,349.81,352.11,349.81,351.66,153.38,1789757999999999,53891.57283,470,69.969,24581.09639,0
1789758000000000,351.76,352.16,348.58,349.24,790.796,1789761599999999,277053.91445,1343,313.012,109553.60486,0
1789761600000000,349.19,350.36,349.19,350.05,133.904,1789765199999999,46870.22889,407,28.566,9994.3813,0
1789765200000000,350.12,350.62,350.02,350.54,53.883,1789768799999999,18879.49401,171,20.326,7119.44674,0
1789768800000000,350.53,350.55,349.96,350.36,58.645,1789772399999999,20547.52497,177,27.469,9622.92518,0
1789772400000000,350.33,350.76,350.33,350.7,41.797,1789775999999999,14654.46219,123,15.87,5563.86352,0
1789776000000000,350.69,350.89,350.31,350.79,73.729,1789779599999999,25849.35243,264,36.192,12688.58178,0
1789779600000000,350.74,350.74,350.2,350.27,73.893,1789783199999999,25890.61107,244,30.961,10846.05231,0
1789783200000000,350.27,351.06,350.08,350.31,76.857,1789786799999999,26928.8368,190,52.179,18285.0265,0
1789786800000000,350.31,351.15,350.06,350.36,182.396,1789790399999999,63911.40034,504,53.341,18703.11594,0
1789790400000000,350.34,350.46,350.28,350.35,33.824,1789793999999999,11851.31968,134,18.094,6339.90766,0
1789794000000000,350.37,350.6,350.35,350.49,25.415,1789797599999999,8907.79188,93,18.098,6343.38993,0
1789797600000000,350.43,350.54,350.2,350.25,25.52,1789801199999999,8941.12949,230,13.535,4742.3407,0
1789801200000000,350.27,350.45,350.14,350.23,41.843,1789804799999999,14654.43322,99,14.318,5015.11571,0
1789804800000000,350.17,350.35,350.16,350.19,9.811,1789808399999999,3436.34208,58,5.14,1800.23017,0
1789808400000000,350.2,350.4,349.98,350.4,90.359,1789811999999999,31636.43763,130,81.803,28640.48491,0
1789812000000000,350.42,350.5,350.21,350.21,18.979,1789815599999999,6648.98472,68,10.067,3526.66348,0
1789815600000000,350.21,350.28,350.1,350.13,32.57,1789819199999999,11404.98774,140,15.265,5345.59329,0
1789819200000000,350.13,350.32,350.12,350.12,33.845,1789822799999999,11851.77238,181,10.339,3620.46462,0
1789822800000000,350.13,350.34,350.02,350.24,113.937,1789826399999999,39893.96496,373,44.432,15557.32065,0
1789826400000000,350.24,350.5,350.17,350.42,71.164,1789829999999999,24932.69239,179,26.077,9135.90421,0
1789830000000000,350.45,350.56,350.41,350.52,31.414,1789833599999999,11010.16004,110,11.34,3974.49002,0
1789833600000000,350.54,350.68,350.5,350.65,48.721,1789837199999999,17081.82228,249,10.391,3642.94805,0
1789837200000000,350.66,350.67,350.42,350.5,27.532,1789840799999999,9651.67586,126,5.285,1852.58796,0
1789840800000000,350.53,351.34,350.53,351.02,113.636,1789844399999999,39871.47064,337,24.661,8650.34341,0
1789844400000000,350.9,351.09,350.7,350.97,46.03,1789847999999999,16153.09024,97,28.245,9910.59617,0
1789848000000000,350.97,350.98,350.68,350.82,39.018,1789851599999999,13692.50093,90,25.223,8852.11995,0
1789851600000000,350.83,350.98,350.72,350.97,61.333,1789855199999999,21523.31961,110,50.948,17879.10644,0
1789855200000000,350.97,350.98,350.54,350.76,32.908,1789858799999999,11545.71027,101,16.208,5685.97754,0
1789858800000000,350.76,351.03,350.76,351.03,22.807,1789862399999999,8002.87878,74,12.288,4312.41286,0
1789862400000000,351.04,352.41,350.92,352.2,196.407,1789865999999999,69096.05016,381,48.751,17153.30312,0
1789866000000000,352.08,352.61,352.08,352.14,103.086,1789869599999999,36316.66549,342,41.743,14704.21377,0
1789869600000000,352.13,352.3,351.4,351.4,114.067,1789873199999999,40137.63205,294,67.593,23779.44685,0
1789873200000000,351.39,351.39,350.52,350.76,97.112,1789876799999999,34087.71364,403,31.201,10956.20217,0
1789876800000000,350.76,350.93,349.23,349.73,426.438,1789880399999999,149222.02953,3550,296.925,103905.07068,0
1789880400000000,349.56,349.97,349.55,349.84,55.476,1789883999999999,19401.18115,154,31.364,10969.00931,0
1789884000000000,349.83,349.9,349.61,349.77,61.835,1789887599999999,21627.70349,148,46.189,16154.94164,0
1789887600000000,349.77,349.84,349.66,349.67,26.77,1789891199999999,9363.8108,85,15.491,5418.61403,0
1789891200000000,349.62,349.76,349.49,349.76,89.992,1789894799999999,31463.40616,175,67.779,23697.49298,0
1789894800000000,349.79,349.84,349.44,349.68,18.454,1789898399999999,6452.53351,82,11.919,4167.75321,0
1789898400000000,349.59,349.62,349.44,349.52,18.563,1789901999999999,6488.19656,110,10.687,3735.4805,0
1789902000000000,349.49,349.51,348.88,348.96,40.894,1789905599999999,14281.29715,380,13.56,4735.61354,0
1789905600000000,348.96,349.36,348.88,349.29,27.472,1789909199999999,9588.80726,166,11.03,3850.08677,0
1789909200000000,349.38,349.69,349.29,349.3,22.532,1789912799999999,7874.50491,140,9.619,3361.29882,0
1789912800000000,349.27,349.43,348.9,349.01,22.593,1789916399999999,7886.83907,212,8.274,2887.82643,0
1789916400000000,349.01,349.74,349.01,349.74,80.995,1789919999999999,28290.7351,355,36.65,12801.81961,0
1789920000000000,349.74,350.13,349.74,349.95,61.977,1789923599999999,21686.25374,278,16.318,5709.46017,0
1789923600000000,349.96,350.19,349.37,349.47,92.768,1789927199999999,32455.66918,326,27.412,9593.68717,0
1789927200000000,349.47,349.54,349.42,349.48,32.936,1789930799999999,11510.88101,109,19.146,6691.38078,0
1789930800000000,349.47,349.54,349.47,349.54,25.584,1789934399999999,8941.26555,50,6.18,2159.98312,0
1789934400000000,349.52,349.69,349.52,349.69,6.021,1789937999999999,2105.16243,27,4.401,1538.84283,0
1789938000000000,349.69,349.97,349.68,349.97,113.798,1789941599999999,39809.84222,116,20.421,7142.81309,0
1789941600000000,349.95,350.59,349.9,350.56,79.326,1789945199999999,27781.67548,160,19.278,6750.09327,0
1789945200000000,350.6,350.74,350.51,350.71,34.738,1789948799999999,12180.02504,101,8.213,2879.73717,0
1789948800000000,350.71,351.38,350.06,351.09,265.846,1789952399999999,93264.11118,464,101.034,35471.08952,0
1789952400000000,351.1,351.56,350.88,351.52,901.52,1789955999999999,316725.72082,2154,37.773,13266.28108,0
1789956000000000,351.52,351.7,351.16,351.32,159.667,1789959599999999,56104.17049,278,24.254,8525.97208,0
1789959600000000,351.36,351.93,351.36,351.78,79.869,1789963199999999,28095.59517,153,18.617,6546.54989,0
1789963200000000,351.7,351.75,351.64,351.66,49.53,1789966799999999,17419.87541,95,33.022,11614.08284,0
1789966800000000,351.67,351.68,351.33,351.36,14.75,1789970399999999,5185.12861,92,6.977,2452.34227,0
1789970400000000,351.36,351.98,351.36,351.91,72.338,1789973999999999,25441.4767,357,52.273,18384.03432,0
1789974000000000,351.91,352.17,351.77,352.16,172.339,1789977599999999,60657.42683,408,33.904,11932.08916,0
1789977600000000,352.07,353.95,352.07,352.84,807.22,1789981199999999,285274.72804,950,81.636,28849.63845,0
1789981200000000,352.88,353.18,352.55,352.88,165.805,1789984799999999,58499.51683,301,24.23,8548.78281,0
1789984800000000,352.88,353.07,352.21,352.3,105.078,1789988399999999,37045.54325,344,11.532,4066.87123,0
1789988400000000,352.31,352.43,350.0,350.57,564.114,1789991999999999,197896.0722,1492,56.997,19998.48238,0
1789992000000000,350.57,351.59,350.0,350.71,293.768,1789995599999999,103081.91809,885,70.621,24765.41025,0
1789995600000000,350.71,355.07,349.19,353.64,1400.373,1789999199999999,492859.59241,3105,362.015,127321.98065,0
1789999200000000,353.7,357.46,352.62,355.19,655.078,1790002799999999,233339.0381,1383,182.481,64918.69131,0
1790002800000000,355.32,356.83,354.3,356.79,370.094,1790006399999999,131655.52383,850,162.081,57571.07886,0
1790006400000000,356.8,356.8,355.0,355.21,243.799,1790009999999999,86769.72933,455,67.016,23836.19217,0
1790010000000000,355.29,356.32,355.05,356.16,217.92,1790013599999999,77494.57567,713,40.803,14516.64449,0
1790013600000000,355.82,356.17,353.69,354.65,1232.973,1790017199999999,437256.43178,1081,86.041,30571.73062,0
1790017200000000,354.65,356.64,353.95,355.09,609.69,1790020799999999,216344.02383,884,61.994,21998.60134,0
1790020800000000,355.07,355.63,354.57,355.42,142.974,1790024399999999,50809.92123,152,17.954,6376.40184,0
1790024400000000,355.45,355.89,355.2,355.88,186.681,1790027999999999,66339.42509,236,19.725,7013.2373,0
1790028000000000,355.88,356.41,355.69,356.36,81.311,1790031599999999,28945.09596,186,16.282,5796.30234,0
1790031600000000,356.35,356.35,356.02,356.26,38.107,1790035199999999,13571.9377,141,24.907,8870.26744,0
1790035200000000,356.28,356.44,355.8,356.16,150.509,1790038799999999,53599.93835,320,44.76,15937.38343,0
1790038800000000,356.16,357.06,356.12,357.06,94.623,1790042399999999,33743.8816,143,23.156,8256.29372,0
1790042400000000,357.08,357.64,357.08,357.63,88.737,1790045999999999,31715.2046,139,30.697,10972.95679,0
1790046000000000,357.6,357.6,357.31,357.31,34.945,1790049599999999,12490.29582,45,1.22,436.13003,0
1790049600000000,357.32,357.73,356.96,357.52,148.656,1790053199999999,53130.24968,233,21.65,7739.26753,0
1790053200000000,357.58,357.58,356.66,356.97,124.686,1790056799999999,44513.91741,412,42.786,15265.35207,0
1790056800000000,356.96,356.98,356.39,356.98,25.922,1790060399999999,9248.4415,69,2.472,881.87321,0
1790060400000000,356.98,357.25,356.81,357.2,81.458,1790063999999999,29082.8841,107,31.106,11107.59836,0
1790064000000000,357.17,358.41,356.4,358.21,181.043,1790067599999999,64703.87861,419,73.696,26344.61465,0
1790067600000000,358.24,359.08,357.99,359.07,146.294,1790071199999999,52447.74368,279,50.452,18086.38617,0
1790071200000000,359.0,359.0,356.91,357.38,133.893,1790074799999999,47880.50338,291,44.711,15985.22994,0
1790074800000000,357.35,357.41,356.61,356.61,72.722,1790078399999999,25961.10544,165,32.657,11658.58132,0
1790078400000000,356.73,356.87,356.11,356.55,129.33,1790081999999999,46129.53428,265,37.978,13539.10185,0
1790082000000000,356.46,364.01,356.2,360.28,1048.998,1790085599999999,377948.07421,2788,447.754,160864.1635,0
1790085600000000,360.15,362.07,359.54,359.67,498.851,1790089199999999,179853.33827,1242,181.953,65608.62045,0
1790089200000000,360.02,360.02,355.3,355.34,458.656,1790092799999999,163844.77684,1571,248.087,88408.76765,0
1790092800000000,355.3,355.3,350.36,351.04,913.178,1790096399999999,322123.42647,2116,431.904,152295.1532,0
1790096400000000,350.89,353.66,350.4,353.4,250.94,1790099999999999,88294.5374,670,119.116,41877.81729,0
1790100000000000,353.48,353.73,352.33,352.57,102.99,1790103599999999,36380.3473,458,16.366,5779.92176,0
1790103600000000,352.39,353.55,351.07,351.27,221.703,1790107199999999,78117.36929,719,128.656,45330.35546,0
1790107200000000,351.32,351.74,351.14,351.64,20.763,1790110799999999,7297.88104,136,14.45,5079.04448,0
1790110800000000,351.64,352.29,351.64,352.27,40.313,1790114399999999,14191.21679,200,14.523,5109.73278,0
1790114400000000,352.27,352.74,352.27,352.37,15.052,1790117999999999,5306.88956,59,10.444,3682.36954,0
1790118000000000,352.43,352.54,351.8,351.89,108.002,1790121599999999,38039.39465,214,51.724,18218.25693,0
1790121600000000,351.89,352.4,351.89,352.27,71.703,1790125199999999,25255.12177,225,55.268,19466.72382,0
1790125200000000,352.27,352.63,352.27,352.47,253.052,1790128799999999,89194.64434,183,248.068,87437.99044,0
1790128800000000,352.51,352.53,352.38,352.45,55.436,1790132399999999,19539.929,76,45.096,15895.69302,0
1790132400000000,352.45,352.73,352.43,352.48,28.453,1790135999999999,10029.86782,32,25.089,8844.16854,0
1790136000000000,352.46,352.86,352.46,352.84,30.016,1790139599999999,10586.43793,94,18.998,6699.24229,0
1790139600000000,352.81,352.81,352.61,352.71,74.43,1790143199999999,26248.96246,71,43.486,15337.05339,0
1790143200000000,352.71,353.04,352.71,352.85,44.437,1790146799999999,15678.76964,86,39.604,13973.30785,0
1790146800000000,352.85,352.85,352.44,352.62,98.575,1790150399999999,34757.24734,170,73.444,25897.55012,0
1790150400000000,352.62,353.2,352.58,352.69,200.189,1790153999999999,70632.72604,611,63.795,22507.74459,0
1790154000000000,352.72,352.73,352.24,352.61,113.767,1790157599999999,40106.80915,955,30.761,10843.01163,0
1790157600000000,352.61,353.05,352.6,352.99,99.552,1790161199999999,35127.77929,276,70.756,24965.60846,0
1790161200000000,353.0,353.0,350.82,351.06,142.333,1790164799999999,50027.27278,624,80.275,28193.02231,0
1790164800000000,351.2,351.35,349.24,350.14,488.395,1790168399999999,171033.46606,960,250.777,87863.63306,0
1790168400000000,350.08,350.63,343.54,343.89,976.391,1790171999999999,338781.6253,2709,566.656,196726.68113,0
1790172000000000,343.75,343.89,340.3,342.85,1480.124,1790175599999999,506182.55632,3945,610.084,208692.93168,0
1790175600000000,342.82,342.82,340.5,340.51,1374.118,1790179199999999,469483.57575,3245,446.736,152494.49578,0
1790179200000000,340.72,340.95,338.0,338.2,764.087,1790182799999999,259083.87493,1689,532.076,180305.65904,0
1790182800000000,338.16,339.41,337.95,339.4,569.437,1790186399999999,192832.50773,630,450.292,152472.64973,0
1790186400000000,339.21,339.94,338.97,339.25,154.725,1790189999999999,52566.79723,392,35.418,12019.27573,0
1790190000000000,339.33,339.58,337.7,337.92,254.791,1790193599999999,86154.65853,676,141.047,47694.58615,0
1790193600000000,338.07,338.89,338.07,338.74,177.594,1790197199999999,60162.75388,114,163.033,55236.29831,0
1790197200000000,338.69,339.23,338.38,338.91,46.832,1790200799999999,15862.53991,83,32.922,11150.96479,0
1790200800000000,339.03,339.3,339.01,339.25,18.424,1790204399999999,6249.43048,85,8.728,2960.60695,0
1790204400000000,339.25,339.36,339.1,339.18,43.118,1790207999999999,14624.09471,143,24.054,8158.59252,0
1790208000000000,339.23,339.37,338.94,339.0,104.818,1790211599999999,35537.13808,161,14.845,5033.69206,0
1790211600000000,338.99,339.26,338.97,339.23,44.569,1790215199999999,15111.03972,93,33.264,11278.54879,0
1790215200000000,339.26,342.74,339.1,341.71,692.102,1790218799999999,236609.15153,975,524.733,179407.75799,0
1790218800000000,341.72,341.73,340.19,340.55,150.274,1790222399999999,51230.59552,238,74.743,25473.39179,0
1790222400000000,340.54,340.67,339.65,340.61,174.492,1790225999999999,59337.52153,270,130.886,44514.24471,0
1790226000000000,340.72,340.75,338.94,338.94,201.6,1790229599999999,68466.65741,279,132.714,45075.27263,0
1790229600000000,338.92,339.13,338.66,338.85,312.241,1790233199999999,105817.08761,361,295.345,100091.24573,0
1790233200000000,338.83,339.47,338.41,338.6,384.092,1790236799999999,130190.41283,383,361.014,122369.16954,0
1790236800000000,338.54,340.63,336.4,336.85,602.781,1790240399999999,203658.41657,1018,379.54,128174.43982,0
1790240400000000,336.79,337.31,336.04,336.67,307.891,1790243999999999,103592.7823,375,163.944,55151.091,0
1790244000000000,336.71,337.62,336.71,337.37,155.324,1790247599999999,52374.1545,244,96.411,32504.77055,0
1790247600000000,337.39,337.39,335.38,335.89,497.379,1790251199999999,167124.80058,571,309.727,104009.44317,0
1790251200000000,335.91,337.46,335.72,337.46,347.009,1790254799999999,116728.72299,335,220.666,74200.59905,0
1790254800000000,337.49,339.55,336.43,337.84,709.055,1790258399999999,239591.95475,1158,372.07,125665.31898,0
1790258400000000,337.91,340.29,337.91,339.06,464.488,1790261999999999,157490.10049,748,295.989,100343.56683,0
1790262000000000,339.02,339.34,337.68,339.34,277.106,1790265599999999,93699.95803,544,198.059,66960.2529,0
1790265600000000,339.32,343.06,339.14,342.73,232.454,1790269199999999,79264.49415,576,151.443,51621.98926,0
1790269200000000,342.65,342.83,341.07,341.62,122.7,1790272799999999,41934.44392,377,31.405,10732.2719,0
1790272800000000,341.6,342.72,341.36,342.0,67.438,1790276399999999,23067.25217,175,24.389,8340.56461,0
1790276400000000,341.83,343.04,341.2,342.43,90.2,1790279999999999,30872.80703,335,61.216,20952.34743,0
1790280000000000,342.58,342.58,341.54,342.18,57.364,1790283599999999,19613.67288,213,20.902,7146.60048,0
1790283600000000,342.06,342.06,341.82,341.82,4.787,1790287199999999,1636.93923,28,2.024,691.93948,0
1790287200000000,341.85,341.87,341.56,341.7,10.158,1790290799999999,3470.68396,52,4.907,1676.49925,0
1790290800000000,341.7,341.79,341.39,341.48,38.564,1790294399999999,13175.33231,144,8.273,2826.53748,0
1790294400000000,341.5,341.93,341.5,341.7,26.161,1790297999999999,8941.05413,95,11.736,4010.54579,0
1790298000000000,341.77,342.45,341.74,342.29,90.198,1790301599999999,30870.63505,155,24.157,8263.71311,0
1790301600000000,342.29,342.53,342.28,342.42,101.949,1790305199999999,34905.32893,222,60.679,20774.96295,0
1790305200000000,342.47,342.85,342.47,342.78,97.075,1790308799999999,33252.60744,140,88.66,30369.17371,0
1790308800000000,342.78,342.88,342.5,342.76,24.491,1790312399999999,8391.98533,64,15.536,5323.59471,0
1790312400000000,342.75,343.16,342.74,343.01,35.582,1790315999999999,12204.23751,75,25.207,8645.9553,0
1790316000000000,343.01,343.43,343.01,343.32,48.113,1790319599999999,16513.01005,176,17.746,6091.32868,0
1790319600000000,343.3,343.31,342.49,342.74,77.192,1790323199999999,26472.42376,331,25.91,8887.73926,0
1790323200000000,342.75,343.45,342.33,343.45,129.648,1790326799999999,44474.34886,399,58.185,19959.53076,0
1790326800000000,343.44,344.15,343.44,344.07,223.993,1790330399999999,77018.77031,578,93.094,32006.13508,0
1790330400000000,343.95,343.96,343.38,343.4,34.463,1790333999999999,11842.559,314,11.32,3889.57724,0
1790334000000000,343.43,343.93,343.09,343.68,102.555,1790337599999999,35235.77898,312,58.078,19951.31055,0
1790337600000000,343.73,344.32,343.01,343.27,107.897,1790341199999999,37090.56424,371,49.752,17106.61133,0
1790341200000000,343.26,346.93,341.94,343.9,796.832,1790344799999999,274508.82501,2363,249.021,85760.00847,0
1790344800000000,343.9,343.99,341.26,343.38,336.803,1790348399999999,115322.24451,819,212.413,72702.29467,0
1790348400000000,343.26,344.82,343.06,344.56,329.684,1790351999999999,113358.53226,1422,108.132,37164.31683,0
1790352000000000,344.67,345.51,343.5,343.67,357.734,1790355599999999,123193.71759,639,178.263,61372.21114,0
1790355600000000,343.73,344.66,343.69,344.22,64.862,1790359199999999,22320.59918,183,33.514,11531.23901,0
1790359200000000,344.31,344.83,343.51,344.18,62.073,1790362799999999,21361.348,165,24.146,8311.54949,0
1790362800000000,344.15,344.58,343.33,343.97,164.695,1790366399999999,56660.07106,577,74.323,25562.05238,0
1790366400000000,343.95,344.16,343.77,344.16,63.018,1790369999999999,21679.84896,228,37.375,12858.75041,0
1790370000000000,344.16,344.4,344.02,344.4,83.005,1790373599999999,28574.47289,331,50.861,17511.60502,0
1790373600000000,344.39,344.44,344.23,344.42,34.437,1790377199999999,11858.28108,209,17.342,5971.38414,0
1790377200000000,344.39,344.39,344.13,344.27,35.037,1790380799999999,12062.05389,156,16.457,5665.46747,0
1790380800000000,344.27,344.39,343.22,343.27,73.891,1790384399999999,25402.99302,770,34.51,11863.18335,0
1790384400000000,343.27,343.44,343.01,343.44,123.356,1790387999999999,42349.28092,568,34.725,11921.47744,0
1790388000000000,343.43,343.64,343.22,343.61,110.603,1790391599999999,37992.83036,670,56.877,19537.29945,0
1790391600000000,343.6,343.61,343.17,343.49,35.437,1790395199999999,12167.77635,359,4.833,1659.90518,0
1790395200000000,343.49,343.49,343.0,343.18,117.996,1790398799999999,40505.61985,383,11.457,3932.35846,0
1790398800000000,343.26,343.39,343.19,343.26,17.098,1790402399999999,5869.70501,77,1.74,597.29597,0
1790402400000000,343.25,343.58,343.23,343.57,6.709,1790405999999999,2303.40426,58,1.37,470.53745,0
1790406000000000,343.58,343.61,343.13,343.19,38.232,1790409599999999,13126.0564,174,2.823,969.23181,0
1790409600000000,343.19,343.42,343.14,343.41,37.948,1790413199999999,13025.18216,306,28.751,9868.68025,0
1790413200000000,343.41,343.42,343.21,343.22,34.878,1790416799999999,11975.54078,373,19.895,6831.22419,0
1790416800000000,343.21,343.52,343.19,343.49,22.661,1790420399999999,7780.68083,132,11.29,3876.44813,0
1790420400000000,343.5,343.5,343.26,343.31,21.512,1790423999999999,7385.66914,72,13.134,4509.01082,0
1790424000000000,343.31,343.31,343.05,343.09,21.011,1790427599999999,7210.07001,113,2.337,802.01627,0
1790427600000000,343.09,343.19,343.09,343.12,11.684,1790431199999999,4009.36607,57,6.864,2355.43864,0
1790431200000000,343.13,343.2,343.0,343.2,32.389,1790434799999999,11112.66927,146,14.731,5054.23224,0
1790434800000000,343.2,343.2,343.04,343.04,7.97,1790438399999999,2735.08267,50,4.343,1490.49115,0
1790438400000000,343.05,343.31,343.05,343.29,6.626,1790441999999999,2273.85663,56,5.882,2018.52821,0
1790442000000000,343.3,343.54,343.16,343.54,40.062,1790445599999999,13754.29166,236,23.045,7912.89379,0
1790445600000000,343.53,343.92,343.38,343.54,80.353,1790449199999999,27606.69547,319,68.953,23690.91144,0
1790449200000000,343.54,343.55,343.46,343.5,15.663,1790452799999999,5380.47159,198,8.138,2795.39916,0
1790452800000000,343.49,343.53,343.4,343.4,43.915,1790456399999999,15084.6493,658,32.327,11104.3164,0
1790456400000000,343.39,343.64,343.32,343.48,17.169,1790459999999999,5897.60389,79,12.963,4453.22674,0
1790460000000000,343.46,343.59,343.32,343.58,50.421,1790463599999999,17317.99843,92,15.166,5207.93938,0
1790463600000000,343.58,343.58,343.5,343.53,3.139,1790467199999999,1078.33524,19,0.107,36.75938,0
1790467200000000,343.52,343.63,343.44,343.44,79.211,1790470799999999,27211.37371,168,11.684,4014.34615,0
1790470800000000,343.41,343.44,343.09,343.44,8.827,1790474399999999,3029.88533,59,1.327,455.38362,0
1790474400000000,343.47,343.5,343.31,343.38,9.102,1790477999999999,3125.89136,114,3.862,1326.37043,0
1790478000000000,343.38,343.38,343.06,343.07,16.101,1790481599999999,5526.1168,68,3.653,1253.33313,0
1790481600000000,343.08,343.39,343.08,343.19,43.267,1790485199999999,14849.17273,177,24.358,8359.31108,0
1790485200000000,343.21,343.33,343.19,343.33,9.244,1790488799999999,3173.34922,98,6.528,2240.92744,0
1790488800000000,343.33,343.5,343.32,343.49,8.162,1790492399999999,2802.49167,43,6.394,2195.26119,0
1790492400000000,343.49,343.65,343.49,343.59,20.369,1790495999999999,6997.92624,39,6.238,2143.2204,0
1790496000000000,343.58,344.0,343.58,343.99,424.547,1790499599999999,146032.64954,1164,388.629,133679.71069,0
1790499600000000,344.0,344.63,343.99,344.38,392.526,1790503199999999,135059.81023,943,329.7,113425.1077,0
1790503200000000,344.37,344.43,344.19,344.21,6.747,1790506799999999,2322.68795,23,0.218,75.04846,0
1790506800000000,344.19,344.2,343.77,343.78,24.638,1790510399999999,8471.82688,109,9.404,3233.37967,0
1790510400000000,343.77,343.85,343.7,343.85,53.599,1790513999999999,18428.02052,71,18.743,6444.66676,0
1790514000000000,343.85,343.85,343.56,343.72,16.459,1790517599999999,5656.54261,60,12.935,4445.27875,0
1790517600000000,343.75,343.76,343.4,343.4,27.258,1790521199999999,9365.11068,62,11.568,3973.97618,0
1790521200000000,343.4,343.44,343.31,343.44,3.911,1790524799999999,1342.83116,28,2.89,992.21789,0
1790524800000000,343.45,343.83,343.44,343.62,21.305,1790528399999999,7319.92955,64,14.38,4940.30704,0
1790528400000000,343.56,343.83,343.55,343.82,6.73,1790531999999999,2312.50279,52,4.128,1418.36253,0
1790532000000000,343.82,343.85,343.82,343.84,16.629,1790535599999999,5717.82316,112,12.013,4130.6694,0
1790535600000000,343.85,344.32,343.85,344.19,16.181,1790539199999999,5565.44078,116,14.761,5076.59509,0
1790539200000000,344.11,344.17,343.99,344.04,3.018,1790542799999999,1038.39853,18,0.548,188.57128,0
1790542800000000,344.01,344.25,344.01,344.1,1.492,1790546399999999,513.42154,17,0.693,238.45321,0
1790546400000000,343.97,343.97,343.46,343.58,42.539,1790549999999999,14617.22274,82,32.862,11291.28648,0
1790550000000000,343.58,343.58,343.04,343.21,35.005,1790553599999999,12017.12781,90,29.223,10031.70987,0
1790553600000000,343.33,343.83,343.0,343.21,134.4,1790557199999999,46134.60213,173,23.478,8062.05085,0
1790557200000000,343.02,343.26,342.06,342.28,403.178,1790560799999999,138242.99385,940,56.345,19300.75196,0
1790560800000000,342.21,342.21,341.81,341.86,116.465,1790564399999999,39825.32875,457,63.189,21607.49601,0
1790564400000000,341.88,342.17,341.71,341.77,180.725,1790567999999999,61790.05578,1075,48.164,16468.94665,0
1790568000000000,341.77,342.31,341.56,342.18,114.749,1790571599999999,39232.28299,553,17.408,5951.36002,0
1790571600000000,342.24,342.4,341.11,341.69,353.569,1790575199999999,120747.85661,1416,57.006,19478.50269,0
1790575200000000,341.77,342.03,341.39,341.77,171.386,1790578799999999,58553.26975,350,4.683,1600.47213,0
1790578800000000,341.77,341.88,341.5,341.81,172.186,1790582399999999,58814.18799,679,27.951,9548.85061,0
1790582400000000,341.82,341.91,341.0,341.02,103.191,1790585999999999,35221.46616,457,46.116,15739.0823,0
1790586000000000,341.07,341.1,340.33,340.9,760.659,1790589599999999,259222.76285,2070,88.251,30068.27815,0
1790589600000000,340.93,341.41,340.13,341.11,173.07,1790593199999999,58952.33784,352,62.784,21392.11413,0
1790593200000000,341.09,341.19,340.27,340.45,349.453,1790596799999999,119023.80603,1197,99.421,33857.70124,0
1790596800000000,340.46,341.7,340.36,341.24,394.286,1790600399999999,134499.54064,827,203.715,69506.55139,0
1790600400000000,341.26,343.55,340.56,341.9,406.584,1790603999999999,138934.0351,1538,166.258,56806.30574,0
1790604000000000,341.92,341.92,340.0,340.3,330.025,1790607599999999,112397.71676,926,152.318,51891.67862,0
1790607600000000,340.28,341.53,340.0,340.86,258.609,1790611199999999,88052.3172,691,187.344,63790.02786,0
1790611200000000,340.78,341.66,340.11,341.05,134.659,1790614799999999,45862.99634,460,93.633,31885.18198,0
1790614800000000,340.98,342.84,340.71,342.5,618.301,1790618399999999,211680.30746,739,19.08,6522.4451,0
1790618400000000,342.57,342.88,342.07,342.54,115.256,1790621999999999,39491.16363,241,8.369,2867.70467,0
1790622000000000,342.51,342.82,341.61,342.79,279.768,1790625599999999,95698.13013,1036,118.634,40577.09173,0
1790625600000000,342.66,343.05,342.45,342.56,39.979,1790629199999999,13704.69392,245,11.329,3882.3805,0
1790629200000000,342.64,342.72,342.54,342.63,4.238,1790632799999999,1452.03846,18,3.037,1040.47628,0
1790632800000000,342.6,342.66,342.48,342.66,105.529,1790636399999999,36147.40814,140,7.695,2636.4303,0
1790636400000000,342.66,342.73,342.63,342.63,119.62,1790639999999999,40986.95703,479,6.574,2252.70417,0
1790640000000000,342.63,342.92,342.28,342.4,128.219,1790643599999999,43930.58986,375,35.374,12118.82501,0
1790643600000000,342.29,342.48,342.04,342.44,10.811,1790647199999999,3701.04947,41,4.084,1397.4268,0
1790647200000000,342.5,342.6,342.1,342.17,13.345,1790650799999999,4569.45053,57,8.392,2873.40043,0
1790650800000000,342.09,342.24,341.91,341.92,49.968,1790654399999999,17091.96624,225,4.331,1481.04774,0
1790654400000000,341.99,341.99,341.8,341.81,58.508,1790657999999999,20006.40726,381,8.057,2754.67965,0
1790658000000000,341.81,341.98,341.19,341.53,13.182,1790661599999999,4503.57543,60,11.288,3856.03744,0
1790661600000000,341.8,342.85,341.8,342.45,35.257,1790665199999999,12073.84349,212,28.692,9824.78199,0
1790665200000000,342.44,342.74,342.28,342.32,12.646,1790668799999999,4331.42517,127,9.961,3411.81951,0
1790668800000000,342.31,342.91,341.85,342.24,707.639,1790672399999999,242359.50057,435,665.921,228077.80245,0
1790672400000000,342.37,342.37,341.9,342.06,28.313,1790675999999999,9686.21423,250,17.693,6052.34,0
1790676000000000,342.06,342.55,342.0,342.55,40.349,1790679599999999,13808.24484,260,21.079,7214.67656,0
1790679600000000,342.55,343.43,342.48,343.34,78.821,1790683199999999,27025.52477,418,35.649,12222.7176,0
1790683200000000,343.31,343.75,342.4,342.4,213.898,1790686799999999,73384.37205,979,73.332,25163.38928,0
1790686800000000,342.41,342.96,340.0,340.0,1467.734,1790690399999999,501272.02123,6104,451.845,154200.4429,0
1790690400000000,340.01,340.68,338.36,339.41,876.007,1790693999999999,297319.4177,1495,533.172,180917.65634,0
1790694000000000,339.41,339.46,338.63,338.63,283.319,1790697599999999,96054.96127,425,132.679,44981.80503,0
1790697600000000,338.61,339.78,338.6,339.61,536.556,1790701199999999,182018.21656,264,520.396,176535.81297,0
1790701200000000,339.62,339.74,338.66,338.66,216.078,1790704799999999,73255.36595,422,106.09,35966.52349,0
1790704800000000,338.67,341.04,338.67,340.86,194.3,1790708399999999,66028.40585,444,85.681,29076.80375,0
1790708400000000,341.02,341.94,340.48,341.01,257.841,1790711999999999,88011.34157,569,62.348,21263.5819,0
1790712000000000,341.01,341.34,340.7,341.2,66.887,1790715599999999,22811.37803,611,19.483,6645.5231,0
1790715600000000,341.2,341.51,341.19,341.36,48.49,1790719199999999,16550.75541,625,19.021,6492.89724,0
1790719200000000,341.3,341.76,341.3,341.55,58.267,1790722799999999,19905.19418,142,16.995,5803.47051,0
1790722800000000,341.44,341.53,341.27,341.32,15.787,1790726399999999,5388.91749,76,8.636,2948.06693,0
1790726400000000,341.35,341.64,341.01,341.19,269.246,1790729999999999,91910.1063,329,9.561,3264.42412,0
1790730000000000,341.2,341.2,341.08,341.16,48.475,1790733599999999,16536.58157,90,3.96,1350.96112,0
1790733600000000,341.15,341.15,340.85,340.95,22.111,1790737199999999,7540.59379,82,2.147,732.18196,0
1790737200000000,340.93,341.39,340.93,341.39,4.881,1790740799999999,1665.50741,97,4.622,1577.14865,0
1790740800000000,341.38,341.39,341.21,341.21,73.531,1790744399999999,25096.87716,132,1.762,601.48005,0
1790744400000000,341.21,341.3,340.82,341.2,114.983,1790747999999999,39218.19177,140,21.647,7384.30231,0
1790748000000000,341.15,341.27,340.61,341.06,23.47,1790751599999999,8000.11341,168,18.194,6200.63536,0
1790751600000000,340.97,342.35,340.97,342.28,730.593,1790755199999999,249860.31964,1437,678.919,232182.5891,0
1790755200000000,342.26,344.19,341.84,343.97,535.815,1790758799999999,183956.73958,1209,214.652,73671.09786,0
1790758800000000,343.94,344.69,343.92,344.35,146.551,1790762399999999,50458.07326,242,48.842,16814.38461,0
1790762400000000,344.34,344.35,343.62,343.62,112.843,1790765999999999,38828.06315,287,28.074,9658.63179,0
1790766000000000,343.56,344.95,343.43,344.52,246.946,1790769599999999,84996.31414,652,124.335,42750.24705,0
1790769600000000,344.62,346.2,344.32,345.47,290.326,1790773199999999,100235.80389,797,96.101,33169.26982,0
1790773200000000,345.47,350.13,344.12,350.03,1268.985,1790776799999999,440788.95005,4868,342.019,118826.6332,0
1790776800000000,350.12,352.5,348.11,348.39,971.062,1790780399999999,340437.70576,3313,352.622,123416.56155,0
1790780400000000,348.27,352.59,347.51,351.67,1085.28,1790783999999999,381012.61683,2650,166.345,58277.20296,0
1790784000000000,351.82,352.47,350.83,351.91,461.014,1790787599999999,162255.15284,1127,66.927,23546.63031,0
1790787600000000,351.92,352.11,349.67,349.67,330.789,1790791199999999,115921.52796,695,189.41,66356.22937,0
1790791200000000,349.67,349.76,348.76,349.29,71.735,1790794799999999,25047.38061,176,65.314,22804.24673,0
1790794800000000,349.47,349.76,342.0,344.21,1163.004,1790798399999999,400342.7068,2967,540.955,186294.84341,0
1790798400000000,344.27,359.9,344.0,350.08,4315.177,1790801999999999,1518288.13891,13147,1716.894,603134.90608,0
1790802000000000,350.11,350.52,348.75,348.92,112.18,1790805599999999,39251.17347,904,33.751,11801.00904,0
1790805600000000,348.99,349.31,348.63,348.63,17.707,1790809199999999,6179.75891,169,7.918,2763.0252,0
1790809200000000,348.74,349.47,348.53,349.44,33.178,1790812799999999,11582.10676,268,12.238,4271.64919,0
1790812800000000,349.46,351.37,349.29,350.53,202.632,1790816399999999,70992.36846,577,57.685,20184.42839,0
1790816400000000,350.58,351.9,350.58,351.7,83.84,1790819999999999,29472.51151,190,2.354,827.47769,0
1790820000000000,351.75,352.76,351.74,352.7,111.168,1790823599999999,39171.03272,277,11.942,4206.27777,0
1790823600000000,352.7,353.2,352.38,353.19,101.449,1790827199999999,35799.52157,431,38.434,13558.90259,0
1790827200000000,353.19,354.06,353.09,353.81,128.643,1790830799999999,45488.5435,374,31.639,11185.66296,0
1790830800000000,354.04,355.19,353.96,354.62,243.923,1790834399999999,86503.65743,654,19.973,7082.61535,0
1790834400000000,354.67,355.47,353.24,353.32,107.187,1790837999999999,38010.14285,438,33.274,11789.54374,0
1790838000000000,353.28,353.46,351.05,351.72,259.846,1790841599999999,91396.072,682,219.313,77132.50095,0
1790841600000000,351.84,352.02,350.57,350.96,281.052,1790845199999999,98671.49481,952,198.643,69729.21482,0
1790845200000000,350.98,352.57,350.98,351.9,151.32,1790848799999999,53267.04659,908,80.471,28321.37824,0
1790848800000000,351.91,352.24,351.23,351.79,1057.091,1790852399999999,371997.76329,1997,421.217,148216.67011,0
1790852400000000,351.73,351.8,349.09,350.47,793.122,1790855999999999,277557.32166,2153,235.576,82440.81536,0
1790856000000000,350.47,350.55,348.22,349.96,599.42,1790859599999999,209296.33493,1227,192.642,67255.07505,0
1790859600000000,349.88,352.92,342.67,343.69,1845.86,1790863199999999,641368.41481,5541,1150.136,398997.17197,0
1790863200000000,343.55,343.62,340.82,340.98,3071.839,1790866799999999,1050296.36134,3637,2215.876,757270.56502,0
1790866800000000,340.98,341.72,339.86,340.53,3364.439,1790870399999999,1146117.39501,2745,2284.582,778195.60908,0
1790870400000000,340.49,340.76,336.0,337.31,2706.568,1790873999999999,917200.65379,2258,1757.83,595502.65918,0
1790874000000000,337.36,339.76,337.14,339.48,942.715,1790877599999999,319036.8109,1455,708.104,239602.588,0
1790877600000000,339.51,339.97,338.34,338.47,296.983,1790881199999999,100692.53094,385,169.388,57427.11998,0
1790881200000000,338.56,339.59,338.26,338.48,763.834,1790884799999999,258922.12899,3826,637.495,216115.74672,0
1790884800000000,338.53,339.48,338.53,339.08,227.426,1790888399999999,77156.47855,1205,193.103,65515.61976,0
1790888400000000,339.08,339.6,339.08,339.51,269.166,1790891999999999,91341.19645,1230,257.356,87332.67283,0
1790892000000000,339.56,339.64,339.16,339.34,55.132,1790895599999999,18708.97953,165,47.079,15975.9017,0
1790895600000000,339.3,339.63,339.18,339.34,108.467,1790899199999999,36822.7126,419,88.627,30086.36377,0
1790899200000000,339.36,339.9,339.27,339.64,205.328,1790902799999999,69724.49843,1002,193.533,65718.872,0
1790902800000000,339.64,339.91,339.34,339.91,150.749,1790906399999999,51194.62736,1071,119.306,40517.81088,0
1790906400000000,339.99,340.08,339.6,339.79,212.856,1790909999999999,72352.77822,280,106.743,36285.15312,0
1790910000000000,339.83,339.89,339.75,339.87,68.745,1790913599999999,23363.33243,263,52.002,17673.51903,0
1790913600000000,339.9,340.22,339.81,340.22,283.443,1790917199999999,96355.07443,230,249.246,84729.89711,0
1790917200000000,340.2,340.29,339.66,339.66,44.516,1790920799999999,15130.94891,113,15.123,5140.96008,0
1790920800000000,339.74,340.03,339.72,339.87,77.76,1790924399999999,26428.12844,125,60.188,20456.10787,0
1790924400000000,339.87,340.53,339.87,340.5,162.487,1790927999999999,55245.20681,385,147.959,50303.88067,0
1790928000000000,340.43,341.49,340.31,341.11,278.311,1790931599999999,94913.99581,264,241.767,82452.11344,0
1790931600000000,341.1,341.28,340.99,341.03,85.027,1790935199999999,29000.84029,209,55.782,19025.41417,0
1790935200000000,341.02,341.02,340.33,340.8,1205.005,1790938799999999,410642.24575,1705,95.343,32479.01681,0
1790938800000000,340.81,340.81,339.66,339.97,301.079,1790942399999999,102363.46065,461,176.065,59846.27271,0
1790942400000000,340.01,343.0,339.83,341.46,675.334,1790945999999999,230411.55905,794,549.795,187575.35877,0
1790946000000000,341.5,344.68,341.3,343.59,1604.385,1790949599999999,550181.15543,2770,1013.455,347525.59264,0
1790949600000000,343.79,345.72,343.68,344.58,473.803,1790953199999999,163343.6994,1070,156.579,53996.57355,0
1790953200000000,344.57,344.77,341.57,342.54,279.98,1790956799999999,96121.96545,656,107.744,36942.14538,0
1790956800000000,342.72,344.19,342.57,344.12,161.769,1790960399999999,55556.27121,426,37.917,13022.86445,0
1790960400000000,344.19,344.57,343.4,343.77,79.03,1790963999999999,27188.52294,252,37.443,12884.01137,0
1790964000000000,343.8,343.91,342.95,343.0,129.417,1790967599999999,44417.86164,256,15.426,5294.07807,0
1790967600000000,342.99,343.74,342.8,343.66,469.202,1790971199999999,161005.74847,264,203.62,69887.91821,0
1790971200000000,343.75,343.75,343.12,343.26,36.99,1790974799999999,12705.72435,99,19.271,6620.13238,0
1790974800000000,343.26,343.5,343.16,343.23,8.836,1790978399999999,3033.36891,57,3.547,1217.93904,0
1790978400000000,343.24,343.25,342.92,343.05,6.455,1790981999999999,2214.3995,45,2.851,977.95807,0
1790982000000000,343.1,343.3,343.03,343.25,9.131,1790985599999999,3133.1096,40,4.881,1674.95429,0
1790985600000000,343.28,343.31,342.98,342.98,12.136,1790989199999999,4164.20466,55,3.304,1133.85838,0
1790989200000000,342.96,343.04,342.87,343.04,6.839,1790992799999999,2345.36245,28,2.878,987.12797,0
1790992800000000,343.07,343.4,343.07,343.4,7.039,1790996399999999,2416.14196,23,5.332,1830.4724,0
1790996400000000,343.4,343.85,343.4,343.72,17.095,1790999999999999,5877.1361,77,5.317,1827.5875,0
1791000000000000,343.81,343.82,343.66,343.78,5.806,1791003599999999,1995.85585,79,0.052,17.875,0
1791003600000000,343.78,343.88,343.67,343.68,8.777,1791007199999999,3017.41702,92,2.036,699.90698,0
1791007200000000,343.67,343.83,343.53,343.7,18.807,1791010799999999,6462.40518,135,8.7,2989.18824,0
1791010800000000,343.7,343.72,343.67,343.71,5.222,1791014399999999,1794.78689,69,2.379,817.68661,0
1791014400000000,343.71,343.83,343.47,343.78,17.871,1791017999999999,6142.40544,100,0.34,116.86419,0
1791018000000000,343.81,343.81,343.51,343.53,8.486,1791021599999999,2916.52863,79,0.417,143.25618,0
1791021600000000,343.53,343.53,343.29,343.52,26.646,1791025199999999,9152.2012,105,15.498,5323.66461,0
1791025200000000,343.52,343.59,342.91,342.91,52.313,1791028799999999,17959.84769,121,11.425,3923.66839,0
1791028800000000,342.96,343.07,342.82,342.82,28.354,1791032399999999,9724.19104,58,12.128,4159.58114,0
1791032400000000,342.93,343.15,342.93,343.14,33.706,1791035999999999,11559.95647,71,33.21,11389.75903,0
1791036000000000,342.9,343.1,342.58,342.83,30.123,1791039599999999,10328.82512,79,16.123,5529.06161,0
1791039600000000,342.9,342.9,342.41,342.8,15.843,1791043199999999,5428.62586,56,5.052,1730.79488,0
1791043200000000,342.8,343.11,342.53,343.06,9.512,1791046799999999,3262.72311,54,7.456,2557.38435,0
1791046800000000,343.1,343.46,343.1,343.2,22.761,1791050399999999,7811.94444,73,17.695,6072.97503,0
1791050400000000,343.2,343.2,343.11,343.13,2.43,1791053999999999,833.932,31,1.37,470.1607,0
1791054000000000,343.15,343.2,343.15,343.19,3.942,1791057599999999,1352.8802,17,3.473,1191.93189,0
1791057600000000,343.2,343.44,343.2,343.29,14.196,1791061199999999,4873.96927,40,6.323,2170.27765,0
1791061200000000,343.29,343.4,343.1,343.23,13.829,1791064799999999,4746.87194,53,5.751,1973.98201,0
1791064800000000,343.37,343.43,343.22,343.29,4.158,1791068399999999,1427.61402,32,0.765,262.63373,0
1791068400000000,343.38,343.9,343.35,343.79,309.851,1791071999999999,106493.18036,663,156.582,53793.17577,0
