open_time,open,high,low,close,volume,close_time,quote_volume,trades,taker_buy_base,taker_buy_quote,ignore
1782219600000000,129.9,137.12,128.35,136.26,3450.806,1782223199999999,461349.38022,2010,2685.933,359173.80989,0
1782223200000000,136.48,138.01,135.36,135.66,2402.187,1782226799999999,328382.90028,1210,1253.092,171403.22899,0
1782226800000000,135.99,136.76,134.51,135.34,738.782,1782230399999999,100257.1342,715,384.927,52287.06065,0
1782230400000000,135.32,136.46,134.2,134.45,519.562,1782233999999999,70384.68076,484,293.823,39844.67655,0
1782234000000000,134.48,134.5,132.73,132.79,350.95,1782237599999999,46934.21615,336,102.304,13663.08027,0
1782237600000000,132.8,133.45,131.49,132.05,120.159,1782241199999999,15939.23286,200,54.985,7301.4802,0
1782241200000000,132.27,133.78,131.28,132.21,273.171,1782244799999999,36293.35773,483,126.713,16836.69252,0
1782244800000000,132.24,133.35,132.02,132.74,326.417,1782248399999999,43297.82087,267,123.342,16335.14176,0
1782248400000000,132.6,132.93,132.3,132.73,50.507,1782251999999999,6696.43944,72,37.781,5011.20215,0
1782252000000000,132.6,133.75,131.88,131.88,45.118,1782255599999999,5968.49959,71,20.384,2696.72332,0
1782255600000000,131.88,133.07,131.2,132.68,45.07,1782259199999999,5951.02522,86,31.315,4138.55366,0
1782259200000000,133.43,136.29,132.81,135.25,159.777,1782262799999999,21496.00291,242,67.478,9102.66795,0
1782262800000000,134.41,135.32,134.34,134.9,36.02,1782266399999999,4858.10868,78,22.246,3001.28877,0
1782266400000000,134.94,135.18,132.36,132.36,36.254,1782269999999999,4859.02353,58,7.504,1006.25281,0
1782270000000000,132.63,133.93,131.88,133.44,58.826,1782273599999999,7798.42158,92,42.926,5682.93217,0
1782273600000000,133.76,134.61,132.83,134.56,13.226,1782277199999999,1763.94016,32,7.896,1053.79939,0
1782277200000000,134.61,135.65,134.52,135.03,268.16,1782280799999999,36189.88003,211,175.268,23640.52212,0
1782280800000000,134.95,135.47,134.43,134.73,36.058,1782284399999999,4871.13641,76,30.575,4131.77873,0
1782284400000000,134.75,135.45,134.69,135.04,210.707,1782287999999999,28423.73844,141,196.59,26521.03005,0
1782288000000000,135.12,137.26,134.87,135.61,121.117,1782291599999999,16565.12508,70,113.134,15481.36716,0
1782291600000000,134.77,135.67,134.28,135.02,441.534,1782295199999999,59524.38452,129,391.65,52794.28109,0
1782295200000000,134.54,135.48,134.4,135.12,56.236,1782298799999999,7600.89535,44,36.614,4954.54637,0
1782298800000000,134.75,135.0,133.73,134.56,263.935,1782302399999999,35455.479,100,126.181,16985.36106,0
1782302400000000,134.73,134.96,133.72,133.72,47.724,1782305999999999,6412.17364,52,10.038,1345.40006,0
1782306000000000,134.38,135.0,130.04,131.8,367.595,1782309599999999,48619.04752,334,94.91,12654.33507,0
1782309600000000,131.8,136.0,130.62,135.47,293.803,1782313199999999,39216.03536,285,192.818,25812.45766,0
1782313200000000,135.47,135.9,133.5,134.97,671.22,1782316799999999,91001.76868,135,602.634,81753.40267,0
1782316800000000,134.51,134.98,131.59,131.88,473.088,1782320399999999,62872.9289,135,93.905,12602.11498,0
1782320400000000,132.14,132.63,130.0,130.0,953.943,1782323999999999,124080.06793,360,47.982,6269.43983,0
1782324000000000,130.01,131.37,129.03,129.16,261.497,1782327599999999,34044.65865,111,217.542,28327.82385,0
1782327600000000,129.27,131.67,128.26,131.59,354.116,1782331199999999,46277.29506,188,332.957,43542.08514,0
1782331200000000,132.01,137.89,132.01,137.06,150.181,1782334799999999,20483.25255,270,88.401,12062.28177,0
1782334800000000,136.94,137.48,135.82,137.48,17.02,1782338399999999,2325.80248,44,14.741,2014.43497,0
1782338400000000,137.65,138.56,137.59,138.09,31.129,1782341999999999,4299.85733,95,19.374,2676.82169,0
1782342000000000,138.04,139.15,137.89,138.96,64.791,1782345599999999,8971.72576,113,32.227,4463.07746,0
1782345600000000,138.88,138.97,136.83,137.27,466.466,1782349199999999,64603.59801,419,426.686,59116.87764,0
1782349200000000,137.59,137.61,137.1,137.41,25.98,1782352799999999,3569.51442,103,14.382,1976.87678,0
1782352800000000,137.08,137.47,136.76,137.24,62.616,1782356399999999,8579.95645,57,10.318,1415.26997,0
1782356400000000,137.21,138.04,137.21,137.92,87.723,1782359999999999,12084.58646,118,32.53,4481.0653,0
1782360000000000,137.93,138.29,137.83,137.98,40.938,1782363599999999,5648.91198,114,17.989,2482.18095,0
1782363600000000,137.99,138.43,137.99,138.3,20.564,1782367199999999,2842.82946,45,14.442,1997.24146,0
1782367200000000,138.33,138.74,137.99,137.99,50.738,1782370799999999,7032.98951,75,42.611,5909.61204,0
1782370800000000,138.09,139.77,138.09,139.77,151.862,1782374399999999,21119.61503,99,136.683,19010.67585,0
1782374400000000,139.34,140.88,138.93,138.93,567.325,1782377999999999,79451.86326,433,186.474,26178.21553,0
1782378000000000,139.0,140.88,139.0,139.28,254.566,1782381599999999,35523.09108,222,108.867,15238.06747,0
1782381600000000,139.28,139.88,138.13,138.39,82.868,1782385199999999,11537.00946,85,38.927,5432.44541,0
1782385200000000,138.43,138.86,136.44,138.49,663.899,1782388799999999,91256.3673,584,55.216,7634.57131,0
1782388800000000,138.4,141.43,138.4,140.22,654.518,1782392399999999,92329.02675,325,575.322,81241.78955,0
1782392400000000,140.19,140.75,125.83,125.83,1812.19,1782395999999999,245866.75575,647,462.494,62303.81891,0
1782396000000000,125.83,131.72,125.83,130.47,3163.58,1782399599999999,406436.55851,1037,1923.907,246254.88928,0
1782399600000000,130.26,131.52,128.52,129.63,188.89,1782403199999999,24408.24571,189,48.708,6329.63283,0
1782403200000000,129.33,132.14,128.45,130.44,205.357,1782406799999999,26705.22749,211,121.572,15784.10426,0
1782406800000000,130.62,132.66,130.53,132.28,1451.76,1782410399999999,192210.48273,448,764.961,101351.78185,0
1782410400000000,132.28,132.28,130.4,130.84,260.063,1782413999999999,34231.82315,133,240.777,31693.98134,0
1782414000000000,130.46,133.05,129.98,132.83,254.242,1782417599999999,33618.17519,149,208.427,27605.74207,0
1782417600000000,133.86,135.2,133.38,133.39,52.699,1782421199999999,7071.73557,84,30.44,4085.99379,0
1782421200000000,133.49,133.79,132.4,132.7,46.299,1782424799999999,6145.84806,61,12.936,1722.87136,0
1782424800000000,132.68,132.68,131.14,131.98,51.758,1782428399999999,6806.76936,87,30.873,4060.74085,0
1782428400000000,131.77,133.37,131.74,131.75,9.973,1782431999999999,1322.26046,40,4.344,574.37072,0
1782432000000000,132.12,132.3,130.55,130.7,81.268,1782435599999999,10724.7645,108,10.43,1368.49023,0
1782435600000000,130.91,131.17,129.1,129.1,67.66,1782439199999999,8771.45364,100,19.27,2506.09554,0
1782439200000000,128.96,129.24,126.2,127.07,374.03,1782442799999999,47873.82645,486,181.996,23224.41539,0
1782442800000000,127.07,127.84,126.39,127.84,105.07,1782446399999999,13321.89749,154,79.484,10071.22489,0
1782446400000000,128.01,128.27,126.94,126.95,45.908,1782449999999999,5847.97395,110,28.286,3603.43121,0
1782450000000000,127.46,128.88,127.46,128.46,36.213,1782453599999999,4632.47106,52,32.295,4130.75467,0
1782453600000000,127.88,129.62,127.83,129.54,42.115,1782457199999999,5440.46866,66,32.252,4168.98717,0
1782457200000000,129.53,129.82,128.29,129.1,61.049,1782460799999999,7879.3369,91,43.729,5645.65557,0
1782460800000000,129.25,129.5,128.51,128.86,62.399,1782464399999999,8045.12528,128,21.361,2759.13663,0
1782464400000000,128.6,128.95,128.29,128.67,19.381,1782467999999999,2492.565,40,10.377,1335.3362,0
1782468000000000,128.67,129.32,128.12,129.28,77.925,1782471599999999,10058.95665,112,15.41,1985.25891,0
1782471600000000,128.89,128.89,128.18,128.18,87.306,1782475199999999,11232.58887,51,56.557,7282.15837,0
1782475200000000,128.37,129.31,127.92,128.09,24.423,1782478799999999,3135.36219,68,10.878,1396.24396,0
1782478800000000,127.27,129.91,125.9,129.39,263.791,1782482399999999,33798.50733,676,124.316,15971.15212,0
1782482400000000,129.7,131.5,128.8,129.33,297.703,1782485999999999,38803.60514,589,78.177,10189.23421,0
1782486000000000,128.94,129.5,128.12,129.15,58.058,1782489599999999,7486.29991,236,27.985,3610.7472,0
1782489600000000,128.94,129.52,128.2,129.52,55.706,1782493199999999,7177.7161,182,25.09,3234.29419,0
1782493200000000,129.52,130.04,128.7,128.73,36.478,1782496799999999,4715.40862,71,15.701,2027.56685,0
1782496800000000,128.53,128.53,127.53,127.74,70.539,1782500399999999,9051.55868,93,45.479,5836.65011,0
1782500400000000,128.23,129.82,127.67,128.13,337.228,1782503999999999,43250.75814,199,264.642,33908.85687,0
1782504000000000,128.08,128.72,127.6,127.61,44.07,1782507599999999,5652.08476,82,16.491,2118.92662,0
1782507600000000,127.47,127.82,127.24,127.54,19.188,1782511199999999,2446.61022,95,10.741,1370.62269,0
1782511200000000,127.46,127.99,127.39,127.78,38.937,1782514799999999,4968.64282,120,22.934,2927.19866,0
1782514800000000,127.82,127.96,127.67,127.76,7.807,1782518399999999,997.72637,88,1.885,241.15701,0
1782518400000000,127.76,128.45,127.76,128.02,11.142,1782521999999999,1426.5796,139,3.51,449.61737,0
1782522000000000,127.92,128.2,127.71,127.71,8.979,1782525599999999,1148.58074,108,1.455,186.39253,0
1782525600000000,127.7,128.54,127.7,128.33,18.055,1782529199999999,2316.53019,88,2.63,337.23132,0
1782529200000000,128.33,128.53,127.94,127.94,11.968,1782532799999999,1534.33074,114,1.117,143.48533,0
1782532800000000,127.94,128.18,127.81,127.81,15.254,1782536399999999,1952.18744,117,3.165,405.66252,0
1782536400000000,127.81,128.19,127.81,127.99,203.869,1782539999999999,26085.32587,279,7.482,958.50527,0
1782540000000000,127.99,128.59,127.83,128.23,137.056,1782543599999999,17562.14644,339,15.991,2051.09083,0
1782543600000000,128.23,128.4,127.86,128.32,54.419,1782547199999999,6968.37852,249,16.237,2080.6311,0
1782547200000000,128.32,128.32,127.87,127.93,64.18,1782550799999999,8216.11452,251,4.725,605.53477,0
1782550800000000,127.93,128.1,127.72,127.85,58.933,1782554399999999,7535.55902,146,4.572,585.14317,0
1782554400000000,127.84,128.18,127.84,127.9,24.323,1782557999999999,3111.39582,161,3.868,495.56643,0
1782558000000000,127.9,128.08,127.84,127.97,13.17,1782561599999999,1684.83245,25,9.087,1162.67253,0
1782561600000000,127.94,127.94,127.84,127.86,50.305,1782565199999999,6431.52164,33,25.137,3213.99456,0
1782565200000000,127.84,128.08,127.84,128.08,5.606,1782568799999999,717.25481,34,3.901,499.27775,0
1782568800000000,127.85,128.08,127.84,128.07,35.765,1782572399999999,4576.04491,30,21.919,2805.92893,0
1782572400000000,127.87,128.07,127.87,128.07,5.88,1782575999999999,752.48712,15,2.788,357.05494,0
1782576000000000,128.07,128.08,127.85,128.07,7.195,1782579599999999,920.69301,13,0.644,82.47835,0
1782579600000000,127.91,128.07,127.84,128.07,2.193,1782583199999999,280.52624,8,0.515,65.95605,0
1782583200000000,128.05,128.08,128.04,128.08,6.955,1782586799999999,890.59062,11,5.374,688.13194,0
1782586800000000,128.08,128.08,128.05,128.06,5.822,1782590399999999,745.53812,16,1.347,172.51437,0
1782590400000000,128.06,128.06,128.05,128.05,3.05,1782593999999999,390.57075,14,1.825,233.7095,0
1782594000000000,128.06,128.09,128.05,128.05,5.45,1782597599999999,697.92314,27,4.83,618.53214,0
1782597600000000,128.06,128.06,128.05,128.05,3.005,1782601199999999,384.80426,34,1.401,179.41206,0
1782601200000000,128.06,128.06,128.05,128.05,4.086,1782604799999999,523.24405,19,3.175,406.5905,0
1782604800000000,128.06,128.06,128.05,128.06,20.25,1782608399999999,2593.1021,54,8.96,1147.4176,0
1782608400000000,128.06,128.06,128.05,128.05,48.279,1782611999999999,6182.2046,67,7.865,1007.1919,0
1782612000000000,128.05,128.06,127.7,127.7,223.815,1782615599999999,28624.936,185,8.893,1137.57758,0
1782615600000000,127.71,127.78,127.7,127.75,12.08,1782619199999999,1542.94037,56,9.196,1174.65357,0
1782619200000000,127.71,127.81,127.7,127.7,46.633,1782622799999999,5955.15411,136,1.816,232.01376,0
1782622800000000,127.7,127.71,127.35,127.35,172.201,1782626399999999,21990.04198,225,4.323,552.09033,0
1782626400000000,127.35,127.35,127.01,127.06,3.252,1782629999999999,413.7348,13,0.899,114.46574,0
1782630000000000,127.3,128.08,127.3,128.08,18.797,1782633599999999,2395.05671,36,17.55,2236.21108,0
1782633600000000,128.29,128.72,127.89,128.17,14.916,1782637199999999,1914.46531,26,6.055,777.78602,0
1782637200000000,128.61,128.71,128.14,128.21,337.381,1782640799999999,43280.84753,151,210.322,26978.40155,0
1782640800000000,128.21,128.53,128.18,128.26,24.224,1782644399999999,3107.53639,75,1.264,162.36278,0
1782644400000000,128.51,128.68,128.35,128.53,5.22,1782647999999999,670.83721,15,2.297,295.44184,0
1782648000000000,128.51,128.64,128.38,128.48,20.461,1782651599999999,2628.44348,41,4.155,533.81317,0
1782651600000000,128.46,128.75,128.46,128.57,7.11,1782655199999999,913.97093,26,6.657,855.77288,0
1782655200000000,128.47,128.67,128.46,128.64,231.891,1782658799999999,29828.98614,103,9.249,1189.78383,0
1782658800000000,128.64,128.66,128.64,128.64,117.949,1782662399999999,15173.65342,98,31.693,4077.60191,0
1782662400000000,128.64,128.65,128.46,128.6,249.858,1782665999999999,32140.81915,214,8.777,1129.15835,0
1782666000000000,128.46,128.95,128.46,128.95,140.198,1782669599999999,18055.48572,44,137.533,17713.11787,0
1782669600000000,129.05,129.05,128.49,128.49,3.896,1782673199999999,501.81564,15,3.358,432.68802,0
1782673200000000,128.85,128.98,128.46,128.46,16.812,1782676799999999,2161.60161,36,4.113,530.23551,0
1782676800000000,128.96,129.41,128.49,129.4,6.951,1782680399999999,898.56286,26,4.345,561.67015,0
1782680400000000,129.41,129.46,128.62,128.63,11.399,1782683999999999,1470.8732,20,2.415,311.59726,0
1782684000000000,128.62,129.06,128.49,128.59,3.018,1782687599999999,388.9621,14,2.559,329.93385,0
1782687600000000,129.01,129.03,128.57,128.73,8.668,1782691199999999,1116.56684,22,3.162,407.79028,0
1782691200000000,128.76,129.5,126.05,127.54,815.971,1782694799999999,103586.13455,418,589.532,74571.18384,0
1782694800000000,127.64,128.63,127.39,128.63,48.355,1782698399999999,6189.39311,144,13.229,1696.22254,0
1782698400000000,128.26,128.39,127.29,128.13,22.657,1782701999999999,2892.96324,58,18.024,2300.5298,0
1782702000000000,128.12,128.12,127.5,128.0,6.778,1782705599999999,866.27738,17,4.379,560.03747,0
1782705600000000,128.26,128.26,127.38,127.52,21.625,1782709199999999,2760.64333,44,9.206,1175.60654,0
1782709200000000,127.37,129.17,126.95,129.17,30.778,1782712799999999,3940.49022,86,26.225,3360.02577,0
1782712800000000,129.12,130.11,128.57,129.87,338.907,1782716399999999,43990.141,252,22.86,2957.30169,0
1782716400000000,129.87,130.09,129.26,129.92,367.234,1782719999999999,47677.58699,160,121.007,15709.23836,0
1782720000000000,129.71,130.52,129.42,130.1,41.397,1782723599999999,5383.44373,88,31.162,4054.94908,0
1782723600000000,130.06,130.2,129.29,129.78,30.007,1782727199999999,3897.81862,51,21.564,2803.18677,0
1782727200000000,129.92,130.2,129.83,130.2,5.327,1782730799999999,692.47309,15,5.219,678.44821,0
1782730800000000,130.2,130.48,129.73,129.83,12.836,1782734399999999,1670.3377,62,8.422,1096.61395,0
1782734400000000,129.75,130.01,128.91,128.91,46.097,1782737999999999,5963.42711,146,12.742,1648.24091,0
1782738000000000,129.02,129.1,121.74,121.82,827.508,1782741599999999,103000.09338,577,504.747,62849.51953,0
1782741600000000,121.95,123.72,118.52,123.72,345.137,1782745199999999,41790.09302,455,158.998,19286.43702,0
1782745200000000,123.72,126.37,123.5,126.29,260.072,1782748799999999,32443.77076,298,86.138,10802.68734,0
1782748800000000,126.49,128.79,126.49,128.44,78.538,1782752399999999,10029.14908,159,59.226,7562.49173,0
1782752400000000,129.04,131.22,128.94,130.85,53.435,1782755999999999,6949.31705,166,30.177,3919.01744,0
1782756000000000,130.93,131.64,130.57,131.3,6.52,1782759599999999,855.15193,35,5.893,773.01223,0
1782759600000000,131.65,131.81,130.59,131.81,63.785,1782763199999999,8361.36519,116,45.937,6023.41483,0
1782763200000000,131.49,132.46,131.35,131.5,19.301,1782766799999999,2543.87759,44,8.78,1160.29768,0
1782766800000000,131.37,132.34,131.18,131.47,23.492,1782770399999999,3087.47429,49,10.755,1415.04756,0
1782770400000000,131.18,131.45,131.18,131.43,125.723,1782773999999999,16508.1537,73,118.076,15504.4373,0
1782774000000000,131.58,131.7,131.34,131.7,11.01,1782777599999999,1449.29933,31,1.74,228.99323,0
1782777600000000,131.73,132.07,130.65,131.08,31.799,1782781199999999,4182.95874,73,17.92,2355.87516,0
1782781200000000,130.72,131.92,130.71,131.92,22.557,1782784799999999,2966.70289,39,13.246,1742.75509,0
1782784800000000,131.92,131.95,131.37,131.94,64.536,1782788399999999,8498.85203,88,30.514,4019.76734,0
1782788400000000,131.93,132.71,131.66,132.43,43.492,1782791999999999,5749.41625,53,18.752,2479.17335,0
1782792000000000,132.43,133.57,132.43,133.34,48.79,1782795599999999,6496.46616,63,31.005,4128.16804,0
1782795600000000,133.33,133.33,132.49,133.1,96.996,1782799199999999,12919.07286,75,4.071,541.68242,0
1782799200000000,133.0,133.0,132.56,132.56,25.908,1782802799999999,3438.35713,31,2.521,335.25024,0
1782802800000000,132.63,132.73,131.91,131.91,27.331,1782806399999999,3612.14526,44,7.131,943.13275,0
1782806400000000,132.2,132.35,131.69,131.69,31.815,1782809999999999,4204.87009,103,8.918,1180.00486,0
1782810000000000,131.93,132.19,131.57,131.79,13.048,1782813599999999,1718.65207,48,0.871,114.93386,0
1782813600000000,131.85,132.05,131.63,132.05,37.568,1782817199999999,4951.48185,76,21.439,2826.96745,0
1782817200000000,132.31,132.87,132.02,132.58,57.147,1782820799999999,7567.48124,151,28.246,3743.60782,0
1782820800000000,132.44,132.69,130.4,130.4,75.913,1782824399999999,9977.71818,136,29.646,3898.90435,0
1782824400000000,130.54,137.7,130.49,137.7,951.777,1782827999999999,127656.44327,764,189.198,25277.91452,0
1782828000000000,137.43,138.35,136.88,137.32,729.542,1782831599999999,100440.04773,689,289.943,39959.21396,0
1782831600000000,137.68,140.84,137.68,139.98,1183.239,1782835199999999,165127.80986,822,575.909,80135.83008,0
1782835200000000,139.91,142.06,139.91,141.14,981.116,1782838799999999,138139.78408,368,588.234,82822.28776,0
1782838800000000,140.91,142.5,140.91,141.64,217.167,1782842399999999,30819.28258,196,102.62,14560.43906,0
1782842400000000,141.64,141.64,140.44,140.84,96.335,1782845999999999,13584.72002,145,24.578,3464.5769,0
1782846000000000,140.59,141.13,139.82,139.82,117.544,1782849599999999,16504.58555,169,17.037,2397.29818,0
1782849600000000,139.69,139.88,138.78,139.14,58.911,1782853199999999,8209.56166,86,16.706,2332.52513,0
1782853200000000,139.14,139.92,138.6,138.98,34.48,1782856799999999,4784.75053,114,7.991,1111.25826,0
1782856800000000,138.85,139.06,138.44,138.75,12.085,1782860399999999,1677.17861,33,2.351,326.81846,0
1782860400000000,139.14,139.73,139.14,139.56,42.374,1782863999999999,5909.70413,39,23.031,3211.0763,0
1782864000000000,139.93,140.14,138.84,139.27,359.322,1782867599999999,50225.53698,160,262.939,36781.00149,0
1782867600000000,139.04,139.28,138.51,138.55,36.802,1782871199999999,5106.69619,48,10.507,1457.63053,0
1782871200000000,138.56,138.7,137.43,138.25,84.781,1782874799999999,11719.83417,64,21.996,3035.92499,0
1782874800000000,138.49,138.95,138.24,138.95,38.772,1782878399999999,5376.24626,51,23.36,3241.56291,0
1782878400000000,138.67,138.89,138.49,138.85,100.925,1782881999999999,13983.40474,69,40.044,5547.20544,0
1782882000000000,138.79,138.82,138.49,138.6,45.736,1782885599999999,6336.91133,57,0.659,91.43953,0
1782885600000000,138.63,139.45,138.39,139.12,30.339,1782889199999999,4213.18387,70,19.349,2687.43077,0
1782889200000000,139.15,139.32,138.09,138.97,71.152,1782892799999999,9873.33759,81,32.928,4569.66765,0
1782892800000000,138.97,138.97,137.35,138.31,76.839,1782896399999999,10608.66448,107,5.761,794.93234,0
1782896400000000,138.3,138.3,137.51,137.98,34.665,1782899999999999,4778.03801,68,14.208,1958.27966,0
1782900000000000,137.98,138.57,137.88,138.53,9.305,1782903599999999,1287.42451,23,6.017,832.34147,0
1782903600000000,138.9,139.05,137.94,137.96,33.663,1782907199999999,4664.17842,84,9.404,1301.12021,0
1782907200000000,137.76,137.8,134.86,134.95,692.838,1782910799999999,94563.926,224,371.862,50588.98636,0
1782910800000000,135.05,135.74,132.9,133.69,764.544,1782914399999999,102968.87108,491,247.78,33458.55065,0
1782914400000000,134.05,134.05,129.18,129.61,342.375,1782917999999999,45121.96852,304,137.825,17991.27414,0
1782918000000000,129.6,130.56,128.69,129.24,607.302,1782921599999999,79032.07335,273,393.339,51237.69862,0
1782921600000000,129.23,130.09,129.07,129.54,201.755,1782925199999999,26134.40481,159,65.95,8543.88041,0
1782925200000000,129.14,129.19,128.26,128.28,161.71,1782928799999999,20850.37042,99,41.265,5313.87623,0
1782928800000000,128.25,128.84,127.15,127.45,114.224,1782932399999999,14645.6299,132,67.857,8700.21481,0
1782932400000000,127.85,129.51,127.13,127.3,177.741,1782935999999999,22818.39692,106,139.491,17924.73088,0
1782936000000000,127.32,127.93,127.14,127.93,33.11,1782939599999999,4216.4902,27,17.882,2278.83035,0
1782939600000000,128.0,128.78,127.91,128.75,9.247,1782943199999999,1189.32817,23,8.767,1127.52448,0
1782943200000000,128.76,128.76,128.19,128.19,15.014,1782946799999999,1931.40386,37,6.258,805.23358,0
1782946800000000,128.56,128.58,128.05,128.05,26.106,1782950399999999,3349.69631,31,21.994,2822.57728,0
1782950400000000,128.04,128.04,126.39,127.43,602.566,1782953999999999,76434.16249,350,543.211,68894.86297,0
1782954000000000,127.57,129.63,127.36,129.33,70.325,1782957599999999,9032.14109,120,32.652,4192.68858,0
1782957600000000,129.22,129.91,128.92,129.05,35.184,1782961199999999,4549.17235,77,12.548,1623.37196,0
1782961200000000,129.17,129.17,127.86,128.24,31.628,1782964799999999,4066.2505,68,9.123,1172.38372,0
1782964800000000,128.18,128.18,127.11,127.57,42.745,1782968399999999,5451.25667,91,30.234,3857.47796,0
1782968400000000,127.67,128.05,126.99,127.1,92.589,1782971999999999,11778.16681,101,17.399,2220.47863,0
1782972000000000,127.14,127.14,123.85,123.85,189.233,1782975599999999,23755.00739,338,50.141,6292.49073,0
1782975600000000,124.11,124.36,121.75,124.14,338.721,1782979199999999,41676.28388,438,107.533,13226.73546,0
1782979200000000,124.35,127.38,123.6,127.38,85.679,1782982799999999,10713.72813,300,38.944,4866.60256,0
1782982800000000,127.57,127.57,125.29,125.29,71.086,1782986399999999,8983.15877,310,13.729,1733.30723,0
1782986400000000,125.27,125.27,124.13,125.27,55.033,1782989999999999,6864.14857,254,31.465,3924.01556,0
1782990000000000,125.27,128.81,125.21,128.04,182.18,1782993599999999,23203.807,538,101.578,12937.75019,0
1782993600000000,127.87,131.31,127.73,129.4,398.446,1782997199999999,51809.75124,744,175.553,22844.4044,0
1782997200000000,129.4,130.72,125.88,130.72,343.257,1783000799999999,44084.24118,753,99.448,12679.89084,0
1783000800000000,130.72,130.84,123.32,124.51,1282.272,1783004399999999,161838.3618,758,138.392,17431.9577,0
1783004400000000,124.31,125.4,122.33,123.85,1092.773,1783007999999999,135852.78827,783,305.745,38037.3263,0
1783008000000000,123.46,123.46,119.9,120.22,677.971,1783011599999999,82292.50731,768,189.267,22805.80143,0
1783011600000000,120.34,121.4,119.04,119.21,202.318,1783015199999999,24392.05941,540,57.301,6889.40917,0
1783015200000000,119.19,120.78,119.19,120.24,256.774,1783018799999999,30896.63042,206,201.75,24272.36405,0
1783018800000000,120.29,120.51,119.0,120.51,119.979,1783022399999999,14348.60043,303,97.673,11679.87537,0
1783022400000000,120.12,121.15,120.12,120.85,39.363,1783025999999999,4755.44176,56,20.979,2537.40165,0
1783026000000000,120.62,121.03,120.6,120.61,11.871,1783029599999999,1433.16691,23,4.954,598.77091,0
1783029600000000,120.99,121.4,120.9,121.28,10.808,1783033199999999,1309.64982,26,9.625,1166.4174,0
1783033200000000,121.43,121.49,120.9,121.29,83.055,1783036799999999,10062.65539,39,51.83,6285.24287,0
1783036800000000,121.25,121.26,120.98,120.98,65.106,1783040399999999,7878.11132,79,54.007,6534.67307,0
1783040400000000,121.21,122.11,121.21,121.36,114.707,1783043999999999,13955.84989,89,91.751,11163.0253,0
1783044000000000,121.36,122.03,121.3,122.03,116.766,1783047599999999,14200.81517,307,109.638,13335.19547,0
1783047600000000,121.77,122.56,121.67,122.4,70.971,1783051199999999,8647.16246,92,7.415,907.39953,0
1783051200000000,122.56,123.23,122.18,123.01,240.932,1783054799999999,29589.15203,54,227.514,27940.52507,0
1783054800000000,123.01,123.44,122.78,123.23,32.946,1783058399999999,4056.1831,33,13.599,1677.14127,0
1783058400000000,123.01,123.72,122.8,122.99,75.612,1783061999999999,9314.88554,109,41.421,5106.33624,0
1783062000000000,122.98,123.21,122.78,122.79,54.46,1783065599999999,6697.17541,53,39.245,4828.63996,0
1783065600000000,122.86,123.2,122.79,123.2,61.605,1783069199999999,7587.38261,18,1.814,223.45006,0
1783069200000000,123.01,123.26,122.79,122.82,32.75,1783072799999999,4028.97785,41,8.594,1058.86528,0
1783072800000000,122.82,123.46,122.82,123.46,25.356,1783076399999999,3124.99159,47,22.926,2826.47769,0
1783076400000000,123.24,123.44,122.95,123.04,18.696,1783079999999999,2302.77322,27,3.27,403.05434,0
1783080000000000,123.44,123.72,123.23,123.52,44.29,1783083599999999,5469.78711,64,22.29,2752.87879,0
1783083600000000,123.52,123.87,123.52,123.72,5.77,1783087199999999,714.03127,15,4.598,569.1822,0
1783087200000000,123.66,123.9,123.34,123.86,53.643,1783090799999999,6633.0665,97,17.535,2170.05286,0
1783090800000000,123.85,124.36,123.41,124.12,118.093,1783094399999999,14635.46702,152,74.957,9286.78317,0
1783094400000000,124.12,124.12,122.5,122.97,50.265,1783097999999999,6195.02267,119,15.081,1861.05014,0
1783098000000000,122.57,123.0,122.17,122.55,126.312,1783101599999999,15500.90024,84,75.249,9231.68417,0
1783101600000000,122.55,122.74,122.28,122.56,103.134,1783105199999999,12637.62279,487,66.677,8171.66264,0
1783105200000000,122.6,122.78,122.34,122.78,4.591,1783108799999999,563.31829,11,4.498,551.94067,0
1783108800000000,122.34,122.87,122.24,122.87,28.707,1783112399999999,3521.9406,77,12.337,1513.85445,0
1783112400000000,122.86,123.05,122.46,123.05,17.537,1783115999999999,2152.42949,32,9.068,1114.53099,0
1783116000000000,123.05,123.42,122.82,123.42,16.376,1783119599999999,2015.11932,61,10.142,1248.09425,0
1783119600000000,123.01,123.44,123.01,123.42,19.74,1783123199999999,2430.37401,41,14.504,1786.12027,0
1783123200000000,123.42,124.0,123.02,124.0,33.709,1783126799999999,4166.31121,150,27.715,3427.0056,0
1783126800000000,123.71,124.1,123.69,123.76,67.659,1783130399999999,8388.25158,66,61.222,7591.70531,0
1783130400000000,123.76,124.28,123.76,124.02,6.19,1783133999999999,768.02152,39,3.25,403.53872,0
1783134000000000,124.26,124.26,123.96,124.19,21.949,1783137599999999,2722.40613,138,2.42,300.66701,0
1783137600000000,123.97,124.27,123.89,123.98,19.446,1783141199999999,2412.61035,36,7.789,967.34298,0
1783141200000000,124.26,125.48,124.24,125.22,51.662,1783144799999999,6434.27362,232,36.392,4532.34809,0
1783144800000000,124.82,125.22,124.82,124.85,6.984,1783148399999999,872.89436,47,3.064,383.528,0
1783148400000000,124.85,125.21,124.69,125.13,16.558,1783151999999999,2068.66738,98,8.634,1079.67094,0
1783152000000000,124.86,125.22,124.86,125.22,10.401,1783155599999999,1302.11649,43,9.543,1194.91749,0
1783155600000000,125.22,125.62,125.06,125.46,58.768,1783159199999999,7368.78111,95,22.63,2836.46591,0
1783159200000000,125.07,125.48,125.06,125.06,12.822,1783162799999999,1606.03064,46,6.056,759.82113,0
1783162800000000,125.07,125.49,125.06,125.11,12.107,1783166399999999,1516.37617,100,5.079,637.24965,0
1783166400000000,125.11,125.46,123.94,123.94,38.794,1783169999999999,4839.01724,222,11.31,1412.58731,0
1783170000000000,123.94,124.26,123.75,123.75,10.246,1783173599999999,1270.2871,84,2.43,301.913,0
1783173600000000,123.69,124.11,123.69,123.89,13.347,1783177199999999,1654.53907,94,7.961,987.90516,0
1783177200000000,123.81,125.22,123.7,123.99,132.012,1783180799999999,16401.19248,529,93.962,11685.29389,0
1783180800000000,123.99,124.06,123.7,123.9,57.907,1783184399999999,7175.74637,155,49.587,6145.5936,0
1783184400000000,123.82,124.99,123.71,123.91,30.838,1783187999999999,3830.46162,200,14.292,1777.79398,0
1783188000000000,123.91,124.28,123.91,123.94,7.698,1783191599999999,954.79359,87,2.389,296.74551,0
1783191600000000,123.96,124.27,123.9,123.93,49.591,1783195199999999,6147.46982,132,39.302,4872.02171,0
1783195200000000,124.26,124.31,123.93,123.94,7.314,1783198799999999,908.10591,48,4.382,544.49383,0
1783198800000000,124.15,124.35,123.92,124.25,2.401,1783202399999999,298.0958,20,1.439,178.80802,0
1783202400000000,124.29,124.36,123.94,124.22,8.976,1783205999999999,1114.94784,66,6.519,810.2812,0
1783206000000000,124.18,124.48,123.98,124.31,28.343,1783209599999999,3519.21861,106,21.403,2657.53334,0
1783209600000000,124.31,124.58,124.14,124.5,32.015,1783213199999999,3980.44242,165,12.485,1554.26514,0
1783213200000000,124.5,124.52,124.17,124.27,3.517,1783216799999999,437.59036,19,2.246,279.67028,0
1783216800000000,124.52,124.75,124.21,124.56,19.672,1783220399999999,2447.91322,147,5.32,662.66005,0
1783220400000000,124.56,124.72,124.28,124.37,10.873,1783223999999999,1353.38367,26,7.171,892.9672,0
1783224000000000,124.7,124.79,124.39,124.79,8.915,1783227599999999,1111.37193,41,5.813,725.00743,0
1783227600000000,124.79,124.8,124.47,124.5,12.185,1783231199999999,1518.3612,36,1.723,214.99338,0
1783231200000000,124.46,124.85,124.36,124.8,41.405,1783234799999999,5160.19725,166,21.16,2638.43598,0
1783234800000000,124.8,124.8,124.39,124.7,18.755,1783238399999999,2337.00632,58,7.479,933.08543,0
1783238400000000,124.4,124.79,124.32,124.32,14.944,1783241999999999,1860.76437,38,5.161,643.81307,0
1783242000000000,124.57,124.57,123.91,124.0,38.251,1783245599999999,4753.98857,45,3.023,376.07379,0
1783245600000000,124.33,124.57,123.95,124.25,106.614,1783249199999999,13247.31853,363,98.377,12224.34989,0
1783249200000000,124.25,124.57,124.22,124.3,16.458,1783252799999999,2047.19569,96,8.741,1088.15913,0
1783252800000000,124.57,124.8,124.28,124.8,87.658,1783256399999999,10923.50599,187,15.825,1972.61036,0
1783256400000000,124.62,125.62,124.59,125.62,201.222,1783259999999999,25086.15078,123,33.075,4134.80866,0
1783260000000000,125.71,125.72,124.65,124.72,80.282,1783263599999999,10051.39156,122,57.391,7194.04261,0
1783263600000000,124.97,124.97,124.72,124.73,9.691,1783267199999999,1209.95271,23,5.236,654.24303,0
1783267200000000,124.87,124.87,124.68,124.68,5.325,1783270799999999,664.36111,25,2.736,341.56105,0
1783270800000000,124.82,124.91,124.68,124.7,5.768,1783274399999999,719.81115,27,4.141,516.93853,0
1783274400000000,124.7,124.9,124.7,124.73,8.229,1783277999999999,1027.10939,43,5.976,746.13326,0
1783278000000000,124.7,124.9,124.67,124.9,7.35,1783281599999999,917.10822,33,3.704,462.49551,0
1783281600000000,124.9,124.9,124.89,124.89,5.654,1783285199999999,706.17579,39,4.773,596.1477,0
1783285200000000,124.9,124.98,124.89,124.98,20.975,1783288799999999,2619.99596,38,6.21,775.96012,0
1783288800000000,124.99,125.07,124.89,125.04,12.868,1783292399999999,1608.20981,82,7.307,913.59442,0
1783292400000000,124.92,125.13,124.89,124.9,39.683,1783295999999999,4957.38505,110,12.191,1523.54306,0
1783296000000000,124.9,125.54,123.77,124.44,1056.417,1783299599999999,131924.13737,1824,629.75,78729.11168,0
1783299600000000,124.47,124.54,121.97,122.48,188.525,1783303199999999,23225.17958,597,73.886,9096.56345,0
1783303200000000,122.69,123.36,121.0,121.92,400.764,1783306799999999,49017.18836,531,91.756,11214.51518,0
1783306800000000,121.92,123.29,121.75,122.33,481.019,1783310399999999,58913.281,572,191.403,23433.07775,0
1783310400000000,122.12,123.57,121.89,123.54,44.959,1783313999999999,5521.89489,176,34.75,4270.48425,0
1783314000000000,123.32,123.45,122.67,123.31,110.291,1783317599999999,13575.47801,94,60.269,7426.57784,0
1783317600000000,123.35,123.9,122.94,123.65,43.829,1783321199999999,5406.40185,107,31.269,3858.66232,0
1783321200000000,123.88,124.37,123.46,124.35,142.379,1783324799999999,17651.61079,199,94.82,11761.95441,0
1783324800000000,124.18,125.17,123.62,125.04,487.853,1783328399999999,60527.91537,460,306.294,37965.62933,0
1783328400000000,125.01,125.05,124.22,124.83,270.418,1783331999999999,33686.62783,320,18.636,2322.87703,0
1783332000000000,124.9,124.98,124.67,124.98,57.597,1783335599999999,7186.66527,77,46.448,5795.70088,0
1783335600000000,124.98,125.04,123.94,124.77,163.627,1783339199999999,20368.28511,324,108.886,13553.52643,0
1783339200000000,124.77,125.12,124.0,125.12,314.99,1783342799999999,39209.45348,974,81.476,10150.57783,0
1783342800000000,124.94,126.93,122.36,125.4,1823.115,1783346399999999,228974.61604,2118,574.713,71903.79839,0
1783346400000000,125.38,127.5,125.2,126.41,2184.423,1783349999999999,276725.71417,1565,844.495,106748.04967,0
1783350000000000,126.34,126.74,124.4,124.98,927.828,1783353599999999,116178.05859,567,329.137,41138.28497,0
1783353600000000,124.71,125.04,124.22,124.3,2425.888,1783357199999999,301859.77348,801,644.318,80251.52991,0
1783357200000000,124.25,124.58,122.83,122.9,93.122,1783360799999999,11515.45006,113,50.381,6221.80602,0
1783360800000000,123.05,123.66,122.36,122.66,130.449,1783364399999999,16031.36933,188,72.431,8903.30493,0
1783364400000000,122.72,124.14,122.34,122.34,220.084,1783367999999999,27101.5617,227,81.51,10034.15936,0
1783368000000000,122.33,122.8,122.33,122.74,58.492,1783371599999999,7165.13011,40,51.863,6352.20875,0
1783371600000000,122.7,122.89,122.7,122.81,30.348,1783375199999999,3727.50039,36,18.59,2283.16285,0
1783375200000000,122.97,123.49,121.44,121.67,146.274,1783378799999999,17921.25952,161,60.377,7374.06434,0
1783378800000000,121.44,122.29,121.37,121.37,101.725,1783382399999999,12380.77034,139,43.369,5279.54559,0
1783382400000000,121.38,121.76,120.7,121.0,810.983,1783385999999999,98257.98096,429,372.608,45194.0807,0
1783386000000000,120.86,121.0,119.31,120.25,302.939,1783389599999999,36405.77898,245,180.875,21757.92471,0
1783389600000000,120.33,120.75,119.69,120.03,144.524,1783393199999999,17376.09983,107,103.067,12395.88286,0
1783393200000000,119.87,119.93,118.09,118.74,190.108,1783396799999999,22635.31792,306,99.546,11851.58368,0
1783396800000000,118.71,119.23,117.32,117.69,381.061,1783400399999999,44888.64325,433,273.214,32156.65736,0
1783400400000000,117.69,119.53,117.0,119.37,251.139,1783403999999999,29823.50992,393,110.283,13050.34716,0
1783404000000000,119.31,119.69,118.52,119.46,165.313,1783407599999999,19692.14795,354,106.652,12701.4776,0
1783407600000000,119.46,119.49,118.24,118.24,53.794,1783411199999999,6411.94986,233,9.275,1106.53171,0
1783411200000000,118.39,118.87,117.74,117.74,132.265,1783414799999999,15638.42275,236,81.021,9587.70486,0
1783414800000000,117.73,117.74,116.1,116.85,95.038,1783418399999999,11108.43145,114,59.465,6951.01848,0
1783418400000000,116.87,117.74,116.82,117.74,109.969,1783421999999999,12905.5941,183,43.936,5151.90708,0
1783422000000000,117.77,117.95,117.1,117.95,82.135,1783425599999999,9655.28831,189,39.673,4665.65314,0
1783425600000000,117.95,118.6,117.36,117.62,62.683,1783429199999999,7406.6458,216,24.317,2873.51732,0
1783429200000000,117.67,117.67,111.54,112.82,990.523,1783432799999999,113939.88896,712,610.061,69996.04753,0
1783432800000000,112.51,112.57,108.42,110.44,869.64,1783436399999999,95704.86831,525,475.398,52378.02136,0
1783436400000000,110.06,111.11,109.0,109.79,371.005,1783439999999999,40797.9764,314,228.143,25110.50168,0
1783440000000000,110.02,112.02,109.73,111.17,204.854,1783443599999999,22740.52766,235,149.741,16607.8622,0
1783443600000000,111.18,112.32,110.93,111.27,81.164,1783447199999999,9045.99701,127,33.665,3752.57439,0
1783447200000000,111.3,111.35,109.38,109.38,190.14,1783450799999999,21073.83734,132,37.328,4144.70943,0
1783450800000000,109.26,110.92,108.5,110.66,521.301,1783454399999999,57174.39318,518,388.233,42602.6705,0
1783454400000000,110.52,110.91,110.11,110.33,97.893,1783457999999999,10810.76836,112,83.392,9211.16462,0
1783458000000000,110.46,110.47,108.95,109.51,76.946,1783461599999999,8433.02983,108,29.164,3197.45286,0
1783461600000000,109.53,109.94,109.39,109.77,85.35,1783465199999999,9368.067,291,34.619,3799.55547,0
1783465200000000,109.82,109.82,108.32,108.55,121.027,1783468799999999,13188.93222,80,67.386,7344.72349,0
1783468800000000,108.48,112.23,108.47,112.23,182.16,1783472399999999,20064.00742,537,129.606,14246.59879,0
1783472400000000,112.03,112.03,110.24,110.31,254.519,1783475999999999,28315.62977,356,139.544,15535.16041,0
1783476000000000,110.09,110.95,109.52,110.39,94.04,1783479599999999,10367.07496,191,47.676,5248.46742,0
1783479600000000,110.85,111.81,110.84,110.91,261.464,1783483199999999,29143.10591,222,73.919,8231.18711,0
1783483200000000,110.84,111.24,109.93,110.19,193.302,1783486799999999,21353.14247,471,144.184,15927.64204,0
1783486800000000,110.53,110.79,108.94,109.47,497.006,1783490399999999,54495.94643,725,446.05,48901.5718,0
1783490400000000,109.39,109.47,107.78,108.14,269.313,1783493999999999,29172.13824,387,122.943,13284.0207,0
1783494000000000,108.21,109.72,107.97,109.6,47.465,1783497599999999,5168.70249,81,38.869,4235.18974,0
1783497600000000,109.68,110.6,105.11,106.58,673.929,1783501199999999,71855.36945,743,178.707,19224.7955,0
1783501200000000,106.34,106.34,104.48,105.49,295.365,1783504799999999,31109.18549,521,132.861,13968.40274,0
1783504800000000,105.6,106.66,104.87,106.66,265.751,1783508399999999,28012.44979,367,47.915,5079.88902,0
1783508400000000,106.44,108.57,106.11,108.04,297.325,1783511999999999,31870.89067,256,139.772,15014.73242,0
1783512000000000,108.29,109.64,108.29,108.84,72.943,1783515599999999,7949.4548,109,36.016,3931.70926,0
1783515600000000,109.14,110.34,108.07,109.58,1204.877,1783519199999999,131373.27659,1338,817.207,89173.99079,0
1783519200000000,109.58,109.67,105.72,106.53,366.204,1783522799999999,39486.40013,532,222.928,24038.54915,0
1783522800000000,106.35,106.83,104.8,105.03,216.947,1783526399999999,22872.56948,266,79.062,8355.15775,0
1783526400000000,105.22,107.41,105.21,106.95,433.137,1783529999999999,46175.34176,476,356.576,38008.45482,0
1783530000000000,106.72,108.47,106.7,107.07,151.201,1783533599999999,16243.38879,198,87.714,9436.20291,0
1783533600000000,107.07,108.32,107.07,107.9,78.357,1783537199999999,8440.52956,98,65.389,7046.76826,0
1783537200000000,107.87,110.65,107.57,110.48,1075.768,1783540799999999,117452.86691,866,1017.157,111093.63658,0
1783540800000000,110.48,110.48,109.14,109.14,605.264,1783544399999999,66337.70474,529,446.878,48939.31641,0
1783544400000000,109.07,109.72,108.94,109.72,12.476,1783547999999999,1364.05319,42,11.387,1245.35799,0
1783548000000000,109.62,109.73,109.31,109.73,101.107,1783551599999999,11082.4116,76,85.153,9337.34518,0
1783551600000000,109.54,110.44,109.54,110.19,323.343,1783555199999999,35585.10121,408,318.117,35010.47843,0
1783555200000000,110.59,111.9,110.41,111.38,287.839,1783558799999999,32037.22301,339,211.251,23503.44593,0
1783558800000000,111.12,111.72,110.34,110.58,291.658,1783562399999999,32464.88047,174,225.503,25131.30322,0
1783562400000000,110.11,111.52,109.58,110.04,344.656,1783565999999999,38221.56447,379,185.99,20628.35533,0
1783566000000000,109.83,111.33,109.58,111.33,93.709,1783569599999999,10341.28373,127,76.426,8439.68149,0
1783569600000000,111.28,111.39,110.29,111.1,136.737,1783573199999999,15160.93342,107,100.591,11160.71297,0
1783573200000000,111.0,112.02,110.72,112.02,623.991,1783576799999999,69445.41718,210,100.346,11180.3069,0
1783576800000000,111.94,113.58,111.9,113.42,316.254,1783580399999999,35693.96734,714,224.963,25368.14938,0
1783580400000000,113.14,114.73,113.06,114.39,292.983,1783583999999999,33435.17323,293,204.593,23346.44188,0
1783584000000000,114.05,115.08,114.05,114.48,702.901,1783587599999999,80607.2645,1256,523.757,60097.38903,0
1783587600000000,114.09,114.66,113.71,113.82,127.21,1783591199999999,14509.88293,122,105.001,11979.99544,0
1783591200000000,114.14,114.5,113.42,113.69,152.1,1783594799999999,17343.16294,87,125.957,14370.31133,0
1783594800000000,113.43,116.0,112.78,115.67,209.751,1783598399999999,24201.33272,384,193.973,22395.97493,0
1783598400000000,115.67,116.52,115.42,115.66,826.721,1783601999999999,95936.92351,540,758.33,88020.3831,0
1783602000000000,115.89,116.9,113.6,115.96,1809.812,1783605599999999,209403.00999,1473,1442.622,167026.56625,0
1783605600000000,115.47,116.15,112.54,113.29,832.601,1783609199999999,94834.74854,1000,664.324,75688.26742,0
1783609200000000,112.95,113.8,112.62,113.35,422.481,1783612799999999,47756.37225,416,318.029,35964.1304,0
1783612800000000,113.68,113.82,112.09,113.0,324.334,1783616399999999,36724.8731,210,247.26,27998.4793,0
1783616400000000,113.04,113.63,112.65,112.8,129.948,1783619999999999,14707.17172,155,89.195,10102.91361,0
1783620000000000,112.94,113.43,112.42,113.13,436.74,1783623599999999,49409.21034,233,386.495,43733.38127,0
1783623600000000,112.84,112.97,111.85,112.57,476.76,1783627199999999,53573.31407,391,417.385,46896.47044,0
1783627200000000,112.61,113.09,112.58,112.92,130.892,1783630799999999,14759.71426,73,77.166,8694.44787,0
1783630800000000,113.06,113.06,112.74,112.77,1.626,1783634399999999,183.55798,16,1.05,118.55255,0
1783634400000000,112.71,113.06,112.4,113.01,268.429,1783637999999999,30234.85662,184,34.087,3848.61482,0
1783638000000000,112.97,113.1,112.84,112.84,21.292,1783641599999999,2404.77088,39,17.754,2005.29142,0
1783641600000000,112.93,112.95,111.07,111.99,251.248,1783645199999999,28065.3711,290,90.564,10114.18322,0
1783645200000000,111.78,112.38,111.2,112.32,79.995,1783648799999999,8949.21601,142,36.964,4144.02106,0
1783648800000000,112.18,112.81,111.87,112.46,65.618,1783652399999999,7374.64021,86,54.81,6162.27334,0
1783652400000000,112.8,112.96,112.47,112.84,120.714,1783655999999999,13609.29603,96,76.592,8636.07314,0
1783656000000000,112.98,113.1,112.62,112.65,21.717,1783659599999999,2450.86709,60,9.673,1092.80479,0
1783659600000000,112.55,112.66,111.37,111.37,132.403,1783663199999999,14791.78913,101,113.633,12687.06965,0
1783663200000000,111.44,111.45,109.83,110.29,1432.784,1783666799999999,157825.66273,1620,496.621,54750.49291,0
1783666800000000,110.09,110.18,109.39,109.81,236.555,1783670399999999,25951.97186,233,207.662,22781.30828,0
1783670400000000,109.83,109.84,108.08,109.19,292.285,1783673999999999,31820.84161,332,113.027,12315.1695,0
1783674000000000,109.18,109.58,108.3,109.05,82.381,1783677599999999,8991.97749,126,23.711,2589.57131,0
1783677600000000,109.02,109.86,108.85,109.86,168.582,1783681199999999,18429.76159,173,41.702,4569.27024,0
1783681200000000,110.03,111.11,109.62,109.88,109.494,1783684799999999,12114.35338,132,73.805,8179.80558,0
1783684800000000,109.67,110.54,109.33,109.33,91.341,1783688399999999,10031.51146,135,35.316,3889.88598,0
1783688400000000,109.2,110.07,107.7,109.07,690.295,1783691999999999,75302.98044,733,325.736,35566.21834,0
1783692000000000,109.33,109.83,108.55,108.57,2168.186,1783695599999999,235732.11672,1498,60.9,6632.45713,0
1783695600000000,108.67,109.87,108.21,109.32,120.157,1783699199999999,13135.45714,187,87.227,9550.15502,0
1783699200000000,109.32,109.96,109.3,109.45,22.372,1783702799999999,2450.60017,88,18.626,2040.02904,0
1783702800000000,109.66,111.0,109.66,110.09,47.809,1783706399999999,5275.41242,227,36.323,4007.53216,0
1783706400000000,110.34,110.59,110.03,110.23,13.704,1783709999999999,1510.8032,59,7.94,876.3956,0
1783710000000000,110.34,110.57,109.68,110.08,90.155,1783713599999999,9918.44569,194,34.098,3759.0289,0
1783713600000000,110.08,110.21,109.6,110.0,85.041,1783717199999999,9326.14068,148,50.099,5494.55701,0
1783717200000000,110.0,110.04,109.74,109.9,7.869,1783720799999999,864.69086,70,4.918,540.81816,0
1783720800000000,109.9,109.9,109.51,109.56,9.536,1783724399999999,1046.1418,70,4.852,532.45388,0
1783724400000000,109.56,109.82,109.47,109.82,14.622,1783727999999999,1602.31889,84,7.221,791.71487,0
1783728000000000,109.83,109.99,109.6,109.88,108.649,1783731599999999,11932.29845,303,22.032,2420.6148,0
1783731600000000,109.88,110.0,109.58,109.78,23.65,1783735199999999,2594.86475,97,7.321,804.28431,0
1783735200000000,109.78,110.0,109.58,109.81,45.348,1783738799999999,4977.157,110,11.64,1278.87535,0
1783738800000000,109.81,110.05,109.81,110.02,11.201,1783742399999999,1231.96262,94,7.329,806.04906,0
1783742400000000,110.03,110.03,109.68,109.88,2.405,1783745999999999,264.50513,20,2.338,257.15657,0
1783746000000000,109.68,110.17,109.61,110.17,38.951,1783749599999999,4279.38523,150,32.703,3594.09498,0
1783749600000000,110.29,113.13,110.15,112.67,510.667,1783753199999999,57134.49715,777,353.501,39481.1946,0
1783753200000000,112.67,113.46,111.49,112.36,958.325,1783756799999999,108110.43943,2563,386.407,43620.35603,0
1783756800000000,112.5,113.06,112.18,113.06,130.951,1783760399999999,14739.09151,182,59.644,6721.13043,0
1783760400000000,112.8,113.1,112.15,112.88,218.268,1783763999999999,24576.69381,238,98.244,11070.95527,0
1783764000000000,112.99,113.4,112.9,113.4,18.524,1783767599999999,2096.07255,66,11.19,1266.93614,0
1783767600000000,113.27,113.45,112.69,113.25,52.979,1783771199999999,5981.5063,138,17.485,1976.36336,0
1783771200000000,113.28,113.28,112.31,112.53,250.19,1783774799999999,28169.92519,210,137.422,15476.92697,0
1783774800000000,112.38,112.7,112.04,112.55,153.117,1783778399999999,17206.97087,157,51.302,5771.97262,0
1783778400000000,112.48,112.8,112.3,112.4,27.712,1783781999999999,3119.26683,82,13.018,1465.96133,0
1783782000000000,112.49,112.56,111.54,111.7,73.556,1783785599999999,8252.883,67,26.991,3024.30415,0
1783785600000000,111.69,112.09,110.93,111.92,225.009,1783789199999999,25095.09353,189,45.975,5124.73297,0
1783789200000000,112.07,112.55,111.9,112.29,71.278,1783792799999999,7997.24149,235,35.892,4030.99852,0
1783792800000000,112.34,112.48,112.09,112.13,16.585,1783796399999999,1862.61165,43,11.38,1277.86118,0
1783796400000000,112.16,112.55,112.16,112.55,96.905,1783799999999999,10877.13976,85,39.506,4435.9541,0
1783800000000000,112.36,112.62,112.13,112.62,13.123,1783803599999999,1473.56271,43,8.669,973.88409,0
1783803600000000,112.42,112.65,112.41,112.45,6.089,1783807199999999,685.49371,18,4.627,521.11525,0
1783807200000000,112.59,112.79,111.98,111.98,23.415,1783810799999999,2630.47776,71,7.083,796.19247,0
1783810800000000,111.98,111.98,111.4,111.61,171.948,1783814399999999,19171.3995,141,65.911,7350.04584,0
1783814400000000,111.4,111.77,111.22,111.77,37.911,1783817999999999,4229.74797,33,32.19,3593.19964,0
1783818000000000,111.51,112.33,111.49,112.32,36.726,1783821599999999,4114.48752,156,23.476,2630.98364,0
1783821600000000,112.33,112.45,111.98,112.39,16.568,1783825199999999,1857.55319,39,4.116,461.87102,0
1783825200000000,112.53,112.73,112.44,112.57,8.85,1783828799999999,996.4671,26,7.674,864.05513,0
1783828800000000,112.5,112.84,112.5,112.58,24.24,1783832399999999,2728.42896,26,3.123,351.76072,0
1783832400000000,112.84,113.04,112.52,112.72,123.331,1783835999999999,13890.55149,121,66.578,7500.41825,0
1783836000000000,112.61,112.61,111.6,111.61,123.47,1783839599999999,13819.93751,478,64.049,7169.00851,0
1783839600000000,111.81,112.32,111.67,112.16,62.615,1783843199999999,7023.56658,239,17.842,2001.17212,0
1783843200000000,112.27,112.52,111.27,111.38,80.507,1783846799999999,9005.41564,263,35.359,3962.48799,0
1783846800000000,111.48,111.69,110.57,110.91,132.3,1783850399999999,14706.25871,328,46.032,5127.05562,0
1783850400000000,110.91,111.32,110.91,111.11,70.02,1783853999999999,7781.01172,184,15.264,1695.09953,0
1783854000000000,111.26,111.42,111.25,111.39,44.6,1783857599999999,4964.28059,47,20.314,2261.45723,0
1783857600000000,111.5,111.54,111.17,111.3,41.057,1783861199999999,4571.07388,58,33.035,3677.91994,0
1783861200000000,111.26,111.69,111.21,111.4,47.837,1783864799999999,5332.8155,98,29.964,3340.9262,0
1783864800000000,111.48,111.63,111.35,111.43,26.01,1783868399999999,2900.6539,171,18.724,2088.67011,0
1783868400000000,111.36,111.63,111.14,111.23,21.992,1783871999999999,2449.08264,81,8.127,906.53198,0
1783872000000000,111.19,111.28,110.94,111.28,14.431,1783875599999999,1604.06692,89,10.523,1170.21928,0
1783875600000000,111.32,111.38,110.91,111.06,8.596,1783879199999999,955.85671,88,3.77,419.34726,0
1783879200000000,111.23,111.23,110.93,111.23,14.616,1783882799999999,1623.21852,25,5.156,572.68048,0
1783882800000000,111.0,111.25,111.0,111.16,7.849,1783886399999999,872.4892,18,1.779,197.86285,0
1783886400000000,111.04,111.25,110.97,111.25,4.304,1783889999999999,478.0666,11,3.251,361.214,0
1783890000000000,111.14,111.23,110.86,111.23,5.963,1783893599999999,661.99571,19,4.277,474.94496,0
1783893600000000,110.95,110.95,110.17,110.47,50.214,1783897199999999,5544.60084,230,30.397,3354.96389,0
1783897200000000,110.28,110.28,109.79,109.93,35.279,1783900799999999,3881.83973,112,10.293,1132.0197,0
1783900800000000,109.83,110.96,108.6,108.6,655.87,1783904399999999,71913.73848,718,404.146,44359.08989,0
1783904400000000,108.57,109.27,107.27,107.43,284.897,1783907999999999,30804.95618,669,138.632,14996.23526,0
1783908000000000,107.4,107.81,106.8,106.82,727.519,1783911599999999,78124.36039,659,128.479,13792.62381,0
1783911600000000,106.8,107.22,105.86,106.58,362.102,1783915199999999,38594.16572,353,251.644,26846.90692,0
1783915200000000,106.34,106.38,104.87,105.5,969.84,1783918799999999,102202.43269,560,569.256,59968.95258,0
1783918800000000,105.26,106.43,105.1,106.15,143.572,1783922399999999,15198.42928,181,60.877,6454.06343,0
1783922400000000,105.92,106.03,105.36,105.53,98.103,1783925999999999,10373.21518,77,37.216,3935.40713,0
1783926000000000,105.36,106.4,105.35,105.79,96.14,1783929599999999,10159.4246,76,38.609,4083.49578,0
1783929600000000,105.79,107.08,105.79,106.98,64.023,1783933199999999,6828.10031,180,37.826,4035.05199,0
1783933200000000,106.99,107.26,106.79,107.15,99.775,1783936799999999,10670.40082,106,20.075,2147.85941,0
1783936800000000,107.16,107.16,106.69,106.8,90.803,1783940399999999,9693.89726,77,16.171,1727.31121,0
1783940400000000,106.99,107.34,106.55,106.82,68.336,1783943999999999,7311.23017,108,20.124,2153.76837,0
1783944000000000,106.83,108.18,105.69,106.3,1300.798,1783947599999999,139488.00692,473,1133.208,121563.00777,0
1783947600000000,106.21,106.62,103.53,105.55,793.442,1783951199999999,83686.85904,855,272.887,28756.14251,0
1783951200000000,105.58,106.17,104.21,105.38,374.046,1783954799999999,39345.83734,465,148.975,15696.2435,0
1783954800000000,105.49,105.6,104.1,104.34,290.16,1783958399999999,30508.07789,181,96.487,10137.50996,0
1783958400000000,104.25,104.25,102.84,103.53,242.559,1783961999999999,25090.51715,373,105.193,10882.61521,0
1783962000000000,103.67,104.08,102.74,102.95,277.546,1783965599999999,28700.69937,361,254.468,26316.05977,0
1783965600000000,103.19,103.67,102.45,102.48,152.012,1783969199999999,15650.37379,323,128.219,13204.39392,0
1783969200000000,102.71,103.69,102.02,103.51,432.604,1783972799999999,44438.51918,307,394.448,40519.43071,0
1783972800000000,103.67,103.74,103.12,103.44,253.772,1783976399999999,26266.87554,413,219.567,22731.0822,0
1783976400000000,103.34,103.47,103.08,103.1,12.09,1783979999999999,1248.36155,28,1.981,204.74668,0
1783980000000000,103.42,103.42,102.92,102.92,9.62,1783983599999999,992.7073,31,7.126,735.73512,0
1783983600000000,102.8,102.8,101.78,102.57,175.142,1783987199999999,17889.14935,315,95.861,9782.38393,0
1783987200000000,102.48,104.24,102.01,103.92,142.251,1783990799999999,14658.24467,389,98.79,10180.26851,0
1783990800000000,103.92,104.01,102.87,102.87,32.451,1783994399999999,3356.09901,73,15.014,1553.11757,0
1783994400000000,102.98,103.18,102.11,102.6,51.865,1783997999999999,5318.73482,100,33.181,3405.32097,0
1783998000000000,102.49,103.07,101.35,103.06,61.45,1784001599999999,6289.56876,292,39.796,4079.08741,0
1784001600000000,103.16,103.89,102.79,103.89,89.818,1784005199999999,9290.10324,256,61.36,6351.82637,0
1784005200000000,103.87,105.6,103.64,104.89,150.499,1784008799999999,15731.96428,446,106.515,11143.53381,0
1784008800000000,105.1,105.46,104.81,104.85,155.658,1784012399999999,16347.79212,160,15.411,1622.67457,0
1784012400000000,105.0,105.85,105.0,105.5,302.716,1784015999999999,31871.11128,681,205.302,21588.53799,0
1784016000000000,105.48,106.8,105.48,106.09,48.294,1784019599999999,5128.06659,162,19.925,2114.20776,0
1784019600000000,106.19,106.5,106.19,106.31,14.682,1784023199999999,1562.10643,23,14.624,1555.94045,0
1784023200000000,106.36,106.36,105.79,106.17,72.041,1784026799999999,7658.71252,50,2.292,243.28828,0
1784026800000000,105.85,107.03,105.85,106.34,99.682,1784030399999999,10611.17126,332,57.696,6139.38551,0
1784030400000000,106.32,108.34,105.76,108.1,1201.374,1784033999999999,129425.43332,1350,1046.586,112792.82994,0
1784034000000000,108.23,108.84,106.53,106.72,254.663,1784037599999999,27510.10794,769,105.094,11337.52187,0
1784037600000000,106.66,106.66,103.8,105.51,314.766,1784041199999999,33011.90466,656,138.613,14529.31459,0
1784041200000000,105.6,107.17,105.36,106.69,270.47,1784044799999999,28802.85511,371,168.018,17877.05665,0
1784044800000000,106.82,107.31,106.09,106.55,55.724,1784048399999999,5941.85949,221,33.624,3589.87132,0
1784048400000000,106.55,107.63,106.55,107.31,71.43,1784051999999999,7660.47959,201,24.041,2580.45729,0
1784052000000000,107.42,109.07,107.42,108.64,135.916,1784055599999999,14694.63668,319,113.007,12210.02186,0
1784055600000000,108.63,108.79,107.57,107.82,449.948,1784059199999999,48536.0936,224,20.751,2247.46654,0
1784059200000000,107.68,108.05,107.48,107.9,75.47,1784062799999999,8124.50216,157,68.717,7397.41797,0
1784062800000000,107.88,108.0,107.83,107.83,22.639,1784066399999999,2442.93773,19,10.156,1096.30723,0
1784066400000000,107.81,107.98,107.41,107.88,12.021,1784069999999999,1295.01656,80,9.139,984.86714,0
1784070000000000,108.0,108.77,108.0,108.77,12776.476,1784073599999999,1382538.03488,12464,12389.87,1340669.91997,0
1784073600000000,108.77,110.34,108.21,110.17,2322.081,1784077199999999,253301.59028,1314,222.975,24465.50587,0
1784077200000000,110.14,110.15,109.27,109.86,311.058,1784080799999999,34117.90335,280,78.395,8601.18367,0
1784080800000000,109.86,110.64,109.69,109.69,557.876,1784084399999999,61518.25217,293,352.407,38908.74302,0
1784084400000000,109.76,110.63,109.62,110.61,247.413,1784087999999999,27285.1518,188,160.712,17725.15535,0
1784088000000000,110.65,111.1,110.41,110.81,634.734,1784091599999999,70363.08542,190,505.368,56039.0204,0
1784091600000000,110.88,111.21,109.77,110.85,669.097,1784095199999999,73857.87195,293,95.415,10564.48164,0
1784095200000000,110.99,113.8,110.85,113.66,1594.27,1784098799999999,179341.87607,897,781.309,87955.87819,0
1784098800000000,113.63,115.51,112.22,112.58,745.039,1784102399999999,84781.24096,476,187.055,21306.43442,0
1784102400000000,112.59,112.75,110.6,111.26,252.006,1784105999999999,28134.09058,328,78.802,8779.41038,0
1784106000000000,111.38,112.44,111.38,111.52,230.873,1784109599999999,25843.35568,365,168.417,18851.13622,0
1784109600000000,111.61,111.97,110.82,111.35,57.432,1784113199999999,6384.58598,113,17.595,1960.20456,0
1784113200000000,111.52,111.73,110.14,110.52,86.069,1784116799999999,9529.94619,160,43.318,4796.05312,0
1784116800000000,110.13,110.71,109.55,110.42,351.573,1784120399999999,38725.35511,521,193.492,21294.03181,0
1784120400000000,110.49,110.49,105.85,106.36,516.109,1784123999999999,55855.63881,711,241.208,25994.40527,0
1784124000000000,106.45,106.61,101.61,102.62,844.488,1784127599999999,87072.35254,699,271.98,28042.64063,0
1784127600000000,102.4,102.7,100.74,100.98,1126.279,1784131199999999,114342.32637,383,293.885,29860.44148,0
1784131200000000,100.95,101.01,99.3,100.59,439.061,1784134799999999,43991.488,407,246.643,24709.30078,0
1784134800000000,100.83,102.32,100.83,101.77,1589.736,1784138399999999,162146.76776,775,42.632,4340.34472,0
1784138400000000,102.0,102.49,101.23,101.26,107.64,1784141999999999,10977.86918,107,83.709,8545.3667,0
1784142000000000,101.26,103.45,101.18,103.19,316.289,1784145599999999,32425.52773,465,213.189,21920.55839,0
1784145600000000,103.05,103.33,102.95,103.08,28.011,1784149199999999,2887.00819,17,7.529,776.09027,0
1784149200000000,103.08,103.3,102.87,103.22,66.458,1784152799999999,6851.16188,121,46.781,4824.32603,0
1784152800000000,103.43,103.63,102.84,103.31,106.464,1784156399999999,10994.21246,117,79.718,8233.50177,0
1784156400000000,103.47,103.55,103.18,103.27,15.769,1784159999999999,1628.63847,11,9.827,1014.80386,0
1784160000000000,103.18,104.0,101.49,102.54,399.041,1784163599999999,40956.03778,282,120.806,12436.43857,0
1784163600000000,102.59,102.82,101.77,102.52,213.938,1784167199999999,21893.13962,107,155.644,15933.90856,0
1784167200000000,102.24,103.19,101.83,103.14,147.905,1784170799999999,15146.45774,183,75.223,7719.29084,0
1784170800000000,103.37,105.17,103.37,104.63,256.6,1784174399999999,26758.66436,362,142.119,14822.70814,0
1784174400000000,104.63,104.77,103.38,103.67,97.183,1784177999999999,10122.51492,78,44.664,4659.55279,0
1784178000000000,103.67,104.62,103.34,103.68,89.979,1784181599999999,9341.21695,116,32.285,3356.92987,0
1784181600000000,103.83,103.84,102.41,102.76,227.826,1784185199999999,23462.75686,255,73.098,7540.02933,0
1784185200000000,102.48,103.23,101.17,101.65,486.847,1784188799999999,49611.22495,479,352.93,35963.30321,0
1784188800000000,101.7,102.1,99.96,101.13,376.687,1784192399999999,37987.53054,292,115.59,11724.71539,0
1784192400000000,101.3,101.77,101.0,101.0,119.847,1784195999999999,12164.79862,71,77.921,7911.35142,0
1784196000000000,100.88,101.6,100.8,101.6,181.761,1784199599999999,18400.74185,125,118.31,11986.89284,0
1784199600000000,101.41,101.41,99.66,99.9,301.028,1784203199999999,30222.51112,219,94.486,9503.43687,0
1784203200000000,100.12,100.22,99.41,99.68,324.992,1784206799999999,32393.28191,341,65.93,6579.44573,0
1784206800000000,99.88,101.97,98.53,99.67,858.694,1784210399999999,85667.73664,834,303.589,30410.69615,0
1784210400000000,99.71,101.02,98.84,99.22,894.067,1784213999999999,89239.78058,626,474.804,47538.84924,0
1784214000000000,99.38,99.6,98.3,98.3,223.93,1784217599999999,22119.7314,566,85.931,8493.01169,0
1784217600000000,98.31,98.39,96.5,97.13,833.066,1784221199999999,81488.21447,548,649.865,63644.95964,0
1784221200000000,97.0,97.23,95.59,95.79,212.47,1784224799999999,20492.43409,214,47.077,4543.36089,0
1784224800000000,95.83,96.95,95.83,96.5,296.048,1784228399999999,28516.39311,251,200.115,19283.65122,0
1784228400000000,96.44,97.17,95.71,97.17,676.556,1784231999999999,65287.40801,538,633.797,61179.65272,0
1784232000000000,97.33,97.74,96.72,96.72,165.706,1784235599999999,16158.86033,60,160.568,15660.48087,0
1784235600000000,96.79,96.98,96.72,96.82,31.161,1784239199999999,3017.39696,52,6.747,653.99093,0
1784239200000000,96.83,96.88,95.48,95.79,257.416,1784242799999999,24655.64854,330,174.789,16708.61475,0
1784242800000000,95.77,95.86,95.06,95.21,169.364,1784246399999999,16148.47651,210,45.125,4304.64258,0
1784246400000000,95.21,95.82,93.83,95.32,1024.536,1784249999999999,97133.89373,722,475.404,45232.63289,0
1784250000000000,95.21,95.82,93.76,94.13,317.111,1784253599999999,30112.07966,291,174.511,16553.59309,0
1784253600000000,94.36,94.48,92.79,93.61,324.607,1784257199999999,30349.888,183,200.185,18701.13451,0
1784257200000000,93.76,95.04,93.76,93.98,183.482,1784260799999999,17320.01282,119,73.547,6949.39617,0
1784260800000000,93.82,93.9,92.89,93.46,225.208,1784264399999999,21046.0545,185,119.006,11124.08558,0
1784264400000000,93.27,93.4,92.32,92.59,492.488,1784267999999999,45694.64061,404,168.948,15719.4377,0
1784268000000000,92.56,94.21,92.55,93.18,414.933,1784271599999999,38809.11686,410,181.652,16998.29871,0
1784271600000000,93.04,93.47,92.48,92.79,334.11,1784275199999999,31081.68042,271,261.083,24303.32261,0
1784275200000000,92.71,93.43,91.35,92.41,2048.514,1784278799999999,189824.56375,1332,1694.217,157131.39186,0
1784278800000000,92.66,93.5,91.91,93.04,275.13,1784282399999999,25512.88002,201,135.159,12545.39666,0
1784282400000000,93.07,95.17,92.83,94.19,746.027,1784285999999999,70473.8657,333,175.372,16524.50234,0
1784286000000000,94.17,94.33,93.85,94.0,111.22,1784289599999999,10463.01319,75,50.993,4800.11636,0
1784289600000000,93.76,93.76,92.61,93.19,312.202,1784293199999999,29005.61408,146,48.9,4547.95469,0
1784293200000000,92.95,94.0,89.8,93.29,3654.098,1784296799999999,338629.53039,2768,2721.968,252192.81263,0
1784296800000000,93.24,96.16,93.24,93.47,1118.255,1784300399999999,105976.40486,984,762.468,72303.77494,0
1784300400000000,93.45,95.7,92.82,95.7,576.531,1784303999999999,54013.34746,352,370.994,34720.84029,0
1784304000000000,95.54,96.64,95.1,96.26,386.306,1784307599999999,37045.66329,314,181.155,17396.85456,0
1784307600000000,96.33,98.1,96.21,96.21,361.501,1784311199999999,35148.74037,247,210.536,20468.77592,0
1784311200000000,96.44,96.77,95.5,95.85,158.932,1784314799999999,15238.71042,140,51.245,4922.45601,0
1784314800000000,95.67,96.16,94.77,95.06,1486.184,1784318399999999,142178.20376,563,131.353,12574.43685,0
1784318400000000,95.14,95.21,94.33,94.55,187.036,1784321999999999,17718.36623,165,39.214,3719.11667,0
1784322000000000,94.6,94.94,94.6,94.69,160.0,1784325599999999,15169.1939,81,102.434,9714.11571,0
1784325600000000,94.51,94.79,94.33,94.61,66.196,1784329199999999,6255.36576,39,26.341,2491.98175,0
1784329200000000,94.41,94.45,93.88,94.18,148.797,1784332799999999,14000.38736,65,45.597,4298.99512,0
1784332800000000,93.92,94.34,93.89,94.21,66.955,1784336399999999,6303.44637,35,20.542,1934.19747,0
1784336400000000,94.33,94.51,93.84,93.84,119.726,1784339999999999,11272.88473,58,73.62,6934.80382,0
1784340000000000,93.79,94.04,93.75,93.88,166.806,1784343599999999,15674.27876,199,145.188,13645.71785,0
1784343600000000,94.09,94.18,93.96,93.99,57.391,1784347199999999,5399.53923,25,34.981,3292.0863,0
1784347200000000,94.05,94.05,93.87,93.94,46.427,1784350799999999,4363.08448,26,22.041,2071.97652,0
1784350800000000,93.86,93.91,93.72,93.72,50.464,1784354399999999,4733.2502,36,12.59,1181.4582,0
1784354400000000,93.61,93.73,93.5,93.59,36.729,1784357999999999,3438.20025,22,18.897,1768.95052,0
1784358000000000,93.64,93.87,93.46,93.87,46.04,1784361599999999,4316.07765,31,40.538,3801.20367,0
1784361600000000,94.04,94.35,93.76,93.92,175.048,1784365199999999,16465.85549,83,61.15,5754.21085,0
1784365200000000,94.04,94.2,93.72,93.94,56.274,1784368799999999,5286.95264,31,42.904,4032.62808,0
1784368800000000,93.86,93.93,93.72,93.9,191.132,1784372399999999,17922.77221,68,62.415,5854.05939,0
1784372400000000,93.92,93.94,93.55,93.74,23.855,1784375999999999,2236.42376,113,7.237,678.86224,0
1784376000000000,93.74,93.82,93.51,93.54,409.322,1784379599999999,38312.53146,608,294.351,27551.92386,0
1784379600000000,93.53,94.18,93.36,93.76,210.302,1784383199999999,19699.69964,226,114.33,10709.26354,0
1784383200000000,93.81,93.81,93.61,93.7,100.103,1784386799999999,9379.65331,53,55.78,5227.14178,0
1784386800000000,93.7,93.92,93.65,93.69,22.754,1784390399999999,2133.47688,28,6.313,591.86624,0
1784390400000000,93.64,93.66,93.47,93.58,121.247,1784393999999999,11343.70639,87,49.509,4633.09512,0
1784394000000000,93.51,93.54,93.34,93.39,42.142,1784397599999999,3938.69315,58,25.53,2386.40125,0
1784397600000000,93.47,93.72,93.3,93.3,57.008,1784401199999999,5331.8205,50,27.917,2611.78546,0
1784401200000000,93.34,93.45,93.27,93.31,18.111,1784404799999999,1691.36783,32,8.434,787.58691,0
1784404800000000,93.31,93.4,93.18,93.3,24.851,1784408399999999,2317.68611,32,11.787,1099.67538,0
1784408400000000,93.2,93.5,93.2,93.5,58.196,1784411999999999,5427.77593,102,6.534,609.59617,0
1784412000000000,93.5,93.5,92.76,92.96,136.909,1784415599999999,12731.15467,94,7.722,719.05718,0
1784415600000000,92.93,93.02,92.82,92.87,45.629,1784419199999999,4241.05094,51,20.037,1862.28923,0
1784419200000000,92.78,93.11,92.67,93.11,28.121,1784422799999999,2612.37404,35,18.867,1754.27708,0
1784422800000000,92.97,93.19,92.9,93.19,13.691,1784426399999999,1274.15547,24,7.875,733.14885,0
1784426400000000,93.2,93.31,92.96,93.15,124.103,1784429999999999,11545.86912,43,12.391,1154.57129,0
1784430000000000,93.15,93.32,93.11,93.19,144.962,1784433599999999,13521.29291,40,135.2,12611.40295,0
1784433600000000,93.32,93.53,93.25,93.25,19.104,1784437199999999,1784.08986,22,8.598,803.00122,0
1784437200000000,93.3,93.39,93.21,93.39,155.601,1784440799999999,14522.11511,313,6.674,622.80625,0
1784440800000000,93.39,93.61,93.38,93.6,17.512,1784444399999999,1638.10739,33,15.27,1428.4434,0
1784444400000000,93.54,93.86,93.52,93.81,43.868,1784447999999999,4105.12509,30,10.824,1014.18472,0
1784448000000000,93.91,94.5,93.89,94.39,138.364,1784451599999999,13030.47914,124,69.676,6566.18922,0
1784451600000000,94.33,94.41,93.96,94.39,27.407,1784455199999999,2581.97948,56,7.326,690.81155,0
1784455200000000,94.41,94.41,94.16,94.26,25.721,1784458799999999,2424.60703,59,11.893,1121.33047,0
1784458800000000,94.2,94.28,94.08,94.11,14.985,1784462399999999,1411.3716,38,6.688,630.13084,0
1784462400000000,94.09,94.5,94.05,94.5,132.743,1784465999999999,12496.77504,202,28.476,2686.46072,0
1784466000000000,94.45,94.54,94.33,94.39,54.236,1784469599999999,5123.71248,110,33.645,3179.32776,0
1784469600000000,94.39,94.6,94.21,94.21,44.09,1784473199999999,4160.84388,58,8.482,800.06045,0
1784473200000000,94.26,94.26,93.76,93.79,50.098,1784476799999999,4708.10488,75,26.442,2484.24111,0
1784476800000000,93.77,93.85,93.4,93.49,113.683,1784480399999999,10645.59731,268,62.568,5859.89985,0
1784480400000000,93.42,93.82,93.4,93.48,110.941,1784483999999999,10389.95543,179,56.417,5285.67709,0
1784484000000000,93.47,93.73,93.26,93.44,85.67,1784487599999999,8013.56387,148,33.498,3133.62365,0
1784487600000000,93.45,93.79,93.37,93.72,65.595,1784491199999999,6140.40563,78,29.473,2758.75802,0
1784491200000000,93.8,94.18,93.64,93.97,246.922,1784494799999999,23192.01715,201,125.18,11767.71662,0
1784494800000000,94.03,94.58,93.94,94.33,31.624,1784498399999999,2981.61234,54,12.388,1168.31703,0
1784498400000000,94.43,95.5,94.06,95.32,386.914,1784501999999999,36672.20963,593,253.991,24108.84009,0
1784502000000000,95.35,95.5,94.64,94.97,551.494,1784505599999999,52367.45142,1463,431.831,41005.27343,0
1784505600000000,94.88,96.77,94.43,95.61,2026.147,1784509199999999,194185.51106,1216,1852.791,177600.26476,0
1784509200000000,95.52,96.26,94.15,94.7,682.188,1784512799999999,65068.36353,687,516.675,49404.72618,0
1784512800000000,94.54,96.08,94.54,95.96,233.172,1784516399999999,22222.77517,328,212.534,20258.14517,0
1784516400000000,95.79,96.65,95.25,96.27,279.431,1784519999999999,26818.18669,337,219.343,21077.55638,0
1784520000000000,96.29,96.67,95.79,96.32,134.911,1784523599999999,13012.10832,126,121.627,11732.72427,0
1784523600000000,96.34,96.34,95.29,95.38,174.062,1784527199999999,16622.41059,195,120.398,11491.43623,0
1784527200000000,95.48,95.51,95.02,95.32,200.461,1784530799999999,19091.91317,179,107.317,10227.93416,0
1784530800000000,95.49,96.28,95.36,96.14,62.767,1784534399999999,6024.58903,111,46.453,4457.63696,0
1784534400000000,96.1,96.66,96.01,96.22,330.257,1784537999999999,31851.40439,478,237.587,22926.9675,0
1784538000000000,96.2,97.2,96.03,96.72,745.919,1784541599999999,72120.77896,329,562.065,54374.78208,0
1784541600000000,96.71,97.32,96.5,97.04,238.014,1784545199999999,23080.53822,277,182.984,17749.75377,0
1784545200000000,97.24,98.51,97.09,98.35,351.768,1784548799999999,34443.3968,286,163.014,15985.6265,0
1784548800000000,98.28,98.28,97.36,97.42,324.883,1784552399999999,31782.26408,433,226.504,22161.06935,0
1784552400000000,97.49,101.02,97.06,98.84,1793.306,1784555999999999,177739.19433,3303,974.456,96613.57508,0
1784556000000000,98.93,99.55,97.11,97.11,212.448,1784559599999999,20875.97818,390,120.05,11811.61944,0
1784559600000000,97.35,98.75,97.31,98.71,191.512,1784563199999999,18809.7753,218,77.861,7646.67283,0
1784563200000000,98.72,99.41,98.34,98.82,401.052,1784566799999999,39571.33327,269,313.886,30967.76734,0
1784566800000000,98.77,99.1,98.18,98.72,87.194,1784570399999999,8612.69473,129,40.293,3981.73847,0
1784570400000000,98.71,98.92,98.02,98.07,58.212,1784573999999999,5722.23147,79,23.332,2295.09377,0
1784574000000000,97.88,98.03,97.03,97.16,192.656,1784577599999999,18823.12832,214,18.748,1831.50991,0
1784577600000000,97.08,97.13,96.86,97.13,25.424,1784581199999999,2466.44328,65,13.97,1355.82504,0
1784581200000000,97.28,97.38,97.19,97.35,23.21,1784584799999999,2257.52961,42,4.258,414.21112,0
1784584800000000,97.32,97.32,96.68,96.69,31.889,1784588399999999,3093.33451,50,0.824,79.95243,0
1784588400000000,96.97,97.58,96.97,97.58,20.036,1784591999999999,1948.25897,45,16.644,1618.55372,0
1784592000000000,97.39,98.67,96.95,98.44,310.755,1784595599999999,30392.42766,350,90.113,8834.85064,0
1784595600000000,98.24,99.04,98.24,98.69,72.153,1784599199999999,7123.38016,57,51.897,5123.50778,0
1784599200000000,99.06,99.52,98.45,99.52,54.004,1784602799999999,5357.75516,81,46.554,4619.32359,0
1784602800000000,99.52,101.6,99.52,101.04,525.241,1784606399999999,52992.92278,365,158.586,15964.13931,0
1784606400000000,101.08,101.43,100.6,100.83,424.302,1784609999999999,42880.91398,284,346.618,35047.17048,0
1784610000000000,100.73,101.36,100.01,101.26,102.151,1784613599999999,10289.14376,248,77.772,7837.41682,0
1784613600000000,101.17,101.9,101.15,101.74,226.902,1784617199999999,23043.07631,214,196.41,19944.02286,0
1784617200000000,101.77,101.92,101.34,101.61,583.165,1784620799999999,59218.78288,470,431.668,43819.67331,0
1784620800000000,101.6,103.18,101.54,103.06,263.916,1784624399999999,26996.59918,410,207.754,21259.79516,0
1784624400000000,103.12,103.18,102.21,102.21,79.364,1784627999999999,8155.62996,154,9.802,1008.08399,0
1784628000000000,102.23,102.81,102.22,102.38,107.73,1784631599999999,11035.029,167,21.438,2197.03671,0
1784631600000000,102.38,102.87,101.99,102.48,185.706,1784635199999999,19014.44266,261,97.017,9945.51647,0
1784635200000000,102.65,102.97,101.9,102.22,132.275,1784638799999999,13547.4538,263,36.55,3753.53686,0
1784638800000000,102.24,104.14,102.18,102.81,2066.86,1784642399999999,212572.99205,1302,1366.224,140446.61634,0
1784642400000000,102.62,103.9,101.42,103.74,422.848,1784645999999999,43335.42086,403,278.0,28453.54752,0
1784646000000000,103.63,104.75,103.29,103.77,254.41,1784649599999999,26487.11908,363,86.239,8987.70759,0
1784649600000000,103.95,105.0,103.95,104.63,1327.167,1784653199999999,138737.23635,542,238.045,24875.20172,0
1784653200000000,104.69,105.67,104.69,104.95,364.413,1784656799999999,38340.11678,324,224.847,23661.90484,0
1784656800000000,105.1,105.5,105.0,105.09,61.062,1784660399999999,6424.22009,52,55.017,5788.92382,0
1784660400000000,105.26,106.13,104.81,105.56,79.717,1784663999999999,8425.65763,151,35.993,3803.8021,0
1784664000000000,105.57,105.95,105.47,105.58,59.41,1784667599999999,6284.07438,56,55.324,5853.00933,0
1784667600000000,105.8,106.0,105.55,105.55,87.905,1784671199999999,9301.20102,90,73.226,7748.9371,0
1784671200000000,105.41,105.71,105.15,105.4,100.439,1784674799999999,10571.54762,84,23.518,2478.62791,0
1784674800000000,105.27,106.05,105.27,106.05,12.299,1784678399999999,1299.22587,27,4.223,447.20073,0
1784678400000000,106.08,108.69,105.99,106.82,507.872,1784681999999999,54770.31318,484,376.673,40665.3041,0
1784682000000000,106.84,106.84,105.71,106.34,128.36,1784685599999999,13645.56016,201,18.107,1924.89681,0
1784685600000000,106.29,106.31,105.0,105.29,255.053,1784689199999999,26974.43557,281,83.775,8890.36216,0
1784689200000000,105.15,106.0,104.55,104.73,192.666,1784692799999999,20278.55409,171,14.912,1572.16046,0
1784692800000000,105.05,105.28,104.37,104.37,68.277,1784696399999999,7168.95776,47,59.099,6208.61458,0
1784696400000000,104.37,104.37,102.5,102.81,699.265,1784699999999999,72366.67608,281,69.796,7222.0382,0
1784700000000000,102.86,102.86,101.46,102.32,134.723,1784703599999999,13753.49187,144,26.231,2676.87413,0
1784703600000000,102.74,102.78,101.72,102.25,19.859,1784707199999999,2032.39676,55,11.768,1205.15006,0
1784707200000000,102.23,102.64,101.89,102.4,1222.739,1784710799999999,124908.96009,1886,453.688,46389.73688,0
1784710800000000,102.33,102.73,101.99,102.3,396.584,1784714399999999,40615.34271,641,274.148,28081.79295,0
1784714400000000,102.23,102.86,102.23,102.81,281.307,1784717999999999,28905.96196,231,274.709,28229.3429,0
1784718000000000,102.7,103.0,101.6,101.81,1036.669,1784721599999999,105866.11494,1054,307.267,31564.49345,0
1784721600000000,101.87,101.88,100.71,101.35,532.982,1784725199999999,54042.82423,655,233.459,23688.94093,0
1784725200000000,101.46,106.43,101.38,106.25,1301.226,1784728799999999,135819.74251,1014,877.024,91668.01002,0
1784728800000000,106.21,106.35,104.81,105.76,771.079,1784732399999999,81379.25271,313,446.828,47288.77141,0
1784732400000000,106.0,106.93,105.58,105.65,181.165,1784735999999999,19246.00307,171,74.354,7914.42055,0
1784736000000000,105.83,105.93,104.64,104.67,133.466,1784739599999999,14096.13195,136,73.042,7717.32562,0
1784739600000000,104.65,105.01,104.36,104.47,90.78,1784743199999999,9506.45869,176,57.321,6005.58087,0
1784743200000000,104.54,104.77,103.51,104.72,142.005,1784746799999999,14748.62334,185,12.426,1291.36496,0
1784746800000000,104.66,104.72,102.67,102.79,168.182,1784750399999999,17418.18718,196,41.693,4344.76739,0
1784750400000000,102.83,104.21,102.5,103.51,165.639,1784753999999999,17155.45654,172,53.986,5605.49093,0
1784754000000000,103.6,104.37,103.17,103.78,223.128,1784757599999999,23174.09198,539,114.112,11858.04424,0
1784757600000000,103.82,103.98,102.77,103.16,107.524,1784761199999999,11111.5069,160,52.985,5473.30165,0
1784761200000000,103.19,103.94,102.93,103.9,29.467,1784764799999999,3050.08564,57,18.956,1960.95134,0
1784764800000000,103.85,105.6,103.83,105.45,154.757,1784768399999999,16183.03431,167,57.089,5986.97419,0
1784768400000000,105.29,105.56,103.92,103.99,254.349,1784771999999999,26646.55403,398,144.402,15122.25114,0
1784772000000000,104.01,104.32,102.72,103.05,79.13,1784775599999999,8172.05062,197,23.44,2422.83004,0
1784775600000000,103.02,103.83,102.35,103.46,233.086,1784779199999999,24143.99379,221,207.285,21483.11324,0
1784779200000000,103.41,103.83,102.95,103.45,79.131,1784782799999999,8189.93764,139,35.954,3722.80416,0
1784782800000000,103.45,104.15,103.41,104.02,71.116,1784786399999999,7389.3154,49,48.925,5084.78553,0
1784786400000000,104.09,104.41,104.09,104.34,113.318,1784789999999999,11822.15507,127,10.062,1048.59205,0
1784790000000000,104.09,104.09,102.14,102.64,97.914,1784793599999999,10081.44458,106,24.213,2499.63133,0
1784793600000000,102.71,105.45,102.45,105.4,1360.958,1784797199999999,142557.89456,441,1190.986,124760.0314,0
1784797200000000,105.12,105.73,104.54,104.54,145.501,1784800799999999,15303.56608,159,55.176,5813.74713,0
1784800800000000,104.72,105.11,104.53,104.77,56.381,1784804399999999,5910.8083,93,40.719,4269.00171,0
1784804400000000,104.9,105.11,103.27,103.87,139.987,1784807999999999,14552.52434,155,28.824,3007.74034,0
1784808000000000,103.72,103.74,101.85,102.43,383.553,1784811599999999,39305.1083,298,214.974,21966.79637,0
1784811600000000,102.31,103.72,100.17,102.21,1459.83,1784815199999999,148494.29114,1132,879.562,89391.11359,0
1784815200000000,102.5,104.26,101.4,101.87,584.648,1784818799999999,59929.31016,305,330.721,34010.32455,0
1784818800000000,101.7,101.7,100.23,101.25,295.444,1784822399999999,29806.015,178,102.789,10367.87717,0
1784822400000000,101.32,102.81,101.15,101.46,299.656,1784825999999999,30502.24762,250,77.719,7907.75878,0
1784826000000000,101.34,101.67,99.5,99.57,955.325,1784829599999999,95578.7107,364,108.889,10969.42382,0
1784829600000000,99.57,100.14,99.36,99.63,109.669,1784833199999999,10959.02769,74,48.313,4829.38711,0
1784833200000000,100.01,100.85,99.37,99.89,712.835,1784836799999999,71259.79737,346,343.232,34228.70471,0
1784836800000000,100.24,113.8,100.11,109.96,15045.396,1784840399999999,1608487.73912,6861,6227.477,661307.6902,0
1784840400000000,109.74,111.03,103.74,105.93,1305.204,1784843999999999,140016.56661,1183,641.429,68781.92939,0
1784844000000000,105.84,105.84,101.51,103.84,960.864,1784847599999999,98613.32292,605,420.504,43174.47862,0
1784847600000000,104.02,104.57,103.45,104.53,197.41,1784851199999999,20504.96871,163,126.137,13103.15467,0
1784851200000000,104.73,105.53,103.65,104.77,558.944,1784854799999999,58452.00951,435,295.313,30856.24968,0
1784854800000000,104.72,105.55,104.56,104.59,241.091,1784858399999999,25337.51239,226,102.23,10761.15914,0
1784858400000000,104.48,104.69,102.95,103.15,477.779,1784861999999999,49688.5642,414,322.86,33627.67591,0
1784862000000000,103.45,104.22,103.13,103.23,103.658,1784865599999999,10764.24476,96,77.298,8028.6877,0
1784865600000000,103.11,104.31,102.94,104.27,1276.506,1784869199999999,132741.82356,358,174.48,18132.49105,0
1784869200000000,104.36,105.33,104.08,104.31,159.449,1784872799999999,16739.013,234,103.304,10846.52487,0
1784872800000000,104.22,104.56,103.61,103.89,117.197,1784876399999999,12196.8393,129,33.872,3529.05021,0
1784876400000000,104.09,105.28,104.0,105.19,116.14,1784879999999999,12183.2533,258,68.677,7209.85606,0
1784880000000000,105.18,105.24,103.0,104.41,465.563,1784883599999999,48459.5939,754,123.894,12873.0763,0
1784883600000000,104.5,106.84,104.39,106.48,646.392,1784887199999999,68267.09937,582,417.731,43973.75913,0
1784887200000000,106.35,106.38,103.54,104.09,244.444,1784890799999999,25610.56484,316,117.325,12355.71372,0
1784890800000000,104.14,104.43,103.08,103.63,425.282,1784894399999999,44044.236,331,216.787,22495.63575,0
1784894400000000,103.29,104.09,102.76,103.04,67.525,1784897999999999,6975.67101,105,19.995,2069.58737,0
1784898000000000,102.68,103.3,95.93,96.48,3154.286,1784901599999999,313623.34241,4388,1509.198,149710.07741,0
1784901600000000,96.54,98.18,95.5,97.5,1102.942,1784905199999999,106662.22473,1146,462.177,44798.85134,0
1784905200000000,97.28,97.46,96.22,97.19,382.231,1784908799999999,37015.26057,336,90.098,8731.3882,0
1784908800000000,96.98,97.71,95.08,96.39,601.163,1784912399999999,58211.74723,609,185.051,17931.47098,0
1784912400000000,96.09,96.43,95.5,96.17,249.197,1784915999999999,23961.70351,413,215.615,20739.20509,0
1784916000000000,96.09,96.17,93.72,93.73,2926.585,1784919599999999,276875.37748,3320,1267.542,120129.72209,0
1784919600000000,93.87,94.07,91.71,92.35,1597.327,1784923199999999,147829.5391,1033,1007.591,93316.07951,0
1784923200000000,92.27,92.59,91.83,92.53,471.124,1784926799999999,43485.35567,268,205.68,18963.68563,0
1784926800000000,92.52,92.52,92.0,92.19,172.741,1784930399999999,15944.58369,256,78.826,7276.04873,0
1784930400000000,92.2,92.2,91.36,91.36,321.963,1784933999999999,29556.78224,385,78.593,7200.42806,0
1784934000000000,91.45,91.7,91.22,91.52,183.992,1784937599999999,16838.50433,222,101.586,9297.06832,0
1784937600000000,91.52,92.34,91.52,92.0,475.99,1784941199999999,43740.64557,633,290.106,26661.84724,0
1784941200000000,92.0,92.14,91.85,91.95,140.523,1784944799999999,12922.09194,93,82.507,7587.84477,0
1784944800000000,91.96,92.54,91.68,92.35,266.338,1784948399999999,24557.23618,162,148.256,13667.37307,0
1784948400000000,92.35,92.66,92.25,92.47,327.424,1784951999999999,30281.58554,621,208.494,19287.01698,0
1784952000000000,92.53,92.77,92.53,92.69,62.785,1784955599999999,5817.42015,82,44.768,4147.9548,0
1784955600000000,92.85,93.26,92.85,93.21,3962.001,1784959199999999,368788.35088,5516,3901.19,363128.25539,0
1784959200000000,93.27,93.43,93.07,93.27,76.997,1784962799999999,7181.65355,108,47.309,4414.23755,0
1784962800000000,93.29,93.35,92.56,92.81,192.99,1784966399999999,17926.09734,140,78.981,7348.69296,0
1784966400000000,92.86,92.95,92.75,92.86,31.885,1784969999999999,2960.91322,113,21.593,2005.72467,0
1784970000000000,92.85,92.89,92.09,92.44,323.819,1784973599999999,29865.75308,439,228.146,21039.33766,0
1784973600000000,92.5,92.5,92.19,92.38,12.033,1784977199999999,1111.24463,27,1.42,131.24996,0
1784977200000000,92.55,92.68,92.28,92.68,56.207,1784980799999999,5197.40837,43,10.528,974.90171,0
1784980800000000,92.68,92.78,92.66,92.67,28.919,1784984399999999,2680.81794,84,10.761,997.81483,0
1784984400000000,92.67,92.67,92.4,92.46,285.759,1784987999999999,26419.7275,52,17.298,1600.08862,0
1784988000000000,92.32,92.44,92.26,92.44,5.898,1784991599999999,544.71204,7,4.403,406.75088,0
1784991600000000,92.5,92.61,92.25,92.25,53.928,1784995199999999,4982.32803,44,20.854,1926.86949,0
1784995200000000,92.33,92.69,92.22,92.66,70.315,1784998799999999,6501.17069,37,55.557,5135.82944,0
1784998800000000,92.66,93.23,92.55,93.05,140.428,1785002399999999,13051.37049,185,76.783,7141.81517,0
1785002400000000,93.08,93.29,93.01,93.05,47.75,1785005999999999,4447.09477,86,34.693,3231.00751,0
1785006000000000,93.03,93.27,92.84,93.25,567.864,1785009599999999,52833.09612,196,421.424,39209.16304,0
1785009600000000,93.17,93.39,93.15,93.2,52.395,1785013199999999,4886.9225,66,10.028,935.37842,0
1785013200000000,93.18,93.22,93.01,93.12,12.127,1785016799999999,1129.33981,51,7.404,689.79742,0
1785016800000000,93.13,93.3,93.02,93.16,31.465,1785020399999999,2931.34378,48,27.134,2528.01102,0
1785020400000000,93.26,93.51,93.16,93.35,393.649,1785023999999999,36753.14664,198,223.714,20887.59633,0
1785024000000000,93.21,93.41,93.13,93.25,473.026,1785027599999999,44103.68847,266,257.444,24000.1656,0
1785027600000000,93.45,93.9,93.45,93.61,285.77,1785031199999999,26786.68063,143,180.014,16876.86784,0
1785031200000000,93.61,93.91,93.49,93.9,430.299,1785034799999999,40328.4761,309,102.904,9646.58485,0
1785034800000000,93.87,94.17,93.7,94.0,111.478,1785038399999999,10477.52106,133,26.937,2532.56174,0
1785038400000000,94.03,94.26,93.92,94.23,68.32,1785041999999999,6432.25049,52,22.323,2102.48855,0
1785042000000000,94.15,94.5,94.08,94.25,431.356,1785045599999999,40683.65998,277,240.279,22665.20317,0
1785045600000000,94.33,94.76,94.33,94.6,454.127,1785049199999999,42942.48738,589,152.7,14435.06294,0
1785049200000000,94.59,94.71,94.24,94.36,552.011,1785052799999999,52214.52911,1172,39.645,3747.98723,0
1785052800000000,94.37,94.54,94.26,94.54,17.375,1785056399999999,1640.17426,68,7.413,699.80741,0
1785056400000000,94.53,94.6,94.37,94.5,59.825,1785059999999999,5655.44668,151,44.269,4185.33729,0
1785060000000000,94.49,95.1,94.49,95.01,274.341,1785063599999999,26023.31279,154,216.604,20536.7504,0
1785063600000000,94.97,95.18,94.89,95.11,126.342,1785067199999999,11995.8623,48,31.471,2987.0651,0
1785067200000000,94.88,94.92,94.59,94.64,182.796,1785070799999999,17328.02335,98,94.23,8937.49691,0
1785070800000000,94.54,94.97,94.45,94.97,192.089,1785074399999999,18225.81353,53,18.638,1767.90238,0
1785074400000000,94.98,95.1,94.92,94.98,35.798,1785077999999999,3401.634,21,19.46,1849.41892,0
1785078000000000,94.94,94.98,94.59,94.64,77.924,1785081599999999,7382.83897,35,58.9,5579.73101,0
1785081600000000,94.5,94.67,94.38,94.56,98.964,1785085199999999,9349.55399,57,75.624,7143.91102,0
1785085200000000,94.58,94.69,94.48,94.68,55.69,1785088799999999,5262.75774,124,24.896,2353.25379,0
1785088800000000,94.66,94.66,94.48,94.58,54.196,1785092399999999,5122.71932,50,17.254,1631.75886,0
1785092400000000,94.58,94.58,94.33,94.33,192.559,1785095999999999,18192.10976,160,1.457,137.67742,0
1785096000000000,94.29,94.31,94.03,94.12,207.18,1785099599999999,19524.48631,238,112.769,10626.79124,0
1785099600000000,94.2,94.37,94.2,94.29,18.026,1785103199999999,1699.92497,45,8.25,778.03477,0
1785103200000000,94.28,96.13,94.28,95.42,2809.512,1785106799999999,268668.37631,9264,2163.834,207053.05936,0
1785106800000000,95.43,95.96,95.12,95.83,1729.014,1785110399999999,165246.32734,5289,380.706,36413.51815,0
1785110400000000,95.83,95.83,93.66,94.35,6818.031,1785113999999999,644213.84143,18637,1949.468,184528.1719,0
1785114000000000,94.37,94.59,93.18,94.09,1884.994,1785117599999999,176883.68164,7182,346.197,32491.37328,0
1785117600000000,94.2,94.45,93.87,94.09,326.702,1785121199999999,30799.58595,373,286.197,26981.85907,0
1785121200000000,94.04,94.35,94.03,94.12,43.334,1785124799999999,4083.51126,156,33.839,3189.2745,0
1785124800000000,94.17,94.64,94.06,94.64,23.652,1785128399999999,2232.24273,74,15.372,1451.07663,0
1785128400000000,94.56,94.99,94.56,94.76,698.045,1785131999999999,66166.9529,1112,129.582,12293.28627,0
1785132000000000,94.75,95.34,94.75,95.22,168.75,1785135599999999,16051.05316,235,131.683,12525.23132,0
1785135600000000,95.26,95.47,94.82,95.07,328.649,1785139199999999,31320.56556,306,268.438,25589.13857,0
1785139200000000,94.94,95.4,94.57,95.02,625.803,1785142799999999,59512.00352,611,562.032,53459.66005,0
1785142800000000,94.99,95.22,94.85,95.13,269.237,1785146399999999,25591.65457,272,82.59,7852.32551,0
1785146400000000,95.13,95.13,94.39,94.61,420.41,1785149999999999,39831.83534,654,92.4,8748.71887,0
1785150000000000,94.59,94.59,93.4,93.6,259.576,1785153599999999,24378.11394,797,87.266,8199.57095,0
1785153600000000,93.59,94.19,93.4,94.06,147.871,1785157199999999,13854.05845,306,77.013,7215.52864,0
1785157200000000,94.14,95.16,90.73,91.04,3564.454,1785160799999999,332861.41683,2351,1883.916,176931.59299,0
1785160800000000,90.99,91.2,87.1,89.94,1803.535,1785164399999999,160310.23809,2918,1161.179,103089.80837,0
1785164400000000,90.0,90.48,88.71,89.27,445.156,1785167999999999,39872.93895,756,137.287,12307.92389,0
1785168000000000,89.29,90.92,89.09,89.88,318.521,1785171599999999,28683.01568,416,108.786,9821.50779,0
1785171600000000,89.92,90.36,89.56,90.36,441.744,1785175199999999,39688.7199,235,84.999,7640.36868,0
1785175200000000,90.42,91.48,89.92,91.48,238.895,1785178799999999,21587.54537,296,164.94,14905.6819,0
1785178800000000,91.61,92.5,91.32,91.59,229.953,1785182399999999,21156.37326,240,135.45,12481.7618,0
1785182400000000,91.76,91.76,91.15,91.23,73.937,1785185999999999,6757.68625,77,31.421,2875.93708,0
1785186000000000,91.24,91.58,91.24,91.4,211.362,1785189599999999,19332.06232,115,195.153,17850.97219,0
1785189600000000,91.38,91.41,90.55,90.68,390.857,1785193199999999,35539.08919,1131,97.586,8880.66764,0
1785193200000000,90.8,90.98,90.28,90.98,213.517,1785196799999999,19351.74477,771,130.439,11825.64247,0
1785196800000000,90.96,91.43,89.84,89.9,234.315,1785200399999999,21205.20143,287,145.57,13183.90641,0
1785200400000000,89.8,89.8,88.98,89.16,204.759,1785203999999999,18322.73032,309,107.481,9623.41808,0
1785204000000000,88.98,89.33,88.31,88.64,393.733,1785207599999999,34975.96188,481,95.541,8493.77739,0
1785207600000000,88.56,89.32,88.0,88.82,318.248,1785211199999999,28222.77752,320,172.362,15298.59178,0
1785211200000000,88.71,88.71,88.13,88.16,77.941,1785214799999999,6890.34707,95,23.526,2079.04745,0
1785214800000000,88.37,88.51,87.44,87.52,543.692,1785218399999999,47810.97876,503,264.943,23294.31906,0
1785218400000000,87.65,88.03,87.11,87.92,639.055,1785221999999999,56004.89181,338,547.242,47980.09164,0
1785222000000000,88.04,88.38,87.8,87.81,55.121,1785225599999999,4849.24593,77,38.265,3366.43012,0
1785225600000000,87.81,89.01,87.61,88.61,229.093,1785229199999999,20181.73447,263,69.53,6140.22727,0
1785229200000000,88.62,88.8,87.89,87.89,312.597,1785232799999999,27575.05552,441,81.022,7150.94682,0
1785232800000000,88.07,88.24,87.72,88.04,314.107,1785236399999999,27653.60387,362,128.822,11343.52949,0
1785236400000000,88.08,88.08,86.42,86.87,1044.297,1785239999999999,90575.55868,683,597.852,51872.85146,0
1785240000000000,87.09,87.6,86.73,87.14,777.929,1785243599999999,67742.45394,377,604.489,52637.35681,0
1785243600000000,87.1,87.99,84.7,84.79,1799.97,1785247199999999,155717.99003,1054,918.306,79339.21706,0
1785247200000000,84.78,86.43,83.33,86.17,1384.937,1785250799999999,117396.90455,772,843.753,71602.85282,0
1785250800000000,86.35,88.36,85.38,87.62,989.143,1785254399999999,85631.05044,355,660.936,57118.53178,0
1785254400000000,87.64,87.67,86.25,87.23,243.415,1785257999999999,21103.09994,152,73.019,6348.73266,0
1785258000000000,87.09,87.54,86.4,86.5,132.691,1785261599999999,11553.24585,146,80.508,7013.62036,0
1785261600000000,86.75,86.95,86.18,86.69,49.958,1785265199999999,4323.69558,59,29.504,2557.02613,0
1785265200000000,86.74,88.16,86.55,86.55,460.074,1785268799999999,40040.04099,191,179.92,15674.93155,0
1785268800000000,86.31,87.19,86.17,87.17,197.639,1785272399999999,17133.59442,194,136.355,11829.74347,0
1785272400000000,87.2,87.28,86.66,86.66,105.547,1785275999999999,9180.77019,96,48.419,4211.17526,0
1785276000000000,86.74,86.96,83.79,83.84,431.709,1785279599999999,36691.87544,232,173.849,14790.13336,0
1785279600000000,83.78,87.62,83.6,87.62,128.134,1785283199999999,10924.09511,99,77.604,6626.1079,0
1785283200000000,87.57,89.42,87.0,87.1,696.832,1785286799999999,61458.0628,343,450.352,39737.92575,0
1785286800000000,87.35,87.35,85.23,85.32,841.571,1785290399999999,72462.03525,273,386.344,33429.04484,0
1785290400000000,85.42,86.29,85.11,85.23,436.385,1785293999999999,37334.82038,279,179.444,15359.8635,0
1785294000000000,85.15,85.52,83.0,83.12,846.9,1785297599999999,71305.8038,373,427.705,36055.30325,0
1785297600000000,83.2,83.71,82.05,83.71,1308.736,1785301199999999,108260.44934,700,658.548,54517.07127,0
1785301200000000,83.93,85.57,83.66,84.99,541.867,1785304799999999,45939.5342,200,399.941,33875.226,0
1785304800000000,84.82,86.54,84.46,86.42,539.787,1785308399999999,46355.23932,265,358.005,30838.99653,0
1785308400000000,86.2,87.01,86.08,86.49,373.804,1785311999999999,32379.07263,187,156.791,13573.41834,0
1785312000000000,86.49,86.66,85.11,86.02,541.253,1785315599999999,46563.53144,339,285.415,24611.31394,0
1785315600000000,86.06,88.8,86.06,88.52,832.586,1785319199999999,72915.28967,532,416.957,36483.16144,0
1785319200000000,88.43,88.92,87.35,87.59,300.937,1785322799999999,26516.89468,222,70.235,6197.34215,0
1785322800000000,87.58,88.23,87.12,87.62,391.626,1785326399999999,34338.29747,355,129.406,11357.23561,0
1785326400000000,87.74,87.74,86.34,86.93,449.344,1785329999999999,39066.79147,405,140.304,12209.10641,0
1785330000000000,87.0,88.43,84.51,84.89,3379.573,1785333599999999,293397.63127,1409,2327.407,202058.76647,0
1785333600000000,84.86,85.94,83.53,84.45,1354.899,1785337199999999,115127.08187,751,704.862,59887.16996,0
1785337200000000,84.36,84.71,82.46,82.9,876.588,1785340799999999,72972.73202,357,173.164,14457.5361,0
1785340800000000,83.16,83.67,82.0,83.49,694.168,1785344399999999,57387.95373,255,331.166,27435.48236,0
1785344400000000,83.67,84.53,83.58,84.06,90.956,1785347999999999,7657.54023,118,57.571,4849.41783,0
1785348000000000,84.45,86.82,84.1,86.63,1295.025,1785351599999999,110259.5932,593,1028.102,87538.02511,0
1785351600000000,86.82,87.26,81.95,81.95,2168.838,1785355199999999,180332.74882,845,539.573,45140.38545,0
1785355200000000,82.05,82.05,80.1,80.35,1847.538,1785358799999999,149339.46623,745,1049.682,84936.87698,0
1785358800000000,80.33,80.33,79.24,80.03,1284.242,1785362399999999,102469.47366,496,965.735,77107.68806,0
1785362400000000,80.15,81.46,80.15,81.14,1522.065,1785365999999999,122191.2548,240,1424.855,114320.82439,0
1785366000000000,81.11,81.59,81.04,81.39,205.508,1785369599999999,16698.06964,280,126.797,10303.42018,0
1785369600000000,81.24,82.82,81.24,82.1,514.674,1785373199999999,42176.8484,173,348.857,28555.81341,0
1785373200000000,82.23,84.29,82.23,84.2,517.364,1785376799999999,43210.42039,193,309.581,25867.75566,0
1785376800000000,84.14,84.26,82.23,82.23,279.278,1785380399999999,23183.24237,112,112.319,9390.3274,0
1785380400000000,82.52,82.58,80.76,81.14,1364.736,1785383999999999,110844.95993,427,333.944,27170.16183,0
1785384000000000,81.11,81.48,80.29,80.37,678.097,1785387599999999,54908.60222,191,126.298,10217.56512,0
1785387600000000,80.53,81.36,80.23,80.99,133.977,1785391199999999,10829.74004,75,45.607,3685.24944,0
1785391200000000,81.03,81.46,80.7,80.7,304.65,1785394799999999,24715.70318,362,16.879,1370.47424,0
1785394800000000,80.74,81.3,80.07,80.09,578.417,1785398399999999,46694.25273,291,257.6,20819.32182,0
1785398400000000,80.19,81.15,79.59,80.56,1092.22,1785401999999999,87953.36636,788,550.996,44434.78813,0
1785402000000000,80.55,81.43,80.41,80.95,523.66,1785405599999999,42324.05059,237,171.218,13827.41839,0
1785405600000000,80.94,82.63,80.75,82.22,389.604,1785409199999999,32022.01311,198,160.485,13206.49498,0
1785409200000000,82.27,84.58,82.26,84.2,780.768,1785412799999999,65551.22235,346,245.633,20561.29111,0
1785412800000000,84.22,86.27,83.99,86.12,335.428,1785416399999999,28622.90723,282,179.808,15351.70663,0
1785416400000000,86.05,91.38,83.5,91.38,12176.614,1785419999999999,1068945.00959,3639,6841.528,603216.81139,0
1785420000000000,91.24,94.12,90.45,92.2,5175.652,1785423599999999,477225.26567,1568,1462.11,135450.96861,0
1785423600000000,92.06,93.55,91.58,92.15,1828.695,1785427199999999,169181.42239,654,790.021,72939.33469,0
1785427200000000,92.11,93.2,91.81,92.64,502.749,1785430799999999,46511.20372,294,115.22,10649.10334,0
1785430800000000,92.75,92.9,92.05,92.28,250.97,1785434399999999,23241.05316,156,105.372,9771.91607,0
1785434400000000,92.32,92.32,91.17,91.33,332.373,1785437999999999,30371.85809,111,94.107,8627.1255,0
1785438000000000,91.44,92.38,91.03,91.26,1183.348,1785441599999999,108174.30658,319,522.318,47771.19335,0
1785441600000000,91.23,92.57,91.23,92.49,331.391,1785445199999999,30450.52703,269,190.29,17486.05017,0
1785445200000000,92.51,93.74,92.25,93.36,576.596,1785448799999999,53778.56856,376,175.698,16374.59435,0
1785448800000000,93.38,95.54,93.24,95.05,548.905,1785452399999999,52039.74277,470,408.352,38729.93923,0
1785452400000000,95.2,95.45,94.57,95.27,769.027,1785455999999999,73035.65197,354,583.981,55455.38661,0
1785456000000000,95.2,96.74,94.57,96.73,1198.645,1785459599999999,114938.51355,916,741.694,71160.06179,0
1785459600000000,96.81,97.4,94.57,95.11,1029.164,1785463199999999,98980.5891,806,423.09,40678.33036,0
1785463200000000,95.1,95.34,93.83,94.4,1406.726,1785466799999999,132463.09741,723,732.741,69037.44807,0
1785466800000000,94.42,94.95,93.88,94.64,624.749,1785470399999999,59091.80077,470,162.119,15340.79601,0
1785470400000000,94.58,95.86,94.27,95.59,531.343,1785473999999999,50531.91415,447,283.349,26922.5805,0
1785474000000000,95.53,96.15,95.4,96.05,576.726,1785477599999999,55247.02798,439,204.583,19594.68718,0
1785477600000000,96.07,96.43,94.09,94.69,840.362,1785481199999999,79957.53875,754,342.92,32600.20931,0
1785481200000000,94.63,95.75,94.35,95.42,690.613,1785484799999999,65656.17324,498,272.28,25919.59544,0
1785484800000000,95.53,96.23,94.85,96.13,775.998,1785488399999999,74130.25512,629,521.216,49835.44317,0
1785488400000000,96.06,97.04,95.86,95.86,444.398,1785491999999999,42828.61695,348,275.635,26573.70082,0
1785492000000000,95.82,96.41,95.75,95.77,404.951,1785495599999999,38902.74538,302,222.709,21420.40845,0
1785495600000000,95.89,96.95,95.89,96.01,887.9,1785499199999999,85729.28057,396,589.498,56981.38149,0
1785499200000000,96.0,96.0,94.57,94.93,1421.267,1785502799999999,135439.52026,850,394.674,37682.04353,0
1785502800000000,94.88,97.96,92.85,93.8,17087.924,1785506399999999,1628391.38715,6399,8603.979,817334.33582,0
1785506400000000,93.83,94.12,92.12,93.27,9373.111,1785509999999999,873540.03086,3757,4118.993,383798.4594,0
1785510000000000,93.27,93.71,91.55,92.0,2051.224,1785513599999999,189783.55491,1184,1175.708,108788.53134,0
1785513600000000,92.06,92.81,91.78,92.45,1439.75,1785517199999999,132736.09477,976,672.158,61961.49555,0
1785517200000000,92.3,93.42,91.95,92.65,990.14,1785520799999999,91652.55449,855,439.767,40689.015,0
1785520800000000,92.51,92.99,92.23,92.68,625.717,1785524399999999,58011.59105,457,296.216,27461.58493,0
1785524400000000,92.73,92.91,90.31,90.38,1133.149,1785527999999999,104071.24505,651,464.438,42728.08073,0
1785528000000000,90.37,90.48,89.89,89.99,589.284,1785531599999999,53099.04133,287,294.362,26533.44678,0
1785531600000000,90.08,90.26,89.7,89.77,269.497,1785535199999999,24250.65428,188,233.662,21027.52516,0
1785535200000000,89.84,89.84,89.22,89.54,261.84,1785538799999999,23438.99663,161,193.474,17317.87721,0
1785538800000000,89.47,89.61,89.37,89.37,69.875,1785542399999999,6255.28832,34,37.561,3363.46389,0
1785542400000000,89.42,90.19,89.42,89.62,328.965,1785545999999999,29586.67136,470,190.219,17105.91793,0
1785546000000000,89.66,90.09,89.56,89.82,1006.953,1785549599999999,90440.95802,279,716.533,64333.10935,0
1785549600000000,89.93,90.46,89.81,89.9,202.527,1785553199999999,18237.91665,149,58.794,5295.2902,0
1785553200000000,89.89,90.16,89.79,89.9,84.852,1785556799999999,7626.85004,97,25.663,2309.24363,0
1785556800000000,89.96,90.21,89.92,90.06,102.525,1785560399999999,9226.75468,111,56.88,5119.31653,0
1785560400000000,90.08,90.31,89.96,90.26,93.086,1785563999999999,8399.2126,74,24.888,2243.37756,0
1785564000000000,90.05,90.68,90.05,90.42,146.563,1785567599999999,13223.71747,68,120.622,10877.07511,0
1785567600000000,90.42,90.63,90.31,90.52,73.68,1785571199999999,6665.02033,40,14.465,1308.60699,0
1785571200000000,90.62,90.64,90.54,90.55,71.938,1785574799999999,6516.53199,14,18.523,1677.4387,0
1785574800000000,90.4,90.4,90.34,90.37,139.646,1785578399999999,12615.98254,214,13.479,1217.96736,0
1785578400000000,90.36,90.58,90.36,90.58,13.165,1785581999999999,1189.80734,10,13.165,1189.80734,0
1785582000000000,90.56,90.81,90.56,90.81,6.699,1785585599999999,607.30373,8,5.647,511.84572,0
1785585600000000,90.87,90.87,90.44,90.44,65.423,1785589199999999,5923.51836,45,27.11,2453.50562,0
1785589200000000,90.44,90.46,90.24,90.42,48.75,1785592799999999,4405.65336,47,25.14,2272.4988,0
1785592800000000,90.42,90.47,90.33,90.47,5.136,1785596399999999,464.33067,10,4.882,441.38297,0
1785596400000000,90.34,90.4,90.16,90.16,163.676,1785599999999999,14787.5676,180,52.584,4751.60272,0
1785600000000000,90.24,90.27,89.94,90.12,95.988,1785603599999999,8639.76533,47,5.714,515.18227,0
1785603600000000,90.09,90.19,89.87,89.87,62.687,1785607199999999,5641.63007,47,30.433,2737.71518,0
1785607200000000,89.94,89.99,89.37,89.76,507.556,1785610799999999,45518.86628,153,268.552,24090.73205,0
1785610800000000,89.71,89.72,89.33,89.46,204.788,1785614399999999,18336.40806,90,105.978,9488.68011,0
1785614400000000,89.46,89.5,89.28,89.47,21.005,1785617999999999,1877.03054,22,12.779,1142.20946,0
1785618000000000,89.47,90.22,89.18,90.11,113.911,1785621599999999,10225.27682,236,58.529,5241.89106,0
1785621600000000,90.21,90.26,89.8,89.91,39.145,1785625199999999,3526.19096,135,13.015,1172.69157,0
1785625200000000,89.96,90.09,89.78,90.06,297.652,1785628799999999,26787.44802,123,189.397,17038.08511,0
1785628800000000,90.11,90.71,90.11,90.5,88.709,1785632399999999,8011.22774,111,70.354,6352.98315,0
1785632400000000,90.6,90.86,90.34,90.34,69.758,1785635999999999,6317.93608,121,55.612,5038.3163,0
1785636000000000,90.29,92.8,90.13,92.42,1671.812,1785639599999999,154093.9048,3741,1035.997,95621.7328,0
1785639600000000,92.24,92.74,92.07,92.46,1344.873,1785643199999999,124235.74834,898,562.471,51960.3478,0
1785643200000000,92.46,92.7,92.0,92.32,1095.012,1785646799999999,101047.19603,3184,223.787,20660.76224,0
1785646800000000,92.27,92.49,92.07,92.47,601.406,1785650399999999,55522.03097,1006,160.061,14773.09839,0
1785650400000000,92.43,92.51,92.14,92.19,28.732,1785653999999999,2653.94632,68,16.551,1529.33232,0
1785654000000000,92.18,92.59,92.07,92.43,74.559,1785657599999999,6879.66846,237,16.061,1483.86382,0
1785657600000000,92.59,92.91,92.58,92.64,87.536,1785661199999999,8121.33252,108,30.377,2818.59013,0
1785661200000000,92.52,92.83,92.49,92.66,172.427,1785664799999999,15976.3687,140,6.831,632.85237,0
1785664800000000,92.59,92.96,92.55,92.89,39.581,1785668399999999,3676.16714,56,17.569,1631.76684,0
1785668400000000,92.63,92.79,92.17,92.25,284.944,1785671999999999,26371.40708,257,178.627,16534.45986,0
1785672000000000,92.25,92.67,92.25,92.57,42.394,1785675599999999,3922.30491,61,18.37,1700.34482,0
1785675600000000,92.46,92.57,92.4,92.45,13.733,1785679199999999,1270.13652,71,5.355,495.54436,0
1785679200000000,92.57,92.67,92.47,92.53,26.44,1785682799999999,2449.2317,18,24.784,2296.0133,0
1785682800000000,92.55,92.72,92.45,92.72,16.192,1785686399999999,1499.37265,24,9.709,899.65394,0
1785686400000000,92.71,93.19,92.57,93.19,26.267,1785689999999999,2440.91551,43,16.589,1541.38933,0
1785690000000000,93.01,93.29,93.01,93.04,36.57,1785693599999999,3406.44923,53,14.105,1314.72448,0
1785693600000000,93.09,93.36,92.99,93.09,24.411,1785697199999999,2272.60751,47,9.645,898.608,0
1785697200000000,93.24,93.47,93.24,93.3,128.813,1785700799999999,12021.72634,120,76.771,7165.84956,0
1785700800000000,93.45,93.51,93.29,93.29,5.229,1785704399999999,488.38137,18,1.25,116.83772,0
1785704400000000,93.35,93.79,93.25,93.71,14.989,1785707999999999,1403.7157,51,9.236,865.20412,0
1785708000000000,93.79,94.04,93.37,93.61,114.261,1785711599999999,10710.19665,109,55.827,5234.3105,0
1785711600000000,93.61,94.28,93.06,93.19,350.102,1785715199999999,32693.7789,207,144.28,13471.97141,0
1785715200000000,93.06,93.06,91.58,92.6,2946.145,1785718799999999,271720.1753,1525,2126.116,196045.91517,0
1785718800000000,92.61,92.77,91.85,92.36,1441.105,1785722399999999,133034.79033,790,1069.066,98706.6147,0
1785722400000000,92.36,92.81,92.25,92.49,700.227,1785725999999999,64742.71079,464,356.998,33009.30897,0
1785726000000000,92.55,92.69,92.27,92.59,514.798,1785729599999999,47633.80031,486,434.105,40167.46099,0
1785729600000000,92.53,92.71,92.25,92.28,1887.297,1785733199999999,174573.37668,1410,1705.918,157798.77569,0
1785733200000000,92.27,92.47,91.93,92.43,2241.687,1785736799999999,206833.6521,1444,2085.679,192454.17114,0
1785736800000000,92.4,92.58,91.41,91.59,1457.358,1785740399999999,134113.07862,1100,1322.338,121686.18113,0
1785740400000000,91.55,92.0,91.15,91.42,1028.265,1785743999999999,94192.73896,664,875.305,80218.6773,0
1785744000000000,91.43,91.46,89.55,90.99,1052.905,1785747599999999,95037.87253,506,562.159,50699.94474,0
1785747600000000,91.04,91.05,90.03,90.42,245.281,1785751199999999,22190.48064,104,165.717,14984.1344,0
1785751200000000,90.33,90.33,88.81,89.63,523.919,1785754799999999,46824.25959,354,288.085,25744.66333,0
1785754800000000,89.64,89.7,87.88,87.89,1243.667,1785758399999999,110396.06686,514,827.91,73473.21927,0
1785758400000000,87.91,88.4,87.48,88.19,673.858,1785761999999999,59343.68454,315,415.612,36611.83747,0
1785762000000000,88.22,88.89,85.82,88.4,8202.747,1785765599999999,716890.12472,3488,5120.211,447538.04725,0
1785765600000000,88.49,91.16,87.44,90.84,1772.51,1785769199999999,158038.72219,1185,716.061,63615.96134,0
1785769200000000,90.91,90.94,89.87,90.32,991.333,1785772799999999,89786.04008,496,469.452,42497.4178,0
1785772800000000,90.44,91.0,90.17,90.47,237.395,1785776399999999,21506.77967,170,13.499,1222.9609,0
1785776400000000,90.46,91.48,90.43,91.37,34.06,1785779999999999,3096.10993,60,18.379,1668.98273,0
1785780000000000,91.39,91.72,90.58,90.58,302.358,1785783599999999,27451.87675,124,42.907,3905.48274,0
1785783600000000,90.8,91.39,90.46,91.15,115.174,1785787199999999,10464.78452,140,35.913,3269.35297,0
1785787200000000,91.16,91.45,90.97,91.04,622.168,1785790799999999,56665.29394,215,453.661,41308.86954,0
1785790800000000,91.08,91.39,91.05,91.39,110.506,1785794399999999,10085.40891,52,94.997,8672.9251,0
1785794400000000,91.41,91.84,91.41,91.78,175.882,1785797999999999,16135.70288,155,27.71,2538.94526,0
1785798000000000,91.77,92.56,91.77,92.51,66.566,1785801599999999,6133.51545,71,40.294,3713.92097,0
1785801600000000,92.31,92.58,90.28,90.44,374.241,1785805199999999,34152.64132,278,238.852,21837.05405,0
1785805200000000,90.44,91.98,90.05,91.98,62.22,1785808799999999,5642.47626,64,47.353,4294.00596,0
1785808800000000,91.79,91.79,91.04,91.55,11.647,1785812399999999,1065.9309,27,6.937,635.1325,0
1785812400000000,91.73,91.75,91.04,91.61,217.224,1785815999999999,19885.35336,109,37.911,3473.63261,0
1785816000000000,91.65,91.93,91.32,91.93,82.768,1785819599999999,7578.75481,54,57.673,5282.68471,0
1785819600000000,91.71,92.92,91.5,92.92,210.403,1785823199999999,19440.95836,219,134.528,12443.6173,0
1785823200000000,92.92,93.27,92.65,92.93,409.382,1785826799999999,38058.60474,474,290.982,27057.3388,0
1785826800000000,93.1,93.48,92.67,93.11,252.575,1785830399999999,23527.18961,322,186.588,17380.82062,0
1785830400000000,93.15,94.6,93.14,94.24,1213.938,1785833999999999,114238.1142,1598,925.902,87145.1584,0
1785834000000000,94.17,94.32,93.33,94.24,412.236,1785837599999999,38688.41543,875,218.688,20534.8862,0
1785837600000000,94.29,95.64,94.18,95.11,842.657,1785841199999999,80036.36752,1185,574.995,54575.27897,0
1785841200000000,95.16,96.34,95.16,96.26,492.353,1785844799999999,47047.76816,835,219.776,21006.20709,0
1785844800000000,96.3,96.3,95.12,95.41,601.58,1785848399999999,57606.30524,559,390.092,37398.80609,0
1785848400000000,95.43,98.41,94.45,97.03,4704.208,1785851999999999,452036.57092,2154,2189.783,211543.50158,0
1785852000000000,97.22,99.89,96.89,98.64,2833.14,1785855599999999,279711.01462,2841,1290.495,127075.45483,0
1785855600000000,98.65,100.56,98.6,99.76,2151.89,1785859199999999,213823.88443,1263,1601.811,159027.59601,0
1785859200000000,99.67,100.6,99.67,100.35,820.182,1785862799999999,82133.29027,509,93.381,9353.58235,0
1785862800000000,100.44,101.11,100.21,100.35,2741.932,1785866399999999,275829.13962,4933,1933.475,194533.69376,0
1785866400000000,100.35,101.1,100.16,101.1,322.462,1785869999999999,32437.19191,243,175.851,17691.67138,0
1785870000000000,101.01,101.42,100.38,100.94,1919.802,1785873599999999,193794.30995,3859,1374.493,138751.62037,0
1785873600000000,100.87,101.87,97.73,98.4,2945.135,1785877199999999,293586.35464,3782,1364.287,136285.87481,0
1785877200000000,98.43,99.14,97.33,97.64,620.446,1785880799999999,60902.89881,676,329.786,32357.313,0
1785880800000000,97.72,97.88,97.01,97.38,202.685,1785884399999999,19715.04152,137,14.304,1392.99665,0
1785884400000000,97.26,98.04,96.81,97.68,131.656,1785887999999999,12805.58238,128,48.524,4730.11376,0
1785888000000000,97.94,98.81,97.71,98.23,494.84,1785891599999999,48683.03826,298,197.002,19387.28034,0
1785891600000000,98.03,98.68,97.58,98.39,364.121,1785895199999999,35771.27844,226,220.709,21704.44199,0
1785895200000000,98.56,98.86,98.02,98.06,654.518,1785898799999999,64466.06897,389,408.789,40220.89533,0
1785898800000000,98.11,99.61,98.11,99.61,274.567,1785902399999999,27164.62909,171,234.84,23240.2788,0
1785902400000000,99.47,101.51,99.47,100.87,653.613,1785905999999999,65671.3288,484,501.811,50349.78724,0
1785906000000000,100.81,101.64,100.63,101.6,380.198,1785909599999999,38480.67192,707,180.939,18324.25276,0
1785909600000000,101.47,101.47,100.27,100.76,149.265,1785913199999999,15057.52018,124,60.891,6159.63604,0
1785913200000000,100.75,100.94,99.44,99.84,1182.792,1785916799999999,118127.79408,1476,948.819,94730.89966,0
1785916800000000,99.84,100.94,98.44,99.08,482.007,1785920399999999,47983.14092,490,250.041,24911.4836,0
1785920400000000,99.16,99.57,98.98,99.31,142.141,1785923999999999,14126.0077,265,33.677,3347.76627,0
1785924000000000,99.09,99.19,98.18,98.45,462.126,1785927599999999,45656.32928,280,292.127,28897.72208,0
1785927600000000,98.52,98.83,98.0,98.09,507.579,1785931199999999,50015.77146,222,201.902,19897.51507,0
1785931200000000,98.1,98.73,97.42,98.51,436.512,1785934799999999,42795.08971,374,147.176,14424.96812,0
1785934800000000,98.66,102.23,97.89,101.25,6859.751,1785938399999999,688668.72373,6244,3474.34,348591.24528,0
1785938400000000,101.27,101.27,97.96,98.82,3380.435,1785941999999999,337224.43121,2579,2385.861,238367.83082,0
1785942000000000,98.71,100.94,98.42,100.37,647.474,1785945599999999,64563.11495,415,230.075,22979.66307,0
1785945600000000,100.63,102.65,100.56,102.07,609.292,1785949199999999,62334.96335,342,143.049,14581.64586,0
1785949200000000,101.99,102.13,101.52,102.07,316.904,1785952799999999,32284.72031,253,240.116,24472.27762,0
1785952800000000,102.18,102.53,101.94,101.94,151.915,1785956399999999,15537.94481,173,58.863,6022.03816,0
1785956400000000,102.5,102.82,101.05,101.08,502.659,1785959999999999,51373.61178,461,238.616,24460.73346,0
1785960000000000,101.09,101.53,100.16,101.53,1180.465,1785963599999999,119179.0566,531,151.886,15337.60014,0
1785963600000000,101.45,101.65,100.32,100.57,68.835,1785967199999999,6962.46444,71,20.958,2119.24666,0
1785967200000000,100.64,101.63,100.55,101.29,60.65,1785970799999999,6130.101,117,40.62,4102.86106,0
1785970800000000,101.25,101.32,100.77,100.77,62.394,1785974399999999,6294.01572,37,1.498,151.76714,0
1785974400000000,101.11,102.62,100.6,100.6,181.046,1785977999999999,18411.41805,140,77.821,7912.18371,0
1785978000000000,100.38,100.5,98.93,99.62,776.359,1785981599999999,77363.25789,514,431.636,42942.24872,0
1785981600000000,99.69,100.98,99.4,100.88,256.699,1785985199999999,25819.37104,75,64.693,6495.62399,0
1785985200000000,100.79,100.96,100.2,100.77,119.116,1785988799999999,11975.75402,81,73.684,7409.68131,0
1785988800000000,100.38,100.45,99.86,100.33,162.585,1785992399999999,16287.10666,82,39.086,3920.70989,0
1785992400000000,100.63,100.63,99.95,100.18,988.873,1785995999999999,99287.19049,492,236.861,23768.37178,0
1785996000000000,100.1,100.1,99.35,99.73,141.005,1785999599999999,14088.33979,51,21.62,2154.79651,0
1785999600000000,99.69,100.21,99.6,99.79,74.299,1786003199999999,7413.98352,38,27.435,2740.54153,0
1786003200000000,99.83,99.99,98.9,99.78,202.058,1786006799999999,20091.52638,121,94.646,9426.3835,0
1786006800000000,99.62,100.05,99.19,100.05,162.946,1786010399999999,16217.71139,130,86.726,8637.05043,0
1786010400000000,100.0,100.13,99.4,99.45,294.565,1786013999999999,29418.05713,175,136.879,13675.33089,0
1786014000000000,99.51,100.24,98.95,99.84,262.947,1786017599999999,26269.68432,168,49.447,4932.32493,0
1786017600000000,99.8,99.87,98.98,99.0,190.246,1786021199999999,18895.19352,108,42.609,4234.01219,0
1786021200000000,98.89,100.37,95.79,100.01,2336.015,1786024799999999,228544.53024,925,1239.397,121414.50076,0
1786024800000000,100.32,103.0,99.4,103.0,968.098,1786028399999999,97851.14631,468,312.906,31666.16968,0
1786028400000000,103.02,103.4,100.32,100.67,598.265,1786031999999999,60468.79365,272,73.139,7433.02651,0
1786032000000000,100.49,101.34,99.7,101.34,640.156,1786035599999999,64133.04087,241,445.403,44562.61011,0
1786035600000000,101.24,101.24,100.22,100.63,94.363,1786039199999999,9485.22492,31,15.946,1604.22857,0
1786039200000000,100.32,100.98,100.0,100.46,1171.78,1786042799999999,117608.21321,384,374.824,37607.76236,0
1786042800000000,100.47,100.94,100.01,100.01,455.519,1786046399999999,45677.40444,121,30.517,3058.52262,0
1786046400000000,99.8,100.01,99.64,99.98,618.61,1786049999999999,61736.13411,236,143.471,14323.2058,0
1786050000000000,100.32,100.58,100.12,100.15,436.262,1786053599999999,43774.48531,790,261.986,26308.55135,0
1786053600000000,100.15,100.44,100.02,100.29,389.283,1786057199999999,38966.57384,212,36.382,3647.3095,0
1786057200000000,100.3,100.3,100.2,100.28,22.826,1786060799999999,2288.3737,10,16.438,1648.0406,0
1786060800000000,100.32,100.78,99.81,100.38,125.894,1786064399999999,12600.16079,54,35.315,3539.25796,0
1786064400000000,100.63,100.63,99.5,100.01,954.515,1786067999999999,95296.10832,151,22.383,2240.40082,0
1786068000000000,99.98,100.18,99.7,100.02,88.346,1786071599999999,8836.90024,96,62.752,6277.6795,0
1786071600000000,100.03,100.25,99.84,99.88,57.498,1786075199999999,5749.81236,71,35.429,3544.39296,0
1786075200000000,99.84,100.01,99.5,99.68,91.82,1786078799999999,9145.48517,30,0.801,79.98001,0
1786078800000000,99.77,100.13,99.77,100.05,236.002,1786082399999999,23578.38687,45,21.324,2132.17683,0
1786082400000000,100.18,100.48,100.18,100.25,62.548,1786085999999999,6276.97311,22,27.633,2772.4798,0
1786086000000000,100.29,100.78,100.29,100.61,31.834,1786089599999999,3205.94615,27,22.196,2235.52887,0
1786089600000000,100.66,101.53,100.64,101.3,329.016,1786093199999999,33301.11656,118,141.699,14353.23506,0
1786093200000000,101.22,101.4,101.22,101.24,4.613,1786096799999999,467.29856,10,3.15,319.1103,0
1786096800000000,101.14,101.18,100.63,100.76,69.872,1786100399999999,7047.63833,46,43.253,4361.97754,0
1786100400000000,100.94,101.4,100.94,100.94,128.392,1786103999999999,13005.61403,43,126.569,12821.21373,0
1786104000000000,101.23,103.0,100.97,102.73,559.478,1786107599999999,57143.12164,251,407.37,41640.74509,0
1786107600000000,102.53,103.61,99.33,99.43,4383.066,1786111199999999,446532.21743,1334,1126.168,115184.75184,0
1786111200000000,99.44,100.38,98.18,98.86,1402.375,1786114799999999,139309.42112,670,434.586,43190.95542,0
1786114800000000,99.03,101.66,98.98,101.55,5122.151,1786118399999999,517614.14857,1308,1937.376,196353.30938,0
1786118400000000,101.55,102.04,100.38,101.02,1684.896,1786121999999999,171007.9038,713,1345.392,136598.74184,0
1786122000000000,101.0,101.4,100.89,101.25,30.162,1786125599999999,3048.42134,44,27.344,2763.39578,0
1786125600000000,101.25,101.47,100.89,101.14,57.425,1786129199999999,5806.06032,29,42.185,4266.22968,0
1786129200000000,101.18,101.77,100.7,101.66,571.626,1786132799999999,57724.68976,172,91.456,9246.25712,0
1786132800000000,101.59,101.59,101.42,101.47,65.107,1786136399999999,6610.05873,35,33.972,3449.26381,0
1786136400000000,101.47,101.5,101.33,101.49,81.515,1786139999999999,8267.02406,63,41.518,4212.51979,0
1786140000000000,101.47,101.49,101.37,101.49,23.164,1786143599999999,2350.37163,19,11.953,1212.99162,0
1786143600000000,101.47,101.71,101.43,101.71,376.6,1786147199999999,38243.13732,708,317.352,32227.89406,0
1786147200000000,101.53,101.88,101.46,101.48,151.466,1786150799999999,15414.42895,113,128.039,13032.63812,0
1786150800000000,101.51,101.67,101.36,101.63,57.789,1786154399999999,5866.11364,28,14.991,1520.70588,0
1786154400000000,101.69,101.79,101.29,101.3,85.358,1786157999999999,8668.35931,127,8.185,832.52953,0
1786158000000000,101.31,101.43,101.15,101.15,71.32,1786161599999999,7224.91296,62,35.683,3613.2808,0
1786161600000000,101.25,101.32,101.1,101.1,22.826,1786165199999999,2310.05845,15,15.561,1574.74104,0
1786165200000000,101.14,101.2,100.94,100.96,129.234,1786168799999999,13058.41359,73,30.508,3082.85823,0
1786168800000000,101.02,101.05,100.87,100.91,60.668,1786172399999999,6124.20952,55,43.887,4430.55142,0
1786172400000000,100.94,100.95,100.81,100.95,28.234,1786175999999999,2848.28657,20,11.243,1134.1507,0
1786176000000000,100.87,100.96,100.87,100.96,19.628,1786179599999999,1980.93863,15,14.743,1488.10943,0
1786179600000000,100.92,100.96,100.78,100.8,57.135,1786183199999999,5763.43649,33,32.32,3259.98308,0
1786183200000000,100.74,101.13,100.73,101.04,278.3,1786186799999999,28108.50179,574,201.291,20335.30549,0
1786186800000000,101.08,101.25,101.06,101.14,99.42,1786190399999999,10055.24771,35,4.043,409.16829,0
1786190400000000,101.14,101.25,100.95,101.25,123.591,1786193999999999,12498.27298,63,80.922,8184.9373,0
1786194000000000,101.43,101.8,101.43,101.52,694.721,1786197599999999,70555.32194,2338,251.174,25505.90817,0
1786197600000000,101.59,101.85,101.58,101.69,278.85,1786201199999999,28357.64952,173,188.971,19215.7029,0
1786201200000000,101.71,101.93,101.69,101.88,111.935,1786204799999999,11400.25942,69,32.263,3286.76275,0
1786204800000000,101.9,101.98,101.83,101.95,32.243,1786208399999999,3285.62354,26,16.906,1722.69554,0
1786208400000000,101.98,102.43,101.98,102.27,190.325,1786211999999999,19454.4152,132,149.096,15235.7876,0
1786212000000000,102.3,102.32,102.05,102.16,367.249,1786215599999999,37518.1065,121,246.313,25158.98739,0
1786215600000000,102.16,102.7,102.16,102.62,67.936,1786219199999999,6963.6035,119,27.961,2866.04928,0
1786219200000000,102.63,102.63,102.34,102.51,44.708,1786222799999999,4577.96088,101,10.263,1051.29396,0
1786222800000000,102.48,102.55,102.39,102.4,111.977,1786226399999999,11468.07575,41,33.88,3469.85256,0
1786226400000000,102.41,102.59,102.37,102.57,78.584,1786229999999999,8058.0893,27,61.571,6315.4139,0
1786230000000000,102.57,102.58,102.46,102.47,7.002,1786233599999999,717.75554,25,1.337,137.14264,0
1786233600000000,102.5,102.61,102.49,102.54,37.929,1786237199999999,3889.8272,29,35.989,3690.95185,0
1786237200000000,102.59,102.69,102.2,102.29,93.415,1786240799999999,9574.15093,52,28.514,2926.14276,0
1786240800000000,102.32,102.35,102.2,102.23,90.447,1786244399999999,9251.92997,43,46.509,4758.13525,0
1786244400000000,102.18,102.38,102.06,102.38,248.244,1786247999999999,25381.34791,666,182.057,18616.35254,0
1786248000000000,102.39,102.44,102.3,102.4,16.827,1786251599999999,1722.31648,34,8.256,845.14807,0
1786251600000000,102.29,102.46,102.0,102.46,108.64,1786255199999999,11101.897,124,57.265,5854.99095,0
1786255200000000,102.44,102.5,102.36,102.43,57.61,1786258799999999,5900.55473,39,6.77,693.50597,0
1786258800000000,102.46,102.46,102.16,102.16,47.027,1786262399999999,4809.66489,61,23.286,2381.57079,0
1786262400000000,102.18,102.2,101.87,101.87,44.521,1786265999999999,4545.38577,63,27.343,2792.80112,0
1786266000000000,101.82,102.09,101.78,101.95,148.094,1786269599999999,15097.6124,61,105.705,10781.43187,0
1786269600000000,101.75,101.96,101.75,101.91,58.543,1786273199999999,5961.56892,41,25.302,2576.93633,0
1786273200000000,101.92,102.1,101.9,102.07,24.529,1786276799999999,2501.46741,21,11.949,1218.51365,0
1786276800000000,102.04,102.18,102.04,102.17,38.499,1786280399999999,3931.40169,48,16.07,1640.86308,0
1786280400000000,102.11,102.33,102.11,102.16,133.03,1786283999999999,13597.24474,124,35.076,3585.47414,0
1786284000000000,102.21,102.22,102.17,102.17,5.089,1786287599999999,520.07913,7,3.655,373.50999,0
1786287600000000,102.23,102.28,102.05,102.21,177.656,1786291199999999,18140.56092,119,41.807,4268.70582,0
1786291200000000,102.24,102.26,102.12,102.21,17.084,1786294799999999,1746.01474,18,12.997,1328.43239,0
1786294800000000,102.25,102.32,102.23,102.3,21.935,1786298399999999,2243.48814,16,12.894,1318.92029,0
1786298400000000,102.31,102.32,102.25,102.25,14.313,1786301999999999,1464.1861,18,8.683,888.3732,0
1786302000000000,102.23,102.29,102.19,102.29,25.302,1786305599999999,2586.00921,25,2.223,227.3041,0
1786305600000000,102.24,102.3,102.24,102.24,7.997,1786309199999999,817.71076,6,1.197,122.4531,0
1786309200000000,102.22,102.5,102.14,102.5,38.971,1786312799999999,3987.50214,22,15.041,1540.39241,0
1786312800000000,102.74,103.18,102.18,102.5,592.455,1786316399999999,60901.43151,1232,258.199,26557.2931,0
1786316400000000,102.65,102.65,102.26,102.35,187.173,1786319999999999,19155.63574,613,137.423,14063.64377,0
1786320000000000,102.18,103.33,101.85,102.0,362.22,1786323599999999,37069.64841,220,92.145,9442.95502,0
1786323600000000,101.92,103.18,101.89,103.08,142.748,1786327199999999,14623.75132,102,71.841,7370.33419,0
1786327200000000,103.04,103.04,102.36,102.46,95.428,1786330799999999,9793.21675,53,35.747,3669.89538,0
1786330800000000,102.34,102.63,102.34,102.55,15.055,1786334399999999,1542.58644,13,7.725,792.2013,0
1786334400000000,102.54,102.66,102.21,102.21,173.368,1786337999999999,17755.26976,86,23.582,2419.08889,0
1786338000000000,102.27,102.69,102.27,102.57,54.876,1786341599999999,5625.28307,44,42.31,4337.0472,0
1786341600000000,102.7,102.97,102.6,102.68,108.071,1786345199999999,11109.76843,59,71.964,7399.99001,0
1786345200000000,102.87,103.55,102.86,103.55,39.598,1786348799999999,4083.33951,35,27.269,2810.83949,0
1786348800000000,103.49,103.92,102.99,103.19,117.563,1786352399999999,12155.54774,157,45.604,4720.89733,0
1786352400000000,103.22,103.39,102.58,102.87,178.822,1786355999999999,18406.10428,108,82.833,8536.88074,0
1786356000000000,102.94,103.05,100.3,100.55,1384.65,1786359599999999,140658.86539,820,545.394,55418.66278,0
1786359600000000,100.7,101.61,97.36,98.48,2720.073,1786363199999999,270883.3569,1496,1387.435,138373.89595,0
1786363200000000,98.34,98.41,96.17,96.55,1615.778,1786366799999999,157208.10574,607,886.85,86363.42007,0
1786366800000000,96.65,98.95,96.5,97.39,3450.36,1786370399999999,336560.00214,1641,952.293,92879.05019,0
1786370400000000,97.31,98.61,97.09,97.61,857.074,1786373999999999,83871.15655,464,444.129,43513.4322,0
1786374000000000,97.63,98.49,97.58,98.38,514.357,1786377599999999,50484.78203,650,276.59,27131.72863,0
1786377600000000,98.34,99.96,97.93,99.76,1157.377,1786381199999999,114552.01817,774,469.269,46394.67348,0
1786381200000000,99.73,100.06,97.68,98.04,707.386,1786384799999999,70253.38985,914,442.331,43898.12474,0
1786384800000000,98.04,98.91,97.82,98.88,123.648,1786388399999999,12150.8451,289,75.192,7387.82952,0
1786388400000000,98.94,99.17,97.5,97.58,673.35,1786391999999999,66104.90024,449,324.794,31876.4403,0
1786392000000000,97.61,98.23,97.56,98.17,251.537,1786395599999999,24568.41775,521,143.722,14039.29585,0
1786395600000000,98.05,98.05,97.63,97.69,149.017,1786399199999999,14568.36459,323,63.814,6238.21066,0
1786399200000000,97.69,97.77,97.58,97.7,61.558,1786402799999999,6012.57243,110,40.282,3934.48284,0
1786402800000000,97.69,97.69,97.16,97.29,62.17,1786406399999999,6055.90412,103,26.303,2561.83698,0
1786406400000000,97.47,98.08,97.39,97.91,94.899,1786409999999999,9264.98195,387,66.096,6454.02658,0
1786410000000000,97.85,98.53,97.64,98.47,58.135,1786413599999999,5709.78372,241,30.092,2954.09353,0
1786413600000000,98.28,98.69,98.28,98.49,45.454,1786417199999999,4478.3866,176,25.133,2475.51793,0
1786417200000000,98.51,98.76,98.51,98.76,63.087,1786420799999999,6223.8011,147,30.512,3010.06438,0
1786420800000000,98.72,98.89,98.59,98.67,257.475,1786424399999999,25421.90815,357,77.739,7683.06289,0
1786424400000000,98.64,98.73,98.31,98.36,198.167,1786427999999999,19522.77144,474,166.984,16448.7198,0
1786428000000000,98.35,98.67,98.14,98.27,237.252,1786431599999999,23329.2971,625,91.232,8969.98585,0
1786431600000000,98.29,98.6,98.0,98.59,336.62,1786435199999999,33072.17339,212,131.209,12893.9057,0
1786435200000000,98.44,98.85,96.38,96.67,1181.967,1786438799999999,115179.01246,811,465.092,45303.81499,0
1786438800000000,96.6,96.79,96.31,96.56,166.091,1786442399999999,16041.68849,295,109.036,10532.3643,0
1786442400000000,96.62,97.19,96.37,96.59,531.578,1786445999999999,51462.3612,759,326.216,31597.38236,0
1786446000000000,96.68,96.91,96.18,96.41,1060.877,1786449599999999,102481.71386,937,841.033,81278.26637,0
1786449600000000,96.39,97.37,96.27,97.28,541.483,1786453199999999,52337.51209,729,213.597,20656.30258,0
1786453200000000,97.33,97.67,95.46,97.53,1800.954,1786456799999999,173988.59749,1316,675.541,65510.82239,0
1786456800000000,97.56,98.35,96.83,97.49,575.974,1786460399999999,56237.51569,466,166.106,16221.68437,0
1786460400000000,97.59,98.01,97.23,97.58,333.909,1786463999999999,32667.4186,303,109.751,10727.86451,0
1786464000000000,97.52,97.97,97.28,97.97,125.687,1786467599999999,12252.47562,102,98.985,9647.67977,0
1786467600000000,97.75,97.75,96.98,97.27,155.8,1786471199999999,15160.10541,136,127.395,12397.61351,0
1786471200000000,97.23,97.43,96.94,97.33,19.966,1786474799999999,1941.88631,42,10.575,1028.00261,0
1786474800000000,97.17,97.83,97.13,97.68,1464.598,1786478399999999,142874.99737,472,386.617,37714.72676,0
1786478400000000,97.77,97.81,97.45,97.48,75.355,1786481999999999,7356.57088,206,44.032,4299.45511,0
1786482000000000,97.54,97.58,97.52,97.52,14.488,1786485599999999,1413.54472,22,12.679,1237.10902,0
1786485600000000,97.54,97.9,97.53,97.9,103.126,1786489199999999,10070.73823,27,15.135,1478.01696,0
1786489200000000,97.84,98.05,97.78,98.05,307.889,1786492799999999,30132.25061,255,66.846,6550.78747,0
1786492800000000,97.95,98.49,97.83,98.2,78.664,1786496399999999,7723.39928,110,49.205,4835.97234,0
1786496400000000,98.27,98.53,98.14,98.52,261.888,1786499999999999,25733.32326,264,178.555,17538.21968,0
1786500000000000,98.59,99.0,98.35,98.9,213.321,1786503599999999,21026.93084,843,81.629,8052.20913,0
1786503600000000,98.82,99.13,98.61,98.64,73.321,1786507199999999,7248.0767,167,12.661,1251.73854,0
1786507200000000,98.68,98.98,98.62,98.79,196.872,1786510799999999,19449.16414,420,156.349,15442.90275,0
1786510800000000,98.72,98.81,98.38,98.76,124.868,1786514399999999,12320.19894,309,48.429,4777.25411,0
1786514400000000,98.8,98.87,98.73,98.87,23.441,1786517999999999,2315.56876,53,7.598,750.68133,0
1786518000000000,99.05,99.89,99.05,99.89,131.482,1786521599999999,13092.40988,413,65.95,6569.2504,0
1786521600000000,99.83,100.29,99.52,99.7,329.076,1786525199999999,32918.67906,399,259.492,25970.18391,0
1786525200000000,99.73,100.09,99.6,99.81,146.721,1786528799999999,14653.52052,317,71.067,7097.74173,0
1786528800000000,99.89,99.9,99.24,99.37,215.727,1786532399999999,21504.79837,382,40.446,4030.22471,0
1786532400000000,99.37,99.55,99.0,99.33,52.257,1786535999999999,5183.6348,134,27.761,2752.95069,0
1786536000000000,99.33,100.15,98.18,100.11,1105.876,1786539599999999,109729.46499,875,713.262,70841.61235,0
1786539600000000,100.15,103.06,99.89,101.51,7128.796,1786543199999999,725875.66116,3589,1735.825,176803.93817,0
1786543200000000,101.51,102.0,100.56,100.63,5256.358,1786546799999999,531681.96337,2652,2911.732,294001.59366,0
1786546800000000,100.83,101.11,100.26,100.57,268.399,1786550399999999,27032.86024,386,169.139,17045.41577,0
1786550400000000,100.54,101.91,100.54,101.91,1146.321,1786553999999999,115829.99171,1134,827.822,83653.27366,0
1786554000000000,101.93,102.45,101.72,102.38,246.869,1786557599999999,25228.11444,562,162.441,16600.15412,0
1786557600000000,102.34,102.96,101.98,102.96,514.893,1786561199999999,52725.63921,761,224.807,23033.96259,0
1786561200000000,102.92,102.93,100.81,100.92,2839.758,1786564799999999,287620.475,2799,1736.874,175969.16921,0
1786564800000000,101.02,101.32,100.92,101.01,210.787,1786568399999999,21306.13666,355,169.538,17140.03193,0
1786568400000000,100.96,100.99,100.8,100.99,148.498,1786571999999999,14984.75848,230,85.147,8592.44406,0
1786572000000000,100.87,100.96,100.55,100.85,68.756,1786575599999999,6922.98674,135,32.454,3270.89316,0
1786575600000000,100.88,101.32,100.88,101.24,1208.255,1786579199999999,122351.00502,767,403.202,40809.59163,0
1786579200000000,101.13,101.82,101.13,101.45,132.841,1786582799999999,13484.10751,372,65.613,6661.20492,0
1786582800000000,101.35,101.72,101.27,101.69,185.827,1786586399999999,18839.9351,462,104.154,10559.86639,0
1786586400000000,101.72,101.8,101.37,101.7,57.03,1786589999999999,5795.16924,219,30.117,3060.40555,0
1786590000000000,101.69,101.81,101.56,101.79,60.261,1786593599999999,6129.20988,141,46.215,4700.46328,0
1786593600000000,101.85,102.26,101.85,102.16,94.061,1786597199999999,9599.54009,285,47.076,4803.22322,0
1786597200000000,102.13,102.62,101.97,101.97,179.584,1786600799999999,18383.7746,482,71.525,7320.65565,0
1786600800000000,101.91,102.09,101.62,101.82,392.676,1786604399999999,39942.24376,580,227.079,23094.48031,0
1786604400000000,101.72,101.72,101.06,101.46,516.658,1786607999999999,52327.19821,515,185.619,18809.51922,0
1786608000000000,101.49,101.56,100.27,100.94,318.293,1786611599999999,32060.33536,908,186.872,18813.74889,0
1786611600000000,100.94,101.36,100.51,101.36,217.995,1786615199999999,21998.78347,423,50.256,5073.67042,0
1786615200000000,101.38,101.6,101.28,101.57,63.558,1786618799999999,6447.68177,164,37.013,3755.37803,0
1786618800000000,101.59,101.68,101.17,101.27,249.302,1786622399999999,25286.49603,427,77.249,7832.75383,0
1786622400000000,101.25,101.35,100.5,101.27,168.628,1786625999999999,17028.93359,491,126.672,12791.9843,0
1786626000000000,101.31,106.09,100.43,105.84,4928.604,1786629599999999,504137.8418,3474,3491.815,357527.86672,0
1786629600000000,105.97,106.67,104.5,105.61,2016.508,1786633199999999,213025.16519,2192,923.697,97562.93067,0
1786633200000000,105.65,107.62,105.19,105.24,1286.602,1786636799999999,137500.84966,1109,530.743,56572.59519,0
1786636800000000,105.67,105.82,104.68,104.9,3554.943,1786640399999999,373295.99942,1279,764.686,80410.81297,0
1786640400000000,105.02,105.9,104.98,105.77,1246.361,1786643999999999,131706.4621,528,331.288,35005.69906,0
1786644000000000,105.65,106.03,105.29,105.38,829.166,1786647599999999,87491.3881,362,96.029,10133.88654,0
1786647600000000,105.29,105.5,104.31,104.76,384.555,1786651199999999,40270.5838,370,73.786,7729.70881,0
1786651200000000,104.58,105.27,104.33,105.23,70.812,1786654799999999,7433.04596,93,26.826,2811.1118,0
1786654800000000,105.26,105.48,105.15,105.19,102.563,1786658399999999,10802.35968,193,43.537,4587.72239,0
1786658400000000,105.24,105.72,105.14,105.53,117.518,1786661999999999,12395.4473,128,34.728,3661.20014,0
1786662000000000,105.52,105.7,105.32,105.5,247.797,1786665599999999,26121.15142,148,64.883,6849.25765,0
1786665600000000,105.61,105.84,104.93,105.0,791.215,1786669199999999,83258.38018,639,334.945,35223.26132,0
1786669200000000,104.8,105.2,104.57,104.91,295.636,1786672799999999,31029.49288,409,78.554,8243.27701,0
1786672800000000,104.96,105.63,104.96,105.48,135.269,1786676399999999,14248.48919,290,93.83,9881.25574,0
1786676400000000,105.3,105.71,105.25,105.39,221.436,1786679999999999,23369.58019,414,86.699,9145.44881,0
1786680000000000,105.38,105.62,105.25,105.25,435.562,1786683599999999,45939.58885,445,136.732,14423.79588,0
1786683600000000,105.27,105.79,105.09,105.72,239.292,1786687199999999,25197.01104,412,80.874,8517.29955,0
1786687200000000,105.58,105.68,105.36,105.65,499.866,1786690799999999,52788.84207,1044,173.419,18312.24974,0
1786690800000000,105.65,106.32,105.65,106.18,291.48,1786694399999999,30876.22387,502,204.975,21703.63843,0
1786694400000000,106.2,107.03,106.03,106.46,1234.589,1786697999999999,131587.95176,1043,412.462,43921.65719,0
1786698000000000,106.42,106.55,106.12,106.55,352.745,1786701599999999,37484.89364,594,229.081,24342.40158,0
1786701600000000,106.51,106.8,106.27,106.57,555.266,1786705199999999,59230.35881,964,114.829,12245.17406,0
1786705200000000,106.57,106.7,105.79,105.83,255.323,1786708799999999,27106.69624,323,151.844,16111.34828,0
1786708800000000,105.81,105.87,105.0,105.67,498.017,1786712399999999,52518.99275,488,202.71,21357.95312,0
1786712400000000,105.66,106.32,103.97,105.69,3035.475,1786715999999999,319589.63941,2610,1479.9,155965.45401,0
1786716000000000,105.64,106.97,103.35,105.02,2107.982,1786719599999999,220674.93924,2510,981.589,102602.572,0
1786719600000000,104.99,105.16,102.64,103.07,1750.286,1786723199999999,180503.18339,1769,986.636,101723.92951,0
1786723200000000,103.04,103.72,103.0,103.14,250.812,1786726799999999,25909.78546,662,110.606,11427.05416,0
1786726800000000,103.11,103.19,102.6,103.0,230.983,1786730399999999,23768.75529,610,150.223,15460.48192,0
1786730400000000,103.04,103.13,102.5,102.76,134.913,1786733999999999,13853.89946,271,36.743,3775.30441,0
1786734000000000,102.6,103.32,102.29,102.59,2187.83,1786737599999999,224668.33948,1110,318.977,32816.89743,0
1786737600000000,102.59,103.27,102.49,103.03,586.684,1786741199999999,60319.37455,432,332.286,34170.30384,0
1786741200000000,103.12,103.28,103.07,103.21,31.027,1786744799999999,3201.35484,115,11.069,1142.3436,0
1786744800000000,103.24,103.24,103.13,103.2,23.789,1786748399999999,2454.74263,49,7.779,802.73398,0
1786748400000000,103.19,103.26,102.94,102.99,24.107,1786751999999999,2483.84472,25,7.723,796.72236,0
1786752000000000,103.04,103.04,102.77,102.93,287.255,1786755599999999,29542.30748,570,156.955,16144.60292,0
1786755600000000,102.89,102.89,102.5,102.52,21.01,1786759199999999,2157.19005,44,16.546,1698.62036,0
1786759200000000,102.59,102.6,102.39,102.51,135.499,1786762799999999,13891.95542,480,78.891,8088.31114,0
1786762800000000,102.56,102.56,102.35,102.38,17.841,1786766399999999,1826.77265,34,6.832,699.6217,0
1786766400000000,102.43,102.57,102.43,102.52,12.158,1786769999999999,1245.94921,18,8.244,844.8056,0
1786770000000000,102.51,102.63,102.51,102.59,8.616,1786773599999999,883.92203,22,3.873,397.3199,0
1786773600000000,102.63,102.79,102.52,102.79,21.379,1786777199999999,2196.43643,41,11.786,1210.57273,0
1786777200000000,102.79,102.79,102.71,102.78,61.205,1786780799999999,6289.27773,74,12.775,1312.55128,0
1786780800000000,102.76,102.88,102.75,102.78,19.758,1786784399999999,2031.48796,29,15.087,1551.45013,0
1786784400000000,102.77,102.82,102.69,102.76,36.38,1786787999999999,3739.04385,54,12.922,1327.7132,0
1786788000000000,102.83,102.91,102.79,102.83,42.179,1786791599999999,4337.97005,37,32.043,3295.57401,0
1786791600000000,102.86,102.87,102.77,102.86,26.059,1786795199999999,2678.68019,66,8.74,898.56934,0
1786795200000000,102.85,103.0,102.78,102.85,46.568,1786798799999999,4791.12244,60,34.823,3583.15744,0
1786798800000000,102.89,102.92,102.85,102.85,25.607,1786802399999999,2634.29526,45,12.698,1306.40853,0
1786802400000000,102.84,102.91,102.84,102.91,10.758,1786805999999999,1106.62643,36,1.812,186.42593,0
1786806000000000,102.92,102.94,102.78,102.81,19.262,1786809599999999,1981.27521,36,3.382,347.82574,0
1786809600000000,102.81,102.89,102.81,102.85,7.835,1786813199999999,805.94203,14,6.563,675.11253,0
1786813200000000,102.88,102.89,102.86,102.87,6.371,1786816799999999,655.44248,11,6.261,644.12678,0
1786816800000000,102.89,102.9,102.84,102.86,3.359,1786820399999999,345.50867,9,1.186,122.03108,0
1786820400000000,102.85,102.96,102.85,102.9,14.44,1786823999999999,1486.06284,33,7.582,780.2684,0
1786824000000000,102.94,102.97,102.92,102.94,4.877,1786827599999999,502.08021,22,4.662,479.95241,0
1786827600000000,102.9,102.96,102.9,102.94,24.107,1786831199999999,2481.55993,37,16.985,1748.64934,0
1786831200000000,102.93,102.96,102.91,102.92,10.889,1786834799999999,1120.87318,27,4.046,416.56424,0
1786834800000000,102.95,102.99,102.92,102.92,30.794,1786838399999999,3170.4408,67,19.076,1964.24165,0
1786838400000000,102.92,102.97,102.85,102.92,30.62,1786841999999999,3150.71028,32,0.528,54.3399,0
1786842000000000,102.98,103.08,102.98,103.01,14.953,1786845599999999,1540.86782,27,11.889,1225.17421,0
1786845600000000,103.04,103.27,103.04,103.14,282.021,1786849199999999,29094.98665,1053,22.743,2345.17203,0
1786849200000000,103.14,103.57,103.14,103.5,187.457,1786852799999999,19358.841,597,98.477,10174.02298,0
1786852800000000,103.5,103.64,103.47,103.58,144.114,1786856399999999,14921.29947,138,103.64,10730.661,0
1786856400000000,103.58,103.92,103.58,103.92,71.851,1786859999999999,7453.66116,162,66.985,6949.14665,0
1786860000000000,103.9,104.06,103.71,103.95,125.049,1786863599999999,12990.61422,303,58.638,6093.57003,0
1786863600000000,103.96,104.09,103.76,104.04,46.438,1786867199999999,4824.48284,133,35.855,3724.7057,0
1786867200000000,104.01,104.24,104.0,104.05,134.827,1786870799999999,14041.51483,104,111.298,11593.78986,0
1786870800000000,104.07,104.09,103.96,104.02,133.652,1786874399999999,13900.61222,218,31.038,3228.38748,0
1786874400000000,103.96,104.05,103.94,104.04,42.217,1786877999999999,4390.09968,101,22.078,2296.22333,0
1786878000000000,104.1,104.28,104.09,104.28,57.41,1786881599999999,5981.72697,93,49.853,5194.58848,0
1786881600000000,104.27,104.29,104.04,104.14,74.267,1786885199999999,7736.8042,210,47.099,4905.70683,0
1786885200000000,104.13,104.25,104.08,104.25,69.953,1786888799999999,7283.69929,235,37.655,3920.92129,0
1786888800000000,104.28,104.36,104.17,104.32,228.87,1786892399999999,23862.86272,129,59.717,6229.30543,0
1786892400000000,104.32,104.53,104.28,104.35,219.456,1786895999999999,22900.84652,206,77.134,8053.7458,0
1786896000000000,104.33,104.39,104.32,104.37,13.402,1786899599999999,1398.63549,39,5.798,605.17454,0
1786899600000000,104.39,104.41,104.37,104.41,15.936,1786903199999999,1663.46,44,8.372,873.9747,0
1786903200000000,104.43,104.55,104.43,104.44,63.1,1786906799999999,6594.79724,83,17.602,1839.56279,0
1786906800000000,104.42,104.44,104.36,104.37,21.842,1786910399999999,2280.75333,63,10.902,1138.44266,0
1786910400000000,104.37,104.45,104.29,104.4,26.419,1786913999999999,2757.81689,59,13.852,1445.90027,0
1786914000000000,104.42,104.44,104.25,104.31,87.949,1786917599999999,9176.80167,127,28.109,2933.77416,0
1786917600000000,104.3,104.38,104.22,104.33,35.565,1786921199999999,3709.42525,81,17.525,1828.12861,0
1786921200000000,104.29,104.29,104.18,104.23,54.144,1786924799999999,5644.05779,104,16.987,1770.77433,0
1786924800000000,104.23,104.35,103.53,103.84,1227.63,1786928399999999,127448.75349,3494,1028.079,106734.16508,0
1786928400000000,103.86,104.17,103.82,103.83,105.512,1786931999999999,10971.82149,275,38.051,3956.16394,0
1786932000000000,103.84,104.29,103.84,104.2,405.132,1786935599999999,42136.82912,653,330.519,34368.03476,0
1786935600000000,104.21,104.66,104.19,104.44,212.287,1786939199999999,22186.85554,432,90.048,9416.04585,0
1786939200000000,104.43,104.51,104.21,104.32,210.69,1786942799999999,21992.76863,596,50.87,5310.51633,0
1786942800000000,104.42,104.78,104.4,104.78,449.056,1786946399999999,46945.03696,749,242.634,25378.86558,0
1786946400000000,104.79,105.3,104.67,105.16,374.056,1786949999999999,39266.81924,481,171.006,17959.26944,0
1786950000000000,105.2,105.24,104.5,105.06,246.338,1786953599999999,25835.72009,462,107.986,11317.64761,0
1786953600000000,105.06,105.48,104.88,105.12,899.816,1786957199999999,94639.02502,1138,608.106,63984.98498,0
1786957200000000,105.06,105.22,104.68,105.0,491.774,1786960799999999,51606.05803,664,129.623,13610.49686,0
1786960800000000,105.0,105.22,104.87,104.96,274.363,1786964399999999,28817.96992,397,151.58,15924.07927,0
1786964400000000,105.02,105.02,103.79,103.79,151.703,1786967999999999,15821.65294,275,74.263,7744.85548,0
1786968000000000,103.77,103.91,103.01,103.18,277.81,1786971599999999,28748.54176,390,179.648,18587.28992,0
1786971600000000,103.29,104.74,102.0,103.64,1841.342,1786975199999999,189570.94533,1916,977.019,100736.42847,0
1786975200000000,103.57,105.1,102.95,105.05,1428.642,1786978799999999,148561.50334,1403,841.654,87475.52843,0
1786978800000000,105.04,106.0,104.59,104.89,999.008,1786982399999999,105206.88917,1394,571.78,60229.57231,0
1786982400000000,104.85,105.13,104.64,104.96,434.895,1786985999999999,45642.08925,862,229.646,24106.79358,0
1786986000000000,105.08,105.24,103.28,103.38,479.508,1786989599999999,50016.54421,683,235.199,24563.16243,0
1786989600000000,103.4,103.79,102.67,103.72,274.158,1786993199999999,28242.70463,354,142.39,14662.72577,0
1786993200000000,103.7,104.15,103.18,103.63,4173.897,1786996799999999,431270.17254,1273,3196.467,329939.61664,0
1786996800000000,103.61,103.87,103.4,103.65,161.34,1787000399999999,16711.17299,390,64.789,6715.41193,0
1787000400000000,103.74,103.78,103.71,103.77,23.581,1787003999999999,2446.57629,64,6.922,718.12907,0
1787004000000000,103.83,104.03,103.81,103.96,74.055,1787007599999999,7693.9063,131,32.654,3392.49795,0
1787007600000000,103.86,103.99,103.78,103.81,40.636,1787011199999999,4221.8428,76,29.939,3110.58673,0
1787011200000000,103.76,104.13,103.72,103.78,527.545,1787014799999999,54807.42215,621,301.764,31355.94972,0
1787014800000000,103.77,103.9,102.29,102.6,420.256,1787018399999999,43177.81172,347,87.307,9000.47001,0
1787018400000000,102.64,102.8,100.45,100.95,5882.245,1787021999999999,594240.91558,1584,649.844,66369.20108,0
1787022000000000,100.98,101.56,100.59,101.56,346.814,1787025599999999,34993.24219,404,156.786,15800.83867,0
1787025600000000,101.39,101.88,101.21,101.86,781.831,1787029199999999,79395.16575,910,356.899,36228.53272,0
1787029200000000,101.81,101.81,101.05,101.09,240.045,1787032799999999,24347.00694,239,173.221,17571.11396,0
1787032800000000,101.04,101.66,100.8,101.63,359.423,1787036399999999,36440.26176,452,281.385,28526.03471,0
1787036400000000,101.81,101.81,100.97,101.2,323.515,1787039999999999,32722.2705,261,39.047,3957.26313,0
1787040000000000,101.21,101.52,99.71,99.88,4180.708,1787043599999999,418764.23802,3174,1605.747,161062.10414,0
1787043600000000,99.9,99.9,98.07,98.45,814.632,1787047199999999,80357.82388,804,383.316,37755.81362,0
1787047200000000,98.52,99.0,98.18,98.89,1192.353,1787050799999999,117548.05379,802,867.753,85523.03574,0
1787050800000000,98.88,99.63,98.76,99.23,774.323,1787054399999999,76989.62392,325,657.652,65415.24141,0
1787054400000000,99.21,99.47,98.64,98.81,727.793,1787057999999999,71925.31982,300,121.838,12080.64643,0
1787058000000000,98.82,99.56,96.54,97.27,3771.508,1787061599999999,371763.33603,2722,1612.192,159058.13603,0
1787061600000000,97.24,97.65,95.74,96.01,1627.401,1787065199999999,156965.98708,1731,498.654,48156.79844,0
1787065200000000,96.08,96.62,95.34,96.54,968.73,1787068799999999,93181.6406,826,729.016,70199.27462,0
1787068800000000,96.65,96.73,95.96,96.31,279.399,1787072399999999,26915.31191,364,160.271,15437.29896,0
1787072400000000,96.3,96.39,95.63,95.73,214.963,1787075999999999,20649.80582,314,104.483,10040.60554,0
1787076000000000,95.79,96.14,95.55,95.99,138.6,1787079599999999,13300.51778,374,110.69,10623.36096,0
1787079600000000,95.94,96.91,95.92,96.73,845.971,1787083199999999,81613.99016,468,685.89,66192.79729,0
1787083200000000,96.69,96.76,96.42,96.46,102.819,1787086799999999,9933.82013,152,72.207,6976.25497,0
1787086800000000,96.5,96.55,96.29,96.34,117.634,1787090399999999,11342.46201,72,83.535,8058.32969,0
1787090400000000,96.35,96.59,95.72,95.72,148.633,1787093999999999,14310.15999,314,64.42,6207.56983,0
1787094000000000,95.74,95.99,95.6,95.75,221.082,1787097599999999,21165.64931,250,76.796,7355.71276,0
1787097600000000,95.77,96.42,94.65,95.87,534.859,1787101199999999,50975.86184,705,148.579,14193.89563,0
1787101200000000,95.8,96.65,95.79,96.41,249.681,1787104799999999,24060.07314,542,115.396,11116.72467,0
1787104800000000,96.37,96.37,95.54,95.59,166.407,1787108399999999,15953.43106,257,42.897,4108.78768,0
1787108400000000,95.64,95.83,95.0,95.04,482.358,1787111999999999,46033.54642,777,265.163,25301.54804,0
1787112000000000,95.01,95.34,94.59,94.94,310.721,1787115599999999,29509.51803,446,179.388,17036.22467,0
1787115600000000,95.02,95.42,94.5,94.5,603.122,1787119199999999,57233.04775,763,214.635,20430.32384,0
1787119200000000,94.5,96.09,94.12,96.07,686.653,1787122799999999,65058.94119,694,381.881,36200.61573,0
1787122800000000,96.01,96.83,95.52,96.81,871.247,1787126399999999,83781.38758,1007,436.393,41910.06071,0
1787126400000000,96.89,97.79,96.4,96.93,1018.44,1787129999999999,98789.64158,948,531.893,51562.39896,0
1787130000000000,96.88,97.18,95.32,95.55,986.937,1787133599999999,94909.46614,692,215.245,20690.05773,0
1787133600000000,95.54,95.58,94.5,94.91,930.528,1787137199999999,88441.99742,551,751.968,71490.97089,0
1787137200000000,94.93,95.87,94.76,95.14,198.31,1787140799999999,18880.65447,512,92.625,8822.91607,0
1787140800000000,95.13,97.82,94.99,97.76,758.51,1787144399999999,73348.72156,1053,535.927,51880.24663,0
1787144400000000,97.75,98.31,92.61,92.92,5806.313,1787147999999999,557999.35543,4249,2570.633,248537.56692,0
1787148000000000,92.87,93.38,91.31,93.29,2994.903,1787151599999999,276487.73731,2210,1767.798,163446.38566,0
1787151600000000,93.47,93.49,92.78,93.19,1470.686,1787155199999999,137009.41204,955,573.78,53491.3316,0
1787155200000000,93.15,93.81,93.01,93.49,1074.189,1787158799999999,100439.22024,516,526.455,49264.41928,0
1787158800000000,93.42,93.7,92.94,93.05,516.819,1787162399999999,48168.33524,429,125.959,11747.59527,0
1787162400000000,93.03,93.6,92.74,93.19,2138.495,1787165999999999,199208.19026,1083,129.988,12109.13225,0
1787166000000000,93.14,93.53,92.75,92.88,306.291,1787169599999999,28532.41031,452,138.045,12862.68089,0
1787169600000000,92.94,93.11,92.67,93.1,219.555,1787173199999999,20396.88005,195,121.019,11239.07968,0
1787173200000000,93.12,93.24,92.95,93.14,306.442,1787176799999999,28532.5564,467,238.181,22176.63352,0
1787176800000000,93.14,93.95,93.1,93.95,294.515,1787180399999999,27540.66607,297,251.765,23541.9175,0
1787180400000000,93.91,94.15,93.47,93.82,260.291,1787183999999999,24433.78585,243,118.723,11135.56209,0
1787184000000000,93.79,94.34,93.45,94.33,413.495,1787187599999999,38842.2239,414,280.533,26354.06835,0
1787187600000000,94.34,94.49,93.75,93.91,254.894,1787191199999999,23969.46786,260,81.506,7675.29304,0
1787191200000000,93.88,94.05,93.32,93.76,364.818,1787194799999999,34159.51355,423,228.507,21385.35007,0
1787194800000000,93.73,94.05,93.59,93.74,330.73,1787198399999999,31022.08756,365,112.529,10552.4762,0
1787198400000000,93.73,94.11,93.62,93.76,195.713,1787201999999999,18377.59629,216,69.392,6513.9424,0
1787202000000000,93.73,93.89,93.61,93.64,175.93,1787205599999999,16485.96483,264,102.617,9612.87837,0
1787205600000000,93.64,94.4,93.63,94.3,130.436,1787209199999999,12272.02123,214,69.088,6499.48046,0
1787209200000000,94.23,94.27,93.88,93.88,305.605,1787212799999999,28745.68797,283,96.084,9042.09812,0
1787212800000000,93.91,94.11,92.4,92.61,883.775,1787216399999999,82138.36993,835,141.868,13199.66107,0
1787216400000000,92.63,93.42,92.55,93.37,780.732,1787219999999999,72610.47525,585,528.718,49162.092,0
1787220000000000,93.31,93.66,93.04,93.3,147.627,1787223599999999,13778.98648,314,71.807,6702.54937,0
1787223600000000,93.35,93.37,91.63,91.76,1118.395,1787227199999999,103037.75913,1165,257.288,23774.57672,0
1787227200000000,91.74,91.85,90.88,91.8,993.704,1787230799999999,90782.21864,1039,458.208,41867.68376,0
1787230800000000,91.83,92.35,89.9,90.34,3605.482,1787234399999999,328525.79889,2801,1593.541,145180.20246,0
1787234400000000,90.36,91.81,90.1,91.76,1010.841,1787237999999999,91831.29904,1527,450.195,40953.58157,0
1787238000000000,91.75,92.23,91.07,91.83,1561.296,1787241599999999,143465.69739,1023,1353.468,124400.71226,0
1787241600000000,91.84,92.1,91.35,92.08,663.206,1787245199999999,60801.88693,628,289.728,26586.93729,0
1787245200000000,92.1,92.72,92.02,92.66,871.075,1787248799999999,80323.60808,652,691.004,63702.15557,0
1787248800000000,92.59,92.65,91.65,92.2,278.448,1787252399999999,25624.84339,585,194.786,17917.88529,0
1787252400000000,92.14,92.74,92.12,92.18,1497.78,1787255999999999,138458.44062,675,606.341,56069.76892,0
1787256000000000,92.18,92.3,92.0,92.1,425.311,1787259599999999,39190.52339,277,354.832,32695.31179,0
1787259600000000,92.08,92.16,91.99,92.15,46.612,1787263199999999,4290.63398,63,13.308,1225.10527,0
1787263200000000,92.15,92.22,91.97,92.2,106.735,1787266799999999,9828.67219,135,75.493,6950.2447,0
1787266800000000,92.17,92.18,91.94,92.0,105.545,1787270399999999,9718.0509,123,65.965,6074.59751,0
1787270400000000,91.96,92.78,91.93,92.4,239.953,1787273999999999,22158.82695,396,126.787,11707.90985,0
1787274000000000,92.51,92.74,92.15,92.63,298.27,1787277599999999,27614.21791,352,239.938,22217.42172,0
1787277600000000,92.65,93.15,92.65,93.01,261.725,1787281199999999,24316.91953,357,223.224,20738.41956,0
1787281200000000,92.98,92.98,92.32,92.46,735.785,1787284799999999,68204.29377,265,457.562,42476.62017,0
1787284800000000,92.45,92.6,92.14,92.6,443.861,1787288399999999,40982.06682,114,38.127,3524.6451,0
1787288400000000,92.51,92.79,92.44,92.6,186.378,1787291999999999,17253.49256,165,25.877,2396.46035,0
1787292000000000,92.56,93.0,92.54,92.93,724.294,1787295599999999,67232.00798,520,405.066,37591.75073,0
1787295600000000,92.93,93.51,92.9,93.27,1293.09,1787299199999999,120749.24926,556,969.797,90572.8176,0
1787299200000000,93.28,93.51,92.32,93.1,809.978,1787302799999999,75353.38823,651,479.932,44658.85948,0
1787302800000000,93.1,93.37,92.78,93.33,510.962,1787306399999999,47588.63339,523,391.602,36462.71329,0
1787306400000000,93.32,93.54,93.04,93.13,676.206,1787309999999999,63082.4616,638,604.545,56400.99773,0
1787310000000000,93.18,93.6,92.61,93.19,1282.419,1787313599999999,119600.60898,503,946.568,88382.27117,0
1787313600000000,93.19,93.29,93.01,93.04,521.467,1787317199999999,48607.0361,201,411.686,38382.17539,0
1787317200000000,92.99,93.06,90.66,91.27,3829.497,1787320799999999,351558.73227,1833,1878.565,172315.30053,0
1787320800000000,91.16,91.39,89.77,90.13,3182.755,1787324399999999,288039.95281,2036,1861.673,168608.49445,0
1787324400000000,90.14,91.06,90.08,90.57,2017.177,1787327999999999,182425.91057,1421,1374.844,124298.91628,0
1787328000000000,90.63,90.65,89.88,90.03,2338.877,1787331599999999,211052.94137,804,274.353,24761.76218,0
1787331600000000,90.09,90.55,89.96,90.36,234.27,1787335199999999,21143.9746,238,126.905,11457.52231,0
1787335200000000,90.36,90.59,90.23,90.46,205.904,1787338799999999,18614.53952,193,67.904,6139.67166,0
1787338800000000,90.46,90.52,89.97,90.04,600.158,1787342399999999,54140.38988,538,283.807,25591.5526,0
1787342400000000,90.05,90.14,90.04,90.1,279.688,1787345999999999,25190.29111,122,36.295,3269.50573,0
1787346000000000,90.1,90.12,89.95,90.02,1067.295,1787349599999999,96048.4857,666,368.111,33132.25106,0
1787349600000000,90.04,90.09,89.98,90.0,276.796,1787353199999999,24922.24848,523,72.216,6501.8324,0
1787353200000000,90.0,90.05,89.82,89.88,200.604,1787356799999999,18040.42641,237,49.578,4460.23527,0
1787356800000000,89.9,90.11,89.88,89.94,60.584,1787360399999999,5448.6223,65,36.974,3325.41345,0
1787360400000000,90.01,90.02,89.85,89.98,221.73,1787363999999999,19935.45066,464,158.503,14250.67104,0
1787364000000000,89.95,90.04,89.6,89.93,848.851,1787367599999999,76250.2147,314,303.637,27273.2886,0
1787367600000000,89.95,89.97,88.95,89.0,1400.542,1787371199999999,125257.53417,734,449.608,40192.48312,0
1787371200000000,89.03,89.27,88.75,88.87,1554.421,1787374799999999,138546.72851,4273,499.897,44555.56998,0
1787374800000000,88.77,88.88,86.0,88.65,4870.166,1787378399999999,428863.28335,4382,1438.557,126530.54315,0
1787378400000000,88.61,88.71,88.34,88.67,732.081,1787381999999999,64747.65405,365,302.01,26728.97552,0
1787382000000000,88.7,88.91,88.7,88.71,293.075,1787385599999999,26021.06974,241,168.399,14951.07597,0
1787385600000000,88.71,88.84,88.39,88.83,353.278,1787389199999999,31285.45379,187,266.359,23586.71202,0
1787389200000000,88.81,88.81,88.66,88.66,155.891,1787392799999999,13829.26351,101,34.551,3065.41838,0
1787392800000000,88.61,88.69,88.38,88.56,187.67,1787396399999999,16608.35477,150,66.317,5869.17458,0
1787396400000000,88.55,88.73,88.49,88.68,45.808,1787399999999999,4058.62317,46,40.841,3618.57894,0
1787400000000000,88.69,88.73,88.55,88.55,91.695,1787403599999999,8130.52834,49,65.492,5808.23294,0
1787403600000000,88.51,88.69,88.44,88.45,282.233,1787407199999999,24991.28828,86,243.637,21575.91657,0
1787407200000000,88.46,88.55,88.39,88.48,234.319,1787410799999999,20728.14166,86,130.896,11577.06544,0
1787410800000000,88.44,88.61,88.43,88.51,161.526,1787414399999999,14299.64583,177,66.341,5873.76897,0
1787414400000000,88.5,88.69,88.49,88.61,225.742,1787417999999999,20000.27521,201,79.71,7063.63461,0
1787418000000000,88.67,88.82,88.67,88.82,2.318,1787421599999999,205.74287,10,0.923,81.89264,0
1787421600000000,88.77,88.85,88.76,88.78,27.646,1787425199999999,2454.85441,34,16.21,1439.65194,0
1787425200000000,88.83,88.92,88.83,88.92,35.228,1787428799999999,3131.39894,30,34.231,3042.79721,0
1787428800000000,88.93,89.02,88.85,89.02,127.533,1787432399999999,11346.67701,79,72.436,6444.49317,0
1787432400000000,88.97,88.98,88.78,88.86,260.003,1787435999999999,23098.76694,316,91.232,8105.90786,0
1787436000000000,88.9,88.95,88.78,88.81,70.947,1787439599999999,6303.45267,56,37.594,3340.16579,0
1787439600000000,88.82,89.0,88.8,89.0,6.597,1787443199999999,586.63693,25,6.249,555.68113,0
1787443200000000,89.01,89.16,88.98,89.15,45.352,1787446799999999,4038.29811,76,17.837,1588.55313,0
1787446800000000,89.19,89.22,89.08,89.17,34.977,1787450399999999,3118.33025,21,32.494,2897.14247,0
1787450400000000,89.18,89.23,89.13,89.18,157.506,1787453999999999,14044.77179,134,80.937,7216.50667,0
1787454000000000,89.15,89.36,89.08,89.27,55.966,1787457599999999,4992.39853,66,19.207,1713.68945,0
1787457600000000,89.31,89.5,89.23,89.37,144.178,1787461199999999,12879.85791,83,122.489,10943.16132,0
1787461200000000,89.39,89.44,89.08,89.11,185.57,1787464799999999,16564.57558,90,147.471,13165.23415,0
1787464800000000,89.09,89.21,88.97,89.0,100.445,1787468399999999,8944.26813,82,48.693,4336.82062,0
1787468400000000,89.0,89.29,89.0,89.25,104.508,1787471999999999,9308.69937,53,58.212,5185.28022,0
1787472000000000,89.22,89.47,89.21,89.37,76.339,1787475599999999,6824.06773,91,30.555,2731.12497,0
1787475600000000,89.42,89.5,89.38,89.5,46.048,1787479199999999,4117.86133,50,23.871,2134.95368,0
1787479200000000,89.5,89.57,89.5,89.56,72.69,1787482799999999,6506.78191,139,62.653,5608.14889,0
1787482800000000,89.56,89.71,89.52,89.71,53.084,1787486399999999,4755.10222,30,32.223,2886.73816,0
1787486400000000,89.74,89.81,89.64,89.7,68.367,1787489999999999,6136.25262,82,45.659,4098.20419,0
1787490000000000,89.76,89.76,89.48,89.49,81.873,1787493599999999,7337.77793,95,44.665,4003.46706,0
1787493600000000,89.49,89.49,89.15,89.44,196.295,1787497199999999,17540.16478,148,49.595,4431.12432,0
1787497200000000,89.41,89.71,89.36,89.68,236.774,1787500799999999,21216.69051,231,166.89,14953.93143,0
1787500800000000,89.68,89.7,89.57,89.63,31.47,1787504399999999,2821.23099,32,24.973,2238.74974,0
1787504400000000,89.59,89.82,89.54,89.78,106.551,1787507999999999,9560.2818,86,48.296,4332.62126,0
1787508000000000,89.83,90.31,89.83,90.31,584.262,1787511599999999,52648.32033,286,295.939,26674.72129,0
1787511600000000,90.31,90.32,89.76,89.97,320.82,1787515199999999,28889.73441,212,214.49,19317.96143,0
1787515200000000,89.97,90.12,89.96,90.0,106.143,1787518799999999,9557.05802,87,91.214,8213.2412,0
1787518800000000,90.03,90.18,89.81,89.85,475.762,1787522399999999,42827.95701,294,347.425,31276.6033,0
1787522400000000,89.85,89.92,89.48,89.71,195.34,1787525999999999,17500.00906,274,72.032,6456.56151,0
1787526000000000,89.7,90.35,89.7,90.15,144.744,1787529599999999,13034.562,125,67.79,6104.4167,0
1787529600000000,90.1,90.57,89.33,89.96,620.781,1787533199999999,55821.70169,680,400.552,36002.62717,0
1787533200000000,89.96,90.08,89.33,89.33,233.678,1787536799999999,20990.55374,213,105.102,9441.03917,0
1787536800000000,89.33,89.58,89.28,89.42,366.903,1787540399999999,32819.06869,169,177.563,15875.08182,0
1787540400000000,89.46,89.46,88.75,88.82,370.363,1787543999999999,32999.16121,229,106.294,9471.85986,0
1787544000000000,88.8,89.04,88.74,88.79,1226.86,1787547599999999,108966.76802,1039,1117.319,99233.28253,0
1787547600000000,88.75,88.98,88.27,88.51,235.257,1787551199999999,20844.52836,298,106.697,9450.56255,0
1787551200000000,88.43,88.54,88.04,88.41,782.123,1787554799999999,68982.85729,374,407.983,35958.57839,0
1787554800000000,88.41,88.92,88.25,88.3,1038.632,1787558399999999,92134.99762,468,814.588,72307.46115,0
1787558400000000,88.31,88.78,87.76,88.76,291.019,1787561999999999,25686.32242,411,145.636,12856.36203,0
1787562000000000,88.75,89.1,88.64,88.97,126.185,1787565599999999,11211.54965,102,84.288,7487.74222,0
1787565600000000,89.04,89.2,88.62,88.67,524.203,1787569199999999,46648.61022,262,136.599,12137.87771,0
1787569200000000,88.69,88.94,88.27,88.65,472.896,1787572799999999,41892.60838,433,239.871,21261.16913,0
1787572800000000,88.65,88.66,87.91,88.16,1047.299,1787576399999999,92376.9308,490,767.181,67673.49282,0
1787576400000000,88.09,88.84,85.23,85.79,4952.909,1787579999999999,433218.40884,3070,2322.538,203772.9569,0
1787580000000000,85.75,86.51,85.22,86.27,1655.184,1787583599999999,142120.41743,709,1438.03,123509.20982,0
1787583600000000,86.25,87.66,86.03,87.18,3604.072,1787587199999999,314037.46388,1068,1532.801,133486.90218,0
1787587200000000,87.35,88.07,87.1,87.41,442.782,1787590799999999,38816.05692,548,182.737,15995.47229,0
1787590800000000,87.4,87.83,86.96,87.02,1566.049,1787594399999999,136476.95675,687,1119.291,97523.13242,0
1787594400000000,87.13,88.0,87.13,87.73,317.565,1787597999999999,27869.70074,163,94.89,8313.41889,0
1787598000000000,87.95,87.95,86.97,87.3,1200.645,1787601599999999,104926.86815,908,115.296,10078.89954,0
1787601600000000,87.31,87.35,86.92,87.06,292.482,1787605199999999,25472.66622,107,57.224,4990.05733,0
1787605200000000,87.11,87.18,87.05,87.17,79.897,1787608799999999,6963.70026,32,64.895,5656.19633,0
1787608800000000,87.21,87.33,87.15,87.22,391.79,1787612399999999,34186.53828,94,360.605,31466.84835,0
1787612400000000,87.19,87.31,87.0,87.06,133.838,1787615999999999,11661.54935,61,80.546,7022.65407,0
1787616000000000,87.11,87.52,86.42,87.5,392.798,1787619599999999,34165.12743,396,192.224,16720.25379,0
1787619600000000,87.37,87.84,87.2,87.71,327.027,1787623199999999,28621.24656,253,134.569,11791.47775,0
1787623200000000,87.75,88.08,87.42,87.52,1965.287,1787626799999999,172740.53693,937,1387.287,121966.55097,0
1787626800000000,87.56,88.47,87.52,88.26,316.531,1787630399999999,27906.09639,360,142.431,12562.76049,0
1787630400000000,88.36,88.89,88.28,88.7,217.297,1787633999999999,19265.20907,244,129.9,11521.89926,0
1787634000000000,88.78,89.31,88.74,89.15,2112.216,1787637599999999,188364.34927,979,837.426,74703.29428,0
1787637600000000,89.19,89.65,89.19,89.47,216.26,1787641199999999,19361.4704,191,145.541,13030.84775,0
1787641200000000,89.48,90.03,89.27,89.42,274.709,1787644799999999,24602.95007,235,201.053,17998.73607,0
1787644800000000,89.39,89.79,88.99,89.57,979.517,1787648399999999,87628.36715,611,882.53,78954.23637,0
1787648400000000,89.55,90.65,89.55,90.52,878.385,1787651999999999,79315.21307,463,191.826,17290.82092,0
1787652000000000,90.52,91.5,90.38,90.58,1421.671,1787655599999999,129146.77484,891,341.255,31028.91719,0
1787655600000000,90.59,90.61,89.76,90.29,1633.124,1787659199999999,147254.22227,736,634.775,57280.79476,0
1787659200000000,90.29,90.61,90.05,90.18,567.045,1787662799999999,51198.63406,364,169.771,15330.9353,0
1787662800000000,90.16,90.33,88.86,89.05,4323.534,1787666399999999,388804.5225,2199,1907.579,171364.79655,0
1787666400000000,89.02,89.2,88.06,88.54,2441.627,1787669999999999,216176.13917,1060,1093.846,96800.91984,0
1787670000000000,88.5,88.71,87.86,88.11,805.82,1787673599999999,71285.75911,572,469.925,41598.65056,0
1787673600000000,88.08,89.15,88.06,88.29,1895.925,1787677199999999,168062.17074,931,1103.343,97798.58998,0
1787677200000000,88.33,88.39,87.52,87.65,583.534,1787680799999999,51342.20714,395,236.34,20780.0587,0
1787680800000000,87.62,88.24,87.5,87.86,652.137,1787684399999999,57289.5842,288,503.514,44234.86511,0
1787684400000000,87.84,87.9,87.39,87.57,1058.335,1787687999999999,92706.38704,337,708.618,62079.06865,0
1787688000000000,87.55,87.76,87.45,87.65,760.976,1787691599999999,66649.75369,216,494.459,43304.37824,0
1787691600000000,87.67,87.86,87.61,87.86,318.489,1787695199999999,27940.69448,114,293.048,25710.19981,0
1787695200000000,87.85,88.01,87.85,87.86,554.609,1787698799999999,48746.45155,107,420.818,36988.79172,0
1787698800000000,87.87,87.9,87.56,87.63,306.896,1787702399999999,26945.8177,96,126.18,11076.49211,0
1787702400000000,87.59,87.95,86.87,86.87,810.548,1787705999999999,70890.92843,296,375.033,32812.43106,0
1787706000000000,86.86,87.27,86.79,87.07,911.76,1787709599999999,79332.35057,274,589.52,51289.9917,0
1787709600000000,87.09,87.83,86.97,87.69,466.674,1787713199999999,40823.66537,196,353.969,30992.10616,0
1787713200000000,87.71,88.09,87.55,88.04,1640.756,1787716799999999,144052.70505,481,1418.08,124504.76076,0
1787716800000000,88.02,88.05,87.65,87.76,4258.289,1787720399999999,374325.06736,1126,3756.67,330228.9375,0
1787720400000000,87.77,88.1,87.73,88.0,516.876,1787723999999999,45430.62406,285,360.905,31714.85806,0
1787724000000000,88.0,88.11,87.66,87.97,759.178,1787727599999999,66782.60334,294,281.652,24756.11225,0
1787727600000000,87.97,88.03,87.56,87.71,1327.961,1787731199999999,116681.74074,614,1015.206,89225.48333,0
1787731200000000,87.7,88.2,87.57,87.86,1730.266,1787734799999999,152043.05266,644,1036.971,91160.19625,0
1787734800000000,87.9,88.04,87.75,87.92,1822.846,1787738399999999,160257.75522,295,1516.83,133380.68462,0
1787738400000000,87.9,88.07,87.79,88.0,1185.946,1787741999999999,104269.23419,343,437.677,38478.81779,0
1787742000000000,88.01,88.09,86.87,87.25,2011.375,1787745599999999,176313.53645,497,1031.152,90374.16044,0
1787745600000000,87.27,87.3,86.25,86.31,1768.038,1787749199999999,153451.68058,579,723.114,62700.38364,0
1787749200000000,86.29,87.44,86.0,87.3,9349.004,1787752799999999,811470.93207,2737,6000.96,520838.03669,0
1787752800000000,87.29,87.29,85.73,86.65,1296.884,1787756399999999,112144.21723,691,801.141,69314.71362,0
1787756400000000,86.66,87.06,86.35,86.7,966.314,1787759999999999,83704.07105,473,810.7,70205.75336,0
1787760000000000,86.7,87.16,86.48,87.08,383.764,1787763599999999,33290.82735,224,118.616,10289.90606,0
1787763600000000,87.04,88.27,87.0,87.57,1151.449,1787767199999999,100653.95847,557,215.151,18864.71638,0
1787767200000000,87.49,87.67,87.24,87.43,334.403,1787770799999999,29240.95457,190,245.148,21436.19854,0
1787770800000000,87.41,88.25,87.35,88.23,1058.623,1787774399999999,93001.50587,625,767.997,67450.07629,0
1787774400000000,88.22,88.86,87.58,88.73,3071.965,1787777999999999,271418.48853,1392,2509.438,221850.90221,0
1787778000000000,88.85,89.91,88.54,89.47,4300.999,1787781599999999,384543.89773,1724,3849.469,344186.23873,0
1787781600000000,89.46,89.95,89.29,89.54,1416.428,1787785199999999,126930.16955,728,685.397,61408.76169,0
1787785200000000,89.57,89.97,89.45,89.93,964.396,1787788799999999,86507.05486,588,427.437,38346.65219,0
1787788800000000,89.93,90.15,88.55,88.69,1424.523,1787792399999999,127599.7492,742,698.347,62563.70831,0
1787792400000000,88.74,89.7,88.59,89.54,667.54,1787795999999999,59465.6576,294,282.728,25206.95182,0
1787796000000000,89.55,89.76,89.39,89.74,400.338,1787799599999999,35891.98456,195,355.582,31882.97743,0
1787799600000000,89.72,89.91,89.56,89.64,1138.985,1787803199999999,102197.76444,517,954.994,85682.9992,0
1787803200000000,89.63,89.8,89.36,89.37,802.134,1787806799999999,71882.38369,264,341.754,30604.11851,0
1787806800000000,89.52,89.52,89.17,89.26,459.263,1787810399999999,41002.20146,272,318.666,28441.93998,0
1787810400000000,89.19,89.96,89.06,89.86,1304.173,1787813999999999,116771.12679,398,935.696,83827.04755,0
1787814000000000,89.88,90.01,89.74,89.88,296.494,1787817599999999,26665.16918,180,193.812,17432.84099,0
1787817600000000,89.9,91.27,89.82,91.07,2561.163,1787821199999999,232181.89923,937,1689.347,153135.8056,0
1787821200000000,91.06,91.87,90.65,91.36,2289.409,1787824799999999,208800.2468,976,1454.073,132536.53933,0
1787824800000000,91.4,91.65,90.63,90.83,1455.718,1787828399999999,132546.12574,962,317.803,28954.51088,0
1787828400000000,90.94,91.33,89.58,89.99,2693.501,1787831999999999,244227.5498,914,1562.044,141847.34363,0
1787832000000000,90.0,90.46,89.45,89.52,1455.052,1787835599999999,130766.02974,581,703.18,63335.96508,0
1787835600000000,89.51,91.45,88.5,88.88,7916.821,1787839199999999,714722.10004,3063,3815.277,344883.75688,0
1787839200000000,88.94,92.93,88.88,91.35,6933.024,1787842799999999,633092.59075,2977,4063.872,370832.33412,0
1787842800000000,91.32,91.55,90.48,90.79,2184.529,1787846399999999,198813.83056,1288,754.722,68823.79138,0
1787846400000000,90.86,91.02,90.49,90.81,1039.153,1787849999999999,94390.51245,588,384.816,34957.42702,0
1787850000000000,90.79,91.23,90.65,90.67,441.09,1787853599999999,40151.55602,352,156.921,14282.5182,0
1787853600000000,90.68,90.72,90.01,90.38,690.441,1787857199999999,62468.93851,580,151.074,13648.41469,0
1787857200000000,90.28,92.16,90.28,92.0,2411.952,1787860799999999,220309.30389,1209,1996.797,182437.97112,0
1787860800000000,92.05,92.05,91.35,91.66,673.167,1787864399999999,61801.59932,351,259.442,23828.78168,0
1787864400000000,91.7,91.75,91.36,91.46,1081.903,1787867999999999,99052.07963,476,527.398,48223.27631,0
1787868000000000,91.47,91.67,91.34,91.45,696.79,1787871599999999,63825.20307,173,576.718,52841.1656,0
1787871600000000,91.44,91.44,91.0,91.15,393.227,1787875199999999,35847.24417,330,95.417,8695.85249,0
1787875200000000,91.18,91.61,90.94,91.44,600.432,1787878799999999,54834.94297,940,206.519,18860.52904,0
1787878800000000,91.45,91.56,91.26,91.4,384.475,1787882399999999,35155.14082,718,188.455,17232.65351,0
1787882400000000,91.44,91.58,90.91,90.97,314.333,1787885999999999,28687.03204,399,110.219,10065.89727,0
1787886000000000,91.02,91.2,90.87,91.08,927.93,1787889599999999,84409.34377,427,106.441,9692.59419,0
1787889600000000,91.04,91.04,90.66,90.95,222.154,1787893199999999,20181.04789,220,61.345,5570.47016,0
1787893200000000,90.95,90.97,90.19,90.19,274.643,1787896799999999,24858.27052,297,93.839,8491.737,0
1787896800000000,90.18,90.74,90.17,90.71,195.542,1787900399999999,17683.15759,132,91.011,8230.84623,0
1787900400000000,90.7,90.7,90.3,90.4,604.766,1787903999999999,54742.09307,621,339.011,30695.48291,0
1787904000000000,90.45,90.53,89.59,90.04,984.276,1787907599999999,88539.26683,1358,322.818,29049.744,0
1787907600000000,90.06,90.16,89.76,90.07,310.571,1787911199999999,27964.27033,306,200.126,18020.63041,0
1787911200000000,90.08,90.56,89.78,90.42,1432.514,1787914799999999,129307.61883,897,1005.204,90753.85472,0
1787914800000000,90.4,90.63,90.13,90.21,530.421,1787918399999999,47972.90009,631,285.637,25835.91223,0
1787918400000000,90.18,90.44,90.0,90.42,728.734,1787921999999999,65730.61034,567,474.273,42789.05095,0
1787922000000000,90.36,93.65,90.02,93.06,9927.291,1787925599999999,912717.18448,4431,5920.466,544750.00812,0
1787925600000000,93.03,93.5,91.08,91.93,4297.374,1787929199999999,396600.13579,2391,1706.91,157509.24972,0
1787929200000000,91.9,91.97,89.79,89.92,3101.651,1787932799999999,282183.6241,1472,541.259,49312.74629,0
1787932800000000,89.91,90.4,89.21,89.94,1682.939,1787936399999999,151102.87309,1003,1006.293,90463.65787,0
1787936400000000,89.81,89.85,89.09,89.57,717.202,1787939999999999,64105.05861,549,198.303,17767.84972,0
1787940000000000,89.41,89.7,89.35,89.58,172.02,1787943599999999,15420.42537,132,116.994,10488.33775,0
1787943600000000,89.61,90.04,89.41,89.51,550.924,1787947199999999,49425.61691,535,177.808,15969.50871,0
1787947200000000,89.52,89.59,89.31,89.41,115.287,1787950799999999,10310.43297,132,76.783,6867.10495,0
1787950800000000,89.43,89.49,89.31,89.32,95.818,1787954399999999,8565.22004,90,76.13,6805.58838,0
1787954400000000,89.33,89.33,89.22,89.23,46.585,1787957999999999,4158.80119,46,21.704,1937.27689,0
1787958000000000,89.24,89.39,89.21,89.32,128.975,1787961599999999,11518.60324,156,67.386,6018.19385,0
1787961600000000,89.32,89.47,89.32,89.47,72.927,1787965199999999,6519.59357,145,60.723,5428.45412,0
1787965200000000,89.48,89.57,89.48,89.54,66.601,1787968799999999,5963.35265,244,25.083,2245.42225,0
1787968800000000,89.55,89.55,89.48,89.48,132.621,1787972399999999,11874.15119,93,3.814,341.51398,0
1787972400000000,89.47,89.5,89.47,89.49,51.497,1787975999999999,4608.40122,30,47.164,4220.67443,0
1787976000000000,89.53,89.59,89.53,89.59,18.799,1787979599999999,1683.82513,36,13.456,1205.32948,0
1787979600000000,89.58,89.58,89.55,89.57,9.575,1787983199999999,857.6494,19,2.131,190.87527,0
1787983200000000,89.57,89.67,89.55,89.67,97.724,1787986799999999,8757.49784,117,68.63,6151.59938,0
1787986800000000,89.67,89.85,89.67,89.85,126.928,1787990399999999,11390.22304,82,114.222,10249.84657,0
1787990400000000,89.86,89.9,89.69,89.73,290.839,1787993999999999,26128.71038,298,25.112,2257.02847,0
1787994000000000,89.75,89.99,89.75,89.97,70.628,1787997599999999,6350.02978,57,25.852,2324.83042,0
1787997600000000,90.0,90.04,89.93,90.04,68.101,1788001199999999,6129.58403,59,52.256,4704.01973,0
1788001200000000,90.02,90.08,90.01,90.05,49.502,1788004799999999,4458.3185,43,25.62,2307.55666,0
1788004800000000,90.04,90.04,89.86,89.91,136.27,1788008399999999,12259.29684,97,52.77,4746.79088,0
1788008400000000,89.86,89.86,89.73,89.75,179.911,1788011999999999,16152.35301,106,23.827,2139.41015,0
1788012000000000,89.76,89.89,89.73,89.86,67.901,1788015599999999,6099.22217,144,38.818,3487.14472,0
1788015600000000,89.87,89.94,89.8,89.86,240.206,1788019199999999,21582.41816,130,187.547,16851.73894,0
1788019200000000,89.86,90.03,89.84,90.02,162.982,1788022799999999,14662.53014,91,98.556,8867.82128,0
1788022800000000,90.03,90.08,89.99,90.02,136.611,1788026399999999,12301.30297,88,68.964,6210.30984,0
1788026400000000,90.04,90.13,89.98,90.13,279.877,1788029999999999,25208.77673,445,242.011,21799.74061,0
1788030000000000,90.13,90.21,90.07,90.17,51.355,1788033599999999,4628.82042,56,18.917,1704.9684,0
1788033600000000,90.18,90.25,90.18,90.24,29.371,1788037199999999,2650.03788,25,14.873,1341.85771,0
1788037200000000,90.24,90.41,90.16,90.25,214.397,1788040799999999,19356.10304,177,157.732,14240.89658,0
1788040800000000,90.24,90.3,90.12,90.17,131.584,1788044399999999,11870.7419,121,26.955,2431.67773,0
1788044400000000,90.2,90.27,90.12,90.18,204.687,1788047999999999,18457.30232,118,161.936,14603.36277,0
1788048000000000,90.17,90.25,90.07,90.13,118.208,1788051599999999,10658.32697,137,57.429,5180.20311,0
1788051600000000,90.13,90.84,90.09,90.62,1603.31,1788055199999999,145137.64641,2987,1032.185,93433.28797,0
1788055200000000,90.62,90.84,90.56,90.59,587.458,1788058799999999,53263.01428,391,404.594,36691.06013,0
1788058800000000,90.6,90.75,90.56,90.68,142.6,1788062399999999,12930.58763,189,52.803,4787.94043,0
1788062400000000,90.7,90.73,90.67,90.68,70.994,1788065999999999,6439.98836,58,9.204,834.96247,0
1788066000000000,90.67,90.87,90.67,90.78,272.861,1788069599999999,24778.22875,176,159.971,14527.88097,0
1788069600000000,90.81,90.92,90.79,90.91,219.936,1788073199999999,19983.88333,199,86.698,7878.6267,0
1788073200000000,90.9,90.91,90.65,90.73,328.722,1788076799999999,29852.23808,222,138.05,12542.33995,0
1788076800000000,90.7,90.7,90.65,90.67,34.977,1788080399999999,3171.99233,35,26.337,2388.67639,0
1788080400000000,90.67,90.71,90.02,90.14,1040.446,1788083999999999,94113.86786,517,126.978,11480.56166,0
1788084000000000,90.14,90.41,90.04,90.34,189.489,1788087599999999,17086.99809,179,98.797,8911.36419,0
1788087600000000,90.36,90.51,90.25,90.51,420.49,1788091199999999,38010.4912,672,292.696,26462.69906,0
1788091200000000,90.51,90.7,90.2,90.36,1835.808,1788094799999999,166129.36253,8186,920.897,83410.80723,0
1788094800000000,90.36,90.44,90.2,90.39,401.154,1788098399999999,36244.25381,435,251.303,22709.18198,0
1788098400000000,90.41,90.46,90.33,90.44,190.47,1788101999999999,17220.76599,172,106.159,9598.9677,0
1788102000000000,90.4,90.49,90.33,90.4,143.242,1788105599999999,12948.43418,260,76.425,6906.87978,0
1788105600000000,90.41,90.62,90.38,90.56,109.452,1788109199999999,9910.94758,130,55.955,5065.94312,0
1788109200000000,90.58,90.59,90.42,90.51,147.225,1788112799999999,13323.11725,69,60.704,5494.09949,0
1788112800000000,90.49,90.49,90.44,90.44,96.531,1788116399999999,8731.81087,54,24.824,2245.33057,0
1788116400000000,90.46,90.46,90.38,90.4,140.697,1788119999999999,12719.39616,83,82.835,7486.685,0
1788120000000000,90.42,90.42,90.18,90.21,46.821,1788123599999999,4229.08066,47,1.463,132.13947,0
1788123600000000,90.2,90.31,90.06,90.1,146.039,1788127199999999,13160.01755,94,41.394,3732.34159,0
1788127200000000,90.11,90.17,89.56,89.69,360.151,1788130799999999,32376.66295,283,99.486,8945.0666,0
1788130800000000,89.69,89.82,88.01,88.06,1787.012,1788134399999999,158738.2428,4239,820.215,72879.6233,0
1788134400000000,88.08,88.61,87.54,88.13,3359.631,1788137999999999,295806.39997,3076,1729.811,152339.51809,0
1788138000000000,88.05,88.54,87.82,88.51,2286.212,1788141599999999,201816.51837,2285,1113.119,98270.09335,0
1788141600000000,88.49,89.12,88.38,89.09,3390.464,1788145199999999,300952.58666,4408,1686.305,149673.99223,0
1788145200000000,89.11,89.25,88.81,89.07,1125.746,1788148799999999,100177.77626,2742,578.986,51529.52623,0
1788148800000000,89.07,89.54,88.93,89.52,1329.595,1788152399999999,118558.51693,3280,728.883,65006.90111,0
1788152400000000,89.47,90.19,89.41,90.05,1403.184,1788155999999999,126063.81063,1228,583.065,52386.24533,0
1788156000000000,90.04,91.0,89.93,90.84,3487.856,1788159599999999,316446.55179,3424,1416.519,128494.02997,0
1788159600000000,90.84,90.94,90.5,90.62,467.352,1788163199999999,42384.6885,634,187.149,16971.20708,0
1788163200000000,90.59,91.41,90.38,90.72,1513.45,1788166799999999,137598.13827,851,1055.619,96031.44003,0
1788166800000000,90.67,90.95,90.09,90.12,415.299,1788170399999999,37644.17809,312,146.355,13277.24121,0
1788170400000000,90.15,90.23,89.92,90.15,679.947,1788173999999999,61298.81885,529,88.358,7960.64621,0
1788174000000000,90.14,90.14,89.63,89.67,688.724,1788177599999999,61879.72311,673,227.025,20400.07983,0
1788177600000000,89.73,90.07,88.89,89.01,1075.587,1788181199999999,96217.91929,512,257.348,23041.91226,0
1788181200000000,88.97,91.8,88.89,90.43,3208.71,1788184799999999,290129.80595,2303,1832.621,165605.60288,0
1788184800000000,90.45,90.61,89.72,89.83,1485.238,1788188399999999,133872.23003,1268,245.309,22080.46912,0
1788188400000000,89.89,89.99,89.2,89.28,472.389,1788191999999999,42333.99564,501,180.411,16162.63323,0
1788192000000000,89.28,89.95,89.05,89.95,593.195,1788195599999999,53186.29153,376,277.346,24862.0722,0
1788195600000000,89.97,89.97,89.48,89.65,210.509,1788199199999999,18886.05268,234,59.007,5295.80122,0
1788199200000000,89.68,89.94,89.41,89.41,225.501,1788202799999999,20226.2247,191,134.219,12041.8012,0
1788202800000000,89.4,89.87,89.32,89.58,805.345,1788206399999999,72069.79169,443,273.838,24533.46036,0
1788206400000000,89.56,89.68,89.51,89.58,118.093,1788209999999999,10581.22189,98,74.927,6714.56594,0
1788210000000000,89.6,89.67,89.58,89.66,120.084,1788213599999999,10760.32909,58,46.85,4198.38188,0
1788213600000000,89.65,89.65,89.52,89.54,51.011,1788217199999999,4570.54834,75,10.447,936.20097,0
1788217200000000,89.53,89.7,89.47,89.7,48.737,1788220799999999,4368.40085,34,26.191,2348.06785,0
1788220800000000,89.71,89.9,89.5,89.76,508.66,1788224399999999,45633.90148,433,103.838,9323.16079,0
1788224400000000,89.85,89.99,89.66,89.72,167.776,1788227999999999,15073.77893,139,64.952,5838.0688,0
1788228000000000,89.71,89.77,89.36,89.64,390.896,1788231599999999,35013.46013,309,105.834,9478.43278,0
1788231600000000,89.63,89.79,89.63,89.77,34.66,1788235199999999,3110.72259,35,22.729,2040.29603,0
1788235200000000,89.77,89.87,89.7,89.79,117.503,1788238799999999,10551.15666,89,72.571,6517.56091,0
1788238800000000,89.79,90.2,89.58,90.14,773.402,1788242399999999,69535.66875,526,379.537,34167.65649,0
1788242400000000,90.15,90.18,89.95,89.95,585.207,1788245999999999,52693.98713,344,202.84,18274.62636,0
1788246000000000,89.95,90.24,89.5,89.59,605.119,1788249599999999,54394.54021,311,73.977,6655.9875,0
1788249600000000,89.62,89.77,87.75,87.97,1383.212,1788253199999999,122897.42954,971,270.418,24021.27906,0
1788253200000000,87.91,88.06,87.62,87.88,923.054,1788256799999999,81072.42925,417,678.744,59623.60558,0
1788256800000000,87.89,88.04,87.75,87.79,169.274,1788260399999999,14872.50031,106,90.249,7931.126,0
1788260400000000,87.78,87.78,87.1,87.1,380.99,1788263999999999,33314.92412,227,218.628,19116.72697,0
1788264000000000,87.1,87.13,86.73,86.9,945.826,1788267599999999,82213.60739,462,391.362,34013.42189,0
1788267600000000,86.89,87.21,85.81,86.79,2053.812,1788271199999999,177954.77464,1478,1087.538,94285.90498,0
1788271200000000,86.81,89.02,86.3,88.56,2767.236,1788274799999999,242432.49546,1257,1242.078,109079.26701,0
1788274800000000,88.71,89.46,88.62,89.18,980.773,1788278399999999,87248.04443,685,601.76,53509.03346,0
1788278400000000,89.29,89.29,88.54,89.07,1532.638,1788281999999999,136271.37257,1424,337.594,29978.50168,0
1788282000000000,89.04,89.04,88.46,88.6,158.823,1788285599999999,14078.43078,139,64.803,5743.64997,0
1788285600000000,88.71,88.71,87.97,88.23,345.842,1788289199999999,30465.07462,343,15.464,1366.55082,0
1788289200000000,88.33,89.12,88.15,88.98,494.071,1788292799999999,43884.41413,481,334.533,29730.43359,0
1788292800000000,89.01,89.39,88.88,89.11,149.028,1788296399999999,13291.10984,203,80.381,7172.8931,0
1788296400000000,89.09,89.12,88.88,89.02,96.767,1788299999999999,8612.27135,174,25.351,2257.26442,0
1788300000000000,88.99,89.04,88.73,88.91,186.792,1788303599999999,16607.0403,297,14.941,1327.93526,0
1788303600000000,88.85,89.08,88.69,89.0,570.95,1788307199999999,50751.03551,1292,320.555,28499.64974,0
1788307200000000,88.98,89.26,88.85,88.85,940.877,1788310799999999,83846.03443,1210,157.675,14059.9757,0
1788310800000000,88.79,89.03,87.85,88.17,662.208,1788314399999999,58542.58874,372,99.887,8816.84497,0
1788314400000000,88.21,88.43,88.01,88.29,246.965,1788317999999999,21788.09536,260,159.05,14029.25965,0
1788318000000000,88.26,88.44,88.06,88.17,228.605,1788321599999999,20183.20014,202,97.84,8637.80775,0
1788321600000000,88.17,88.35,88.08,88.3,61.372,1788325199999999,5414.41014,43,46.188,4075.05168,0
1788325200000000,88.27,88.6,88.17,88.52,94.249,1788328799999999,8341.92861,137,49.738,4403.89987,0
1788328800000000,88.48,88.5,88.0,88.34,314.981,1788332399999999,27752.39002,108,90.83,8008.17871,0
1788332400000000,88.44,88.87,88.35,88.55,93.824,1788335999999999,8308.56036,90,58.267,5157.74622,0
1788336000000000,88.47,88.53,87.61,87.78,199.921,1788339599999999,17585.26224,88,43.773,3849.60774,0
1788339600000000,87.89,87.96,87.37,87.62,110.728,1788343199999999,9712.40348,132,57.778,5071.76192,0
1788343200000000,87.52,87.8,87.52,87.8,45.458,1788346799999999,3988.75364,50,17.159,1505.58068,0
1788346800000000,87.83,88.33,87.48,88.17,1608.122,1788350399999999,141506.06228,1092,1114.557,98103.63763,0
1788350400000000,88.36,88.92,88.0,88.0,774.615,1788353999999999,68461.87622,344,198.25,17581.47057,0
1788354000000000,88.18,89.64,87.6,88.2,4341.169,1788357599999999,384518.76666,1994,2133.441,188926.08684,0
1788357600000000,88.12,89.45,88.11,88.93,2051.495,1788361199999999,182414.85526,825,1233.697,109857.462,0
1788361200000000,88.86,90.37,88.84,90.18,1332.903,1788364799999999,119500.87453,767,596.989,53671.21465,0
1788364800000000,90.15,90.46,89.97,90.25,340.579,1788368399999999,30702.05064,98,136.817,12338.10161,0
1788368400000000,90.24,90.38,89.69,89.69,75.298,1788371999999999,6777.96917,32,18.689,1678.60492,0
1788372000000000,89.69,89.8,89.52,89.69,132.398,1788375599999999,11866.63258,94,66.17,5927.83029,0
1788375600000000,89.69,90.08,89.69,90.06,98.542,1788379199999999,8865.12608,40,42.633,3838.25876,0
1788379200000000,90.07,90.07,89.67,89.89,88.109,1788382799999999,7914.08901,54,29.349,2637.55399,0
1788382800000000,89.75,90.3,89.66,90.16,169.315,1788386399999999,15247.15023,63,112.397,10123.57536,0
1788386400000000,90.07,90.32,90.07,90.13,65.424,1788389999999999,5897.12738,21,34.666,3125.41094,0
1788390000000000,90.13,90.31,90.06,90.31,25.88,1788393599999999,2333.63546,33,21.909,1975.95965,0
1788393600000000,90.25,90.3,89.83,89.87,100.588,1788397199999999,9058.95049,103,23.944,2154.82637,0
1788397200000000,89.97,90.41,89.97,90.01,84.846,1788400799999999,7657.11988,128,13.152,1185.99918,0
1788400800000000,90.05,90.23,90.05,90.18,23.103,1788404399999999,2083.18324,23,2.582,232.73047,0
1788404400000000,90.09,90.56,90.07,90.55,525.47,1788407999999999,47540.0676,224,440.822,39886.72769,0
1788408000000000,90.57,90.75,90.39,90.39,89.377,1788411599999999,8099.34365,107,17.827,1615.7847,0
1788411600000000,90.36,90.36,89.33,90.26,566.563,1788415199999999,50988.92994,466,364.122,32787.53213,0
1788415200000000,90.22,90.35,89.96,89.97,874.852,1788418799999999,78841.33045,511,752.412,67811.31945,0
1788418800000000,89.92,90.39,89.92,90.26,106.068,1788422399999999,9572.17951,80,37.805,3411.43357,0
1788422400000000,90.46,90.64,90.07,90.14,435.537,1788425999999999,39369.73004,142,280.493,25373.35171,0
1788426000000000,90.07,90.09,89.22,89.56,1061.856,1788429599999999,95093.89393,1185,628.99,56302.78784,0
1788429600000000,89.49,89.84,89.4,89.54,1181.362,1788433199999999,105838.18287,1449,843.872,75590.4318,0
1788433200000000,89.57,89.8,89.12,89.12,346.328,1788436799999999,30970.58696,296,150.401,13434.49558,0
1788436800000000,89.1,89.84,88.98,89.69,225.959,1788440399999999,20222.64861,150,134.202,12009.49276,0
1788440400000000,89.69,89.8,87.85,89.32,2428.652,1788443999999999,216440.87971,744,1002.158,89547.65801,0
1788444000000000,89.31,90.34,88.67,90.34,1285.378,1788447599999999,115078.40069,761,903.431,80987.01187,0
1788447600000000,90.36,90.85,89.91,90.29,856.496,1788451199999999,77388.76153,1010,433.095,39154.66241,0
1788451200000000,90.36,91.35,89.91,91.22,1195.633,1788454799999999,108540.89069,697,961.68,87356.23904,0
1788454800000000,90.92,91.69,90.6,91.57,216.84,1788458399999999,19801.99211,296,110.465,10094.47124,0
1788458400000000,91.55,92.32,91.45,92.09,1348.511,1788461999999999,123875.8378,887,863.173,79298.0584,0
1788462000000000,92.06,92.06,90.93,91.62,1103.531,1788465599999999,101003.87684,563,451.941,41397.46786,0
1788465600000000,91.67,91.72,91.33,91.42,144.821,1788469199999999,13255.7371,259,35.62,3263.92235,0
1788469200000000,91.39,91.57,91.39,91.47,153.336,1788472799999999,14028.76366,215,112.295,10275.33308,0
1788472800000000,91.36,91.48,91.22,91.39,310.059,1788476399999999,28324.89067,131,247.448,22608.3904,0
1788476400000000,91.32,91.6,91.32,91.49,887.728,1788479999999999,81302.07838,224,832.097,76209.3132,0
1788480000000000,91.48,91.99,91.48,91.88,880.883,1788483599999999,80796.36629,373,591.518,54249.46872,0
1788483600000000,91.89,91.98,91.6,91.77,487.164,1788487199999999,44731.15956,404,327.009,30031.89789,0
1788487200000000,91.77,92.04,91.72,92.04,290.498,1788490799999999,26703.75571,503,268.211,24654.19491,0
1788490800000000,92.1,92.19,92.0,92.04,64.742,1788494399999999,5962.25878,137,23.439,2159.15806,0
1788494400000000,92.03,92.6,91.99,92.6,599.58,1788497999999999,55378.19535,402,472.813,43677.01419,0
1788498000000000,92.55,93.34,92.53,92.75,356.556,1788501599999999,33142.3746,607,179.325,16666.74997,0
1788501600000000,92.76,92.89,92.41,92.41,421.718,1788505199999999,39048.70166,240,60.216,5582.26335,0
1788505200000000,92.44,93.27,92.44,93.13,535.705,1788508799999999,49884.47705,513,202.856,18887.60723,0
1788508800000000,93.13,93.49,93.0,93.3,411.695,1788512399999999,38397.27263,508,156.6,14609.79698,0
1788512400000000,93.28,93.42,93.02,93.42,123.447,1788515999999999,11502.84499,170,50.513,4708.85668,0
1788516000000000,93.46,93.57,93.26,93.34,421.804,1788519599999999,39414.15308,283,329.03,30745.10453,0
1788519600000000,93.35,93.68,92.94,93.5,1346.809,1788523199999999,125707.47,1610,743.676,69518.57975,0
1788523200000000,93.5,93.52,91.56,92.15,5086.373,1788526799999999,471652.36317,4845,3381.834,313921.36534,0
1788526800000000,92.14,94.89,91.85,94.83,8714.5,1788530399999999,812185.09107,7769,4423.051,413061.53425,0
1788530400000000,94.86,95.3,94.12,95.3,2342.137,1788533999999999,222008.59894,3146,900.395,85441.11773,0
1788534000000000,95.28,95.56,94.67,94.87,603.551,1788537599999999,57460.73799,852,226.034,21494.99624,0
1788537600000000,94.96,95.78,94.93,95.74,595.088,1788541199999999,56870.70186,500,402.672,38477.36296,0
1788541200000000,95.45,95.56,94.41,94.51,1678.125,1788544799999999,159136.42676,1776,1009.302,95755.8705,0
1788544800000000,94.52,94.9,94.14,94.42,477.115,1788548399999999,45033.55214,1249,200.049,18885.46897,0
1788548400000000,94.43,95.88,94.38,95.76,947.077,1788551999999999,90305.10774,1157,643.474,61406.33844,0
1788552000000000,95.73,95.84,95.45,95.49,338.018,1788555599999999,32307.50633,428,148.718,14210.40571,0
1788555600000000,95.5,95.79,95.5,95.79,217.573,1788559199999999,20810.81484,185,100.532,9618.63141,0
1788559200000000,95.83,95.83,95.62,95.66,24.034,1788562799999999,2300.73103,43,5.804,555.91007,0
1788562800000000,95.69,95.84,95.6,95.81,126.628,1788566399999999,12116.61229,346,53.491,5120.62858,0
1788566400000000,95.81,95.81,95.46,95.46,119.312,1788569999999999,11410.81868,314,8.099,774.84219,0
1788570000000000,95.45,95.69,95.39,95.4,150.944,1788573599999999,14428.00704,105,129.509,12382.23889,0
1788573600000000,95.39,95.54,95.31,95.5,104.986,1788577199999999,10019.23705,128,56.955,5436.63801,0
1788577200000000,95.48,95.48,95.35,95.37,71.423,1788580799999999,6811.31402,165,41.536,3960.62147,0
1788580800000000,95.35,95.43,95.26,95.42,24.449,1788584399999999,2330.77429,27,8.642,823.49709,0
1788584400000000,95.47,95.69,95.45,95.64,332.822,1788587999999999,31796.16022,173,64.574,6174.32955,0
1788588000000000,95.63,95.69,95.55,95.69,187.658,1788591599999999,17947.47491,300,156.79,14996.79099,0
1788591600000000,95.68,95.79,95.66,95.78,113.749,1788595199999999,10889.59663,131,22.747,2178.01547,0
1788595200000000,95.64,95.75,95.52,95.69,183.981,1788598799999999,17582.49819,58,5.939,567.7967,0
1788598800000000,95.69,95.82,95.67,95.82,102.761,1788602399999999,9836.27244,74,62.171,5950.78236,0
1788602400000000,95.83,95.9,95.72,95.79,920.531,1788605999999999,88206.43742,668,97.204,9317.40904,0
1788606000000000,95.78,95.82,95.72,95.72,35.488,1788609599999999,3399.89093,61,14.049,1345.96775,0
1788609600000000,95.72,96.0,95.71,96.0,205.226,1788613199999999,19678.55941,552,149.79,14363.54144,0
1788613200000000,95.99,96.4,95.94,96.05,1701.536,1788616799999999,163580.35057,463,1066.206,102543.71045,0
1788616800000000,96.08,96.15,96.03,96.04,210.146,1788620399999999,20195.39535,442,36.277,3486.65156,0
1788620400000000,96.05,96.22,96.05,96.22,77.965,1788623999999999,7496.29938,57,56.445,5427.13248,0
1788624000000000,96.21,96.3,95.84,96.29,290.399,1788627599999999,27901.75905,195,46.393,4464.88391,0
1788627600000000,96.23,96.34,96.17,96.3,265.805,1788631199999999,25589.14138,234,156.154,15032.29907,0
1788631200000000,96.27,96.3,96.14,96.19,194.263,1788634799999999,18700.39124,82,113.415,10916.67247,0
1788634800000000,96.24,96.26,96.22,96.24,18.589,1788638399999999,1789.16464,17,13.868,1334.84562,0
1788638400000000,96.24,96.33,96.18,96.19,28.583,1788641999999999,2750.75613,24,12.414,1194.30926,0
1788642000000000,96.19,96.19,96.08,96.16,59.862,1788645599999999,5754.82366,28,33.505,3220.58286,0
1788645600000000,96.13,96.28,96.05,96.22,24.18,1788649199999999,2325.75947,55,18.28,1758.73109,0
1788649200000000,96.2,96.24,96.19,96.19,3.823,1788652799999999,367.79772,12,1.664,160.09481,0
1788652800000000,96.21,96.21,96.19,96.21,245.422,1788656399999999,23611.78843,490,238.187,22915.78319,0
1788656400000000,96.21,96.37,96.21,96.37,112.654,1788659999999999,10847.07414,219,94.472,9095.87912,0
1788660000000000,96.37,96.55,96.35,96.5,118.878,1788663599999999,11467.04684,218,61.862,5966.17675,0
1788663600000000,96.5,96.7,96.38,96.38,777.999,1788667199999999,75154.08386,657,329.158,31802.82561,0
1788667200000000,96.49,96.49,96.35,96.37,304.23,1788670799999999,29324.2617,444,156.995,15133.32106,0
1788670800000000,96.36,96.43,96.29,96.37,278.776,1788674399999999,26849.69951,360,128.232,12348.62778,0
1788674400000000,96.34,96.44,96.22,96.41,125.477,1788677999999999,12087.15134,164,56.034,5398.34531,0
1788678000000000,96.37,96.37,96.15,96.21,147.069,1788681599999999,14151.93134,112,30.725,2957.61091,0
1788681600000000,96.21,96.39,96.2,96.39,61.477,1788685199999999,5920.43967,36,53.035,5108.00467,0
1788685200000000,96.43,96.67,96.43,96.67,58.741,1788688799999999,5669.37386,71,51.249,4945.52787,0
1788688800000000,96.68,96.92,96.65,96.89,95.096,1788692399999999,9200.77657,79,55.813,5402.39325,0
1788692400000000,96.87,96.87,96.71,96.71,18.21,1788695999999999,1762.8956,24,2.882,279.03889,0
1788696000000000,96.71,97.0,96.69,96.83,175.512,1788699599999999,17009.76676,91,136.238,13206.18679,0
1788699600000000,96.81,96.81,96.66,96.67,52.778,1788703199999999,5106.26272,38,31.934,3089.74896,0
1788703200000000,96.67,96.74,96.33,96.67,271.595,1788706799999999,26224.47749,217,145.975,14097.92891,0
1788706800000000,96.64,96.88,96.54,96.88,222.208,1788710399999999,21514.32043,182,183.505,17769.60711,0
1788710400000000,96.87,97.0,96.87,97.0,173.449,1788713999999999,16815.04682,318,120.136,11646.79635,0
1788714000000000,97.0,97.24,97.0,97.23,149.243,1788717599999999,14485.00587,259,129.858,12602.29126,0
1788717600000000,97.21,97.35,97.21,97.3,62.981,1788721199999999,6127.63008,106,38.23,3720.48406,0
1788721200000000,97.27,97.31,97.2,97.28,84.475,1788724799999999,8215.53849,64,47.711,4640.50222,0
1788724800000000,97.28,97.33,95.87,97.06,562.278,1788728399999999,54506.31433,472,196.375,19061.88245,0
1788728400000000,97.06,97.17,96.93,97.13,55.284,1788731999999999,5366.69448,64,26.977,2618.61262,0
1788732000000000,97.09,97.13,96.85,96.85,40.93,1788735599999999,3971.02365,40,12.853,1248.14582,0
1788735600000000,96.84,98.0,96.8,98.0,377.539,1788739199999999,36824.19275,580,242.028,23596.67117,0
1788739200000000,97.9,98.29,97.62,97.7,451.829,1788742799999999,44264.13124,857,158.236,15499.07423,0
1788742800000000,97.66,98.87,97.58,98.17,599.044,1788746399999999,58846.12719,610,419.69,41231.01108,0
1788746400000000,98.22,98.6,98.01,98.17,721.131,1788749999999999,70872.39093,1185,257.066,25281.02638,0
1788750000000000,98.17,98.28,97.76,98.28,530.382,1788753599999999,51985.01354,471,163.088,15996.23593,0
1788753600000000,98.28,99.27,98.28,99.15,1807.809,1788757199999999,178976.95233,2159,1445.947,143202.53816,0
1788757200000000,99.13,99.31,98.85,99.2,585.489,1788760799999999,58011.58981,852,351.192,34817.41727,0
1788760800000000,99.13,99.58,99.06,99.06,573.631,1788764399999999,56936.35206,558,309.486,30727.65083,0
1788764400000000,99.05,99.05,98.03,98.28,783.061,1788767999999999,77089.33796,740,230.363,22655.4887,0
1788768000000000,98.25,98.74,98.17,98.73,880.996,1788771599999999,86718.6944,535,409.067,40274.43893,0
1788771600000000,98.65,98.65,98.03,98.21,456.933,1788775199999999,44884.06058,383,139.513,13694.65476,0
1788775200000000,98.23,98.48,98.13,98.17,161.818,1788778799999999,15903.63059,216,120.019,11796.57792,0
1788778800000000,98.05,98.14,97.7,97.76,728.821,1788782399999999,71323.35897,1927,248.825,24340.31261,0
1788782400000000,97.69,97.83,97.49,97.68,286.336,1788785999999999,27971.17505,518,151.91,14850.04061,0
1788786000000000,97.67,98.0,97.67,97.84,113.955,1788789599999999,11143.90075,77,64.831,6340.54569,0
1788789600000000,97.84,97.98,97.64,97.89,188.699,1788793199999999,18452.80154,86,25.235,2470.36341,0
1788793200000000,97.8,97.89,97.16,97.19,1137.313,1788796799999999,110770.48456,644,348.908,34029.28718,0
1788796800000000,97.26,97.91,97.17,97.79,124.834,1788800399999999,12189.51401,171,63.728,6226.19627,0
1788800400000000,97.88,98.21,97.88,98.07,287.296,1788803999999999,28176.80666,185,166.584,16337.44188,0
1788804000000000,98.07,98.14,97.34,97.95,1203.156,1788807599999999,117599.16723,195,35.251,3453.2057,0
1788807600000000,97.96,98.99,97.96,98.86,181.099,1788811199999999,17849.09826,464,122.005,12021.44115,0
1788811200000000,98.86,98.87,98.62,98.62,64.663,1788814799999999,6383.46511,138,37.61,3712.94856,0
1788814800000000,98.61,98.96,98.61,98.87,78.878,1788818399999999,7795.00985,51,69.609,6879.16486,0
1788818400000000,98.96,99.02,97.46,97.66,757.706,1788821999999999,74210.66405,2161,181.815,17815.3808,0
1788822000000000,97.52,98.51,97.44,98.24,760.798,1788825599999999,74560.51619,226,607.67,59553.6112,0
1788825600000000,98.27,99.72,97.1,99.47,1957.575,1788829199999999,192810.17517,1947,959.017,94596.96743,0
1788829200000000,99.32,99.9,99.07,99.64,1348.39,1788832799999999,134377.02592,720,419.554,41813.50881,0
1788832800000000,99.63,100.35,99.41,99.8,1681.018,1788836399999999,168269.63365,979,576.308,57686.87683,0
1788836400000000,99.76,100.76,99.76,100.6,1651.968,1788839999999999,165839.00125,1103,939.642,94333.71559,0
1788840000000000,100.56,100.93,100.27,100.59,795.025,1788843599999999,79985.22796,455,564.861,56853.7313,0
1788843600000000,100.6,100.6,98.93,99.03,797.573,1788847199999999,79471.1238,819,228.249,22746.73815,0
1788847200000000,99.04,99.29,98.06,98.79,776.773,1788850799999999,76734.52532,859,476.581,47063.29353,0
1788850800000000,98.8,99.52,98.64,98.73,516.809,1788854399999999,51197.32671,449,285.039,28266.84201,0
1788854400000000,98.69,98.78,97.24,98.04,1150.294,1788857999999999,112965.68468,859,480.339,47184.24489,0
1788858000000000,98.06,99.43,97.88,99.2,629.215,1788861599999999,62198.75217,295,549.449,54324.2589,0
1788861600000000,99.23,100.29,98.91,99.7,844.244,1788865199999999,84156.46407,587,473.358,47306.01476,0
1788865200000000,99.62,100.57,99.36,100.57,737.742,1788868799999999,73668.47434,545,174.007,17362.71525,0
1788868800000000,100.58,100.94,99.86,100.52,884.918,1788872399999999,88789.821,733,271.525,27277.71034,0
1788872400000000,100.46,103.13,100.19,101.14,6774.585,1788875999999999,688852.34308,3456,3130.956,317927.27299,0
1788876000000000,101.14,103.63,100.7,103.63,1548.298,1788879599999999,158300.63893,1289,560.204,57355.684,0
1788879600000000,103.63,104.84,103.16,104.63,2333.445,1788883199999999,242764.94837,1023,1259.947,131133.42486,0
1788883200000000,104.65,105.9,104.23,105.1,1740.552,1788886799999999,182729.70383,1117,756.605,79377.36522,0
1788886800000000,105.11,106.0,105.0,105.04,362.669,1788890399999999,38266.25977,499,203.336,21449.91755,0
1788890400000000,105.02,105.43,104.57,105.43,358.264,1788893999999999,37597.90548,1083,159.592,16754.81161,0
1788894000000000,105.43,105.64,104.05,104.28,1137.66,1788897599999999,119128.73743,1102,349.528,36605.12578,0
1788897600000000,104.43,104.66,104.07,104.17,692.97,1788901199999999,72252.88322,1267,168.977,17606.41615,0
1788901200000000,104.17,104.35,104.03,104.05,233.747,1788904799999999,24361.86495,256,173.931,18128.05296,0
1788904800000000,104.0,104.25,103.87,104.25,212.86,1788908399999999,22139.88774,140,12.826,1335.24159,0
1788908400000000,104.25,104.32,103.92,103.92,767.161,1788911999999999,79778.57017,337,44.585,4638.66883,0
1788912000000000,103.92,104.4,103.1,103.81,1369.836,1788915599999999,141803.38315,1305,264.027,27366.052,0
1788915600000000,103.86,104.5,103.84,104.07,1351.893,1788919199999999,140699.37402,1335,1267.439,131903.80762,0
1788919200000000,104.14,104.88,104.1,104.71,165.284,1788922799999999,17258.84827,360,97.097,10143.5681,0
1788922800000000,104.72,104.72,103.51,103.73,415.324,1788926399999999,43149.25166,476,77.583,8068.02382,0
1788926400000000,103.7,104.28,103.64,104.26,1037.731,1788929999999999,108014.89202,610,500.577,52108.7944,0
1788930000000000,104.23,104.26,103.77,104.16,501.583,1788933599999999,52155.38066,907,382.757,39799.6347,0
1788933600000000,104.19,104.4,103.99,104.13,131.519,1788937199999999,13701.28711,251,80.638,8402.56472,0
1788937200000000,104.13,104.41,103.97,104.09,122.215,1788940799999999,12738.38823,153,63.892,6665.04475,0
1788940800000000,104.11,104.26,103.57,104.19,274.023,1788944399999999,28498.2513,393,106.922,11126.7575,0
1788944400000000,104.16,104.16,101.93,102.04,1074.216,1788947999999999,110609.77625,627,192.571,19815.3657,0
1788948000000000,102.05,102.73,101.66,102.45,2283.242,1788951599999999,233626.97794,1837,790.418,81021.16935,0
1788951600000000,102.49,103.01,102.14,102.61,415.286,1788955199999999,42633.17101,647,233.965,24022.04124,0
1788955200000000,102.55,102.69,101.96,102.4,459.578,1788958799999999,47019.94128,380,190.689,19532.26393,0
1788958800000000,102.4,105.37,101.98,105.31,3814.937,1788962399999999,395667.29661,3026,2134.752,221668.58921,0
1788962400000000,105.3,106.33,104.41,106.15,2587.843,1788965999999999,272602.50206,2318,1266.758,133557.15484,0
1788966000000000,106.16,106.47,104.2,105.3,1923.073,1788969599999999,202299.98799,1435,833.909,87686.44577,0
1788969600000000,105.38,106.32,104.84,105.38,1735.061,1788973199999999,183502.3401,1098,751.155,79472.5265,0
1788973200000000,105.35,106.66,105.09,106.36,568.715,1788976799999999,60170.84221,616,341.698,36130.05874,0
1788976800000000,106.37,106.37,105.5,105.64,301.915,1788980399999999,32006.17142,304,39.682,4200.20619,0
1788980400000000,105.61,106.26,105.53,106.11,242.585,1788983999999999,25686.77921,486,98.665,10453.80547,0
1788984000000000,106.19,106.19,105.96,106.03,82.009,1788987599999999,8699.69253,128,15.316,1625.07983,0
1788987600000000,106.01,106.01,105.65,105.68,254.008,1788991199999999,26871.72371,147,4.738,501.61268,0
1788991200000000,105.72,105.78,105.33,105.42,492.378,1788994799999999,52011.43814,363,82.77,8734.10402,0
1788994800000000,105.4,105.61,105.26,105.59,391.495,1788998399999999,41256.26151,275,84.207,8880.41865,0
1788998400000000,105.59,105.82,104.66,104.68,510.629,1789001999999999,53724.20532,775,71.191,7485.56957,0
1789002000000000,104.69,104.89,103.72,104.46,1118.726,1789005599999999,116577.69035,851,167.842,17504.48786,0
1789005600000000,104.44,104.79,104.22,104.71,204.546,1789009199999999,21366.13861,413,110.295,11523.40673,0
1789009200000000,104.72,104.87,104.37,104.69,118.985,1789012799999999,12429.95909,177,20.061,2100.79696,0
1789012800000000,104.71,105.37,104.7,105.24,123.102,1789016399999999,12952.86889,264,61.35,6454.91658,0
1789016400000000,105.24,105.79,105.07,105.39,192.095,1789019999999999,20270.54825,571,51.226,5398.44668,0
1789020000000000,105.38,105.61,105.05,105.51,79.116,1789023599999999,8332.53108,265,41.358,4356.7706,0
1789023600000000,105.5,105.51,105.05,105.23,567.955,1789027199999999,59848.96785,934,31.428,3310.59513,0
1789027200000000,105.21,105.31,104.52,104.59,178.328,1789030799999999,18716.93246,267,36.746,3859.46047,0
1789030800000000,104.59,104.84,104.13,104.62,389.257,1789034399999999,40663.99739,697,251.3,26273.61805,0
1789034400000000,104.61,104.86,104.36,104.64,74.996,1789037999999999,7850.7923,265,61.767,6466.7763,0
1789038000000000,104.62,104.7,103.21,103.28,796.423,1789041599999999,82572.76218,622,212.4,22090.40569,0
1789041600000000,103.3,103.46,101.67,101.92,1468.764,1789045199999999,150386.85019,1207,764.644,78278.37251,0
1789045200000000,101.92,103.31,99.28,99.77,3948.114,1789048799999999,401470.70943,2641,1427.658,145474.97199,0
1789048800000000,99.77,101.42,99.58,101.42,1535.291,1789052399999999,154149.06182,1470,922.775,92725.58685,0
1789052400000000,101.4,102.25,101.18,101.81,667.064,1789055999999999,67822.90812,683,340.612,34639.10111,0
1789056000000000,101.78,101.85,100.63,101.25,475.158,1789059599999999,48000.66641,969,183.05,18516.12402,0
1789059600000000,101.18,101.54,101.0,101.28,199.732,1789063199999999,20249.73104,258,161.105,16336.78551,0
1789063200000000,101.27,101.45,100.9,101.3,43.806,1789066799999999,4432.86907,172,21.434,2171.44927,0
1789066800000000,101.26,101.39,100.2,100.26,457.997,1789070399999999,46177.49763,686,50.506,5093.0098,0
1789070400000000,100.25,100.4,99.92,100.24,161.795,1789073999999999,16202.35911,264,39.481,3957.97708,0
1789074000000000,100.31,100.96,100.17,100.29,285.165,1789077599999999,28661.48511,455,120.909,12156.49235,0
1789077600000000,100.34,100.41,99.58,99.67,712.771,1789081199999999,71160.11091,1106,73.281,7310.9645,0
1789081200000000,99.72,99.74,99.15,99.2,634.926,1789084799999999,63208.30245,1248,22.285,2215.89755,0
1789084800000000,99.16,100.09,99.13,100.07,107.945,1789088399999999,10756.32825,385,52.7,5249.89646,0
1789088400000000,100.07,100.18,99.51,99.81,104.837,1789091999999999,10476.59746,331,69.372,6935.53361,0
1789092000000000,99.85,99.88,99.28,99.38,396.791,1789095599999999,39493.289,891,45.292,4511.18572,0
1789095600000000,99.37,99.41,98.74,99.04,350.269,1789099199999999,34664.01743,1062,148.645,14709.22799,0
1789099200000000,98.93,100.17,98.93,99.86,848.668,1789102799999999,84816.38545,1274,155.02,15440.55711,0
1789102800000000,99.86,101.0,99.61,100.77,165.245,1789106399999999,16522.80069,512,89.272,8932.31503,0
1789106400000000,100.81,101.13,100.78,101.09,48.7,1789109999999999,4917.27527,246,25.655,2589.94804,0
1789110000000000,101.07,101.25,100.83,101.03,17.743,1789113599999999,1792.68424,104,4.527,457.17996,0
1789113600000000,101.02,101.86,100.61,101.72,158.439,1789117199999999,16066.82633,235,75.005,7603.54349,0
1789117200000000,101.73,101.9,101.36,101.48,97.79,1789120799999999,9933.20073,128,36.322,3693.22402,0
1789120800000000,101.4,101.79,101.27,101.41,534.639,1789124399999999,54332.08817,928,230.537,23437.04529,0
1789124400000000,101.39,101.59,100.96,101.38,83.634,1789127999999999,8468.22967,238,31.21,3161.84974,0
1789128000000000,101.43,103.53,100.44,103.46,811.443,1789131599999999,82588.80936,911,378.486,38651.8644,0
1789131600000000,103.48,104.67,100.99,104.5,3175.873,1789135199999999,326963.95884,3020,1595.302,164421.07808,0
1789135200000000,104.49,104.85,102.47,102.96,967.677,1789138799999999,100257.7694,1222,620.232,64278.28623,0
1789138800000000,103.12,103.85,102.83,103.47,709.592,1789142399999999,73334.45514,855,521.278,53896.33635,0
1789142400000000,103.4,103.66,101.34,102.82,2803.942,1789145999999999,287087.42179,2420,557.71,57003.55354,0
1789146000000000,102.86,103.62,102.55,103.52,238.602,1789149599999999,24629.05642,562,119.91,12383.01834,0
1789149600000000,103.41,103.56,103.15,103.21,195.966,1789153199999999,20258.38988,182,124.225,12835.52477,0
1789153200000000,103.17,103.24,102.68,102.85,219.652,1789156799999999,22607.13407,338,28.714,2956.22627,0
1789156800000000,102.92,103.01,102.75,103.01,23.958,1789160399999999,2463.34245,72,14.542,1495.14177,0
1789160400000000,103.03,103.03,102.89,102.89,22.594,1789163999999999,2325.43536,112,2.123,218.56808,0
1789164000000000,102.86,103.04,102.84,102.87,364.664,1789167599999999,37534.47371,320,239.169,24621.06351,0
1789167600000000,102.86,102.95,102.81,102.95,2.885,1789171199999999,296.74006,17,0.497,51.15049,0
1789171200000000,103.0,103.45,102.97,103.44,54.364,1789174799999999,5607.45317,120,42.468,4379.84034,0
1789174800000000,103.39,103.47,103.3,103.38,22.78,1789178399999999,2354.95649,119,4.915,508.23146,0
1789178400000000,103.38,103.45,103.29,103.35,18.796,1789181999999999,1942.59504,72,10.858,1122.14509,0
1789182000000000,103.36,103.39,103.27,103.39,134.191,1789185599999999,13865.55788,209,25.169,2601.541,0
1789185600000000,103.41,103.56,103.32,103.33,95.722,1789189199999999,9905.04591,118,86.768,8979.201,0
1789189200000000,103.19,103.26,103.06,103.06,32.179,1789192799999999,3319.68297,69,7.933,818.61099,0
1789192800000000,103.05,103.05,102.88,102.88,22.959,1789196399999999,2363.76327,58,15.928,1639.94094,0
1789196400000000,102.88,102.96,102.86,102.93,24.957,1789199999999999,2568.28434,49,8.934,919.3734,0
1789200000000000,102.93,102.96,102.84,102.86,65.883,1789203599999999,6781.95303,45,12.567,1292.80173,0
1789203600000000,102.86,102.92,102.81,102.89,67.184,1789207199999999,6909.24968,38,1.897,195.1755,0
1789207200000000,102.92,102.97,102.83,102.88,6.87,1789210799999999,706.9872,52,3.218,331.1982,0
1789210800000000,102.93,103.07,102.93,103.07,8.231,1789214399999999,847.91353,23,6.33,652.04811,0
1789214400000000,103.05,103.23,103.05,103.17,10.777,1789217999999999,1112.0633,23,8.378,864.60017,0
1789218000000000,103.17,103.17,102.96,103.02,166.926,1789221599999999,17195.14552,110,66.52,6854.03817,0
1789221600000000,102.99,103.05,102.95,102.95,4.706,1789225199999999,484.7735,30,1.567,161.42874,0
1789225200000000,102.97,103.12,102.97,103.12,4.948,1789228799999999,509.78409,24,2.233,230.18672,0
1789228800000000,103.13,103.16,103.06,103.12,38.899,1789232399999999,4011.13184,80,22.051,2274.20222,0
1789232400000000,103.12,103.57,102.8,103.13,6209.484,1789235999999999,640649.34976,3508,3465.2,357665.77319,0
1789236000000000,103.11,103.12,102.96,102.99,61.373,1789239599999999,6324.39406,147,28.0,2886.06781,0
1789239600000000,102.99,102.99,102.0,102.01,2905.568,1789243199999999,296667.02124,8696,209.345,21392.90117,0
1789243200000000,102.01,102.13,101.76,102.04,632.477,1789246799999999,64503.46061,1358,79.065,8063.74947,0
1789246800000000,102.06,102.07,101.9,101.99,109.302,1789250399999999,11147.46655,54,14.788,1508.90824,0
1789250400000000,102.01,102.02,101.95,101.97,46.202,1789253999999999,4711.75603,84,1.067,108.84173,0
1789254000000000,101.98,102.0,101.8,101.8,149.408,1789257599999999,15228.46321,360,9.451,963.47781,0
1789257600000000,101.86,101.97,101.75,101.8,138.685,1789261199999999,14127.15368,319,31.979,3255.9349,0
1789261200000000,101.77,101.89,101.59,101.63,239.324,1789264799999999,24352.14902,438,31.399,3193.96312,0
1789264800000000,101.63,101.63,101.43,101.47,153.514,1789268399999999,15583.81877,459,25.062,2543.8412,0
1789268400000000,101.48,101.56,101.34,101.34,386.722,1789271999999999,39218.519,159,16.607,1685.48679,0
1789272000000000,101.34,101.42,101.28,101.38,44.508,1789275599999999,4510.3135,88,12.026,1218.45429,0
1789275600000000,101.37,101.42,101.02,101.11,294.962,1789279199999999,29862.68798,335,113.897,11523.45454,0
1789279200000000,101.09,101.11,100.78,100.78,173.991,1789282799999999,17558.90923,207,24.169,2437.99024,0
1789282800000000,100.77,100.86,100.56,100.57,320.344,1789286399999999,32279.24152,733,299.262,30155.83745,0
1789286400000000,100.57,100.57,99.46,99.56,825.789,1789289999999999,82471.46377,1984,135.595,13547.81517,0
1789290000000000,99.56,99.65,99.15,99.49,399.356,1789293599999999,39727.45216,394,117.046,11643.89359,0
1789293600000000,99.49,99.63,99.38,99.62,114.333,1789297199999999,11378.24045,40,37.533,3735.2351,0
1789297200000000,99.57,99.68,99.01,99.32,150.743,1789300799999999,14963.87934,186,61.39,6096.9682,0
1789300800000000,99.3,99.3,99.03,99.03,48.453,1789304399999999,4803.39343,30,20.324,2015.19024,0
1789304400000000,99.04,99.55,98.2,99.35,1144.107,1789307999999999,113038.55575,1015,369.966,36690.98436,0
1789308000000000,99.33,99.91,99.31,99.73,322.652,1789311599999999,32148.60086,197,148.792,14822.46681,0
1789311600000000,99.73,99.73,98.97,98.99,324.493,1789315199999999,32181.15217,285,87.397,8666.67283,0
1789315200000000,99.09,99.43,99.09,99.21,69.827,1789318799999999,6934.05492,54,56.695,5630.95112,0
1789318800000000,99.26,99.28,99.14,99.2,21.071,1789322399999999,2090.3943,17,2.15,213.41054,0
1789322400000000,99.23,99.29,99.22,99.29,169.941,1789325999999999,16863.42533,177,168.011,16671.93073,0
1789326000000000,99.09,99.09,98.99,99.08,177.642,1789329599999999,17587.21359,149,118.81,11762.28504,0
1789329600000000,99.17,99.17,99.13,99.13,0.195,1789333199999999,19.33427,2,0.098,9.71866,0
1789333200000000,99.33,99.4,99.25,99.39,9.337,1789336799999999,927.71824,22,5.779,574.32502,0
1789336800000000,99.34,99.34,98.43,98.47,261.864,1789340399999999,25871.32896,145,104.475,10329.94893,0
1789340400000000,98.42,98.89,98.01,98.01,150.736,1789343999999999,14841.80793,131,104.741,10321.13556,0
1789344000000000,98.09,99.71,98.09,98.73,2323.655,1789347599999999,229557.75564,1194,1337.233,131966.42635,0
1789347600000000,98.67,99.11,98.14,99.11,877.14,1789351199999999,86500.97651,566,242.043,23865.12239,0
1789351200000000,99.08,99.22,98.9,98.92,122.081,1789354799999999,12099.8534,197,77.142,7646.0604,0
1789354800000000,98.9,99.01,98.52,98.64,121.847,1789358399999999,12033.78194,116,71.024,7014.16289,0
1789358400000000,98.52,98.8,98.48,98.59,170.658,1789361999999999,16830.46992,84,25.412,2506.32938,0
1789362000000000,98.64,98.71,98.28,98.34,93.897,1789365599999999,9245.28265,80,46.727,4601.3705,0
1789365600000000,98.48,98.64,98.26,98.26,266.165,1789369199999999,26206.43357,289,224.172,22072.74461,0
1789369200000000,98.3,98.35,97.55,97.79,432.573,1789372799999999,42294.75902,520,164.694,16117.03669,0
1789372800000000,97.77,97.91,96.55,96.8,948.614,1789376399999999,92069.40704,682,499.225,48441.75978,0
1789376400000000,96.78,96.83,96.15,96.66,562.557,1789379999999999,54367.22986,261,269.484,26040.67438,0
1789380000000000,96.68,97.28,96.57,97.04,332.244,1789383599999999,32203.88017,164,281.194,27252.75417,0
1789383600000000,97.05,97.39,96.25,96.33,188.894,1789387199999999,18289.27696,149,96.936,9398.66658,0
1789387200000000,96.4,96.4,95.79,95.93,1838.233,1789390799999999,176179.57864,728,525.659,50389.89363,0
1789390800000000,95.84,97.5,94.55,96.25,2706.574,1789394399999999,259812.7884,1161,1459.789,140219.31289,0
1789394400000000,96.39,97.77,95.91,96.37,1792.339,1789397999999999,173330.5233,1644,1069.706,103302.78007,0
1789398000000000,96.39,98.25,96.07,97.73,602.347,1789401599999999,58562.84559,407,395.315,38447.58611,0
1789401600000000,97.66,98.35,97.28,98.25,415.845,1789405199999999,40730.04887,221,321.08,31452.60192,0
1789405200000000,98.12,98.52,98.12,98.5,65.933,1789408799999999,6487.60138,62,56.385,5549.03537,0
1789408800000000,98.55,98.84,98.26,98.36,119.597,1789412399999999,11793.69084,79,78.12,7712.35427,0
1789412400000000,98.46,98.46,97.1,97.3,235.964,1789415999999999,23015.36983,143,47.673,4652.98588,0
1789416000000000,97.07,97.66,97.07,97.61,315.086,1789419599999999,30737.48055,674,32.603,3180.66026,0
1789419600000000,97.61,97.61,97.47,97.53,130.955,1789423199999999,12777.14617,247,15.589,1520.63965,0
1789423200000000,97.56,97.66,97.37,97.61,505.03,1789426799999999,49278.71978,834,51.476,5023.96595,0
1789426800000000,97.57,97.73,97.54,97.58,108.772,1789430399999999,10617.94138,216,17.402,1699.38614,0
1789430400000000,97.62,98.23,97.45,97.99,499.244,1789433999999999,48797.2578,552,145.211,14187.14501,0
1789434000000000,97.95,98.18,97.6,97.89,103.891,1789437599999999,10171.48252,180,70.726,6929.05133,0
1789437600000000,98.0,98.27,97.79,98.27,311.533,1789441199999999,30580.61856,117,282.133,27694.62867,0
1789441200000000,98.2,98.22,97.72,97.72,298.859,1789444799999999,29280.63014,336,86.208,8448.32775,0
1789444800000000,97.69,97.77,97.26,97.26,273.993,1789448399999999,26732.00149,522,64.89,6340.61464,0
1789448400000000,97.27,97.66,96.78,97.46,128.621,1789451999999999,12507.04057,234,61.217,5965.35993,0
1789452000000000,97.53,97.78,97.36,97.44,170.374,1789455599999999,16614.0634,108,126.962,12385.3726,0
1789455600000000,97.42,97.63,97.22,97.33,142.998,1789459199999999,13944.51492,98,133.512,13020.49443,0
1789459200000000,97.32,97.33,96.66,96.91,131.57,1789462799999999,12767.97845,204,52.172,5063.6327,0
1789462800000000,96.87,98.7,96.81,98.35,467.933,1789466399999999,45700.56752,347,337.457,32947.73002,0
1789466400000000,98.32,99.25,98.26,98.98,149.061,1789469999999999,14725.39574,262,103.495,10227.31529,0
1789470000000000,98.99,99.58,98.79,98.89,116.869,1789473599999999,11601.73062,146,52.927,5262.11721,0
1789473600000000,98.88,99.17,98.63,98.74,673.653,1789477199999999,66643.90943,387,80.217,7939.08488,0
1789477200000000,98.76,100.45,97.93,99.89,2535.013,1789480799999999,251829.54563,1413,1088.856,108618.07907,0
1789480800000000,99.7,100.04,98.12,98.3,1019.221,1789484399999999,100884.49032,579,507.202,50244.05388,0
1789484400000000,98.34,99.2,97.98,98.16,289.563,1789487999999999,28540.68991,364,79.968,7865.5869,0
1789488000000000,98.17,98.51,97.88,97.88,164.345,1789491599999999,16137.67126,164,67.336,6616.96111,0
1789491600000000,97.89,97.92,97.52,97.52,44.268,1789495199999999,4327.72901,51,22.753,2226.99263,0
1789495200000000,97.45,97.85,96.7,96.7,147.756,1789498799999999,14377.86667,160,66.102,6422.08654,0
1789498800000000,96.75,97.4,96.62,97.19,383.653,1789502399999999,37262.35733,198,138.678,13475.70686,0
1789502400000000,97.18,97.33,97.09,97.21,51.791,1789505999999999,5036.7151,76,25.734,2501.79692,0
1789506000000000,97.2,97.2,96.93,97.0,177.051,1789509599999999,17175.88333,212,100.921,9791.02307,0
1789509600000000,96.97,97.16,96.97,97.07,23.656,1789513199999999,2297.22294,58,2.354,228.52679,0
1789513200000000,97.11,97.15,97.03,97.13,22.571,1789516799999999,2192.16439,123,12.964,1259.10037,0
1789516800000000,97.14,97.51,97.12,97.31,131.354,1789520399999999,12793.85359,223,60.974,5934.95672,0
1789520400000000,97.3,97.3,96.59,96.61,274.876,1789523999999999,26643.58003,284,9.001,874.95449,0
1789524000000000,96.92,97.43,96.76,97.39,221.728,1789527599999999,21572.4177,98,166.381,16194.68605,0
1789527600000000,97.39,98.08,97.39,98.0,123.304,1789531199999999,12066.55756,74,115.618,11314.43193,0
1789531200000000,98.08,98.3,97.87,98.08,121.607,1789534799999999,11927.00405,103,99.298,9739.63945,0
1789534800000000,98.1,100.92,97.99,100.68,2315.468,1789538399999999,230470.57044,1298,1463.982,145829.87987,0
1789538400000000,100.65,101.31,100.42,101.13,867.224,1789541999999999,87429.81696,831,698.645,70453.53343,0
1789542000000000,101.08,102.06,101.04,101.92,682.112,1789545599999999,69314.92703,714,367.683,37358.4951,0
1789545600000000,101.94,102.89,101.7,102.33,893.841,1789549199999999,91377.24322,469,484.856,49552.8897,0
1789549200000000,102.3,102.3,101.44,102.11,525.513,1789552799999999,53518.27176,222,272.113,27723.69013,0
1789552800000000,102.01,102.01,99.7,100.83,3483.397,1789556399999999,350031.16067,1057,1212.367,121833.18983,0
1789556400000000,100.73,100.91,99.74,100.15,1460.591,1789559999999999,146186.09614,425,217.541,21811.90741,0
1789560000000000,100.12,101.03,99.93,100.84,417.828,1789563599999999,41992.60267,499,272.592,27397.34617,0
1789563600000000,100.78,104.45,100.41,101.45,3140.247,1789567199999999,321238.91276,2533,1734.299,177733.58536,0
1789567200000000,101.42,102.01,101.28,101.66,646.921,1789570799999999,65717.03681,757,365.864,37194.02732,0
1789570800000000,101.71,102.61,101.09,102.32,314.421,1789574399999999,32071.12497,628,66.0,6732.34543,0
1789574400000000,102.33,102.51,101.63,101.79,650.067,1789577999999999,66457.04641,500,392.639,40161.75595,0
1789578000000000,101.79,102.34,101.3,102.21,314.744,1789581599999999,32051.25681,307,129.007,13124.6233,0
1789581600000000,102.25,102.8,101.06,101.35,1249.832,1789585199999999,127713.82414,1583,620.504,63560.23494,0
1789585200000000,101.33,101.72,99.44,101.16,1031.131,1789588799999999,103427.95636,1437,473.853,47583.08201,0
1789588800000000,101.17,101.54,101.0,101.37,92.769,1789592399999999,9393.53612,252,33.722,3413.76393,0
1789592400000000,101.38,102.05,101.28,101.81,142.186,1789595999999999,14427.82115,357,32.962,3346.63092,0
1789596000000000,101.79,102.53,101.6,102.22,167.178,1789599599999999,17065.62508,301,64.45,6587.43886,0
1789599600000000,102.24,102.77,102.24,102.71,450.258,1789603199999999,46177.65931,455,398.444,40864.18474,0
1789603200000000,102.7,102.9,102.31,102.81,80.906,1789606799999999,8306.90797,131,20.01,2053.24169,0
1789606800000000,102.65,102.95,102.37,102.42,330.444,1789610399999999,33945.81007,157,34.12,3503.57326,0
1789610400000000,102.46,102.56,102.07,102.42,165.922,1789613999999999,16978.19519,117,38.394,3926.97972,0
1789614000000000,102.52,102.8,102.51,102.78,106.572,1789617599999999,10934.15734,90,64.934,6661.19151,0
1789617600000000,102.81,102.83,102.48,102.67,20.927,1789621199999999,2146.903,29,13.923,1428.17822,0
1789621200000000,102.63,102.63,101.97,101.99,227.599,1789624799999999,23259.96444,247,190.036,19424.70339,0
1789624800000000,102.08,102.34,101.93,102.26,94.188,1789628399999999,9625.87072,76,41.745,4266.5169,0
1789628400000000,102.41,102.88,102.41,102.67,89.075,1789631999999999,9155.23538,67,73.34,7540.00273,0
1789632000000000,102.7,103.42,102.46,103.22,398.646,1789635599999999,41150.18964,556,130.428,13463.51125,0
1789635600000000,103.2,103.65,103.2,103.58,112.483,1789639199999999,11633.25699,246,76.327,7892.45964,0
1789639200000000,103.52,104.03,103.44,103.76,388.276,1789642799999999,40271.01525,455,112.718,11697.76816,0
1789642800000000,103.78,104.49,103.7,104.4,452.811,1789646399999999,47147.80176,541,105.979,11035.71732,0
1789646400000000,104.41,104.84,104.08,104.46,225.888,1789649999999999,23613.5315,356,122.109,12767.91095,0
1789650000000000,104.45,109.48,104.39,109.22,4730.255,1789653599999999,502135.39855,3067,2081.585,221379.31868,0
1789653600000000,109.22,110.13,107.67,110.02,4605.793,1789657199999999,504604.75413,1922,1271.009,139071.3585,0
1789657200000000,110.06,110.94,109.51,110.91,3056.479,1789660799999999,336782.61695,1238,1544.211,170256.03066,0
1789660800000000,110.93,111.31,110.66,111.23,843.978,1789664399999999,93681.53274,608,400.43,44453.8434,0
1789664400000000,111.25,111.42,110.85,110.97,668.702,1789667999999999,74281.88428,408,160.243,17807.98174,0
1789668000000000,110.95,110.99,110.32,110.64,1009.092,1789671599999999,111693.60625,407,172.464,19079.91243,0
1789671600000000,110.66,110.71,108.87,108.87,707.523,1789675199999999,77516.65132,345,359.574,39383.80819,0
1789675200000000,108.83,109.44,108.68,109.34,277.364,1789678799999999,30241.57035,279,167.583,18258.02352,0
1789678800000000,109.36,109.97,109.36,109.81,80.548,1789682399999999,8848.43135,144,59.778,6567.72771,0
1789682400000000,109.77,109.77,108.87,109.18,165.594,1789685999999999,18065.04131,204,28.844,3149.3617,0
1789686000000000,109.21,109.7,109.15,109.54,156.825,1789689599999999,17147.7193,184,39.516,4328.99819,0
1789689600000000,109.57,109.69,108.94,109.15,142.192,1789693199999999,15546.70457,180,90.14,9859.93675,0
1789693200000000,109.11,109.3,108.88,109.28,134.377,1789696799999999,14663.37766,94,79.178,8640.07259,0
1789696800000000,109.27,109.69,109.14,109.55,144.706,1789700399999999,15842.95726,251,39.033,4271.77487,0
1789700400000000,109.55,110.57,109.54,110.33,572.344,1789703999999999,63031.96856,428,150.604,16579.74566,0
1789704000000000,110.45,110.93,110.29,110.86,727.665,1789707599999999,80504.12603,313,186.002,20573.85522,0
1789707600000000,110.86,111.04,110.66,110.71,501.308,1789711199999999,55592.00612,419,230.956,25615.88428,0
1789711200000000,110.79,111.87,110.79,111.85,515.78,1789714799999999,57466.47127,330,328.147,36573.68341,0
1789714800000000,111.81,112.28,111.7,111.79,484.129,1789718399999999,54210.68154,372,379.054,42444.87142,0
1789718400000000,111.83,112.63,111.7,111.75,826.981,1789721999999999,92589.75914,978,450.293,50348.5819,0
1789722000000000,111.75,111.75,111.06,111.42,200.604,1789725599999999,22347.7546,441,132.05,14710.57327,0
1789725600000000,111.4,112.24,111.4,111.68,355.675,1789729199999999,39816.98782,418,126.277,14125.59119,0
1789729200000000,111.77,111.78,109.64,110.19,1081.172,1789732799999999,119264.71097,530,203.897,22558.1312,0
1789732800000000,110.24,110.24,109.44,109.52,1017.344,1789736399999999,111681.09123,927,470.865,51656.7243,0
1789736400000000,109.53,110.5,108.61,109.09,7670.104,1789739999999999,839701.31063,2705,4957.691,542069.6218,0
1789740000000000,109.12,109.23,107.26,107.3,1978.867,1789743599999999,214261.50638,1255,864.341,93531.39387,0
1789743600000000,107.26,107.67,106.86,107.14,1625.912,1789747199999999,174484.35883,1027,415.822,44599.09559,0
1789747200000000,107.18,107.38,106.6,106.94,1921.108,1789750799999999,205553.60251,819,1170.922,125295.4538,0
1789750800000000,106.95,107.23,106.8,106.97,3040.929,1789754399999999,325569.10115,763,2533.356,271236.82958,0
1789754400000000,107.0,107.09,106.45,107.06,1384.625,1789757999999999,147847.36541,386,936.078,99940.18058,0
1789758000000000,107.16,109.12,106.92,108.68,3227.09,1789761599999999,349355.20998,1275,1845.346,199886.6346,0
1789761600000000,108.61,109.23,108.48,108.96,301.979,1789765199999999,32858.16491,514,111.219,12110.10947,0
1789765200000000,108.95,109.03,108.88,108.88,245.707,1789768799999999,26761.09681,179,56.933,6202.08321,0
1789768800000000,108.88,108.98,108.87,108.95,148.574,1789772399999999,16184.78912,99,54.966,5988.03419,0
1789772400000000,108.94,109.08,108.93,109.08,222.123,1789775999999999,24212.47949,168,79.114,8623.19956,0
1789776000000000,109.08,109.28,108.96,109.08,192.975,1789779599999999,21052.02254,114,53.771,5865.01032,0
1789779600000000,109.07,109.07,108.59,108.59,129.73,1789783199999999,14110.30578,98,37.303,4056.85806,0
1789783200000000,108.6,108.68,108.53,108.65,262.116,1789786799999999,28472.34963,146,33.55,3644.39836,0
1789786800000000,108.65,108.71,108.51,108.56,75.512,1789790399999999,8201.97399,200,50.244,5458.7322,0
1789790400000000,108.55,108.69,108.55,108.58,40.691,1789793999999999,4418.74357,54,29.969,3254.29992,0
1789794000000000,108.57,108.67,108.49,108.49,44.221,1789797599999999,4803.59508,42,40.487,4398.12438,0
1789797600000000,108.49,108.5,108.35,108.44,36.277,1789801199999999,3932.46947,42,13.545,1468.04823,0
1789801200000000,108.5,108.52,108.41,108.51,34.531,1789804799999999,3745.11317,26,25.99,2818.98644,0
1789804800000000,108.6,108.65,108.48,108.48,212.368,1789808399999999,23047.87942,287,115.135,12495.13198,0
1789808400000000,108.49,108.52,108.45,108.47,30.449,1789811999999999,3302.64959,17,10.32,1119.40214,0
1789812000000000,108.5,108.53,108.47,108.49,93.887,1789815599999999,10186.47859,27,1.993,216.293,0
1789815600000000,108.48,108.54,108.48,108.5,228.968,1789819199999999,24843.05868,163,51.336,5569.94878,0
1789819200000000,108.51,108.6,108.5,108.5,311.709,1789822799999999,33828.97121,142,91.385,9922.70821,0
1789822800000000,108.6,108.65,108.48,108.48,51.544,1789826399999999,5595.8392,40,34.48,3743.03725,0
1789826400000000,108.49,108.53,108.43,108.46,41.149,1789829999999999,4462.8983,43,2.41,261.52044,0
1789830000000000,108.46,108.7,108.46,108.65,152.838,1789833599999999,16605.08422,80,140.543,15269.25184,0
1789833600000000,108.7,108.81,108.7,108.77,46.648,1789837199999999,5074.12181,30,22.177,2412.41398,0
1789837200000000,108.71,109.41,108.71,109.39,642.473,1789840799999999,70124.53083,340,573.303,62583.66167,0
1789840800000000,109.48,109.49,109.16,109.39,279.65,1789844399999999,30575.00877,409,57.531,6289.85265,0
1789844400000000,109.41,109.47,109.4,109.46,18.234,1789847999999999,1995.33226,40,12.406,1357.60951,0
1789848000000000,109.45,109.55,109.45,109.55,12.656,1789851599999999,1385.8508,44,10.657,1167.05333,0
1789851600000000,109.58,109.76,109.55,109.76,135.135,1789855199999999,14823.56189,73,14.063,1542.35989,0
1789855200000000,109.73,109.73,109.49,109.49,39.009,1789858799999999,4274.00731,34,16.333,1788.90733,0
1789858800000000,109.57,110.01,109.57,110.01,130.398,1789862399999999,14321.31003,163,66.518,7303.88861,0
1789862400000000,110.0,110.02,109.52,109.53,108.97,1789865999999999,11961.71894,118,39.692,4357.58898,0
1789866000000000,109.52,110.08,109.46,110.08,165.112,1789869599999999,18099.64155,172,95.758,10503.37273,0
1789869600000000,110.08,110.89,109.1,109.27,2365.942,1789873199999999,260645.46476,1844,1166.363,128227.98261,0
1789873200000000,109.25,110.01,108.99,109.72,837.402,1789876799999999,91685.69842,346,511.663,56019.43805,0
1789876800000000,109.8,109.89,109.32,109.36,139.764,1789880399999999,15309.61852,65,39.9,4371.96384,0
1789880400000000,109.39,110.02,109.39,109.83,904.863,1789883999999999,99389.68923,382,499.973,54944.09057,0
1789884000000000,109.84,109.92,109.7,109.92,65.712,1789887599999999,7215.2333,65,41.714,4580.01212,0
1789887600000000,109.93,109.98,109.84,109.84,16.64,1789891199999999,1829.29699,32,4.403,484.00719,0
1789891200000000,109.78,110.01,109.78,109.84,70.552,1789894799999999,7753.71897,35,37.758,4149.46518,0
1789894800000000,109.89,110.12,109.89,110.12,71.639,1789898399999999,7880.18745,60,15.073,1658.50738,0
1789898400000000,110.03,110.09,109.84,109.97,39.334,1789901999999999,4325.75957,24,30.485,3352.8483,0
1789902000000000,110.04,110.43,109.99,110.43,230.796,1789905599999999,25455.55941,76,197.354,21768.91811,0
1789905600000000,110.38,110.38,109.56,109.86,177.675,1789909199999999,19530.376,65,94.707,10405.32411,0
1789909200000000,109.93,110.02,109.88,109.88,53.092,1789912799999999,5836.24314,28,24.486,2691.73725,0
1789912800000000,109.87,109.87,109.67,109.83,147.076,1789916399999999,16150.03513,76,97.447,10702.80874,0
1789916400000000,109.83,110.46,109.81,110.46,192.814,1789919999999999,21230.29577,115,158.516,17449.71953,0
1789920000000000,110.39,110.92,110.36,110.81,321.13,1789923599999999,35564.29417,191,223.561,24762.86866,0
1789923600000000,110.88,111.48,110.79,110.86,450.449,1789927199999999,50020.51031,224,301.01,33425.26849,0
1789927200000000,110.83,110.88,110.64,110.87,113.543,1789930799999999,12578.40459,227,50.866,5635.67849,0
1789930800000000,110.88,111.07,110.88,111.07,47.714,1789934399999999,5294.35425,64,37.983,4214.71107,0
1789934400000000,111.07,112.49,111.07,111.96,494.511,1789937999999999,55352.65286,592,324.746,36356.8209,0
1789938000000000,112.0,112.07,111.11,111.21,308.325,1789941599999999,34372.12488,1064,148.679,16592.22548,0
1789941600000000,111.16,112.06,110.99,111.92,679.872,1789945199999999,75763.07644,645,192.822,21520.17131,0
1789945200000000,111.88,111.91,111.56,111.75,576.514,1789948799999999,64447.42439,318,390.056,43605.50376,0
1789948800000000,111.81,113.27,111.25,113.21,3592.318,1789952399999999,405171.10884,2524,1127.163,127013.12752,0
1789952400000000,113.19,113.19,112.49,112.65,2056.845,1789955999999999,232194.42558,1700,1288.558,145429.28803,0
1789956000000000,112.61,113.14,112.61,112.92,2808.964,1789959599999999,317216.1087,2363,2183.013,246508.77892,0
1789959600000000,112.94,113.05,112.68,113.0,1114.891,1789963199999999,125863.41342,566,664.912,75073.08543,0
1789963200000000,113.03,114.03,112.88,113.87,1622.743,1789966799999999,184090.2082,1583,1120.262,127090.61372,0
1789966800000000,113.86,114.72,113.78,113.98,1588.44,1789970399999999,181425.70694,1158,935.397,106810.98828,0
1789970400000000,114.05,114.54,113.63,114.11,1879.387,1789973999999999,214753.2494,906,1566.162,179041.8456,0
1789974000000000,114.12,114.47,113.8,114.44,3172.785,1789977599999999,362001.58324,1358,1359.712,155128.00378,0
1789977600000000,114.42,115.0,114.05,114.62,2230.5,1789981199999999,255571.23755,1348,774.933,88802.11814,0
1789981200000000,114.57,115.43,114.5,115.03,2040.131,1789984799999999,234532.46142,594,1269.585,146108.87954,0
1789984800000000,114.99,115.25,114.72,114.75,1104.984,1789988399999999,127125.90271,264,624.514,71841.80655,0
1789988400000000,114.75,115.08,114.02,114.34,1158.845,1789991999999999,132520.4234,493,519.915,59407.99767,0
1789992000000000,114.36,115.24,114.36,114.96,880.064,1789995599999999,101099.31373,315,342.731,39352.80464,0
1789995600000000,114.93,119.41,114.84,118.64,5308.891,1789999199999999,620277.90356,3477,2620.691,305746.81624,0
1789999200000000,118.6,122.32,117.85,122.29,5267.098,1790002799999999,634435.90913,3088,3007.992,362539.99539,0
1790002800000000,122.33,124.65,122.2,123.87,2506.205,1790006399999999,310017.71825,1559,951.361,117700.19278,0
1790006400000000,123.88,124.0,122.41,122.57,5657.124,1790009999999999,696882.32074,1809,2515.787,309964.95497,0
1790010000000000,122.52,122.59,121.16,121.57,1190.427,1790013599999999,144967.36971,987,499.823,60936.01583,0
1790013600000000,121.59,121.89,121.02,121.47,295.237,1790017199999999,35867.23827,808,109.632,13316.01656,0
1790017200000000,121.42,122.54,120.9,121.74,824.361,1790020799999999,100374.50975,1063,247.267,30075.62336,0
1790020800000000,121.74,122.05,121.43,121.82,140.542,1790024399999999,17099.42667,294,79.711,9699.65364,0
1790024400000000,121.79,122.24,121.71,122.07,580.55,1790027999999999,70834.43995,507,491.895,60021.45262,0
1790028000000000,122.07,123.29,122.06,123.01,448.86,1790031599999999,55152.87072,457,352.16,43280.49074,0
1790031600000000,123.02,123.83,123.02,123.82,346.639,1790035199999999,42754.22812,411,139.623,17221.54379,0
1790035200000000,123.77,124.63,123.36,123.67,929.308,1790038799999999,115241.70125,1017,355.985,44173.95893,0
1790038800000000,123.67,123.67,122.22,122.42,801.203,1790042399999999,98611.18764,761,173.169,21311.80849,0
1790042400000000,122.62,123.28,122.62,123.2,154.204,1790045999999999,18953.19193,196,73.833,9080.46436,0
1790046000000000,123.18,123.18,122.64,122.64,1754.214,1790049599999999,215981.0829,1379,85.982,10576.26547,0
1790049600000000,122.65,122.75,120.45,120.51,575.986,1790053199999999,69731.78547,639,146.23,17747.0558,0
1790053200000000,120.56,121.29,119.7,120.8,640.183,1790056799999999,77038.95115,734,291.869,35139.44725,0
1790056800000000,120.78,121.05,119.94,120.9,646.489,1790060399999999,77822.44907,639,269.541,32424.84988,0
1790060400000000,120.95,121.29,120.61,121.23,384.54,1790063999999999,46531.68225,310,278.673,33724.22207,0
1790064000000000,121.3,121.3,119.26,121.11,497.373,1790067599999999,59979.57931,932,193.061,23264.35098,0
1790067600000000,121.08,122.23,120.84,122.14,599.846,1790071199999999,72714.45186,1153,433.487,52544.99997,0
1790071200000000,122.14,122.51,121.72,122.13,135.169,1790074799999999,16508.77338,352,67.634,8263.7823,0
1790074800000000,122.06,122.25,120.24,120.25,210.118,1790078399999999,25414.34216,547,85.276,10304.00783,0
1790078400000000,120.26,120.62,119.87,120.08,273.649,1790081999999999,32893.8909,386,142.278,17105.98937,0
1790082000000000,120.14,122.36,119.39,121.59,3000.022,1790085599999999,364161.37978,1678,721.957,86953.23838,0
1790085600000000,121.68,122.78,121.25,121.46,4458.851,1790089199999999,545416.50271,1732,988.831,120791.86782,0
1790089200000000,121.49,122.48,121.28,122.03,1513.411,1790092799999999,184397.09336,561,1339.633,163220.59845,0
1790092800000000,121.97,122.03,121.15,121.47,1384.987,1790096399999999,168337.69006,575,1157.698,140735.58821,0
1790096400000000,121.47,122.32,121.46,121.91,1071.779,1790099999999999,130575.79739,628,883.006,107593.62958,0
1790100000000000,121.86,123.23,121.13,122.78,1994.584,1790103599999999,244023.28358,754,1289.237,157994.17806,0
1790103600000000,122.9,124.07,122.67,123.85,1006.742,1790107199999999,124248.58397,555,782.761,96623.72315,0
1790107200000000,123.81,123.95,123.37,123.49,142.535,1790110799999999,17623.61981,80,108.865,13464.58561,0
1790110800000000,123.51,123.54,123.27,123.32,167.516,1790114399999999,20677.0105,88,78.067,9639.07188,0
1790114400000000,123.35,123.98,123.35,123.82,177.584,1790117999999999,21973.0339,122,143.176,17715.45813,0
1790118000000000,123.78,124.21,123.78,124.21,295.404,1790121599999999,36606.94388,126,258.094,31983.37499,0
1790121600000000,124.21,124.34,123.49,123.56,179.423,1790125199999999,22241.06575,194,85.459,10602.42858,0
1790125200000000,123.62,124.29,123.4,123.44,18901.517,1790128799999999,2346542.35477,3161,3209.65,397824.76479,0
1790128800000000,123.46,123.51,122.96,123.36,381.092,1790132399999999,46997.12393,199,181.624,22396.08171,0
1790132400000000,123.35,123.8,123.13,123.57,133.656,1790135999999999,16527.12811,223,91.095,11269.4578,0
1790136000000000,123.59,124.51,123.57,124.06,387.755,1790139599999999,48128.82879,153,351.256,43594.77943,0
1790139600000000,124.05,124.17,123.69,123.92,510.525,1790143199999999,63268.07053,186,177.781,22055.87261,0
1790143200000000,123.81,124.57,123.81,124.3,453.674,1790146799999999,56273.58486,135,427.705,53050.87603,0
1790146800000000,124.3,124.4,124.03,124.18,617.768,1790150399999999,76720.38396,181,570.122,70800.28988,0
1790150400000000,124.25,124.33,123.4,123.65,4357.836,1790153999999999,540903.69508,629,1399.067,173473.73638,0
1790154000000000,123.69,123.76,123.35,123.35,139.464,1790157599999999,17235.48553,189,51.8,6404.83705,0
1790157600000000,123.33,123.81,123.3,123.7,273.124,1790161199999999,33743.60162,221,175.141,21632.8663,0
1790161200000000,123.65,123.65,122.22,122.7,331.334,1790164799999999,40668.63114,325,178.421,21897.11667,0
1790164800000000,122.7,122.77,121.91,122.77,389.8,1790168399999999,47701.66057,296,263.482,32263.91489,0
1790168400000000,122.65,124.41,120.93,121.32,1424.251,1790171999999999,174838.14792,991,876.81,107719.18207,0
1790172000000000,121.56,121.89,119.5,120.72,10656.03,1790175599999999,1287238.02061,2344,3240.726,390483.16194,0
1790175600000000,120.77,121.41,120.27,120.27,2262.095,1790179199999999,273946.46057,513,1562.92,189233.64816,0
1790179200000000,120.25,120.76,120.0,120.25,537.225,1790182799999999,64656.43935,303,442.549,53264.4936,0
1790182800000000,120.35,120.87,119.81,120.87,1719.126,1790186399999999,206675.39288,697,1518.62,182585.02176,0
1790186400000000,120.83,121.19,120.61,121.17,613.309,1790189999999999,74166.91666,219,560.907,67833.33571,0
1790190000000000,121.19,122.68,120.94,122.68,2453.607,1790193599999999,298932.22344,666,2099.291,255762.01546,0
1790193600000000,122.58,123.0,122.22,122.29,495.327,1790197199999999,60787.92125,306,386.851,47494.35233,0
1790197200000000,122.29,122.49,122.29,122.42,108.5,1790200799999999,13278.90656,77,68.616,8400.00152,0
1790200800000000,122.49,122.8,122.37,122.49,167.204,1790204399999999,20503.25113,240,108.784,13339.69678,0
1790204400000000,122.49,122.79,122.23,122.23,150.566,1790207999999999,18461.57017,111,101.581,12461.45935,0
1790208000000000,122.2,122.37,121.46,121.69,221.414,1790211599999999,27003.31818,212,105.865,12901.70649,0
1790211600000000,121.69,122.29,121.69,121.89,300.082,1790215199999999,36634.97767,265,180.189,21994.76043,0
1790215200000000,122.0,122.07,121.64,122.07,306.41,1790218799999999,37310.54469,95,34.914,4251.20543,0
1790218800000000,122.04,122.04,121.48,121.65,53.213,1790222399999999,6476.5572,37,35.723,4346.76011,0
1790222400000000,121.55,121.55,121.1,121.45,107.368,1790225999999999,13026.65807,67,47.973,5820.17955,0
1790226000000000,121.76,122.13,121.22,121.22,187.065,1790229599999999,22811.87867,79,169.999,20732.60083,0
1790229600000000,121.05,121.23,120.4,120.45,122.961,1790233199999999,14858.57533,101,81.202,9806.2943,0
1790233200000000,120.42,121.45,120.26,121.1,239.991,1790236799999999,29086.05223,221,119.412,14470.99265,0
1790236800000000,121.11,121.21,118.04,118.52,1425.571,1790240399999999,169610.55019,1007,830.558,98857.43141,0
1790240400000000,118.53,118.67,117.75,118.45,498.857,1790243999999999,58936.87584,815,152.16,18010.04974,0
1790244000000000,118.49,119.28,118.28,119.05,313.004,1790247599999999,37151.01283,461,166.781,19791.22092,0
1790247600000000,119.07,119.69,118.79,119.08,188.012,1790251199999999,22422.49183,399,121.404,14484.50494,0
1790251200000000,119.03,119.48,118.66,119.18,362.605,1790254799999999,43160.96934,409,269.092,32027.12527,0
1790254800000000,119.2,125.88,119.2,124.11,3934.771,1790258399999999,481582.84065,2259,2830.323,346220.99292,0
1790258400000000,124.31,125.79,123.52,124.2,695.484,1790261999999999,86456.69506,719,373.768,46472.55746,0
1790262000000000,124.2,124.85,122.36,122.82,2442.491,1790265599999999,300690.19247,919,1873.269,230670.89496,0
1790265600000000,122.76,125.74,122.24,125.74,1490.016,1790269199999999,185359.04825,989,1163.028,144540.76365,0
1790269200000000,125.76,126.31,124.93,125.17,1489.545,1790272799999999,186800.96443,762,1025.263,128471.84563,0
1790272800000000,125.13,126.61,124.19,126.49,850.094,1790276399999999,106728.51881,671,459.219,57681.35033,0
1790276400000000,126.46,127.44,126.04,127.37,605.224,1790279999999999,76779.02945,719,296.596,37625.97525,0
1790280000000000,127.35,127.61,126.93,127.33,310.234,1790283599999999,39500.73072,334,239.113,30447.3262,0
1790283600000000,127.33,127.69,127.08,127.45,533.573,1790287199999999,67936.64878,565,283.565,36113.13999,0
1790287200000000,127.46,127.56,127.11,127.4,121.533,1790290799999999,15482.1763,176,66.651,8490.67344,0
1790290800000000,127.43,127.46,126.94,126.98,1150.501,1790294399999999,146287.40798,1255,43.175,5495.6955,0
1790294400000000,126.98,127.44,126.85,127.18,1000.757,1790297999999999,127232.39002,2285,268.307,34114.9312,0
1790298000000000,127.19,129.02,127.04,128.64,388.284,1790301599999999,49836.09616,438,227.122,29152.2812,0
1790301600000000,128.75,129.01,128.29,128.54,268.246,1790305199999999,34499.46862,240,100.148,12879.88692,0
1790305200000000,128.58,128.99,127.97,128.33,387.692,1790308799999999,49854.22602,312,46.233,5943.38686,0
1790308800000000,128.29,128.77,128.16,128.54,151.186,1790312399999999,19428.6498,123,129.989,16706.6092,0
1790312400000000,128.56,129.41,128.53,129.29,249.693,1790315999999999,32144.93657,460,170.172,21905.21273,0
1790316000000000,129.19,129.98,129.19,129.45,270.522,1790319599999999,35096.05129,774,251.011,32567.83047,0
1790319600000000,129.43,129.89,129.25,129.57,259.978,1790323199999999,33714.59731,220,100.392,13019.00714,0
1790323200000000,129.51,130.28,129.15,129.87,431.553,1790326799999999,56026.32583,838,172.107,22355.15003,0
1790326800000000,129.83,130.02,129.32,129.51,691.116,1790330399999999,89533.72745,794,173.796,22517.38815,0
1790330400000000,129.45,129.56,129.03,129.1,595.919,1790333999999999,77071.43616,689,35.307,4566.07685,0
1790334000000000,129.08,129.23,128.31,128.64,438.162,1790337599999999,56448.99863,731,110.918,14297.32459,0
1790337600000000,128.62,128.92,127.43,127.78,600.277,1790341199999999,76863.59562,716,269.702,34557.5237,0
1790341200000000,127.76,128.41,124.77,125.52,2002.97,1790344799999999,252788.3058,1508,1124.624,141702.25723,0
1790344800000000,125.66,125.71,123.69,124.32,1475.045,1790348399999999,184197.41781,1587,445.929,55714.80543,0
1790348400000000,124.33,124.76,122.96,123.68,603.438,1790351999999999,74712.33186,472,393.677,48684.1184,0
1790352000000000,123.75,124.8,123.49,124.32,502.344,1790355599999999,62354.27961,560,354.348,43997.81466,0
1790355600000000,124.35,124.88,124.17,124.17,441.091,1790359199999999,54921.94705,260,222.565,27722.86218,0
1790359200000000,124.3,124.74,124.08,124.54,155.63,1790362799999999,19369.90161,142,100.87,12554.48808,0
1790362800000000,124.56,125.01,122.97,123.0,1404.29,1790366399999999,173624.37224,817,746.868,92417.32223,0
1790366400000000,123.1,123.15,122.86,123.08,60.424,1790369999999999,7435.61529,68,47.806,5883.41874,0
1790370000000000,123.1,123.38,122.97,123.2,491.592,1790373599999999,60551.31025,291,406.356,50048.93645,0
1790373600000000,123.17,123.29,123.15,123.22,135.025,1790377199999999,16636.95861,130,104.762,12907.97725,0
1790377200000000,123.2,123.24,122.98,122.98,46.672,1790380799999999,5745.56761,53,8.183,1008.19846,0
1790380800000000,123.05,123.31,122.03,122.04,269.019,1790384399999999,32984.52551,460,53.794,6600.03106,0
1790384400000000,122.14,122.85,122.14,122.8,154.441,1790387999999999,18910.08814,134,98.092,12013.71924,0
1790388000000000,122.8,122.95,122.66,122.82,165.03,1790391599999999,20270.2855,162,63.53,7803.77427,0
1790391600000000,122.87,122.87,122.54,122.54,73.901,1790395199999999,9070.05153,78,16.943,2079.3842,0
1790395200000000,122.63,122.97,122.49,122.87,149.237,1790398799999999,18314.091,135,94.866,11644.87816,0
1790398800000000,123.03,123.17,122.93,123.0,834.58,1790402399999999,102664.68638,444,104.861,12907.06817,0
1790402400000000,123.0,123.01,123.0,123.0,438.665,1790405999999999,53956.14644,96,35.144,4323.06344,0
1790406000000000,123.01,123.04,123.0,123.0,51.393,1790409599999999,6321.87956,37,35.469,4363.04618,0
1790409600000000,123.0,123.01,123.0,123.01,403.313,1790413199999999,49608.20089,109,65.599,8069.33299,0
1790413200000000,123.27,123.39,123.0,123.16,138.88,1790416799999999,17096.18056,173,84.186,10366.82348,0
1790416800000000,123.2,123.38,123.18,123.29,21.922,1790420399999999,2702.64852,30,11.485,1416.08844,0
1790420400000000,123.31,123.37,123.04,123.3,598.178,1790423999999999,73682.63631,92,10.135,1249.74196,0
1790424000000000,123.32,123.32,123.15,123.17,102.206,1790427599999999,12594.31357,23,12.718,1567.44933,0
1790427600000000,123.09,123.09,122.96,123.04,23.576,1790431199999999,2900.95081,39,18.005,2215.70828,0
1790431200000000,123.01,123.31,122.99,123.28,70.987,1790434799999999,8746.39033,116,59.77,7364.37389,0
1790434800000000,123.27,123.33,123.0,123.05,76.055,1790438399999999,9367.47715,146,67.36,8297.14146,0
1790438400000000,123.05,123.06,123.01,123.04,22.278,1790441999999999,2740.90593,39,22.18,2728.84842,0
1790442000000000,123.02,123.02,122.9,122.94,119.416,1790445599999999,14685.42394,209,106.167,13056.19154,0
1790445600000000,122.91,122.93,122.67,122.73,74.305,1790449199999999,9126.86423,113,59.834,7350.05944,0
1790449200000000,122.76,122.79,122.67,122.79,9.769,1790452799999999,1198.59308,23,1.757,215.59766,0
1790452800000000,122.84,122.84,122.66,122.66,5.496,1790456399999999,674.175,4,5.298,649.85268,0
1790456400000000,122.79,123.0,122.79,123.0,26.182,1790459999999999,3217.9356,21,23.726,2916.16892,0
1790460000000000,123.0,123.23,123.0,123.23,5.175,1790463599999999,637.36652,9,4.238,521.98028,0
1790463600000000,123.23,123.34,123.14,123.34,74.734,1790467199999999,9212.86116,110,63.272,7799.58459,0
1790467200000000,123.39,123.94,123.28,123.64,117.99,1790470799999999,14590.59807,156,87.706,10847.43327,0
1790470800000000,123.62,124.36,123.6,123.69,444.508,1790474399999999,55112.34584,863,195.027,24183.56965,0
1790474400000000,123.67,124.05,123.39,123.99,3955.971,1790477999999999,490137.60944,997,1304.701,161471.40142,0
1790478000000000,123.91,123.94,123.64,123.78,672.398,1790481599999999,83269.88038,345,142.545,17645.90304,0
1790481600000000,123.75,123.81,123.62,123.75,30.833,1790485199999999,3813.67609,49,19.905,2461.79567,0
1790485200000000,123.74,123.98,123.71,123.93,58.138,1790488799999999,7199.68827,61,4.652,576.12231,0
1790488800000000,123.89,124.72,123.87,124.38,1085.577,1790492399999999,134915.33988,448,396.274,49268.14597,0
1790492400000000,124.36,125.15,124.31,125.15,174.866,1790495999999999,21829.38689,207,97.391,12164.62222,0
1790496000000000,125.18,125.96,125.04,125.65,374.251,1790499599999999,46980.43844,181,268.701,33736.67653,0
1790499600000000,125.64,126.32,125.59,126.16,359.95,1790503199999999,45326.04053,203,168.996,21267.55505,0
1790503200000000,126.16,126.94,125.69,125.77,598.244,1790506799999999,75532.22004,404,239.507,30249.83997,0
1790506800000000,125.8,125.97,125.67,125.82,110.329,1790510399999999,13881.68226,90,29.273,3683.10353,0
1790510400000000,125.86,125.86,125.72,125.77,60.097,1790513999999999,7558.14525,14,0.885,111.37531,0
1790514000000000,125.66,125.66,125.11,125.41,302.692,1790517599999999,37928.20461,189,82.459,10329.39902,0
1790517600000000,125.32,125.34,124.59,124.72,207.044,1790521199999999,25846.12933,101,64.591,8060.09672,0
1790521200000000,124.68,125.05,124.59,124.98,226.996,1790524799999999,28332.19507,146,49.735,6208.58573,0
1790524800000000,125.18,125.49,125.18,125.29,148.862,1790528399999999,18665.24616,93,45.916,5757.05655,0
1790528400000000,125.3,125.56,125.3,125.56,4.71,1790531999999999,591.18156,25,3.47,435.57299,0
1790532000000000,125.57,125.87,125.57,125.63,11.988,1790535599999999,1506.97549,21,10.978,1380.02303,0
1790535600000000,125.61,125.78,125.6,125.76,29.096,1790539199999999,3657.01286,41,26.641,3348.34061,0
1790539200000000,125.7,125.86,125.56,125.56,21.355,1790542799999999,2685.59652,50,8.027,1009.99123,0
1790542800000000,125.72,125.73,125.03,125.03,33.688,1790546399999999,4220.88181,43,9.854,1233.09884,0
1790546400000000,125.0,125.0,123.48,123.69,469.815,1790549999999999,58381.23861,290,325.715,40470.3592,0
1790550000000000,123.8,123.83,123.11,123.28,363.673,1790553599999999,44835.59128,789,227.8,28082.11445,0
1790553600000000,123.28,124.22,121.7,121.78,960.956,1790557199999999,118298.53321,934,514.372,63373.77605,0
1790557200000000,121.81,122.19,120.5,120.66,610.706,1790560799999999,74078.50882,588,328.325,39860.99108,0
1790560800000000,120.66,121.06,118.84,119.01,1456.928,1790564399999999,174866.34672,1211,827.03,99322.04596,0
1790564400000000,119.12,120.02,119.08,119.08,814.906,1790567999999999,97289.07848,548,210.62,25184.22256,0
1790568000000000,119.12,119.6,119.12,119.6,188.458,1790571599999999,22502.91169,152,121.729,14538.09154,0
1790571600000000,119.56,119.91,118.33,118.47,1003.072,1790575199999999,119446.00223,614,403.427,48130.48145,0
1790575200000000,118.64,119.38,118.42,119.19,1704.24,1790578799999999,202048.68832,1216,1215.41,144081.79638,0
1790578800000000,119.22,119.25,118.8,119.13,143.026,1790582399999999,17031.14251,200,82.12,9782.34944,0
1790582400000000,119.15,119.66,118.25,118.29,596.863,1790585999999999,70850.27547,894,172.215,20474.34822,0
1790586000000000,118.23,118.89,117.73,118.68,693.713,1790589599999999,82020.40803,736,187.114,22164.24113,0
1790589600000000,118.68,119.31,118.36,119.19,381.27,1790593199999999,45296.40524,182,182.493,21677.21772,0
1790593200000000,119.29,119.59,118.8,119.19,913.803,1790596799999999,108963.24104,552,291.611,34777.7861,0
1790596800000000,119.31,121.12,119.0,120.89,979.881,1790600399999999,117584.96251,627,805.349,96583.8758,0
1790600400000000,120.85,121.69,116.88,118.21,3466.429,1790603999999999,415394.68406,2259,1149.436,138159.4319,0
1790604000000000,118.24,118.89,115.26,115.46,6038.168,1790607599999999,702304.46364,4090,4757.676,552859.43219,0
1790607600000000,115.44,115.91,114.83,115.54,19166.618,1790611199999999,2212200.95621,6659,8211.766,946693.90061,0
1790611200000000,115.51,116.59,115.07,115.83,4440.0,1790614799999999,514891.10832,1067,2779.765,322194.7746,0
1790614800000000,115.78,116.25,115.33,115.46,998.876,1790618399999999,115622.09497,722,753.755,87193.85244,0
1790618400000000,115.46,116.07,114.91,115.82,1350.114,1790621999999999,155923.64104,856,781.515,90145.38426,0
1790622000000000,115.86,116.31,115.25,116.16,1455.247,1790625599999999,168782.89632,2129,398.986,46285.01883,0
1790625600000000,116.05,116.15,115.73,115.95,219.556,1790629199999999,25469.16009,237,192.665,22350.51106,0
1790629200000000,115.94,116.09,115.9,115.93,231.406,1790632799999999,26851.32094,79,140.763,16336.75308,0
1790632800000000,115.9,116.23,115.73,116.11,239.78,1790636399999999,27824.02265,293,203.219,23580.51475,0
1790636400000000,116.11,116.39,116.08,116.13,46.843,1790639999999999,5447.69082,117,36.088,4196.68218,0
1790640000000000,116.11,116.53,115.19,115.19,439.111,1790643599999999,50983.66503,559,265.365,30821.75052,0
1790643600000000,115.18,115.43,113.89,114.99,437.861,1790647199999999,50184.58926,579,253.567,29067.22645,0
1790647200000000,115.04,115.14,114.04,114.4,560.217,1790650799999999,64256.60938,751,466.332,53483.83513,0
1790650800000000,114.45,114.78,113.89,114.37,423.347,1790654399999999,48398.02472,343,248.514,28430.34326,0
1790654400000000,114.34,115.02,113.99,114.85,2619.781,1790657999999999,300533.18766,1475,2394.746,274733.65507,0
1790658000000000,114.82,115.1,114.15,114.85,2687.143,1790661599999999,308488.45178,4508,2431.261,279126.62193,0
1790661600000000,114.85,115.89,114.85,115.47,1936.603,1790665199999999,223530.54267,2636,906.341,104440.40864,0
1790665200000000,115.54,116.55,115.47,116.25,299.731,1790668799999999,34805.08816,477,188.598,21920.65375,0
1790668800000000,116.21,117.13,116.01,116.15,334.657,1790672399999999,39001.22547,759,157.081,18317.29881,0
1790672400000000,116.1,116.3,115.54,116.07,229.39,1790675999999999,26583.06824,588,104.398,12099.90475,0
1790676000000000,116.12,116.72,116.12,116.69,323.836,1790679599999999,37700.14022,393,266.713,31055.11516,0
1790679600000000,116.69,117.12,116.63,116.97,444.516,1790683199999999,51948.09391,847,339.352,39663.66866,0
1790683200000000,116.96,117.17,116.53,116.57,205.072,1790686799999999,23973.25969,630,138.897,16243.04921,0
1790686800000000,116.58,117.99,114.1,116.16,2226.303,1790690399999999,260428.43408,4055,1328.73,155419.79665,0
1790690400000000,116.21,118.76,116.0,118.58,797.652,1790693999999999,93644.93284,1954,598.772,70377.33128,0
1790694000000000,118.52,118.8,116.3,116.6,54200.535,1790697599999999,6325312.95228,14837,38335.2,4473089.6476,0
1790697600000000,116.6,116.6,115.89,116.05,4310.759,1790701199999999,502268.24888,3826,2450.638,285703.47913,0
1790701200000000,116.04,116.76,115.9,116.04,4434.026,1790704799999999,516690.484,2293,2613.44,304670.07743,0
1790704800000000,116.05,116.76,116.05,116.59,737.172,1790708399999999,85877.25012,3804,401.274,46745.16022,0
1790708400000000,116.57,116.58,115.65,116.0,1341.528,1790711999999999,155579.75494,3130,283.031,32850.07541,0
1790712000000000,115.96,116.26,115.86,116.02,196.56,1790715599999999,22805.75789,787,113.004,13109.68485,0
1790715600000000,116.03,116.27,115.88,116.08,271.367,1790719199999999,31510.88098,900,125.729,14599.52189,0
1790719200000000,116.09,116.47,116.09,116.34,542.901,1790722799999999,63157.94267,413,72.655,8455.91774,0
1790722800000000,116.34,116.87,116.33,116.85,756.485,1790726399999999,88276.045,674,72.185,8425.04379,0
1790726400000000,116.86,117.17,116.23,116.36,1743.615,1790729999999999,203575.39152,852,298.074,34767.64304,0
1790730000000000,116.39,116.62,116.1,116.25,2514.316,1790733599999999,292301.54679,591,100.804,11726.95975,0
1790733600000000,116.31,116.42,115.49,115.9,2002.949,1790737199999999,232269.68337,507,1120.423,129919.25495,0
1790737200000000,115.99,116.33,115.91,116.17,421.373,1790740799999999,48929.98072,444,64.081,7441.30823,0
1790740800000000,116.15,116.66,116.1,116.41,381.472,1790744399999999,44387.28054,197,201.571,23446.2551,0
1790744400000000,116.48,116.5,115.73,116.06,697.595,1790747999999999,80970.9916,394,321.566,37346.06204,0
1790748000000000,116.05,116.19,115.55,115.92,738.773,1790751599999999,85683.99516,318,348.096,40389.64385,0
1790751600000000,115.86,116.63,115.86,116.55,293.143,1790755199999999,34131.47383,177,162.692,18937.43714,0
1790755200000000,116.57,116.66,115.89,115.89,607.467,1790758799999999,70639.59283,533,89.112,10373.5748,0
1790758800000000,115.9,116.2,115.72,116.2,192.099,1790762399999999,22278.60639,323,77.647,9010.91605,0
1790762400000000,116.2,116.2,115.76,115.99,470.749,1790765999999999,54578.33102,183,21.033,2442.34157,0
1790766000000000,116.07,116.2,115.51,115.83,1010.303,1790769599999999,117108.67817,282,476.109,55187.33429,0
1790769600000000,116.05,116.88,115.3,116.71,1928.847,1790773199999999,223969.11882,907,427.122,49591.80685,0
1790773200000000,116.7,120.51,115.95,118.86,7270.37,1790776799999999,859582.28061,3197,2624.751,309818.50586,0
1790776800000000,118.9,119.31,118.01,118.82,689.237,1790780399999999,81851.28038,1160,447.401,53157.87591,0
1790780400000000,119.01,119.8,118.2,119.44,1689.667,1790783999999999,201490.83286,1833,1290.543,153939.58414,0
1790784000000000,119.43,119.8,118.93,119.63,1019.758,1790787599999999,121844.83144,1089,561.765,67152.72421,0
1790787600000000,119.68,119.76,119.07,119.6,587.961,1790791199999999,70257.71516,420,155.786,18629.53189,0
1790791200000000,119.6,119.66,118.78,119.14,445.574,1790794799999999,53090.40791,411,261.639,31169.97926,0
1790794800000000,119.17,120.6,119.17,120.22,798.103,1790798399999999,96002.54734,721,363.857,43758.87266,0
1790798400000000,120.2,120.54,119.42,120.0,794.281,1790801999999999,95332.54572,1477,246.796,29657.64259,0
1790802000000000,120.01,120.01,119.33,119.88,338.743,1790805599999999,40533.81206,526,246.925,29544.27325,0
1790805600000000,119.88,120.39,119.86,120.19,143.574,1790809199999999,17242.43243,231,107.438,12902.43424,0
1790809200000000,120.15,120.64,120.09,120.53,37.131,1790812799999999,4472.19878,120,20.625,2485.30413,0
1790812800000000,120.51,120.55,119.59,120.41,486.843,1790816399999999,58473.16363,711,325.744,39100.26853,0
1790816400000000,120.43,121.2,120.43,120.89,237.962,1790819999999999,28757.46529,354,131.162,15852.46662,0
1790820000000000,121.0,121.94,120.9,121.63,446.011,1790823599999999,54159.28865,550,247.507,30027.35099,0
1790823600000000,121.75,122.95,121.71,122.94,233.987,1790827199999999,28621.2987,410,56.764,6944.04253,0
1790827200000000,122.93,123.1,122.33,122.87,426.394,1790830799999999,52323.62452,594,65.172,8009.80056,0
1790830800000000,122.99,123.84,122.97,123.67,512.252,1790834399999999,63202.11249,941,270.818,33431.5215,0
1790834400000000,123.72,124.33,123.14,123.24,370.652,1790837999999999,45859.72576,825,210.995,26094.27404,0
1790838000000000,123.22,123.55,121.6,122.2,573.836,1790841599999999,70216.45844,814,413.26,50563.44302,0
1790841600000000,122.15,122.44,120.51,121.56,555.214,1790845199999999,67323.0489,1096,349.289,42316.84727,0
1790845200000000,121.53,122.08,120.71,120.72,430.888,1790848799999999,52382.3845,996,181.865,22139.87285,0
1790848800000000,120.72,121.08,119.8,121.08,650.538,1790852399999999,78307.53619,1445,270.295,32573.55339,0
1790852400000000,120.94,120.94,119.41,119.98,506.853,1790855999999999,60862.69089,1087,271.399,32642.82342,0
1790856000000000,119.91,119.91,118.94,118.95,382.958,1790859599999999,45718.82959,608,90.812,10854.33511,0
1790859600000000,119.05,119.93,117.46,119.28,3315.047,1790863199999999,394642.99781,3599,593.824,70598.28836,0
1790863200000000,119.17,120.29,117.5,119.88,6910.28,1790866799999999,825152.06232,21714,3166.364,378489.50115,0
1790866800000000,119.88,120.26,118.14,119.95,4526.512,1790870399999999,539250.30652,11655,2610.28,311039.46087,0
1790870400000000,119.93,120.17,119.45,119.59,311.722,1790873999999999,37360.52306,428,161.517,19367.51622,0
1790874000000000,119.67,122.2,119.63,121.33,368.983,1790877599999999,44733.54705,775,164.368,19949.34111,0
1790877600000000,121.36,121.36,120.04,120.88,299.395,1790881199999999,36130.63649,556,111.605,13449.21885,0
1790881200000000,120.96,120.96,120.03,120.07,1167.795,1790884799999999,140794.58451,534,890.279,107345.39909,0
1790884800000000,120.05,120.12,119.8,119.91,240.199,1790888399999999,28840.77227,192,175.31,21052.36249,0
1790888400000000,119.92,119.95,119.7,119.86,427.908,1790891999999999,51308.5405,177,369.402,44299.75222,0
1790892000000000,119.89,120.34,119.89,120.34,81.227,1790895599999999,9751.22403,160,17.848,2143.10526,0
1790895600000000,120.29,120.55,120.17,120.25,98.691,1790899199999999,11883.95122,158,57.568,6933.37175,0
1790899200000000,120.18,121.12,120.06,120.65,339.766,1790902799999999,40987.4229,540,283.451,34194.00314,0
1790902800000000,120.64,120.73,120.17,120.72,107.756,1790906399999999,12984.70495,184,40.649,4899.206,0
1790906400000000,120.72,120.91,120.62,120.91,32.122,1790909999999999,3880.19575,79,19.939,2409.31129,0
1790910000000000,120.95,121.05,120.54,120.76,141.325,1790913599999999,17073.76792,191,85.291,10299.98032,0
1790913600000000,120.78,120.96,120.62,120.89,1693.256,1790917199999999,204574.6755,1498,1430.987,172891.30034,0
1790917200000000,120.94,121.03,120.58,120.68,783.773,1790920799999999,94674.99805,1461,592.525,71575.04267,0
1790920800000000,120.75,120.93,120.53,120.62,1232.663,1790924399999999,148890.91515,448,1159.866,140106.57398,0
1790924400000000,120.7,121.73,120.7,121.6,1660.021,1790927999999999,201188.36367,484,1590.008,192701.08313,0
1790928000000000,121.49,122.78,121.38,122.43,2226.499,1790931599999999,272509.03815,796,2073.625,253827.85106,0
1790931600000000,122.4,122.56,122.08,122.47,1248.324,1790935199999999,152700.35345,399,1105.661,135250.67407,0
1790935200000000,122.47,122.47,121.82,122.16,406.493,1790938799999999,49671.80161,291,360.406,44041.06245,0
1790938800000000,122.22,122.77,121.7,122.13,630.661,1790942399999999,77129.9105,470,417.292,51079.0922,0
1790942400000000,122.25,124.0,121.99,123.93,905.623,1790945999999999,111649.11411,1048,530.25,65357.55434,0
1790946000000000,123.88,125.07,122.84,124.83,2644.03,1790949599999999,327806.91439,2706,1378.069,170892.43537,0
1790949600000000,124.72,125.95,123.14,123.53,2332.921,1790953199999999,290850.16232,1051,1939.921,241756.36862,0
1790953200000000,123.63,123.65,121.95,122.77,1959.656,1790956799999999,240105.29557,913,392.779,48142.04276,0
1790956800000000,122.72,122.86,121.13,121.13,495.064,1790960399999999,60416.22235,824,238.98,29164.25019,0
1790960400000000,121.19,121.47,119.71,120.25,679.429,1790963999999999,81839.30095,761,411.268,49545.64136,0
1790964000000000,120.26,120.27,119.75,119.92,1400.952,1790967599999999,168110.65844,646,147.718,17723.5148,0
1790967600000000,119.89,120.27,118.93,119.39,1751.927,1790971199999999,209571.00958,979,917.994,109890.40631,0
1790971200000000,119.25,119.53,119.25,119.38,163.495,1790974799999999,19519.92084,280,106.178,12678.12984,0
1790974800000000,119.39,119.49,119.29,119.34,148.816,1790978399999999,17763.62165,178,129.496,15457.61066,0
1790978400000000,119.35,119.35,119.09,119.19,86.146,1790981999999999,10273.17879,166,45.928,5478.17199,0
1790982000000000,119.2,119.33,119.15,119.22,115.944,1790985599999999,13828.71332,144,34.625,4129.8565,0
1790985600000000,119.19,119.52,118.8,118.94,187.101,1790989199999999,22304.80483,428,50.134,5981.55369,0
1790989200000000,118.9,118.95,118.83,118.94,95.245,1790992799999999,11326.46715,209,25.426,3022.9457,0
1790992800000000,118.95,118.97,118.73,118.75,454.982,1790996399999999,54059.33582,850,189.883,22556.18992,0
1790996400000000,118.74,118.74,118.47,118.48,255.039,1790999999999999,30250.48512,505,31.606,3747.14973,0
1791000000000000,118.47,118.47,118.01,118.15,231.857,1791003599999999,27418.52795,642,40.968,4844.08183,0
1791003600000000,118.15,118.17,117.96,117.98,107.003,1791007199999999,12632.99758,284,58.075,6859.14831,0
1791007200000000,118.01,118.36,117.98,118.22,158.405,1791010799999999,18713.5532,92,30.706,3630.69468,0
1791010800000000,118.21,118.3,118.05,118.12,191.763,1791014399999999,22661.0351,94,91.218,10786.71808,0
1791014400000000,118.15,118.22,118.1,118.1,234.941,1791017999999999,27766.58742,180,209.943,24813.40683,0
1791018000000000,118.11,118.25,118.06,118.07,256.044,1791021599999999,30253.91246,220,69.457,8209.96441,0
1791021600000000,118.09,118.21,118.08,118.14,307.262,1791025199999999,36304.19751,211,242.599,28664.75946,0
1791025200000000,118.18,118.25,118.18,118.2,20.614,1791028799999999,2436.82554,40,3.508,414.63027,0
1791028800000000,118.19,118.26,117.84,117.99,260.519,1791032399999999,30733.93857,182,23.579,2783.85217,0
1791032400000000,118.09,118.09,117.95,117.99,222.684,1791035999999999,26277.20788,182,22.159,2615.02719,0
1791036000000000,117.98,118.07,117.93,118.0,693.086,1791039599999999,81807.6796,247,171.799,20276.91121,0
1791039600000000,117.98,118.16,117.91,118.12,166.538,1791043199999999,19653.27004,75,52.691,6221.07466,0
1791043200000000,118.13,118.42,118.13,118.34,86.516,1791046799999999,10229.30414,79,78.142,9238.7725,0
1791046800000000,118.31,118.41,118.2,118.32,127.886,1791050399999999,15127.97281,88,88.82,10507.7421,0
1791050400000000,118.34,118.34,118.08,118.1,252.89,1791053999999999,29882.21184,440,122.386,14457.97604,0
1791054000000000,118.1,118.1,118.0,118.02,446.445,1791057599999999,52701.76724,255,29.915,3530.63811,0
1791057600000000,118.01,118.06,117.94,117.94,228.142,1791061199999999,26919.10852,183,56.005,6609.56092,0
1791061200000000,117.96,118.07,117.91,117.96,65.514,1791064799999999,7727.71586,60,3.082,363.66673,0
1791064800000000,117.97,117.97,117.8,117.8,90.577,1791068399999999,10677.02196,76,6.606,778.67574,0
1791068400000000,117.84,117.84,117.57,117.58,164.527,1791071999999999,19369.50475,135,40.554,4776.57555,0
