open_time,open,high,low,close,volume,close_time,quote_volume,trades,taker_buy_base,taker_buy_quote,ignore
1782824400000000,562.6,574.6,555.0,558.27,210.078,1782827999999999,117593.23322,856,180.579,101120.87399,0
1782828000000000,557.01,560.42,553.43,554.12,39.414,1782831599999999,21984.42546,253,29.597,16529.99395,0
1782831600000000,556.51,560.0,551.55,556.45,9.143,1782835199999999,5084.44127,103,5.983,3328.28758,0
1782835200000000,556.45,561.5,556.01,561.5,5.001,1782838799999999,2788.35871,134,4.226,2357.1299,0
1782838800000000,560.81,562.42,558.23,562.42,7.016,1782842399999999,3928.87561,112,2.948,1655.40318,0
1782842400000000,562.35,563.78,558.34,562.99,5.315,1782845999999999,2982.29481,104,3.448,1937.20387,0
1782846000000000,562.42,565.0,559.85,565.0,5.26,1782849599999999,2957.4628,105,1.575,887.18715,0
1782849600000000,565.0,574.54,557.56,571.55,12.027,1782853199999999,6826.08723,232,6.197,3527.8512,0
1782853200000000,571.55,573.94,556.81,563.51,5.305,1782856799999999,3000.88693,123,2.439,1390.19937,0
1782856800000000,561.9,573.05,557.11,573.05,1.538,1782860399999999,874.32707,96,1.201,684.11357,0
1782860400000000,573.05,574.53,559.43,565.38,2.684,1782863999999999,1524.08714,111,1.396,796.62813,0
1782864000000000,562.48,566.1,561.16,565.07,3.502,1782867599999999,1976.35995,93,3.407,1922.95138,0
1782867600000000,565.11,566.01,561.39,564.16,1.625,1782871199999999,915.93871,83,1.149,648.54312,0
1782871200000000,564.44,565.94,560.95,565.18,10.391,1782874799999999,5854.03879,118,1.457,822.57722,0
1782874800000000,565.47,566.01,561.97,565.4,17.081,1782878399999999,9629.23149,152,4.572,2584.49615,0
1782878400000000,564.0,566.01,562.71,566.01,5.994,1782881999999999,3382.17776,218,3.153,1782.58503,0
1782882000000000,565.86,566.01,563.22,563.22,4.138,1782885599999999,2340.35192,164,4.078,2306.55596,0
1782885600000000,564.36,564.47,561.71,563.66,1.924,1782889199999999,1083.91219,20,0.911,514.13389,0
1782889200000000,563.5,564.48,560.92,562.88,3.053,1782892799999999,1716.65352,32,1.978,1113.16158,0
1782892800000000,562.81,568.01,562.59,563.57,3.091,1782896399999999,1741.77719,35,0.146,82.91066,0
1782896400000000,563.57,571.39,563.56,563.83,1.511,1782899999999999,855.58441,28,0.746,424.12274,0
1782900000000000,564.61,571.0,564.51,566.02,1.357,1782903599999999,767.4981,26,0.132,75.3265,0
1782903600000000,566.47,571.36,566.37,568.98,0.958,1782907199999999,544.46,31,0.492,279.99272,0
1782907200000000,568.98,611.95,568.15,598.9,188.133,1782910799999999,112619.15255,527,111.235,66225.06436,0
1782910800000000,598.89,610.34,594.91,607.26,212.286,1782914399999999,128095.82006,383,172.283,104081.09257,0
1782914400000000,609.85,624.53,609.85,622.71,243.061,1782917999999999,150045.65081,475,230.039,142011.18707,0
1782918000000000,623.44,628.22,617.06,617.06,14.417,1782921599999999,9017.12372,140,2.467,1542.22148,0
1782921600000000,617.07,619.81,616.14,616.14,2.856,1782925199999999,1765.90163,41,1.075,665.95918,0
1782925200000000,619.69,621.88,616.56,620.36,4.514,1782928799999999,2793.75695,57,2.918,1807.12793,0
1782928800000000,620.74,621.88,617.7,618.3,2.214,1782932399999999,1370.03677,56,0.432,268.1006,0
1782932400000000,617.07,617.98,611.89,611.89,4.896,1782935999999999,3006.51013,52,1.114,687.44376,0
1782936000000000,613.0,614.74,612.48,612.63,0.488,1782939599999999,299.22817,26,0.216,132.60585,0
1782939600000000,612.63,613.7,611.53,612.07,1.711,1782943199999999,1048.10411,93,0.377,231.30799,0
1782943200000000,612.32,614.26,612.22,612.22,0.874,1782946799999999,535.52403,72,0.159,97.58275,0
1782946800000000,612.02,613.07,611.75,612.69,0.383,1782950399999999,234.58721,19,0.228,139.74326,0
1782950400000000,612.31,612.31,609.31,612.25,2.83,1782953999999999,1729.20294,33,1.419,867.76378,0
1782954000000000,612.8,613.79,607.0,607.82,12.728,1782957599999999,7753.61589,100,3.754,2287.77572,0
1782957600000000,608.59,610.6,608.53,610.6,6.405,1782961199999999,3905.04531,49,6.116,3729.04592,0
1782961200000000,610.2,610.51,609.26,609.47,3.861,1782964799999999,2353.53334,30,0.511,311.73616,0
1782964800000000,610.34,610.35,607.11,608.71,5.493,1782968399999999,3345.82278,68,2.732,1666.40067,0
1782968400000000,608.24,612.04,608.23,610.79,8.193,1782971999999999,5009.03951,58,4.558,2786.02119,0
1782972000000000,610.72,611.43,608.7,610.31,18.124,1782975599999999,11049.93177,728,1.092,665.86682,0
1782975600000000,610.59,611.31,607.61,608.77,72.462,1782979199999999,44160.9516,536,0.791,482.3899,0
1782979200000000,608.01,616.52,607.6,611.22,7.265,1782982799999999,4443.00602,243,2.943,1804.09946,0
1782982800000000,612.9,613.92,609.91,612.35,10.046,1782986399999999,6149.00457,119,3.313,2029.11987,0
1782986400000000,612.32,615.4,612.03,614.8,2.702,1782989999999999,1659.09691,95,1.806,1109.35746,0
1782990000000000,615.4,615.73,609.82,611.83,7.964,1782993599999999,4895.50045,160,2.354,1447.30536,0
1782993600000000,611.99,611.99,603.44,607.6,7.815,1782997199999999,4742.163,165,1.276,774.87328,0
1782997200000000,607.6,609.23,591.21,591.75,24.968,1783000799999999,14993.12023,230,8.269,4999.14282,0
1783000800000000,593.36,594.43,589.06,589.97,21.065,1783004399999999,12436.44097,156,3.008,1781.38968,0
1783004400000000,589.97,590.13,585.84,586.9,4.111,1783007999999999,2418.73949,162,1.181,695.00507,0
1783008000000000,586.9,587.82,584.13,584.79,8.315,1783011599999999,4869.02278,165,1.684,987.80472,0
1783011600000000,584.8,585.99,583.42,584.01,5.11,1783015199999999,2987.98671,51,2.299,1346.02277,0
1783015200000000,585.77,586.91,581.59,584.78,10.696,1783018799999999,6265.64122,61,5.809,3405.83573,0
1783018800000000,585.35,587.96,582.83,583.71,21.197,1783022399999999,12398.23096,211,15.846,9266.40783,0
1783022400000000,582.65,583.71,581.63,583.71,5.358,1783025999999999,3119.74521,16,0.085,49.61535,0
1783026000000000,584.4,584.55,582.91,584.55,3.822,1783029599999999,2228.27123,13,0.09,52.60633,0
1783029600000000,584.11,585.84,582.96,584.63,1.825,1783033199999999,1066.50873,19,1.684,984.16108,0
1783033200000000,585.73,585.77,584.44,585.71,0.854,1783036799999999,499.19391,8,0.064,37.48613,0
1783036800000000,584.47,584.65,583.71,583.97,1.748,1783040399999999,1020.81998,30,0.566,330.61126,0
1783040400000000,584.65,585.3,584.44,584.57,2.032,1783043999999999,1188.19379,16,0.277,162.04112,0
1783044000000000,585.36,586.91,584.64,586.91,0.847,1783047599999999,496.12825,28,0.477,279.52763,0
1783047600000000,587.91,587.97,587.29,587.59,0.986,1783051199999999,579.49929,21,0.749,440.26059,0
1783051200000000,587.64,589.06,587.14,588.5,2.05,1783054799999999,1205.79355,32,1.732,1018.64764,0
1783054800000000,588.5,588.79,587.99,588.16,0.642,1783058399999999,377.80272,7,0.626,368.39488,0
1783058400000000,588.57,589.49,588.57,589.49,1.122,1783061999999999,661.04139,14,1.122,661.04139,0
1783062000000000,589.92,590.43,589.06,589.67,2.7,1783065599999999,1592.58386,31,2.259,1332.47684,0
1783065600000000,589.48,590.02,588.64,588.64,2.82,1783069199999999,1662.27186,24,2.482,1463.09413,0
1783069200000000,588.59,590.0,588.59,590.0,0.774,1783072799999999,456.29076,14,0.728,429.21256,0
1783072800000000,589.88,590.84,589.44,590.2,0.876,1783076399999999,516.81867,16,0.718,423.67803,0
1783076400000000,590.49,591.92,590.01,591.42,0.834,1783079999999999,492.95337,20,0.215,127.1346,0
1783080000000000,591.42,592.44,591.21,592.28,1.663,1783083599999999,983.88147,32,0.75,444.01763,0
1783083600000000,592.09,594.21,591.2,592.26,4.1,1783087199999999,2427.09547,55,1.416,839.80669,0
1783087200000000,593.22,593.38,591.49,593.38,2.464,1783090799999999,1461.80202,18,2.418,1434.58872,0
1783090800000000,593.32,593.38,591.2,591.32,0.936,1783094399999999,554.16525,18,0.46,272.54745,0
1783094400000000,591.21,591.74,589.98,591.47,2.522,1783097999999999,1490.49478,39,0.967,571.58021,0
1783098000000000,591.44,591.75,590.85,591.41,1.038,1783101599999999,613.89919,26,0.946,559.52238,0
1783101600000000,592.28,592.51,591.21,591.32,0.594,1783105199999999,351.41141,18,0.233,137.96567,0
1783105200000000,592.14,592.14,590.23,590.23,1.274,1783108799999999,752.37198,16,0.176,104.16048,0
1783108800000000,591.26,591.26,589.17,590.36,0.792,1783112399999999,467.87154,18,0.425,251.26031,0
1783112400000000,590.15,590.16,589.07,589.07,1.272,1783115999999999,750.5866,17,1.207,712.28905,0
1783116000000000,589.94,590.33,589.42,589.63,0.563,1783119599999999,332.04776,14,0.374,220.64483,0
1783119600000000,590.0,590.31,589.43,590.2,0.666,1783123199999999,392.97832,19,0.632,372.93715,0
1783123200000000,590.64,590.65,589.43,590.15,2.644,1783126799999999,1560.57136,46,2.482,1465.08046,0
1783126800000000,589.43,589.92,589.42,589.43,3.565,1783130399999999,2101.52973,36,0.577,340.33814,0
1783130400000000,589.42,589.79,589.06,589.19,1.774,1783133999999999,1045.65413,24,0.231,136.18234,0
1783134000000000,589.79,589.97,589.22,589.97,0.263,1783137599999999,155.05495,10,0.163,96.1265,0
1783137600000000,589.17,589.91,589.06,589.26,2.542,1783141199999999,1498.67936,19,1.547,912.46166,0
1783141200000000,590.4,590.9,589.47,590.09,1.216,1783144799999999,717.40004,27,0.988,582.93386,0
1783144800000000,591.14,591.21,590.47,590.49,0.683,1783148399999999,403.63297,21,0.509,300.84332,0
1783148400000000,590.49,590.77,589.79,590.77,0.87,1783151999999999,513.60549,25,0.446,263.42261,0
1783152000000000,590.81,590.83,588.91,588.91,1.177,1783155599999999,694.49004,34,0.656,387.17928,0
1783155600000000,589.76,589.93,588.91,589.33,0.606,1783159199999999,357.24313,25,0.426,251.22622,0
1783159200000000,589.2,590.04,589.2,589.43,0.902,1783162799999999,532.07461,17,0.761,448.97078,0
1783162800000000,589.62,589.95,588.97,589.23,1.144,1783166399999999,674.41459,32,0.629,370.99605,0
1783166400000000,590.07,590.15,589.06,589.11,1.788,1783169999999999,1054.36382,36,1.314,775.04455,0
1783170000000000,589.12,589.57,588.8,589.09,0.54,1783173599999999,318.161,20,0.205,120.83855,0
1783173600000000,589.13,589.78,588.81,589.58,0.981,1783177199999999,578.18516,37,0.748,440.9612,0
1783177200000000,589.59,590.09,588.76,589.11,18.85,1783180799999999,11100.51445,45,0.548,323.06873,0
1783180800000000,588.58,589.79,588.58,589.45,2.478,1783184399999999,1460.70681,30,0.873,514.83166,0
1783184400000000,589.45,590.16,589.45,589.85,3.764,1783187999999999,2220.76633,25,2.906,1714.81169,0
1783188000000000,589.34,590.57,589.34,590.22,1.419,1783191599999999,837.2897,29,0.542,320.02323,0
1783191600000000,590.57,590.8,590.05,590.19,0.386,1783195199999999,227.89193,14,0.227,134.06378,0
1783195200000000,590.89,590.99,590.46,590.59,1.566,1783198799999999,925.29294,19,1.385,818.40836,0
1783198800000000,590.61,590.81,589.48,589.52,2.549,1783202399999999,1504.79121,37,0.242,142.87579,0
1783202400000000,589.97,590.3,589.59,590.2,1.909,1783205999999999,1125.9454,21,0.334,197.08991,0
1783206000000000,590.02,590.72,589.95,590.27,0.811,1783209599999999,478.758,15,0.286,168.90788,0
1783209600000000,590.3,590.4,589.48,589.96,1.142,1783213199999999,673.86194,24,0.516,304.59552,0
1783213200000000,590.14,590.52,589.47,590.21,0.622,1783216799999999,366.94371,19,0.392,231.31897,0
1783216800000000,589.98,590.2,589.64,589.7,0.453,1783220399999999,267.21999,15,0.223,131.59079,0
1783220400000000,590.09,590.09,589.1,589.17,2.778,1783223999999999,1637.2214,17,0.305,179.91037,0
1783224000000000,589.63,591.11,589.07,590.31,0.506,1783227599999999,298.50413,17,0.296,174.68566,0
1783227600000000,590.52,590.53,590.06,590.08,1.075,1783231199999999,634.55181,20,0.556,328.30989,0
1783231200000000,590.31,590.31,589.13,589.15,0.86,1783234799999999,507.25343,25,0.565,333.30205,0
1783234800000000,590.31,590.41,589.53,589.66,0.697,1783238399999999,411.25755,23,0.403,237.85013,0
1783238400000000,590.31,590.49,589.94,590.26,0.683,1783241999999999,403.12025,17,0.434,256.20431,0
1783242000000000,590.17,590.49,589.07,589.1,0.668,1783245599999999,394.11179,24,0.389,229.54448,0
1783245600000000,590.08,590.14,589.39,590.14,0.531,1783249199999999,313.17845,20,0.316,186.41942,0
1783249200000000,589.78,590.02,589.6,589.62,0.581,1783252799999999,342.67421,23,0.234,138.06257,0
1783252800000000,590.0,590.57,589.0,589.25,3.644,1783256399999999,2149.20115,58,0.734,433.13493,0
1783256400000000,589.54,590.74,589.33,590.37,3.271,1783259999999999,1930.8171,43,1.903,1123.42348,0
1783260000000000,590.19,590.98,588.87,589.37,2.843,1783263599999999,1676.28821,68,1.062,626.24394,0
1783263600000000,589.53,590.81,589.53,590.81,0.912,1783267199999999,538.26932,21,0.737,435.07132,0
1783267200000000,590.45,590.99,589.57,590.45,0.97,1783270799999999,572.65568,19,0.716,422.74835,0
1783270800000000,590.69,591.12,590.35,590.42,0.743,1783274399999999,439.00915,23,0.581,343.34715,0
1783274400000000,590.52,591.16,590.41,590.97,1.03,1783277999999999,608.50722,25,0.704,416.00509,0
1783278000000000,590.89,590.89,590.07,590.07,0.681,1783281599999999,402.1426,16,0.529,312.4366,0
1783281600000000,590.51,590.52,590.03,590.35,0.415,1783285199999999,244.95878,20,0.261,154.08961,0
1783285200000000,590.19,590.79,590.05,590.79,1.269,1783288799999999,749.0223,30,1.033,609.76528,0
1783288800000000,590.16,591.8,589.79,590.84,1.278,1783292399999999,754.81653,38,0.666,393.63126,0
1783292400000000,591.93,593.36,591.01,591.56,1.355,1783295999999999,802.03767,24,0.873,516.95917,0
1783296000000000,591.56,591.56,587.54,588.16,4.964,1783299599999999,2922.11562,83,0.41,241.436,0
1783299600000000,588.39,588.76,587.48,588.39,2.938,1783303199999999,1728.05507,68,1.488,875.60846,0
1783303200000000,587.92,588.14,587.28,587.95,2.471,1783306799999999,1452.10399,44,0.552,324.54691,0
1783306800000000,587.66,587.66,587.06,587.06,3.92,1783310399999999,2302.91061,46,0.375,220.34704,0
1783310400000000,587.14,588.03,587.14,587.89,3.663,1783313999999999,2152.6122,43,3.108,1826.39952,0
1783314000000000,587.75,588.15,587.72,588.15,0.901,1783317599999999,529.75843,26,0.636,374.00158,0
1783317600000000,588.75,589.75,588.38,589.59,1.714,1783321199999999,1009.34553,43,1.281,754.44056,0
1783321200000000,588.88,593.07,588.88,591.38,2.988,1783324799999999,1767.66941,71,0.922,545.18803,0
1783324800000000,592.39,594.85,591.22,593.57,12.106,1783328399999999,7173.79101,187,4.852,2877.29422,0
1783328400000000,593.37,595.0,592.5,594.85,12.804,1783331999999999,7607.38554,107,10.558,6275.4301,0
1783332000000000,594.95,595.47,591.34,592.6,54.283,1783335599999999,32235.401,302,44.363,26355.19778,0
1783335600000000,592.6,592.6,590.13,590.79,14.707,1783339199999999,8694.70653,166,4.566,2702.25636,0
1783339200000000,591.6,593.43,591.21,591.78,4.791,1783342799999999,2837.25665,68,2.926,1732.58248,0
1783342800000000,592.29,597.14,583.71,583.71,34.296,1783346399999999,20347.41239,395,20.614,12260.18136,0
1783346400000000,583.0,589.06,583.0,589.06,4.667,1783349999999999,2737.35016,76,3.131,1836.18138,0
1783350000000000,589.68,593.22,589.68,593.22,2.256,1783353599999999,1334.3172,47,0.81,479.08085,0
1783353600000000,593.1,598.09,592.29,592.29,4.049,1783357199999999,2409.76312,77,2.288,1362.47062,0
1783357200000000,592.75,595.53,592.75,593.03,1.086,1783360799999999,644.39439,18,0.315,187.1625,0
1783360800000000,594.44,602.08,594.35,598.84,3.434,1783364399999999,2053.02973,64,1.567,936.51122,0
1783364400000000,600.54,603.18,600.41,600.91,2.15,1783367999999999,1293.74025,52,1.427,858.57344,0
1783368000000000,601.46,602.88,600.14,600.48,4.26,1783371599999999,2561.03484,62,3.229,1941.42738,0
1783371600000000,599.98,600.53,599.89,599.99,1.012,1783375199999999,607.44509,19,0.528,317.06228,0
1783375200000000,600.52,601.3,599.8,601.3,1.564,1783378799999999,938.89326,45,0.822,493.72686,0
1783378800000000,601.2,601.3,600.52,600.52,2.173,1783382399999999,1305.4396,22,0.618,371.5352,0
1783382400000000,600.01,602.09,599.51,601.51,4.386,1783385999999999,2632.40962,75,1.357,815.70799,0
1783386000000000,601.21,601.29,598.07,599.63,1.428,1783389599999999,856.58952,28,0.395,237.09868,0
1783389600000000,599.37,599.89,598.61,599.89,2.753,1783393199999999,1650.29009,30,0.792,475.02528,0
1783393200000000,600.86,600.99,598.3,598.64,2.641,1783396799999999,1582.95463,40,0.601,360.34851,0
1783396800000000,598.57,599.07,598.24,598.27,2.371,1783400399999999,1419.72758,36,1.421,851.12934,0
1783400400000000,599.05,599.89,597.18,599.89,4.157,1783403999999999,2488.63718,102,1.597,956.78961,0
1783404000000000,599.85,600.99,599.72,600.48,1.719,1783407599999999,1031.68416,40,0.774,464.67411,0
1783407600000000,600.41,601.25,600.41,601.25,2.379,1783411199999999,1430.17048,33,2.124,1276.97481,0
1783411200000000,600.8,603.98,600.63,602.97,6.688,1783414799999999,4029.5299,169,2.808,1692.36239,0
1783414800000000,603.98,607.0,603.94,605.97,6.774,1783418399999999,4098.81612,134,4.254,2573.69269,0
1783418400000000,607.58,608.1,604.33,605.52,5.015,1783421999999999,3037.94192,98,1.796,1088.8365,0
1783422000000000,605.53,607.69,599.89,600.99,26.903,1783425599999999,16313.0738,217,17.652,10719.9837,0
1783425600000000,602.09,604.15,601.77,604.15,8.115,1783429199999999,4894.94005,174,4.501,2716.25906,0
1783429200000000,604.28,614.28,602.9,610.94,11.985,1783432799999999,7293.4433,283,7.037,4288.42712,0
1783432800000000,613.12,615.79,606.49,606.49,12.836,1783436399999999,7843.74899,207,7.326,4481.63123,0
1783436400000000,606.15,607.44,604.89,606.37,2.955,1783439999999999,1791.11081,77,1.805,1094.79783,0
1783440000000000,606.37,609.53,604.56,609.41,1.68,1783443599999999,1019.70009,53,1.341,814.04977,0
1783443600000000,607.61,609.82,605.38,609.43,3.072,1783447199999999,1865.20326,111,1.473,894.66575,0
1783447200000000,609.81,624.55,609.81,619.9,14.054,1783450799999999,8675.19785,226,11.398,7032.22946,0
1783450800000000,619.9,621.89,614.74,616.53,27.068,1783454399999999,16668.56802,204,1.793,1109.19095,0
1783454400000000,614.29,615.16,613.55,614.82,3.165,1783457999999999,1944.39757,59,0.702,431.45313,0
1783458000000000,615.57,615.78,614.84,615.15,0.765,1783461599999999,470.74511,22,0.403,248.09724,0
1783461600000000,614.71,615.73,614.7,615.58,0.839,1783465199999999,516.13435,22,0.397,244.39152,0
1783465200000000,615.62,618.49,615.62,617.34,1.148,1783468799999999,708.13834,36,0.831,512.59892,0
1783468800000000,616.99,617.79,608.06,608.06,5.096,1783472399999999,3125.03342,183,0.905,555.88726,0
1783472400000000,608.99,612.7,608.99,611.68,1.884,1783475999999999,1151.10143,78,1.189,726.47961,0
1783476000000000,612.59,614.57,611.01,614.57,11.067,1783479599999999,6794.59019,80,10.108,6207.7622,0
1783479600000000,614.06,614.58,613.21,613.66,2.689,1783483199999999,1651.46041,54,2.063,1267.23242,0
1783483200000000,613.07,613.79,613.06,613.71,4.946,1783486799999999,3035.64426,38,4.498,2760.82201,0
1783486800000000,613.79,613.79,613.2,613.79,2.755,1783490399999999,1690.89317,61,2.519,1546.09896,0
1783490400000000,613.79,615.04,613.57,615.04,1.392,1783493999999999,854.64874,43,0.825,506.56637,0
1783494000000000,615.3,617.39,615.05,616.77,7.828,1783497599999999,4820.92643,189,5.009,3083.99537,0
1783497600000000,616.63,617.39,604.77,608.05,6.578,1783501199999999,4027.44755,228,2.613,1603.44265,0
1783501200000000,607.75,608.59,601.49,604.33,7.567,1783504799999999,4572.34966,228,2.253,1361.85874,0
1783504800000000,603.86,606.23,602.66,606.23,2.327,1783508399999999,1406.48085,105,1.691,1022.31847,0
1783508400000000,606.08,608.05,604.58,607.94,2.765,1783511999999999,1675.0669,148,1.383,838.35229,0
1783512000000000,608.03,610.27,608.03,610.09,6.247,1783515599999999,3807.15376,184,1.716,1046.1944,0
1783515600000000,608.45,615.05,600.88,603.43,15.77,1783519199999999,9594.01833,307,3.372,2056.41994,0
1783519200000000,602.29,605.75,601.13,602.28,18.644,1783522799999999,11288.72132,69,0.796,480.76029,0
1783522800000000,602.74,604.58,601.7,604.58,1.585,1783526399999999,955.73802,50,1.046,631.12389,0
1783526400000000,603.2,605.4,603.2,605.37,1.75,1783529999999999,1057.3039,60,1.143,690.82143,0
1783530000000000,604.2,606.8,604.2,605.03,0.926,1783533599999999,561.12723,24,0.789,478.26084,0
1783533600000000,604.92,607.51,604.92,607.51,0.596,1783537199999999,361.31334,19,0.477,289.3123,0
1783537200000000,607.51,607.51,598.85,604.9,6.646,1783540799999999,4004.62436,73,4.542,2734.30326,0
1783540800000000,603.44,606.34,602.8,604.23,2.512,1783544399999999,1518.60578,46,2.027,1225.77498,0
1783544400000000,604.17,604.58,602.28,604.2,0.825,1783547999999999,497.60853,24,0.522,315.03481,0
1783548000000000,603.47,604.51,603.47,604.12,1.212,1783551599999999,731.96661,37,0.669,404.2177,0
1783551600000000,603.55,604.12,603.55,604.1,0.528,1783555199999999,318.78508,21,0.28,169.10414,0
1783555200000000,604.45,605.71,602.74,604.58,4.209,1783558799999999,2541.53691,115,2.601,1571.13641,0
1783558800000000,604.73,604.8,603.44,603.45,2.511,1783562399999999,1516.99021,42,1.808,1092.74163,0
1783562400000000,603.45,604.58,602.91,603.2,2.976,1783565999999999,1796.72884,49,1.787,1079.32753,0
1783566000000000,603.45,604.57,603.11,604.56,1.028,1783569599999999,620.81675,45,0.612,369.74536,0
1783569600000000,603.89,605.26,603.47,605.26,1.215,1783573199999999,734.38015,42,0.713,431.18576,0
1783573200000000,604.66,606.18,604.59,606.08,0.823,1783576799999999,497.93742,62,0.61,369.15864,0
1783576800000000,605.11,605.98,604.87,605.0,3.116,1783580399999999,1885.84739,91,0.64,387.65444,0
1783580400000000,605.96,606.47,604.58,604.59,7.252,1783583999999999,4393.53596,104,2.755,1669.09591,0
1783584000000000,605.01,605.01,600.0,600.17,4.278,1783587599999999,2575.68117,154,1.452,874.20976,0
1783587600000000,600.17,608.29,600.01,606.89,8.611,1783591199999999,5203.01503,251,6.856,4141.25208,0
1783591200000000,606.14,608.05,604.58,604.58,10.484,1783594799999999,6349.5199,165,4.811,2913.61733,0
1783594800000000,603.44,611.65,585.34,588.66,115.783,1783598399999999,69104.61409,598,60.579,36212.11327,0
1783598400000000,587.54,587.54,578.89,580.86,15.264,1783601999999999,8914.10774,209,5.017,2930.54914,0
1783602000000000,583.07,590.91,578.9,590.91,16.028,1783605599999999,9395.19318,158,12.292,7218.29862,0
1783605600000000,592.04,601.13,590.83,598.89,23.909,1783609199999999,14242.28382,256,18.101,10783.89013,0
1783609200000000,601.13,607.0,600.94,607.0,14.964,1783612799999999,9055.28748,201,13.223,8003.08798,0
1783612800000000,608.05,616.29,607.8,614.59,10.19,1783616399999999,6231.87643,217,7.005,4283.34218,0
1783616400000000,613.54,613.56,610.39,612.7,4.403,1783619999999999,2693.32529,111,0.66,404.42223,0
1783620000000000,611.67,616.81,611.67,616.8,2.588,1783623599999999,1591.61048,133,1.562,960.6552,0
1783623600000000,616.81,633.0,616.8,631.86,7.647,1783627199999999,4785.68356,335,5.245,3286.9278,0
1783627200000000,631.68,631.68,626.98,627.07,2.077,1783630799999999,1306.58182,34,0.039,24.57306,0
1783630800000000,628.29,629.1,626.98,628.53,0.738,1783634399999999,463.87647,64,0.467,293.57595,0
1783634400000000,629.26,635.75,629.08,634.65,126.141,1783637999999999,79992.0532,1843,122.513,77692.28256,0
1783638000000000,634.13,643.82,634.02,641.38,22.505,1783641599999999,14385.7913,258,21.155,13523.9072,0
1783641600000000,641.28,644.79,639.02,643.83,58.3,1783645199999999,37402.51298,423,50.092,32139.74062,0
1783645200000000,642.92,643.95,641.39,642.25,6.655,1783648799999999,4278.09426,174,3.608,2321.43094,0
1783648800000000,642.69,646.29,642.07,645.06,3.377,1783652399999999,2175.74706,94,0.837,539.50252,0
1783652400000000,646.27,646.27,640.33,640.33,9.789,1783655999999999,6290.24132,112,7.159,4601.76493,0
1783656000000000,640.97,640.97,639.45,640.95,7.814,1783659599999999,5005.94289,40,7.095,4545.93125,0
1783659600000000,640.39,641.38,639.16,641.11,5.636,1783663199999999,3609.92281,77,4.714,3020.1945,0
1783663200000000,641.29,641.34,636.83,638.9,20.574,1783666799999999,13137.94804,190,5.715,3649.49192,0
1783666800000000,638.4,638.6,636.11,637.15,8.014,1783670399999999,5110.09726,156,5.17,3298.17935,0
1783670400000000,637.88,645.28,637.88,643.7,10.711,1783673999999999,6882.11379,328,8.174,5251.75332,0
1783674000000000,643.38,646.24,642.1,643.43,11.658,1783677599999999,7524.19574,247,8.874,5730.56702,0
1783677600000000,643.69,650.04,643.69,649.16,9.357,1783681199999999,6051.44101,275,5.392,3487.50935,0
1783681200000000,649.2,659.32,648.99,653.64,22.26,1783684799999999,14586.62198,855,12.013,7875.51522,0
1783684800000000,653.3,658.7,649.41,657.42,21.376,1783688399999999,13966.81512,358,10.092,6590.69846,0
1783688400000000,657.34,677.65,654.71,673.55,187.311,1783691999999999,124735.92934,1597,142.688,95045.17623,0
1783692000000000,673.35,677.5,662.46,669.74,75.231,1783695599999999,50321.44882,1190,16.029,10733.22171,0
1783695600000000,669.8,675.63,668.01,671.7,15.537,1783699199999999,10445.22156,388,8.319,5593.75584,0
1783699200000000,671.26,671.27,666.31,669.03,10.824,1783702799999999,7238.13249,409,4.441,2971.10883,0
1783702800000000,667.96,667.98,662.93,665.27,73.797,1783706399999999,48993.24756,388,70.215,46610.17855,0
1783706400000000,665.45,670.55,665.45,669.92,169.054,1783709999999999,112962.6058,742,89.6,59853.64604,0
1783710000000000,669.03,670.45,664.19,669.14,5.983,1783713599999999,3997.24799,161,2.481,1658.22167,0
1783713600000000,668.42,670.37,668.0,668.48,1.496,1783717199999999,1000.59749,47,0.38,254.42617,0
1783717200000000,668.41,668.41,667.33,667.84,0.986,1783720799999999,658.78088,32,0.208,139.01421,0
1783720800000000,667.84,668.32,667.48,667.49,0.865,1783724399999999,577.69621,27,0.115,76.84716,0
1783724400000000,667.58,669.72,667.49,668.04,3.82,1783727999999999,2554.71152,134,2.286,1528.9051,0
1783728000000000,668.0,668.0,664.03,666.46,33.321,1783731599999999,22168.11346,201,14.376,9568.16253,0
1783731600000000,666.68,668.57,666.36,667.19,1.072,1783735199999999,715.1255,38,0.537,358.28208,0
1783735200000000,667.01,667.78,666.46,667.74,1.181,1783738799999999,787.96611,36,0.117,78.06477,0
1783738800000000,667.41,670.33,667.31,669.75,3.741,1783742399999999,2501.41981,154,2.366,1581.44863,0
1783742400000000,669.76,669.96,667.81,668.03,6.593,1783745999999999,4412.53228,77,3.47,2323.7856,0
1783746000000000,668.03,668.86,666.87,666.87,2.282,1783749599999999,1522.96043,44,0.213,142.38298,0
1783749600000000,667.3,668.31,666.44,668.16,5.04,1783753199999999,3363.29543,52,0.79,527.68015,0
1783753200000000,668.0,668.51,667.36,667.37,2.708,1783756799999999,1808.33883,56,0.358,239.22726,0
1783756800000000,667.24,668.8,666.92,668.8,3.547,1783760399999999,2366.99478,81,1.068,713.41395,0
1783760400000000,668.79,673.11,668.7,671.35,5.063,1783763999999999,3396.58141,224,2.572,1725.09318,0
1783764000000000,671.93,673.77,671.93,673.29,6.16,1783767599999999,4143.9605,103,0.743,500.11961,0
1783767600000000,673.09,674.39,671.15,673.81,4.285,1783771199999999,2884.53994,101,1.613,1086.69354,0
1783771200000000,672.34,673.59,671.98,672.58,0.625,1783774799999999,420.41623,13,0.226,152.15652,0
1783774800000000,672.88,673.09,670.1,670.87,6.0,1783778399999999,4034.10103,76,3.854,2592.48913,0
1783778400000000,670.87,673.06,670.55,673.0,0.647,1783781999999999,434.77708,35,0.287,193.0652,0
1783782000000000,672.12,673.96,671.95,672.41,1.975,1783785599999999,1329.05177,64,1.24,834.89742,0
1783785600000000,672.29,674.09,671.62,673.96,2.261,1783789199999999,1521.93244,50,0.84,565.94215,0
1783789200000000,673.29,674.37,672.84,673.14,1.444,1783792799999999,972.66581,43,0.346,233.16793,0
1783792800000000,672.97,674.62,672.86,674.51,1.567,1783796399999999,1055.70413,38,0.83,559.60025,0
1783796400000000,674.13,674.39,670.95,670.95,1.982,1783799999999999,1333.56724,58,0.521,350.49684,0
1783800000000000,671.29,673.93,670.57,673.93,0.612,1783803599999999,411.54219,26,0.436,293.38937,0
1783803600000000,673.06,674.13,672.83,673.01,0.406,1783807199999999,273.30318,16,0.125,84.18071,0
1783807200000000,673.3,673.3,668.57,669.84,4.636,1783810799999999,3105.3018,49,0.637,427.56541,0
1783810800000000,669.35,670.33,668.96,669.48,2.396,1783814399999999,1603.8996,29,1.365,913.95896,0
1783814400000000,669.65,670.42,667.35,668.36,18.237,1783817999999999,12176.91128,51,0.498,333.5974,0
1783818000000000,667.75,668.87,666.81,667.61,4.256,1783821599999999,2842.35784,64,2.042,1364.34257,0
1783821600000000,667.47,668.78,666.93,667.89,0.867,1783825199999999,579.19101,28,0.077,51.46266,0
1783825200000000,667.23,669.18,667.23,669.0,0.994,1783828799999999,664.66753,17,0.088,58.87922,0
1783828800000000,668.32,668.32,666.89,667.11,1.035,1783832399999999,690.98196,47,0.163,108.73776,0
1783832400000000,668.55,668.89,667.24,667.24,1.786,1783835999999999,1193.33683,33,0.881,588.93447,0
1783836000000000,667.43,667.43,666.09,666.1,1.268,1783839599999999,845.52035,62,0.295,196.75155,0
1783839600000000,666.18,666.72,665.39,665.48,3.762,1783843199999999,2504.47919,31,0.51,339.84851,0
1783843200000000,666.72,667.97,666.6,667.97,1.364,1783846799999999,909.76582,69,0.817,544.92076,0
1783846800000000,667.49,672.42,667.39,671.68,6.484,1783850399999999,4345.63499,140,5.064,3395.25164,0
1783850400000000,671.74,673.06,669.95,669.95,9.995,1783853999999999,6715.13464,148,5.186,3487.78029,0
1783854000000000,669.46,671.62,669.29,670.64,0.217,1783857599999999,145.46403,9,0.092,61.74785,0
1783857600000000,670.74,671.83,670.41,671.08,2.868,1783861199999999,1925.29153,115,2.037,1367.79989,0
1783861200000000,671.3,672.49,671.3,672.49,2.033,1783864799999999,1366.42467,25,1.6,1075.45744,0
1783864800000000,672.49,672.5,670.55,670.76,1.436,1783868399999999,964.05451,67,0.454,305.04215,0
1783868400000000,670.55,671.78,669.84,670.45,2.933,1783871999999999,1967.83927,102,1.339,899.14153,0
1783872000000000,671.54,671.55,669.12,669.15,3.163,1783875599999999,2119.94288,90,0.881,591.55386,0
1783875600000000,669.49,669.66,668.79,668.99,1.031,1783879199999999,689.95936,27,0.647,432.9259,0
1783879200000000,669.15,669.18,668.21,668.65,0.628,1783882799999999,419.95076,25,0.019,12.71202,0
1783882800000000,669.09,671.54,667.4,669.05,5.757,1783886399999999,3853.35517,159,2.435,1629.65938,0
1783886400000000,670.33,671.24,669.45,670.46,1.998,1783889999999999,1339.60231,78,1.212,812.83643,0
1783890000000000,670.26,672.5,669.27,669.27,7.369,1783893599999999,4944.21693,200,1.47,986.97786,0
1783893600000000,669.27,669.27,663.19,666.0,23.348,1783897199999999,15537.65617,334,12.145,8082.61276,0
1783897200000000,665.21,665.65,663.98,663.98,4.635,1783900799999999,3081.12102,71,0.517,343.76187,0
1783900800000000,663.93,668.77,663.68,664.81,14.418,1783904399999999,9602.37746,327,6.056,4031.55417,0
1783904400000000,664.51,665.46,661.12,665.25,3.678,1783907999999999,2440.75326,152,2.063,1369.32688,0
1783908000000000,665.31,665.31,662.47,663.49,3.458,1783911599999999,2295.5867,75,0.43,285.61437,0
1783911600000000,662.1,662.77,658.67,659.32,8.054,1783915199999999,5324.4658,165,2.176,1437.31787,0
1783915200000000,659.32,663.8,656.64,658.69,5.758,1783918799999999,3797.66678,273,2.732,1801.45531,0
1783918800000000,658.66,662.69,658.28,660.06,11.654,1783922399999999,7697.48643,240,9.661,6381.03869,0
1783922400000000,660.0,660.95,657.24,660.8,3.308,1783925999999999,2179.73085,184,1.029,678.64572,0
1783926000000000,660.96,662.86,660.26,662.45,2.002,1783929599999999,1324.47494,91,0.83,549.30599,0
1783929600000000,661.66,667.98,661.66,665.99,2.919,1783933199999999,1940.75337,131,1.917,1273.64391,0
1783933200000000,665.27,670.96,665.27,668.86,5.239,1783936799999999,3505.18654,194,3.307,2211.78634,0
1783936800000000,669.2,669.2,665.87,667.07,3.382,1783940399999999,2257.86341,105,1.183,789.9458,0
1783940400000000,666.74,667.12,662.93,662.93,7.122,1783943999999999,4735.76482,74,0.167,111.15218,0
1783944000000000,662.91,665.46,662.64,665.32,2.294,1783947599999999,1523.08114,124,1.675,1112.35006,0
1783947600000000,665.32,676.0,659.53,664.25,46.358,1783951199999999,30945.83144,627,9.774,6531.27278,0
1783951200000000,663.77,664.24,654.14,660.77,8.185,1783954799999999,5396.06789,187,3.45,2273.05643,0
1783954800000000,660.98,664.96,658.63,659.57,6.075,1783958399999999,4016.95957,138,2.476,1639.29539,0
1783958400000000,660.67,664.16,658.34,659.3,2.597,1783961999999999,1716.65456,54,1.127,745.0937,0
1783962000000000,660.18,661.85,658.0,661.57,3.434,1783965599999999,2268.26224,79,1.886,1246.24802,0
1783965600000000,660.76,663.54,660.53,661.66,2.874,1783969199999999,1902.19993,59,1.384,916.28694,0
1783969200000000,661.66,662.01,655.39,656.25,7.775,1783972799999999,5112.1824,86,0.097,64.10971,0
1783972800000000,655.99,656.99,655.78,656.03,0.346,1783976399999999,227.08821,7,0.021,13.79634,0
1783976400000000,657.29,658.02,656.52,656.52,5.48,1783979999999999,3603.09156,95,4.136,2720.17883,0
1783980000000000,656.27,657.31,656.12,656.28,0.096,1783983599999999,63.02017,7,0.021,13.80243,0
1783983600000000,656.27,656.91,654.47,654.47,2.25,1783987199999999,1476.0042,59,1.059,695.55582,0
1783987200000000,656.57,657.89,654.14,656.46,5.34,1783990799999999,3502.67745,193,2.484,1630.22709,0
1783990800000000,657.18,658.41,655.25,655.32,2.139,1783994399999999,1405.31569,138,1.112,731.1086,0
1783994400000000,655.35,656.64,655.2,656.33,3.213,1783997999999999,2105.68713,38,0.932,611.08987,0
1783998000000000,655.78,656.35,654.4,654.4,1.734,1784001599999999,1136.37534,83,0.602,394.57456,0
1784001600000000,655.6,657.82,654.76,657.82,1.798,1784005199999999,1180.13251,101,1.509,990.64035,0
1784005200000000,657.6,657.88,656.35,656.75,2.777,1784008799999999,1825.34711,129,1.174,771.99283,0
1784008800000000,656.47,657.72,656.12,656.7,0.842,1784012399999999,553.19182,30,0.554,363.95108,0
1784012400000000,656.27,657.12,653.3,653.59,4.218,1784015999999999,2766.91397,141,2.337,1534.25985,0
1784016000000000,654.59,654.59,650.97,651.82,7.873,1784019599999999,5137.64893,114,1.485,969.54309,0
1784019600000000,651.11,652.77,650.69,652.34,0.467,1784023199999999,304.38319,16,0.161,105.06143,0
1784023200000000,652.36,652.86,651.64,652.01,0.624,1784026799999999,406.99419,23,0.389,253.8391,0
1784026800000000,652.07,652.07,648.52,649.13,4.772,1784030399999999,3102.61133,216,1.896,1232.66676,0
1784030400000000,649.05,653.34,645.49,647.93,9.814,1784033999999999,6369.48606,271,5.618,3647.18845,0
1784034000000000,647.93,662.57,646.7,660.4,27.65,1784037599999999,18119.18109,317,21.359,13994.89122,0
1784037600000000,661.59,663.55,656.02,662.92,10.298,1784041199999999,6794.75483,420,4.633,3058.86738,0
1784041200000000,661.47,664.18,656.32,656.33,5.042,1784044799999999,3325.44819,225,1.476,975.44644,0
1784044800000000,657.12,665.46,655.5,663.73,4.903,1784048399999999,3245.56825,171,3.406,2255.23696,0
1784048400000000,664.99,664.99,661.14,661.14,4.037,1784051999999999,2675.13112,108,1.217,807.18694,0
1784052000000000,662.56,662.93,658.88,658.88,3.212,1784055599999999,2122.5601,122,1.412,934.1075,0
1784055600000000,658.55,661.81,658.16,660.4,4.5,1784059199999999,2969.51384,80,2.487,1642.53415,0
1784059200000000,661.65,661.65,659.61,660.9,0.472,1784062799999999,311.74183,16,0.394,260.27885,0
1784062800000000,659.6,660.37,659.03,659.32,1.658,1784066399999999,1093.43263,22,0.371,244.8421,0
1784066400000000,658.56,660.63,658.56,659.16,0.49,1784069999999999,323.29471,18,0.24,158.46743,0
1784070000000000,659.45,662.4,659.36,662.34,2.972,1784073599999999,1964.13594,165,1.908,1261.52013,0
1784073600000000,662.09,665.46,659.15,661.54,6.375,1784077199999999,4222.75264,289,3.579,2373.86352,0
1784077200000000,661.52,661.65,660.08,661.65,1.032,1784080799999999,682.10526,76,0.779,514.99117,0
1784080800000000,661.6,662.0,660.86,661.2,0.94,1784084399999999,621.74926,45,0.559,369.85435,0
1784084400000000,661.44,662.29,660.75,661.82,1.861,1784087999999999,1230.96451,68,0.825,545.96563,0
1784088000000000,661.82,662.13,661.0,661.0,0.563,1784091599999999,372.52256,34,0.402,266.0472,0
1784091600000000,661.01,661.67,660.31,661.66,10.962,1784095199999999,7250.04071,246,2.756,1821.47498,0
1784095200000000,660.77,661.34,659.88,660.36,1.354,1784098799999999,894.31735,55,0.313,206.91619,0
1784098800000000,659.94,661.0,658.19,659.55,0.657,1784102399999999,433.47497,29,0.185,122.17919,0
1784102400000000,660.0,661.52,658.59,660.61,3.197,1784105999999999,2111.01471,58,1.904,1257.94208,0
1784106000000000,660.86,661.1,659.81,661.06,3.37,1784109599999999,2225.06277,29,0.417,275.51898,0
1784109600000000,661.09,662.89,660.84,662.24,3.893,1784113199999999,2577.42817,66,3.553,2352.54003,0
1784113200000000,662.4,664.19,662.34,663.29,9.489,1784116799999999,6294.036,75,8.836,5861.26478,0
1784116800000000,662.43,666.73,662.02,666.46,16.768,1784120399999999,11148.12254,202,14.875,9890.19233,0
1784120400000000,666.17,667.15,657.02,661.17,18.847,1784123999999999,12479.4143,443,6.73,4465.70072,0
1784124000000000,661.66,675.68,661.66,673.04,15.782,1784127599999999,10562.38991,398,8.209,5490.80044,0
1784127600000000,672.69,685.87,672.69,684.23,18.287,1784131199999999,12423.80572,445,8.95,6086.02543,0
1784131200000000,683.37,685.79,674.0,675.68,26.492,1784134799999999,17932.07924,379,14.691,9923.49059,0
1784134800000000,675.68,676.95,673.48,675.84,6.262,1784138399999999,4222.94174,69,1.748,1180.43097,0
1784138400000000,676.96,677.76,673.76,675.73,5.78,1784141999999999,3908.36233,174,3.868,2616.10937,0
1784142000000000,676.78,681.62,675.23,681.62,6.852,1784145599999999,4640.01204,249,4.508,3054.14598,0
1784145600000000,680.7,681.59,680.11,680.33,1.58,1784149199999999,1075.31204,31,0.211,143.7272,0
1784149200000000,679.78,680.67,678.98,679.7,0.793,1784152799999999,539.04787,17,0.557,378.66587,0
1784152800000000,680.84,680.84,679.45,680.23,0.472,1784156399999999,320.96882,22,0.244,165.99713,0
1784156400000000,680.04,681.13,680.04,680.16,0.651,1784159999999999,442.86367,21,0.098,66.73027,0
1784160000000000,680.16,681.44,679.49,679.85,3.441,1784163599999999,2340.6004,125,1.238,842.7494,0
1784163600000000,679.22,680.35,677.48,678.83,0.846,1784167199999999,574.42532,48,0.229,155.67674,0
1784167200000000,679.17,680.69,678.82,680.33,1.124,1784170799999999,764.25298,45,0.991,673.87278,0
1784170800000000,680.74,681.63,680.2,680.2,0.669,1784174399999999,455.42914,30,0.492,334.98029,0
1784174400000000,680.7,680.82,679.64,679.64,1.319,1784177999999999,897.08886,67,0.229,155.76408,0
1784178000000000,680.46,680.76,678.91,680.14,2.978,1784181599999999,2024.23292,112,0.711,483.73534,0
1784181600000000,680.02,680.75,678.43,678.43,3.386,1784185199999999,2302.2809,77,1.638,1114.2198,0
1784185200000000,679.67,680.48,679.23,679.25,1.115,1784188799999999,757.73556,35,0.93,632.01677,0
1784188800000000,679.71,685.9,679.23,685.9,14.4,1784192399999999,9825.15063,368,7.612,5190.46095,0
1784192400000000,686.07,688.76,682.08,683.89,11.214,1784195999999999,7693.52576,479,5.512,3782.70165,0
1784196000000000,683.03,683.81,681.33,682.51,4.47,1784199599999999,3052.26486,204,1.756,1198.95204,0
1784199600000000,682.48,684.73,682.1,682.78,4.675,1784203199999999,3194.2373,164,1.762,1203.89328,0
1784203200000000,682.8,682.8,677.82,679.71,6.239,1784206799999999,4241.47216,255,3.09,2100.33862,0
1784206800000000,681.01,682.8,666.73,671.47,105.473,1784210399999999,71743.76257,687,7.866,5314.7565,0
1784210400000000,671.5,682.12,669.8,680.95,17.213,1784213999999999,11636.24667,362,7.941,5369.7209,0
1784214000000000,679.74,679.75,674.4,674.49,17.227,1784217599999999,11645.58038,396,2.256,1524.77956,0
1784217600000000,674.4,674.4,667.73,670.36,44.54,1784221199999999,29834.06149,434,7.366,4943.14738,0
1784221200000000,669.59,669.59,667.63,668.81,15.591,1784224799999999,10425.84898,100,2.505,1675.88641,0
1784224800000000,668.78,672.95,666.5,668.46,13.636,1784228399999999,9126.56319,109,4.15,2780.98616,0
1784228400000000,668.46,668.47,660.04,663.99,31.0,1784231999999999,20591.0025,130,7.624,5056.12392,0
1784232000000000,664.19,664.91,662.86,663.05,1.657,1784235599999999,1099.98424,23,1.036,688.30397,0
1784235600000000,663.27,664.92,661.6,664.92,4.209,1784239199999999,2791.709,59,2.135,1417.41797,0
1784239200000000,665.35,665.81,664.72,664.72,0.638,1784242799999999,424.67848,12,0.6,399.41412,0
1784242800000000,665.44,666.2,664.57,666.2,1.242,1784246399999999,826.23941,21,1.061,705.91071,0
1784246400000000,666.31,666.46,663.39,664.31,2.886,1784249999999999,1917.90326,54,1.324,879.42297,0
1784250000000000,663.92,663.92,660.74,660.75,2.131,1784253599999999,1412.44101,54,0.52,344.47531,0
1784253600000000,661.4,661.4,654.11,655.82,11.422,1784257199999999,7504.05599,170,3.605,2364.2601,0
1784257200000000,657.26,659.56,656.78,657.9,3.021,1784260799999999,1989.39729,82,2.728,1796.60192,0
1784260800000000,657.88,657.88,651.22,651.29,4.184,1784264399999999,2737.49742,100,0.712,464.69581,0
1784264400000000,652.14,655.64,652.14,654.54,4.943,1784267999999999,3232.61968,123,3.721,2433.29768,0
1784268000000000,654.42,657.06,653.59,654.23,14.817,1784271599999999,9705.9259,193,11.968,7839.07384,0
1784271600000000,654.47,655.74,652.9,654.47,7.747,1784275199999999,5069.98423,123,0.536,350.74555,0
1784275200000000,654.3,654.78,650.6,652.38,6.664,1784278799999999,4352.41542,198,2.525,1649.59455,0
1784278800000000,652.41,653.9,651.57,652.77,1.987,1784282399999999,1297.21889,104,1.025,669.43855,0
1784282400000000,653.35,654.7,652.17,654.2,0.706,1784285999999999,461.54948,15,0.567,370.87674,0
1784286000000000,654.81,655.45,652.23,654.24,2.207,1784289599999999,1442.39778,62,0.929,607.61755,0
1784289600000000,654.24,654.43,650.03,650.03,5.661,1784293199999999,3686.54364,104,1.08,704.64904,0
1784293200000000,650.0,650.0,636.51,641.33,24.27,1784296799999999,15660.69211,303,6.566,4241.38095,0
1784296800000000,642.3,642.3,627.55,627.55,18.382,1784300399999999,11679.99359,175,12.142,7725.39072,0
1784300400000000,627.39,633.0,627.39,633.0,37.569,1784303999999999,23693.14558,173,35.52,22402.56936,0
1784304000000000,633.38,649.98,631.1,649.98,24.297,1784307599999999,15548.76696,324,14.378,9185.89564,0
1784307600000000,649.98,652.42,646.48,648.53,7.08,1784311199999999,4600.11598,196,2.886,1876.31202,0
1784311200000000,649.2,649.71,645.97,647.22,4.165,1784314799999999,2695.84457,127,1.565,1014.22835,0
1784314800000000,645.67,647.59,641.68,647.51,5.713,1784318399999999,3682.78567,165,3.211,2070.42068,0
1784318400000000,645.27,645.7,642.27,645.15,2.154,1784321999999999,1387.66776,52,0.563,363.18501,0
1784322000000000,644.31,645.54,644.31,645.54,0.358,1784325599999999,230.87029,17,0.358,230.87029,0
1784325600000000,645.1,645.44,643.91,643.91,1.66,1784329199999999,1070.10898,38,0.335,216.18714,0
1784329200000000,643.85,643.85,640.64,640.86,3.227,1784332799999999,2071.43936,56,0.367,235.83327,0
1784332800000000,640.23,641.06,638.11,638.75,3.206,1784336399999999,2051.5255,93,1.515,970.10763,0
1784336400000000,638.75,639.88,637.89,639.08,1.016,1784339999999999,649.39662,44,0.753,481.39604,0
1784340000000000,638.9,639.15,637.86,639.11,0.845,1784343599999999,539.77046,19,0.289,184.65275,0
1784343600000000,638.51,639.21,638.1,639.17,0.512,1784347199999999,326.97329,20,0.425,271.44615,0
1784347200000000,638.76,639.39,638.35,639.03,0.555,1784350799999999,354.53414,19,0.418,267.05385,0
1784350800000000,638.96,639.39,638.58,639.21,0.564,1784354399999999,360.37711,24,0.5,319.50799,0
1784354400000000,639.4,641.18,638.59,641.18,1.222,1784357999999999,781.99938,31,1.101,704.70239,0
1784358000000000,641.24,642.21,640.48,640.78,2.478,1784361599999999,1588.72528,68,2.159,1384.34935,0
1784361600000000,640.77,640.78,638.02,639.37,2.159,1784365199999999,1381.88938,105,0.708,453.23481,0
1784365200000000,637.93,638.38,636.38,636.73,14.816,1784368799999999,9451.13579,79,13.55,8644.42724,0
1784368800000000,637.67,637.69,636.8,637.45,0.698,1784372399999999,444.90397,24,0.511,325.80099,0
1784372400000000,637.27,637.9,636.74,637.25,3.623,1784375999999999,2309.51718,52,2.288,1459.08774,0
1784376000000000,637.64,638.48,637.15,638.48,0.848,1784379599999999,540.8441,33,0.528,336.77731,0
1784379600000000,638.61,638.97,637.11,638.15,3.197,1784383199999999,2039.79987,102,2.039,1301.33677,0
1784383200000000,638.18,639.06,637.72,638.36,1.333,1784386799999999,850.63535,42,0.644,411.09328,0
1784386800000000,638.24,639.22,638.11,638.11,5.892,1784390399999999,3763.66115,56,5.219,3334.12564,0
1784390400000000,638.15,638.83,637.9,638.53,1.337,1784393999999999,853.41266,38,0.554,353.76671,0
1784394000000000,638.43,639.15,638.16,638.98,1.174,1784397599999999,749.65306,35,0.435,277.86055,0
1784397600000000,639.24,641.18,639.0,640.64,0.925,1784401199999999,592.05754,49,0.513,328.286,0
1784401200000000,640.64,641.26,640.33,640.97,1.677,1784404799999999,1074.91441,26,0.421,269.90367,0
1784404800000000,640.5,641.52,640.19,641.42,0.353,1784408399999999,226.14626,15,0.188,120.48837,0
1784408400000000,640.78,642.2,640.78,641.24,0.936,1784411999999999,600.55693,59,0.54,346.52124,0
1784412000000000,640.98,640.99,639.27,640.2,1.332,1784415599999999,852.89444,32,0.195,124.87025,0
1784415600000000,640.01,640.4,638.57,639.72,2.327,1784419199999999,1488.90856,33,0.145,92.82775,0
1784419200000000,640.4,641.11,639.87,641.11,1.795,1784422799999999,1149.85567,59,0.587,376.05451,0
1784422800000000,640.95,641.13,640.61,641.13,1.048,1784426399999999,671.81037,39,0.776,497.49304,0
1784426400000000,641.47,642.21,641.47,641.91,2.408,1784429999999999,1545.9286,30,0.709,454.92378,0
1784430000000000,641.66,641.74,640.64,641.24,0.561,1784433599999999,359.83549,26,0.11,70.56239,0
1784433600000000,641.54,642.98,640.9,642.47,6.714,1784437199999999,4310.1608,102,3.71,2383.42325,0
1784437200000000,642.0,642.53,641.26,641.68,0.979,1784440799999999,628.38405,27,0.233,149.59091,0
1784440800000000,641.28,641.29,635.19,640.22,9.773,1784444399999999,6243.20063,132,3.15,2014.41507,0
1784444400000000,640.2,640.75,640.14,640.75,0.585,1784447999999999,374.72671,31,0.331,212.07878,0
1784448000000000,640.74,643.65,640.74,642.21,13.532,1784451599999999,8696.23233,151,2.515,1615.47565,0
1784451600000000,641.91,642.34,641.76,641.77,0.677,1784455199999999,434.61167,34,0.162,104.03238,0
1784455200000000,641.77,642.53,641.28,641.78,1.788,1784458799999999,1147.63386,68,1.083,695.30565,0
1784458800000000,642.22,643.11,641.78,643.11,1.535,1784462399999999,985.83887,36,0.734,471.61963,0
1784462400000000,642.18,643.12,641.77,642.41,2.225,1784465999999999,1429.13461,96,1.408,904.71575,0
1784466000000000,642.19,642.77,639.45,641.44,3.215,1784469599999999,2061.74785,100,0.977,627.17411,0
1784469600000000,640.88,641.7,640.09,640.19,4.034,1784473199999999,2586.16608,54,3.839,2461.20801,0
1784473200000000,640.16,640.88,639.3,640.51,3.208,1784476799999999,2052.16474,43,0.885,566.45146,0
1784476800000000,640.47,641.78,640.02,640.19,1.801,1784480399999999,1153.7346,56,1.222,783.13297,0
1784480400000000,640.03,640.32,638.8,638.96,7.906,1784483999999999,5055.25629,97,3.001,1919.04396,0
1784484000000000,639.53,639.53,638.09,638.21,8.717,1784487599999999,5566.66863,66,3.485,2225.15098,0
1784487600000000,638.61,639.16,637.8,638.03,5.764,1784491199999999,3678.49543,40,5.075,3238.91856,0
1784491200000000,638.6,638.79,637.8,638.18,0.252,1784494799999999,160.86038,15,0.168,107.2607,0
1784494800000000,639.02,639.16,638.19,638.31,0.785,1784498399999999,501.36689,41,0.523,334.13267,0
1784498400000000,638.19,639.87,638.18,639.1,0.692,1784501999999999,442.13039,32,0.437,279.32944,0
1784502000000000,638.95,643.06,638.91,642.78,2.744,1784505599999999,1762.27489,29,0.679,435.17076,0
1784505600000000,642.69,645.36,640.75,642.27,7.058,1784509199999999,4541.18194,224,4.708,3032.27597,0
1784509200000000,643.73,644.02,641.82,641.83,1.223,1784512799999999,786.21105,27,0.946,608.17827,0
1784512800000000,643.72,643.86,642.5,643.54,0.577,1784516399999999,371.25907,19,0.383,246.52502,0
1784516400000000,644.63,644.64,642.79,644.64,0.506,1784519999999999,325.66122,18,0.299,192.55177,0
1784520000000000,643.96,644.9,643.55,644.41,1.76,1784523599999999,1133.50131,43,1.026,660.84107,0
1784523600000000,644.12,644.12,641.55,641.55,1.276,1784527199999999,820.50813,57,0.101,65.00897,0
1784527200000000,642.06,642.61,641.59,642.13,2.06,1784530799999999,1322.58147,40,1.12,718.99115,0
1784530800000000,642.34,645.22,642.14,644.89,17.329,1784534399999999,11152.10885,194,16.118,10372.5872,0
1784534400000000,644.45,645.44,642.28,643.06,21.718,1784537999999999,13974.948,418,15.524,9986.27659,0
1784538000000000,642.96,644.43,642.53,643.43,11.832,1784541599999999,7613.77644,192,9.626,6193.29611,0
1784541600000000,643.08,643.61,642.49,643.4,9.632,1784545199999999,6193.10311,196,8.978,5772.64021,0
1784545200000000,643.51,649.88,642.5,648.6,32.704,1784548799999999,21095.49587,288,25.83,16647.28812,0
1784548800000000,647.67,648.49,646.54,646.98,3.026,1784552399999999,1959.34953,92,0.397,257.09501,0
1784552400000000,646.98,649.0,637.13,638.71,43.567,1784555999999999,28148.79685,691,13.508,8714.99129,0
1784556000000000,637.51,645.53,636.76,645.52,7.371,1784559599999999,4736.51802,165,4.284,2752.08683,0
1784559600000000,645.46,650.48,645.29,647.68,10.437,1784563199999999,6768.64879,135,5.327,3458.08,0
1784563200000000,647.75,654.0,647.38,651.78,8.676,1784566799999999,5645.03299,249,4.612,2999.79349,0
1784566800000000,652.04,652.23,648.36,648.37,3.904,1784570399999999,2536.87413,161,1.248,810.493,0
1784570400000000,649.1,649.84,646.42,648.33,4.79,1784573999999999,3105.46797,184,2.645,1715.44125,0
1784574000000000,649.26,651.54,645.22,645.22,5.411,1784577599999999,3511.86719,165,2.478,1610.79253,0
1784577600000000,646.41,646.7,644.78,646.0,3.682,1784581199999999,2378.41351,60,2.951,1906.26785,0
1784581200000000,645.86,646.55,645.79,646.2,23.221,1784584799999999,15004.18562,35,4.162,2688.30942,0
1784584800000000,645.97,646.2,642.53,643.6,11.022,1784588399999999,7104.17354,201,5.312,3424.80009,0
1784588400000000,642.54,644.23,642.54,643.75,2.27,1784591999999999,1461.06031,32,0.148,95.31292,0
1784592000000000,643.74,646.7,642.47,645.44,3.875,1784595599999999,2499.08808,84,2.208,1425.45147,0
1784595600000000,645.02,646.01,645.02,645.61,0.772,1784599199999999,498.20745,15,0.0,0.0,0
1784599200000000,645.17,646.71,645.0,645.54,0.531,1784602799999999,342.76569,18,0.18,116.31327,0
1784602800000000,646.09,646.62,645.53,645.53,0.434,1784606399999999,280.4377,15,0.15,96.96414,0
1784606400000000,646.3,647.47,645.37,646.51,1.733,1784609999999999,1120.81044,80,1.303,843.06928,0
1784610000000000,645.85,648.41,645.64,648.22,3.514,1784613599999999,2274.34662,144,2.832,1833.40747,0
1784613600000000,648.4,650.98,647.99,649.82,3.61,1784617199999999,2344.32025,143,1.925,1250.98361,0
1784617200000000,650.01,650.58,648.83,649.33,2.262,1784620799999999,1469.95355,77,0.259,168.30374,0
1784620800000000,648.73,649.21,647.8,648.44,1.171,1784624399999999,759.5696,47,0.454,294.54644,0
1784624400000000,648.45,649.39,646.78,649.02,6.157,1784627999999999,3992.91265,144,2.752,1785.68871,0
1784628000000000,648.25,649.71,648.2,649.71,4.455,1784631599999999,2892.22689,55,4.12,2674.99202,0
1784631600000000,648.55,648.68,645.62,646.74,2.575,1784635199999999,1665.91479,56,0.065,42.11468,0
1784635200000000,646.94,652.19,646.18,652.19,6.123,1784638799999999,3971.84555,172,5.122,3322.2774,0
1784638800000000,651.58,655.78,643.8,647.79,47.45,1784642399999999,30935.11477,589,31.811,20760.60276,0
1784642400000000,649.51,649.7,645.72,647.94,15.122,1784645999999999,9788.26731,433,8.913,5770.24172,0
1784646000000000,647.93,649.14,645.85,647.27,10.635,1784649599999999,6890.06123,264,5.721,3707.58461,0
1784649600000000,648.24,650.88,646.7,648.98,5.896,1784653199999999,3816.62206,170,4.748,3073.44102,0
1784653200000000,648.41,648.41,645.22,646.71,7.596,1784656799999999,4915.81715,201,2.346,1518.46626,0
1784656800000000,646.86,647.76,646.45,647.58,1.559,1784660399999999,1008.99672,37,0.832,538.70385,0
1784660400000000,647.02,649.71,644.12,644.12,5.161,1784663999999999,3340.28084,229,1.29,836.24797,0
1784664000000000,643.72,643.72,639.27,641.93,48.817,1784667599999999,31331.17468,164,10.274,6591.4937,0
1784667600000000,641.84,643.1,641.84,642.13,2.982,1784671199999999,1915.59369,42,2.055,1320.48319,0
1784671200000000,642.82,642.82,641.05,641.71,0.884,1784674799999999,567.69446,46,0.239,153.55146,0
1784674800000000,641.16,641.84,640.72,641.82,4.278,1784678399999999,2745.57566,84,3.175,2037.80531,0
1784678400000000,642.01,642.58,640.8,641.1,3.084,1784681999999999,1979.70679,33,2.824,1813.08521,0
1784682000000000,641.81,642.8,640.84,642.8,2.72,1784685599999999,1745.75193,98,2.681,1720.74783,0
1784685600000000,642.43,643.43,642.05,643.25,4.089,1784689199999999,2626.54451,45,0.973,625.73289,0
1784689200000000,642.45,642.68,642.02,642.68,0.229,1784692799999999,147.07225,11,0.141,90.57421,0
1784692800000000,643.08,643.46,643.08,643.09,0.517,1784696399999999,332.55264,12,0.517,332.55264,0
1784696400000000,643.65,643.65,642.68,643.43,0.613,1784699999999999,394.26489,31,0.579,372.41148,0
1784700000000000,643.71,643.71,641.19,642.16,2.237,1784703599999999,1436.74708,86,1.095,703.78254,0
1784703600000000,641.75,642.71,641.75,642.5,0.578,1784707199999999,371.29646,18,0.499,320.58856,0
1784707200000000,642.15,644.1,642.02,644.1,4.431,1784710799999999,2846.45483,110,2.561,1645.80272,0
1784710800000000,644.77,645.03,643.56,644.13,1.516,1784714399999999,976.71317,30,1.303,839.6126,0
1784714400000000,644.38,646.18,644.1,645.15,1.541,1784717999999999,994.45055,39,1.172,756.54794,0
1784718000000000,644.86,646.71,642.51,645.8,8.987,1784721599999999,5788.97509,235,3.245,2093.07302,0
1784721600000000,646.13,646.6,643.89,644.0,14.671,1784725199999999,9470.49953,342,7.697,4969.73029,0
1784725200000000,644.12,648.17,631.92,633.17,33.394,1784728799999999,21352.09129,823,13.582,8692.04233,0
1784728800000000,633.19,636.95,628.06,630.34,32.256,1784732399999999,20367.52933,696,13.409,8474.27983,0
1784732400000000,629.75,630.93,628.12,629.0,7.935,1784735999999999,4993.65377,353,3.984,2507.07374,0
1784736000000000,629.01,630.38,628.45,630.27,1.312,1784739599999999,826.00555,45,0.888,559.15041,0
1784739600000000,630.05,630.95,625.88,626.29,6.846,1784743199999999,4292.53335,95,0.351,221.16852,0
1784743200000000,625.84,626.88,625.83,626.32,1.916,1784746799999999,1200.06223,95,1.526,955.79227,0
1784746800000000,626.54,628.82,625.0,628.58,5.978,1784750399999999,3747.87008,219,3.92,2457.88665,0
1784750400000000,627.32,630.39,622.04,622.04,12.101,1784753999999999,7587.02618,446,7.388,4636.55117,0
1784754000000000,621.76,621.76,617.7,619.28,3.484,1784757599999999,2158.43798,128,0.647,400.67381,0
1784757600000000,620.32,621.19,618.9,619.91,0.842,1784761199999999,522.14098,41,0.738,457.73578,0
1784761200000000,621.3,621.3,618.89,619.53,1.482,1784764799999999,919.12944,36,0.354,219.43414,0
1784764800000000,620.48,622.15,620.26,622.15,1.311,1784768399999999,814.46339,57,0.928,576.81368,0
1784768400000000,622.14,622.61,620.7,620.7,1.354,1784771999999999,842.28912,58,0.949,590.60546,0
1784772000000000,621.03,622.01,620.66,621.86,1.667,1784775599999999,1036.32612,30,1.341,833.84094,0
1784775600000000,621.11,621.37,620.48,620.82,0.264,1784779199999999,163.9406,10,0.087,54.05887,0
1784779200000000,620.84,621.34,620.83,620.84,1.137,1784782799999999,705.94578,16,0.238,147.81338,0
1784782800000000,620.84,621.66,619.71,621.66,1.048,1784786399999999,650.49846,29,0.156,96.9761,0
1784786400000000,620.6,621.68,620.51,620.83,0.321,1784789999999999,199.3791,14,0.143,88.86454,0
1784790000000000,620.54,620.75,617.8,619.87,10.464,1784793599999999,6476.72333,327,6.064,3753.91704,0
1784793600000000,619.86,619.87,617.66,618.23,2.271,1784797199999999,1404.43046,90,0.844,522.36041,0
1784797200000000,618.21,618.61,616.68,616.68,2.389,1784800799999999,1476.09145,72,1.395,862.26605,0
1784800800000000,616.14,623.24,616.14,620.07,62.548,1784804399999999,38781.0061,335,53.827,33371.04259,0
1784804400000000,619.22,620.02,613.76,613.91,17.989,1784807999999999,11094.62914,390,5.833,3598.18245,0
1784808000000000,613.37,616.16,611.11,611.8,24.933,1784811599999999,15306.48033,645,15.08,9259.08817,0
1784811600000000,611.8,614.61,606.26,611.3,24.886,1784815199999999,15173.37019,788,12.264,7483.73008,0
1784815200000000,610.63,610.63,602.27,602.27,9.833,1784818799999999,5962.61797,339,5.161,3132.4928,0
1784818800000000,602.34,602.79,598.25,602.6,7.58,1784822399999999,4553.81102,210,1.89,1135.1936,0
1784822400000000,602.61,606.13,601.61,605.93,3.072,1784825999999999,1854.47376,101,1.165,704.16016,0
1784826000000000,606.13,607.76,605.27,607.76,0.628,1784829599999999,381.18243,23,0.469,284.6159,0
1784829600000000,606.15,607.97,605.91,606.31,2.927,1784833199999999,1775.7146,99,1.416,859.29424,0
1784833200000000,607.21,608.14,603.34,606.63,5.521,1784836799999999,3347.23102,138,2.142,1300.46503,0
1784836800000000,607.16,607.53,605.3,606.44,0.932,1784840399999999,565.20045,40,0.481,291.88029,0
1784840400000000,606.42,607.04,606.1,606.95,2.6,1784843999999999,1577.33062,63,0.585,354.94506,0
1784844000000000,606.22,607.89,606.11,607.86,0.942,1784847599999999,571.93895,19,0.738,448.26389,0
1784847600000000,608.07,608.08,606.98,606.98,2.446,1784851199999999,1485.6861,41,0.48,291.7376,0
1784851200000000,607.89,607.89,606.21,607.83,2.006,1784854799999999,1217.72677,54,0.533,323.86473,0
1784854800000000,607.81,607.83,606.26,606.74,1.706,1784858399999999,1035.75177,49,0.33,200.478,0
1784858400000000,606.65,606.65,605.38,606.5,2.427,1784861999999999,1470.67122,43,0.766,464.48436,0
1784862000000000,606.66,606.98,605.89,606.53,7.684,1784865599999999,4662.35839,110,3.051,1851.24927,0
1784865600000000,606.97,607.54,606.03,607.43,0.612,1784869199999999,371.47336,21,0.445,270.19544,0
1784869200000000,607.0,607.76,606.85,606.95,0.835,1784872799999999,507.07769,32,0.234,142.15623,0
1784872800000000,606.95,607.28,606.43,606.43,1.37,1784876399999999,831.36887,51,0.422,256.19827,0
1784876400000000,607.48,608.13,607.29,607.29,2.676,1784879999999999,1626.70941,65,2.323,1412.12682,0
1784880000000000,607.38,610.97,607.38,610.4,7.432,1784883599999999,4532.18617,154,6.782,4136.1712,0
1784883600000000,609.53,610.84,609.27,610.67,0.772,1784887199999999,471.10975,31,0.191,116.62068,0
1784887200000000,610.75,610.76,599.42,602.78,20.074,1784890799999999,12138.7345,364,4.015,2427.96789,0
1784890800000000,602.8,606.06,601.92,606.06,6.764,1784894399999999,4087.44047,201,3.839,2322.27802,0
1784894400000000,605.47,606.78,603.34,603.8,4.343,1784897999999999,2628.74697,164,2.211,1338.90091,0
1784898000000000,603.56,607.16,602.89,603.92,18.083,1784901599999999,10938.02706,509,6.839,4136.61862,0
1784901600000000,604.74,607.11,601.53,606.7,4.981,1784905199999999,3009.0266,165,2.668,1611.98638,0
1784905200000000,607.53,609.96,605.21,605.22,5.437,1784908799999999,3302.8694,198,2.048,1244.55746,0
1784908800000000,606.33,606.33,600.74,601.41,1.995,1784912399999999,1203.25981,128,0.654,394.68604,0
1784912400000000,602.4,605.93,600.22,601.94,7.114,1784915999999999,4284.28373,149,4.281,2580.31361,0
1784916000000000,602.27,603.28,599.38,600.45,18.393,1784919599999999,11067.281,99,0.676,407.07441,0
1784919600000000,600.47,602.5,595.02,595.93,13.371,1784923199999999,8023.17837,164,7.642,4598.19617,0
1784923200000000,595.92,596.75,595.79,596.46,1.588,1784926799999999,946.78664,63,1.31,781.09662,0
1784926800000000,596.17,596.79,595.85,596.79,1.398,1784930399999999,833.36685,51,0.779,464.32456,0
1784930400000000,596.37,596.49,595.07,595.07,0.266,1784933999999999,158.60789,8,0.247,147.30156,0
1784934000000000,595.33,595.36,594.34,595.15,1.292,1784937599999999,768.92736,52,0.702,417.86168,0
1784937600000000,595.35,595.35,592.06,594.45,15.218,1784941199999999,9023.8393,246,13.071,7749.15506,0
1784941200000000,594.61,595.01,594.31,594.74,1.407,1784944799999999,836.93334,52,0.335,199.24152,0
1784944800000000,594.97,595.46,594.4,595.13,0.902,1784948399999999,536.80386,22,0.649,386.36532,0
1784948400000000,595.45,596.19,594.76,595.62,0.8,1784951999999999,476.48359,44,0.593,353.24713,0
1784952000000000,595.62,596.36,595.62,595.64,0.399,1784955599999999,237.83181,23,0.285,169.92489,0
1784955600000000,596.39,597.23,596.01,596.3,2.394,1784959199999999,1429.11511,82,2.219,1324.77456,0
1784959200000000,596.41,597.31,596.41,596.89,0.675,1784962799999999,403.05526,24,0.152,90.73859,0
1784962800000000,597.6,597.62,596.88,597.58,0.574,1784966399999999,342.89492,21,0.392,234.25421,0
1784966400000000,597.62,597.78,595.97,596.69,0.37,1784969999999999,220.9761,25,0.334,199.52098,0
1784970000000000,596.69,596.97,596.24,596.24,0.333,1784973599999999,198.71321,18,0.318,189.76961,0
1784973600000000,596.74,596.98,596.74,596.98,0.239,1784977199999999,142.6581,12,0.239,142.6581,0
1784977200000000,596.91,596.94,596.3,596.52,0.56,1784980799999999,334.23096,13,0.542,323.49756,0
1784980800000000,596.39,597.13,596.39,597.11,0.765,1784984399999999,456.5082,41,0.579,345.56636,0
1784984400000000,597.11,597.78,596.56,597.75,0.935,1784987999999999,558.41101,30,0.809,483.18628,0
1784988000000000,597.77,597.77,596.34,597.27,0.517,1784991599999999,308.80462,20,0.492,293.89412,0
1784991600000000,596.94,597.67,596.28,597.67,0.82,1784995199999999,489.65978,26,0.457,272.94846,0
1784995200000000,596.59,597.46,596.39,596.39,0.68,1784998799999999,405.94489,21,0.566,337.93218,0
1784998800000000,595.82,598.41,595.82,597.87,1.633,1785002399999999,976.18865,30,0.635,379.74659,0
1785002400000000,598.63,599.07,598.33,599.07,0.445,1785005999999999,266.43734,18,0.228,136.50438,0
1785006000000000,599.07,600.12,598.24,600.12,1.265,1785009599999999,758.09687,58,0.811,486.15961,0
1785009600000000,599.11,600.26,599.11,599.54,0.248,1785013199999999,148.80279,11,0.201,120.63319,0
1785013200000000,600.26,600.26,598.44,598.44,0.152,1785016799999999,91.14689,8,0.125,74.98901,0
1785016800000000,598.44,599.97,598.42,599.97,0.173,1785020399999999,103.59946,5,0.066,39.5593,0
1785020400000000,600.17,600.44,600.09,600.44,0.435,1785023999999999,261.09967,14,0.435,261.09967,0
1785024000000000,600.0,600.25,599.18,599.76,0.881,1785027599999999,528.36554,37,0.422,253.18405,0
1785027600000000,599.9,600.48,599.21,600.48,0.383,1785031199999999,229.77478,10,0.283,169.84026,0
1785031200000000,599.84,600.35,599.57,599.61,0.407,1785034799999999,244.16103,13,0.15,90.04971,0
1785034800000000,600.21,600.21,596.76,597.44,3.489,1785038399999999,2086.7042,67,1.481,886.47827,0
1785038400000000,597.63,601.62,596.94,600.66,7.777,1785041999999999,4652.8416,126,6.274,3753.4235,0
1785042000000000,600.99,602.63,600.09,600.19,9.084,1785045599999999,5463.63049,78,8.175,4917.51364,0
1785045600000000,600.25,601.12,599.5,601.06,5.02,1785049199999999,3014.44642,46,4.12,2474.84854,0
1785049200000000,600.94,600.94,599.87,600.36,1.665,1785052799999999,999.86985,32,1.552,932.06985,0
1785052800000000,600.14,600.2,599.66,599.66,0.388,1785056399999999,232.79305,11,0.388,232.79305,0
1785056400000000,599.73,599.96,599.36,599.85,0.392,1785059999999999,235.07123,15,0.235,140.96085,0
1785060000000000,599.85,600.37,599.25,599.7,0.303,1785063599999999,181.8469,12,0.232,139.27713,0
1785063600000000,600.32,600.41,599.64,600.4,3.281,1785067199999999,1967.67777,25,0.257,154.2579,0
1785067200000000,599.82,600.66,599.77,599.95,1.572,1785070799999999,943.60656,35,0.771,463.05232,0
1785070800000000,600.56,600.56,598.86,599.6,0.346,1785074399999999,207.37679,24,0.095,57.0004,0
1785074400000000,598.88,599.37,598.01,598.9,2.345,1785077999999999,1404.12028,76,0.843,505.0552,0
1785078000000000,599.0,599.84,598.48,598.8,1.618,1785081599999999,969.6048,53,1.094,655.73064,0
1785081600000000,599.62,601.0,598.84,600.98,0.462,1785085199999999,277.42242,14,0.301,180.77162,0
1785085200000000,600.6,602.43,600.56,602.43,0.964,1785088799999999,579.55294,35,0.765,460.01562,0
1785088800000000,602.01,603.23,601.61,602.56,0.471,1785092399999999,283.67067,17,0.103,62.0941,0
1785092400000000,602.72,602.72,598.68,599.15,1.804,1785095999999999,1083.90469,67,0.72,432.49476,0
1785096000000000,599.01,599.03,597.15,597.84,1.341,1785099599999999,801.89319,74,0.583,348.74689,0
1785099600000000,597.89,599.11,597.16,598.47,0.631,1785103199999999,377.52308,30,0.381,228.06438,0
1785103200000000,599.16,603.13,599.16,602.97,2.069,1785106799999999,1244.87825,74,1.612,969.8352,0
1785106800000000,602.18,603.37,601.63,603.37,1.013,1785110399999999,610.28335,29,0.275,165.85436,0
1785110400000000,603.22,603.23,599.82,600.12,8.406,1785113999999999,5058.4731,248,4.44,2669.4204,0
1785114000000000,600.15,601.27,599.34,600.85,4.4,1785117599999999,2640.77234,166,2.542,1525.84617,0
1785117600000000,600.91,601.62,600.67,601.62,0.982,1785121199999999,590.2464,34,0.827,497.13337,0
1785121200000000,601.22,602.44,601.22,601.38,2.698,1785124799999999,1623.76392,45,2.601,1565.4319,0
1785124800000000,601.24,603.71,600.8,602.97,3.073,1785128399999999,1848.59671,100,1.212,729.4911,0
1785128400000000,602.4,602.94,602.27,602.79,0.514,1785131999999999,309.77869,19,0.369,222.43372,0
1785132000000000,603.28,604.97,603.28,603.69,11.986,1785135599999999,7242.55291,274,6.839,4133.34002,0
1785135600000000,603.45,604.18,602.42,602.42,2.328,1785139199999999,1404.92844,59,1.015,612.86073,0
1785139200000000,603.27,605.85,602.33,605.11,29.252,1785142799999999,17713.43362,222,27.229,16489.91782,0
1785142800000000,604.76,606.13,604.65,606.1,6.942,1785146399999999,4200.45881,196,1.406,851.13125,0
1785146400000000,606.13,607.99,605.57,606.28,12.091,1785149999999999,7332.57175,211,9.586,5813.36383,0
1785150000000000,606.69,607.32,604.98,605.45,5.148,1785153599999999,3119.493,143,1.974,1196.4163,0
1785153600000000,605.45,606.83,604.74,606.82,3.305,1785157199999999,2002.81365,102,2.301,1394.77441,0
1785157200000000,606.34,610.51,600.55,606.84,23.132,1785160799999999,14018.76723,704,13.302,8064.23466,0
1785160800000000,606.15,609.8,599.76,603.05,17.712,1785164399999999,10699.49249,316,12.521,7554.24735,0
1785164400000000,602.63,606.52,601.44,601.67,3.22,1785167999999999,1946.97479,157,1.522,920.1641,0
1785168000000000,600.77,601.34,597.71,597.82,2.405,1785171599999999,1440.50589,71,1.421,850.84382,0
1785171600000000,596.79,598.31,594.56,594.57,6.33,1785175199999999,3768.54145,55,0.122,72.78767,0
1785175200000000,594.86,597.4,593.97,597.38,3.171,1785178799999999,1887.91708,92,2.201,1310.40525,0
1785178800000000,596.37,597.09,593.36,593.37,7.213,1785182399999999,4286.95989,67,0.441,262.69483,0
1785182400000000,593.98,596.19,593.98,595.11,1.277,1785185999999999,759.93897,38,0.888,528.57838,0
1785186000000000,595.38,596.99,594.98,596.99,0.247,1785189599999999,147.23338,10,0.196,116.8794,0
1785189600000000,597.0,597.03,594.88,594.89,1.334,1785193199999999,795.29236,31,0.933,556.70751,0
1785193200000000,594.5,595.66,594.4,594.4,1.216,1785196799999999,723.23517,36,0.318,189.29828,0
1785196800000000,594.46,595.5,594.18,594.31,1.783,1785200399999999,1060.77743,36,0.873,519.75406,0
1785200400000000,594.69,594.81,592.87,594.81,0.851,1785203999999999,505.11724,33,0.337,200.13936,0
1785204000000000,593.53,594.75,593.09,594.69,0.573,1785207599999999,340.66647,15,0.535,318.12025,0
1785207600000000,593.53,595.5,593.53,595.5,2.625,1785211199999999,1561.39873,66,1.82,1082.67717,0
1785211200000000,595.0,595.14,594.1,594.4,0.849,1785214799999999,504.7002,35,0.599,356.1177,0
1785214800000000,593.67,594.6,593.46,594.48,0.569,1785218399999999,337.86644,16,0.175,103.96577,0
1785218400000000,593.92,595.2,593.92,595.2,0.335,1785221999999999,199.20825,10,0.335,199.20825,0
1785222000000000,595.2,596.89,594.98,596.42,3.454,1785225599999999,2057.01373,68,3.19,1899.7659,0
1785225600000000,596.19,597.54,595.8,597.24,3.533,1785229199999999,2109.23127,120,2.474,1477.22084,0
1785229200000000,597.14,597.98,596.51,596.83,1.575,1785232799999999,940.8996,49,0.795,475.03254,0
1785232800000000,596.82,596.87,595.88,596.03,1.03,1785236399999999,614.01451,28,0.796,474.47528,0
1785236400000000,595.78,598.47,595.77,596.38,2.113,1785239999999999,1260.87029,59,1.115,665.44534,0
1785240000000000,597.77,600.58,597.77,600.58,5.485,1785243599999999,3289.28949,120,5.172,3101.66732,0
1785243600000000,600.19,600.96,592.0,593.11,55.036,1785247199999999,32884.28497,461,7.55,4507.00488,0
1785247200000000,594.87,595.02,590.05,591.35,9.842,1785250799999999,5837.51153,192,1.684,999.13361,0
1785250800000000,590.01,595.02,587.1,595.02,8.9,1785254399999999,5247.67181,183,2.681,1583.73178,0
1785254400000000,595.77,597.62,594.22,594.73,10.832,1785257999999999,6446.80861,221,3.428,2041.28772,0
1785258000000000,594.74,594.9,592.25,594.36,20.008,1785261599999999,11877.95303,406,7.473,4437.25085,0
1785261600000000,594.84,595.37,592.11,594.48,16.148,1785265199999999,9592.97506,325,5.712,3393.31593,0
1785265200000000,594.5,595.46,593.34,593.71,17.541,1785268799999999,10420.10268,238,6.471,3845.51082,0
1785268800000000,594.35,595.31,593.72,595.23,6.26,1785272399999999,3721.83043,95,2.624,1560.61611,0
1785272400000000,595.52,595.52,594.51,594.59,0.748,1785275999999999,445.02664,15,0.282,167.92946,0
1785276000000000,595.17,595.81,593.34,595.19,3.796,1785279599999999,2255.96216,100,2.889,1717.14533,0
1785279600000000,594.57,598.69,593.82,597.06,121.783,1785283199999999,72688.92258,529,116.722,69676.25762,0
1785283200000000,596.98,598.68,596.6,597.2,5.357,1785286799999999,3198.90483,118,1.411,843.33626,0
1785286800000000,596.4,596.88,595.03,595.6,1.664,1785290399999999,991.88137,67,0.649,387.10122,0
1785290400000000,595.03,596.84,595.02,595.13,3.49,1785293999999999,2079.28219,106,2.442,1455.12778,0
1785294000000000,596.3,596.78,593.78,595.15,9.037,1785297599999999,5375.83059,175,3.616,2153.4371,0
1785297600000000,594.72,595.33,594.03,594.58,2.526,1785301199999999,1502.97948,60,1.737,1033.77563,0
1785301200000000,596.39,597.36,595.33,595.58,0.804,1785304799999999,479.69955,26,0.571,340.86969,0
1785304800000000,595.56,597.09,595.02,596.71,3.211,1785308399999999,1914.86888,112,0.297,176.95227,0
1785308400000000,596.71,598.73,596.71,598.2,1.645,1785311999999999,983.56489,102,0.832,497.3654,0
1785312000000000,598.2,598.3,597.17,597.83,5.35,1785315599999999,3198.10518,134,0.732,437.47411,0
1785315600000000,597.24,597.29,595.2,596.02,4.648,1785319199999999,2772.31368,120,1.379,822.06807,0
1785319200000000,596.14,597.78,596.03,597.48,6.139,1785322799999999,3664.28592,184,5.686,3394.02228,0
1785322800000000,597.48,598.13,595.54,596.53,9.919,1785326399999999,5916.77596,233,6.421,3831.35584,0
1785326400000000,596.1,596.17,593.38,594.07,2.48,1785329999999999,1474.38211,58,1.135,674.94202,0
1785330000000000,594.52,594.86,588.07,589.54,24.05,1785333599999999,14227.56726,247,4.866,2885.98238,0
1785333600000000,590.89,591.8,587.13,589.91,5.844,1785337199999999,3445.49756,232,3.735,2202.55515,0
1785337200000000,589.92,593.57,586.64,586.79,2.94,1785340799999999,1735.47678,131,1.4,827.22836,0
1785340800000000,587.52,593.49,586.01,593.49,18.972,1785344399999999,11184.66985,532,10.203,6015.83195,0
1785344400000000,593.27,595.02,592.67,593.57,10.983,1785347999999999,6520.08592,296,4.821,2862.3563,0
1785348000000000,593.93,599.67,593.35,597.92,69.731,1785351599999999,41549.84827,934,29.046,17299.08221,0
1785351600000000,597.87,597.88,582.96,586.82,68.354,1785355199999999,40238.23415,1060,44.185,25954.28389,0
1785355200000000,586.2,586.66,533.38,537.57,920.367,1785358799999999,506970.77742,6042,450.672,247314.61585,0
1785358800000000,539.45,541.42,518.49,528.15,402.011,1785362399999999,212930.55707,2669,244.82,129763.4251,0
1785362400000000,528.37,543.84,528.37,542.73,96.512,1785365999999999,51936.45034,814,45.427,24409.59273,0
1785366000000000,542.05,551.06,541.6,542.13,32.402,1785369599999999,17714.13431,536,11.926,6527.69978,0
1785369600000000,543.56,549.43,543.08,546.36,58.082,1785373199999999,31720.10869,421,14.254,7781.45614,0
1785373200000000,546.85,548.77,544.85,544.85,19.303,1785376799999999,10563.11096,183,8.285,4537.71108,0
1785376800000000,545.42,546.01,542.63,544.21,21.08,1785380399999999,11473.14024,221,8.258,4495.54053,0
1785380400000000,544.37,546.02,543.63,545.83,13.723,1785383999999999,7472.46605,132,6.481,3530.62338,0
1785384000000000,545.72,546.01,541.49,541.79,26.081,1785387599999999,14177.20014,254,8.256,4489.41607,0
1785387600000000,541.34,542.85,540.56,541.78,18.786,1785391199999999,10181.73693,205,10.263,5563.54229,0
1785391200000000,541.89,543.18,540.96,541.14,21.773,1785394799999999,11806.60549,197,9.241,5012.60768,0
1785394800000000,541.43,542.57,536.37,536.37,17.185,1785398399999999,9256.343,337,6.047,3253.76306,0
1785398400000000,537.58,538.53,531.64,534.2,22.762,1785401999999999,12178.21468,348,10.944,5855.64071,0
1785402000000000,533.79,538.6,531.87,535.21,19.898,1785405599999999,10657.93073,221,7.284,3901.2742,0
1785405600000000,535.38,537.55,531.43,536.31,37.305,1785409199999999,19934.95203,690,24.441,13058.19473,0
1785409200000000,536.31,543.46,529.0,531.31,76.672,1785412799999999,40929.32487,967,36.577,19504.94374,0
1785412800000000,529.04,530.43,525.13,528.62,41.993,1785416399999999,22176.83734,712,26.965,14241.05917,0
1785416400000000,528.05,537.6,525.99,532.43,964.608,1785419999999999,513542.98744,2785,581.071,309314.73973,0
1785420000000000,532.4,536.35,528.41,534.9,640.581,1785423599999999,340253.86756,2040,302.686,160879.28735,0
1785423600000000,535.07,539.73,532.04,532.04,72.49,1785427199999999,38787.88743,883,31.639,16979.13374,0
1785427200000000,533.1,536.87,530.88,530.93,63.124,1785430799999999,33610.9098,944,14.725,7856.39662,0
1785430800000000,531.14,535.95,531.14,533.54,18.998,1785434399999999,10124.15035,391,6.658,3550.76973,0
1785434400000000,533.23,535.74,532.65,535.37,14.622,1785437999999999,7813.66182,249,8.62,4610.91562,0
1785438000000000,535.37,540.17,533.0,539.81,94.669,1785441599999999,50914.70069,497,88.579,47656.19097,0
1785441600000000,539.54,543.84,538.65,541.8,53.78,1785445199999999,29094.07565,362,26.982,14592.1775,0
1785445200000000,541.24,542.31,539.63,541.46,25.356,1785448799999999,13723.56301,158,13.153,7124.09184,0
1785448800000000,541.6,543.77,541.0,542.62,25.562,1785452399999999,13869.38077,508,11.441,6209.08595,0
1785452400000000,543.84,544.64,543.12,543.12,5.462,1785455999999999,2972.2543,57,4.45,2421.43393,0
1785456000000000,543.56,546.5,542.99,546.5,10.249,1785459599999999,5577.42894,116,6.684,3638.65373,0
1785459600000000,546.5,547.42,545.68,547.15,9.538,1785463199999999,5214.95621,115,5.529,3024.1519,0
1785463200000000,547.41,547.53,545.18,547.1,5.99,1785466799999999,3272.30042,120,3.494,1909.81451,0
1785466800000000,547.22,548.2,545.85,546.43,120.462,1785470399999999,65882.36836,594,20.556,11253.13035,0
1785470400000000,545.9,547.38,545.9,546.52,0.728,1785473999999999,398.19542,16,0.459,251.18458,0
1785474000000000,547.18,547.4,546.52,547.4,83.959,1785477599999999,45955.33368,658,73.185,40061.05492,0
1785477600000000,546.82,551.13,546.82,548.91,16.52,1785481199999999,9057.13464,193,14.334,7856.30176,0
1785481200000000,548.12,550.3,548.12,550.28,1.27,1785484799999999,698.02589,53,0.515,283.15567,0
1785484800000000,549.68,556.01,548.71,552.8,25.419,1785488399999999,14063.57065,381,4.446,2464.40454,0
1785488400000000,552.68,552.78,547.47,548.28,19.1,1785491999999999,10507.50564,253,1.266,698.36309,0
1785492000000000,547.72,550.73,547.72,547.92,8.593,1785495599999999,4713.46184,95,2.068,1136.12686,0
1785495600000000,547.73,548.59,543.14,543.14,12.889,1785499199999999,7042.14604,290,1.728,946.37951,0
1785499200000000,544.75,546.54,544.1,545.2,9.362,1785502799999999,5103.10391,182,6.875,3748.17826,0
1785502800000000,547.31,558.41,544.22,548.33,388.106,1785506399999999,213387.81538,2380,250.619,137659.16177,0
1785506400000000,546.51,553.07,543.93,552.53,192.771,1785509999999999,105292.36955,1221,141.279,77053.45146,0
1785510000000000,552.12,554.11,541.33,547.11,82.789,1785513599999999,45325.43843,1141,30.792,16869.88805,0
1785513600000000,547.0,552.94,546.49,548.89,49.582,1785517199999999,27283.32547,1073,23.424,12891.41498,0
1785517200000000,549.82,550.78,547.7,549.93,22.441,1785520799999999,12332.22813,664,14.909,8195.30665,0
1785520800000000,549.85,552.67,547.7,552.15,17.989,1785524399999999,9900.84175,593,11.462,6311.58122,0
1785524400000000,552.12,558.59,551.77,557.34,48.31,1785527999999999,26766.06131,894,27.091,15016.21996,0
1785528000000000,556.98,559.18,556.06,556.12,10.255,1785531599999999,5716.07953,145,2.628,1467.16157,0
1785531600000000,556.07,556.43,555.21,555.85,14.733,1785535199999999,8186.09783,95,1.979,1100.24971,0
1785535200000000,555.19,555.95,555.19,555.95,0.339,1785538799999999,188.31725,4,0.132,73.38228,0
1785538800000000,556.52,556.71,554.59,554.59,1.087,1785542399999999,604.3375,24,0.506,281.63725,0
1785542400000000,555.27,555.69,554.28,555.63,3.34,1785545999999999,1853.78286,35,1.39,770.92229,0
1785546000000000,555.63,555.63,554.91,554.95,8.709,1785549599999999,4833.52376,29,2.068,1147.87017,0
1785549600000000,555.48,555.56,555.14,555.14,1.14,1785553199999999,632.90046,7,0.107,59.44084,0
1785553200000000,555.01,555.14,554.12,554.12,2.426,1785556799999999,1346.16649,46,0.089,49.37622,0
1785556800000000,554.12,554.56,553.45,553.86,2.439,1785560399999999,1350.7144,30,0.265,146.95249,0
1785560400000000,553.91,554.71,553.5,553.5,3.52,1785563999999999,1950.03067,28,2.107,1167.67414,0
1785564000000000,554.17,554.86,553.51,553.94,2.513,1785567599999999,1392.55101,45,2.327,1289.55339,0
1785567600000000,554.61,554.64,553.94,554.46,2.4,1785571199999999,1330.94198,21,2.239,1241.7518,0
1785571200000000,554.54,554.87,554.08,554.87,0.75,1785574799999999,415.88194,18,0.521,288.97682,0
1785574800000000,554.88,555.75,554.29,555.33,4.05,1785578399999999,2248.47514,40,2.702,1500.0565,0
1785578400000000,555.01,555.01,554.14,554.75,1.464,1785581999999999,811.90167,18,0.13,72.13353,0
1785582000000000,554.74,554.75,554.67,554.75,9.26,1785585599999999,5136.9708,57,9.12,5059.3086,0
1785585600000000,554.75,555.0,553.98,553.98,7.314,1785589199999999,4057.73249,65,5.229,2901.49316,0
1785589200000000,554.97,555.5,554.34,554.58,1.503,1785592799999999,833.75828,24,0.569,315.82141,0
1785592800000000,554.11,554.53,553.95,553.95,0.916,1785596399999999,507.48765,13,0.122,67.61327,0
1785596400000000,555.38,555.49,554.33,555.0,5.495,1785599999999999,3049.70963,30,3.521,1955.37159,0
1785600000000000,555.19,555.32,554.34,554.97,1.14,1785603599999999,632.99151,8,1.1,610.81791,0
1785603600000000,555.12,555.31,554.35,554.75,4.843,1785607199999999,2686.82462,24,2.51,1393.43537,0
1785607200000000,554.36,554.36,553.02,553.02,26.953,1785610799999999,14933.13951,369,2.062,1142.27246,0
1785610800000000,554.31,554.31,552.53,553.89,3.541,1785614399999999,1959.97107,55,1.806,1000.36298,0
1785614400000000,553.49,553.49,550.72,552.62,4.782,1785617999999999,2639.44183,98,0.874,482.1862,0
1785618000000000,552.84,554.86,550.28,554.86,12.101,1785621599999999,6687.3789,138,5.747,3181.18694,0
1785621600000000,554.2,554.2,552.39,552.76,5.319,1785625199999999,2943.03492,157,0.698,386.14207,0
1785625200000000,553.26,553.26,552.23,553.26,0.214,1785628799999999,118.27355,7,0.077,42.60102,0
1785628800000000,553.26,555.26,553.15,555.17,4.814,1785632399999999,2668.44079,43,4.774,2646.31479,0
1785632400000000,555.18,556.0,554.64,555.22,8.962,1785635999999999,4978.85293,72,7.323,4069.23657,0
1785636000000000,554.93,558.36,554.93,557.68,20.2,1785639599999999,11238.66179,240,8.963,4988.80162,0
1785639600000000,558.29,559.53,557.92,559.53,4.917,1785643199999999,2747.61646,67,3.615,2020.3718,0
1785643200000000,559.32,559.32,557.76,557.76,0.998,1785646799999999,557.83132,18,0.276,154.15272,0
1785646800000000,558.26,558.79,557.76,558.25,7.995,1785650399999999,4461.04731,184,3.195,1782.96711,0
1785650400000000,559.2,559.71,558.7,559.08,0.634,1785653999999999,354.56157,14,0.535,299.2288,0
1785654000000000,558.94,559.12,557.45,557.45,4.197,1785657599999999,2344.66335,76,0.333,185.87866,0
1785657600000000,558.67,559.27,557.9,558.66,1.904,1785661199999999,1064.22814,37,0.858,479.49126,0
1785661200000000,559.12,559.39,557.51,557.58,3.565,1785664799999999,1991.30949,131,1.273,711.59043,0
1785664800000000,558.6,559.11,557.98,559.1,2.549,1785668399999999,1424.78295,32,2.37,1324.88907,0
1785668400000000,559.09,559.09,557.94,558.5,0.713,1785671999999999,398.33861,20,0.606,338.60897,0
1785672000000000,558.5,559.15,557.92,557.92,4.77,1785675599999999,2665.89613,24,4.68,2615.67776,0
1785675600000000,558.54,558.83,557.44,558.2,1.644,1785679199999999,917.31443,43,0.632,352.95705,0
1785679200000000,558.48,558.95,557.95,558.39,10.19,1785682799999999,5689.9942,82,3.33,1860.30359,0
1785682800000000,558.15,559.51,558.02,558.91,3.737,1785686399999999,2087.76178,34,1.897,1060.78842,0
1785686400000000,559.68,560.0,558.84,559.98,7.805,1785689999999999,4369.76951,152,7.073,3960.13833,0
1785690000000000,559.98,560.6,559.04,559.86,1.582,1785693599999999,885.88095,23,1.095,613.36912,0
1785693600000000,559.89,561.0,559.89,560.17,2.139,1785697199999999,1198.8095,37,1.052,589.75785,0
1785697200000000,560.18,560.78,560.1,560.1,1.428,1785700799999999,800.14248,23,0.356,199.63261,0
1785700800000000,560.83,560.83,560.02,560.02,0.199,1785704399999999,111.54395,8,0.138,77.37853,0
1785704400000000,560.92,560.92,559.26,559.26,1.295,1785707999999999,726.19406,26,1.225,687.00943,0
1785708000000000,559.16,559.33,555.34,558.1,39.048,1785711599999999,21760.63578,823,13.915,7763.08282,0
1785711600000000,557.46,558.85,555.0,555.92,18.306,1785715199999999,10190.61043,291,10.541,5869.56432,0
1785715200000000,555.86,564.52,555.86,563.78,35.489,1785718799999999,19924.02234,489,15.187,8510.39404,0
1785718800000000,564.3,564.3,562.46,563.65,22.053,1785722399999999,12410.34878,211,4.248,2392.41334,0
1785722400000000,564.55,567.26,564.13,566.6,14.89,1785725999999999,8423.48067,118,2.755,1557.39894,0
1785726000000000,566.6,566.85,565.22,566.32,10.213,1785729599999999,5777.15822,135,4.896,2770.63673,0
1785729600000000,565.9,566.9,564.57,564.99,52.066,1785733199999999,29477.72277,163,48.442,27429.14742,0
1785733200000000,564.57,565.03,563.0,565.03,14.641,1785736799999999,8254.99552,240,4.225,2383.92773,0
1785736800000000,565.03,567.42,563.45,564.58,14.265,1785740399999999,8062.6869,385,6.202,3507.53735,0
1785740400000000,564.09,566.53,564.09,565.36,12.541,1785743999999999,7094.31077,245,9.363,5297.26752,0
1785744000000000,565.67,565.67,563.14,564.02,11.979,1785747599999999,6761.95796,199,3.751,2117.11449,0
1785747600000000,564.21,564.57,562.92,564.25,2.991,1785751199999999,1686.19897,70,1.145,645.93656,0
1785751200000000,564.33,567.18,563.57,563.57,113.446,1785754799999999,64052.76859,412,5.719,3230.14177,0
1785754800000000,563.57,568.09,563.14,567.14,10.314,1785758399999999,5832.25991,283,5.386,3047.46111,0
1785758400000000,567.15,569.8,567.15,567.46,21.149,1785761999999999,12014.55015,178,10.807,6137.39242,0
1785762000000000,567.6,594.39,560.52,591.74,230.094,1785765599999999,131934.94056,1936,76.403,44029.45199,0
1785765600000000,591.02,594.88,583.1,588.48,139.185,1785769199999999,82251.29339,1314,39.442,23240.89054,0
1785769200000000,589.66,595.37,589.66,592.85,38.378,1785772799999999,22779.58684,255,30.397,18046.52764,0
1785772800000000,592.8,598.0,592.8,594.5,124.082,1785776399999999,74150.49252,368,6.369,3796.38354,0
1785776400000000,594.5,594.5,590.22,590.33,18.939,1785779999999999,11238.90213,126,12.347,7336.97435,0
1785780000000000,591.12,594.65,590.22,594.65,6.391,1785783599999999,3784.32246,76,5.584,3307.48639,0
1785783600000000,594.49,594.78,591.65,592.17,8.364,1785787199999999,4970.97214,51,6.672,3966.98291,0
1785787200000000,590.38,590.95,590.22,590.22,10.223,1785790799999999,6035.35429,49,2.713,1602.58714,0
1785790800000000,590.22,591.39,590.22,590.23,1.772,1785794399999999,1045.93354,11,0.065,38.42097,0
1785794400000000,590.22,590.98,590.22,590.23,2.687,1785797999999999,1586.14271,20,0.995,587.34672,0
1785798000000000,590.22,590.93,590.22,590.23,0.355,1785801599999999,209.58603,10,0.09,53.17431,0
1785801600000000,591.22,591.22,590.22,590.24,12.916,1785805199999999,7623.68033,87,1.48,873.87003,0
1785805200000000,590.23,592.89,589.38,589.75,21.241,1785808799999999,12549.29864,89,16.379,9679.45701,0
1785808800000000,590.48,591.63,589.92,591.09,1.575,1785812399999999,930.12524,18,0.642,379.21933,0
1785812400000000,591.56,591.87,590.99,591.87,2.155,1785815999999999,1274.87727,32,1.612,953.83774,0
1785816000000000,591.75,592.54,591.19,591.76,0.82,1785819599999999,485.43614,15,0.07,41.46642,0
1785819600000000,592.6,593.52,592.01,593.03,4.162,1785823199999999,2467.99336,47,3.607,2138.88823,0
1785823200000000,593.02,593.7,592.01,592.32,10.172,1785826799999999,6033.46314,100,3.805,2255.15173,0
1785826800000000,592.34,592.55,590.23,590.23,21.173,1785830399999999,12529.63055,91,3.296,1947.22039,0
1785830400000000,590.38,591.14,586.14,587.64,35.945,1785833999999999,21137.39071,90,1.373,807.99927,0
1785834000000000,587.82,587.86,587.06,587.78,0.433,1785837599999999,254.44284,16,0.33,193.96256,0
1785837600000000,587.79,587.91,583.03,584.57,8.086,1785841199999999,4726.04683,69,3.638,2127.79472,0
1785841200000000,583.27,583.72,577.39,577.39,15.956,1785844799999999,9257.14181,104,10.852,6297.39785,0
1785844800000000,579.37,582.35,577.91,581.11,4.11,1785848399999999,2389.45509,57,3.442,2001.81023,0
1785848400000000,581.02,586.99,580.25,585.76,130.299,1785851999999999,76067.86739,355,106.437,62150.12239,0
1785852000000000,586.31,586.32,582.49,582.93,252.816,1785855599999999,147322.67815,886,238.555,139001.13382,0
1785855600000000,582.58,584.87,582.01,584.4,52.222,1785859199999999,30490.0839,475,31.091,18159.51636,0
1785859200000000,584.29,584.87,579.5,581.97,10.822,1785862799999999,6310.44056,172,2.195,1278.8859,0
1785862800000000,581.97,589.98,581.7,588.01,23.068,1785866399999999,13563.05557,434,8.357,4910.85178,0
1785866400000000,588.64,590.37,587.5,589.11,4.478,1785869999999999,2640.92567,103,0.565,333.12742,0
1785870000000000,589.24,593.4,588.05,588.05,11.26,1785873599999999,6666.77792,290,3.47,2055.63192,0
1785873600000000,588.02,590.77,586.26,589.63,43.011,1785877199999999,25304.9197,145,19.851,11706.70991,0
1785877200000000,589.5,589.55,587.6,587.97,50.189,1785880799999999,29551.90375,113,29.405,17332.99518,0
1785880800000000,588.72,590.31,588.42,589.7,11.056,1785884399999999,6509.74065,50,0.734,433.05797,0
1785884400000000,589.37,590.14,589.37,589.63,6.208,1785887999999999,3659.92125,47,3.056,1801.63525,0
1785888000000000,589.84,590.87,589.44,589.82,8.673,1785891599999999,5114.73284,52,0.694,409.55758,0
1785891600000000,590.12,590.55,589.09,589.09,2.625,1785895199999999,1548.80032,27,0.733,432.64467,0
1785895200000000,591.28,591.88,590.77,591.88,7.701,1785898799999999,4554.27057,63,7.104,4201.21862,0
1785898800000000,592.22,592.76,591.64,591.82,0.948,1785902399999999,561.81556,23,0.019,11.25218,0
1785902400000000,591.83,592.05,591.4,592.01,5.098,1785905999999999,3016.02196,150,0.858,507.71022,0
1785906000000000,592.01,592.17,591.4,592.17,7.38,1785909599999999,4367.08675,167,2.192,1297.19857,0
1785909600000000,592.33,592.75,591.97,592.36,2.67,1785913199999999,1581.80425,80,1.689,1000.66329,0
1785913200000000,592.39,593.95,591.81,591.89,65.073,1785916799999999,38625.88411,123,61.315,36400.21848,0
1785916800000000,591.92,592.21,590.12,591.0,50.505,1785920399999999,29873.78504,151,3.13,1850.57657,0
1785920400000000,591.18,592.27,590.72,592.26,0.606,1785923999999999,358.36174,13,0.287,169.80799,0
1785924000000000,592.12,598.9,591.51,596.0,11.927,1785927599999999,7103.42656,306,6.978,4158.42693,0
1785927600000000,596.67,598.32,594.66,597.3,8.442,1785931199999999,5034.58781,249,1.383,824.99584,0
1785931200000000,597.3,602.45,597.3,599.15,19.363,1785934799999999,11622.41531,398,6.999,4201.5279,0
1785934800000000,598.92,604.41,592.8,596.52,341.065,1785938399999999,204146.7329,987,264.907,158544.82325,0
1785938400000000,594.73,596.8,591.09,591.67,15.593,1785941999999999,9249.90306,236,2.863,1699.49772,0
1785942000000000,592.06,592.06,582.66,582.66,15.455,1785945599999999,9076.72905,177,6.522,3831.53278,0
1785945600000000,583.27,586.43,581.21,585.79,10.377,1785949199999999,6060.74614,212,4.48,2617.57266,0
1785949200000000,585.82,586.21,582.88,584.91,15.195,1785952799999999,8867.63924,97,1.503,879.2264,0
1785952800000000,584.82,585.43,583.83,584.14,4.951,1785956399999999,2893.17939,50,3.929,2295.61669,0
1785956400000000,583.14,591.12,581.86,590.75,16.308,1785959999999999,9572.4583,183,11.992,7035.85259,0
1785960000000000,589.81,592.44,588.97,590.91,33.684,1785963599999999,19891.87459,129,25.485,15049.73477,0
1785963600000000,590.59,591.93,589.38,591.68,27.491,1785967199999999,16250.85375,46,21.68,12822.33419,0
1785967200000000,592.09,592.18,591.53,591.53,0.528,1785970799999999,312.62866,6,0.0,0.0,0
1785970800000000,592.37,592.8,591.83,591.91,3.97,1785974399999999,2351.75796,21,3.8,2251.1226,0
1785974400000000,591.64,591.91,590.38,590.75,50.296,1785977999999999,29731.04446,116,0.856,505.74765,0
1785978000000000,590.39,590.81,589.72,590.74,0.752,1785981599999999,444.05967,16,0.483,285.28165,0
1785981600000000,591.19,591.33,590.83,590.83,0.646,1785985199999999,381.85478,13,0.637,376.53731,0
1785985200000000,590.92,591.11,590.14,590.92,23.607,1785988799999999,13935.91834,110,18.791,11092.41963,0
1785988800000000,591.03,592.13,591.02,591.23,0.451,1785992399999999,266.69725,20,0.418,247.18666,0
1785992400000000,592.38,592.51,592.36,592.36,15.972,1785995999999999,9461.2627,99,3.913,2317.99346,0
1785996000000000,592.39,592.57,591.2,591.66,1.774,1785999599999999,1049.8256,20,0.718,425.33219,0
1785999600000000,591.75,592.2,588.5,589.62,60.02,1786003199999999,35439.18162,166,1.247,738.22437,0
1786003200000000,589.58,591.77,587.64,591.77,6.976,1786006799999999,4122.82306,72,5.855,3462.16643,0
1786006800000000,591.44,593.16,590.66,593.16,2.637,1786010399999999,1560.44269,45,1.444,854.64354,0
1786010400000000,593.1,596.74,592.73,594.16,10.664,1786013999999999,6337.91685,96,5.248,3122.11883,0
1786014000000000,594.29,594.83,592.01,592.92,3.893,1786017599999999,2310.2465,105,1.864,1106.03884,0
1786017600000000,591.07,593.51,590.22,591.03,3.211,1786021199999999,1900.92252,64,2.1,1242.70869,0
1786021200000000,591.93,595.32,585.52,594.69,116.648,1786024799999999,68892.5963,402,86.849,51208.06215,0
1786024800000000,594.24,594.38,590.02,593.6,9.566,1786028399999999,5668.11845,117,3.752,2226.05912,0
1786028400000000,592.19,592.19,588.93,588.93,21.722,1786031999999999,12818.60937,74,17.852,10532.71471,0
1786032000000000,588.88,591.38,588.14,590.81,13.177,1786035599999999,7784.55389,54,12.032,7109.54702,0
1786035600000000,591.44,591.44,587.84,590.21,2.193,1786039199999999,1291.04847,14,0.109,64.24037,0
1786039200000000,589.27,592.17,589.25,590.59,1.839,1786042799999999,1084.91143,56,1.839,1084.91143,0
1786042800000000,590.65,591.98,588.33,589.6,1.834,1786046399999999,1084.05585,41,1.566,926.21861,0
1786046400000000,590.82,591.56,587.83,588.87,3.838,1786049999999999,2263.01531,48,0.684,403.54111,0
1786050000000000,589.03,589.35,588.13,589.35,0.718,1786053599999999,422.6914,18,0.344,202.57648,0
1786053600000000,588.63,589.73,588.63,589.58,0.45,1786057199999999,265.2401,8,0.367,216.36293,0
1786057200000000,590.13,590.22,589.63,590.17,0.987,1786060799999999,582.1278,18,0.086,50.7534,0
1786060800000000,590.48,590.48,589.41,590.4,2.211,1786064399999999,1304.03724,27,2.037,1201.37986,0
1786064400000000,590.52,590.73,589.73,590.73,0.629,1786067999999999,371.10783,15,0.171,100.90739,0
1786068000000000,590.51,590.51,587.34,587.5,3.933,1786071599999999,2317.69516,59,1.665,979.88857,0
1786071600000000,587.42,587.73,586.52,586.52,4.533,1786075199999999,2660.98627,63,1.752,1029.00288,0
1786075200000000,586.95,589.1,586.49,587.24,28.511,1786078799999999,16773.58701,117,24.98,14698.70305,0
1786078800000000,587.51,588.45,586.81,588.28,3.858,1786082399999999,2266.90645,42,0.533,313.41327,0
1786082400000000,588.15,588.81,588.15,588.59,2.666,1786085999999999,1569.05831,31,2.47,1453.69036,0
1786086000000000,588.6,589.73,588.6,589.66,27.854,1786089599999999,16405.25781,115,25.595,15074.64963,0
1786089600000000,589.29,589.45,586.76,587.78,10.553,1786093199999999,6204.39246,81,2.767,1627.23344,0
1786093200000000,588.14,588.33,586.03,588.33,103.521,1786096799999999,60866.91885,209,3.554,2089.57912,0
1786096800000000,588.0,589.52,587.77,589.42,5.309,1786100399999999,3123.66919,53,2.745,1615.97385,0
1786100400000000,588.65,590.74,588.64,589.04,15.067,1786103999999999,8884.95475,98,13.466,7941.08001,0
1786104000000000,589.01,590.77,588.7,590.38,36.68,1786107599999999,21637.59483,134,3.325,1961.02973,0
1786107600000000,590.29,596.66,585.9,590.1,162.037,1786111199999999,96026.47853,611,141.63,83943.93464,0
1786111200000000,589.71,598.84,589.11,598.66,70.592,1786114799999999,41866.16951,282,62.668,37157.28466,0
1786114800000000,598.64,598.64,595.08,595.76,6.768,1786118399999999,4037.49593,133,2.145,1280.26395,0
1786118400000000,595.12,595.27,593.24,593.42,7.863,1786121999999999,4675.16142,99,2.683,1594.99041,0
1786122000000000,592.8,592.8,591.59,592.29,0.539,1786125599999999,319.26399,7,0.109,64.57663,0
1786125600000000,592.66,593.13,591.18,591.81,3.411,1786129199999999,2018.81814,26,2.697,1596.51181,0
1786129200000000,592.15,595.86,592.0,592.8,4.96,1786132799999999,2944.79442,78,3.271,1940.88367,0
1786132800000000,592.7,593.69,592.45,593.53,3.569,1786136399999999,2116.7559,54,1.711,1014.48885,0
1786136400000000,593.53,593.54,592.75,593.01,0.952,1786139999999999,564.78628,64,0.868,514.98296,0
1786140000000000,593.01,593.26,592.95,593.06,7.409,1786143599999999,4394.96658,63,7.409,4394.96658,0
1786143600000000,593.3,593.78,592.33,592.57,10.253,1786147199999999,6081.45139,94,7.848,4655.38074,0
1786147200000000,592.56,592.72,591.67,591.73,2.362,1786150799999999,1398.11382,30,0.316,187.06274,0
1786150800000000,591.46,592.56,591.46,592.56,0.782,1786154399999999,462.88499,11,0.469,277.75223,0
1786154400000000,592.69,593.06,592.36,593.06,1.577,1786157999999999,934.76701,23,1.161,688.19006,0
1786158000000000,593.19,593.25,592.36,593.01,2.016,1786161599999999,1195.48591,30,0.932,552.71547,0
1786161600000000,593.18,593.58,591.52,592.13,20.459,1786165199999999,12121.64812,92,1.301,771.70596,0
1786165200000000,592.02,592.11,591.03,591.39,1.959,1786168799999999,1159.41449,27,1.632,965.9083,0
1786168800000000,591.25,591.71,591.25,591.71,0.124,1786172399999999,73.34906,4,0.093,55.00605,0
1786172400000000,591.98,592.19,591.76,591.77,0.824,1786175999999999,487.77093,16,0.308,182.29893,0
1786176000000000,591.65,592.3,591.65,592.3,0.964,1786179599999999,570.59598,14,0.835,494.25845,0
1786179600000000,592.37,593.55,592.25,592.25,3.034,1786183199999999,1798.40659,35,0.958,568.29399,0
1786183200000000,592.81,592.89,592.11,592.11,1.408,1786186799999999,834.33484,24,0.558,330.79556,0
1786186800000000,592.6,592.6,592.08,592.27,1.244,1786190399999999,736.92927,21,0.848,502.38429,0
1786190400000000,592.42,593.55,592.07,592.54,0.454,1786193999999999,268.99932,9,0.4,237.02062,0
1786194000000000,591.97,592.66,591.78,592.66,0.876,1786197599999999,518.58134,12,0.499,295.42864,0
1786197600000000,593.6,595.82,593.02,593.77,23.1,1786201199999999,13732.7854,201,18.899,11238.3211,0
1786201200000000,593.82,594.75,593.75,594.29,3.481,1786204799999999,2067.9335,50,1.397,830.21581,0
1786204800000000,594.26,594.26,593.42,593.88,0.987,1786208399999999,585.96028,17,0.356,211.50764,0
1786208400000000,594.08,594.47,593.67,594.47,0.315,1786211999999999,187.13093,6,0.075,44.58525,0
1786212000000000,594.22,594.45,594.02,594.3,0.56,1786215599999999,332.78136,9,0.544,323.27256,0
1786215600000000,593.81,594.76,593.81,594.59,1.004,1786219199999999,596.43546,10,0.893,530.45313,0
1786219200000000,594.89,594.92,594.01,594.47,1.752,1786222799999999,1041.86383,59,0.381,226.55864,0
1786222800000000,594.5,595.08,594.07,594.89,10.364,1786226399999999,6157.56308,48,3.507,2083.64505,0
1786226400000000,594.33,594.77,594.33,594.59,1.516,1786229999999999,901.47747,21,1.419,843.82746,0
1786230000000000,594.33,595.1,594.26,594.86,0.642,1786233599999999,381.89082,27,0.086,51.17266,0
1786233600000000,595.27,595.86,594.77,595.86,1.245,1786237199999999,741.1786,37,0.889,529.28758,0
1786237200000000,595.68,597.22,595.68,596.96,3.853,1786240799999999,2299.04603,67,2.078,1239.81627,0
1786240800000000,597.1,597.1,596.68,596.99,0.525,1786244399999999,313.39919,18,0.397,237.0091,0
1786244400000000,596.65,597.02,596.6,596.69,0.347,1786247999999999,207.08959,23,0.109,65.07305,0
1786248000000000,595.65,596.04,595.53,596.04,0.392,1786251599999999,233.59355,15,0.265,157.94662,0
1786251600000000,596.62,596.89,596.58,596.89,0.225,1786255199999999,134.27008,10,0.075,44.76291,0
1786255200000000,596.83,596.83,595.54,595.54,4.862,1786258799999999,2898.52703,64,0.264,157.52678,0
1786258800000000,595.87,596.23,595.26,596.21,1.501,1786262399999999,894.35799,41,0.822,489.92242,0
1786262400000000,596.38,596.38,595.75,595.75,0.434,1786265999999999,258.73435,24,0.239,142.50894,0
1786266000000000,595.51,596.61,594.93,596.61,1.722,1786269599999999,1025.71719,26,1.289,767.89662,0
1786269600000000,595.56,596.22,595.31,596.22,0.351,1786273199999999,209.06811,11,0.186,110.81631,0
1786273200000000,595.51,596.42,595.44,596.42,0.627,1786276799999999,373.71934,16,0.178,106.13302,0
1786276800000000,596.16,596.88,596.16,596.47,1.421,1786280399999999,847.67316,22,0.985,587.60829,0
1786280400000000,596.47,596.54,595.91,596.26,0.559,1786283999999999,333.27235,15,0.177,105.56071,0
1786284000000000,596.33,596.46,596.0,596.46,0.455,1786287599999999,271.33644,8,0.372,221.86844,0
1786287600000000,596.11,596.11,596.0,596.0,2.897,1786291199999999,1726.61959,13,0.08,47.6862,0
1786291200000000,596.0,596.1,595.45,596.1,0.937,1786294799999999,558.35025,24,0.204,121.55649,0
1786294800000000,595.81,597.99,595.81,596.97,1.759,1786298399999999,1050.3087,42,1.143,682.42085,0
1786298400000000,596.78,598.13,596.78,597.77,1.977,1786301999999999,1181.99356,51,0.854,510.51445,0
1786302000000000,597.49,597.81,597.11,597.57,23.964,1786305599999999,14315.06019,179,0.659,393.82151,0
1786305600000000,597.69,598.26,597.67,598.26,0.365,1786309199999999,218.24176,11,0.247,147.71504,0
1786309200000000,598.27,598.27,596.41,596.41,0.593,1786312799999999,354.49872,17,0.042,25.06074,0
1786312800000000,594.73,595.49,594.6,595.49,0.452,1786316399999999,268.90568,12,0.37,220.13782,0
1786316400000000,595.42,595.82,595.42,595.74,0.423,1786319999999999,251.93364,13,0.34,202.50332,0
1786320000000000,595.17,595.18,592.8,593.22,39.916,1786323599999999,23705.45561,156,22.899,13590.99901,0
1786323600000000,593.01,594.79,593.01,594.43,23.53,1786327199999999,13986.16611,201,21.2,12602.47137,0
1786327200000000,594.01,595.16,594.01,594.21,8.96,1786330799999999,5327.90649,27,7.164,4260.81504,0
1786330800000000,594.39,594.56,594.39,594.56,1.166,1786334399999999,693.25416,3,1.157,687.90465,0
1786334400000000,594.39,595.04,594.27,594.27,5.264,1786337999999999,3130.65669,74,3.08,1832.00935,0
1786338000000000,594.28,594.86,594.28,594.86,13.028,1786341599999999,7748.15704,74,12.254,7287.82692,0
1786341600000000,595.16,595.16,594.33,594.44,2.718,1786345199999999,1616.61488,66,2.236,1329.9636,0
1786345200000000,594.21,594.76,593.94,594.51,4.148,1786348799999999,2465.19756,40,0.678,403.04507,0
1786348800000000,594.17,596.14,593.9,594.6,10.106,1786352399999999,6012.20808,98,7.456,4436.92354,0
1786352400000000,594.5,595.33,594.5,595.01,1.669,1786355999999999,992.94465,22,1.418,843.64088,0
1786356000000000,595.17,609.33,592.44,596.03,116.77,1786359599999999,69653.62574,735,73.208,43644.92766,0
1786359600000000,596.17,611.55,595.48,603.19,49.251,1786363199999999,29773.09575,965,24.511,14826.62366,0
1786363200000000,603.14,606.61,603.14,603.93,21.17,1786366799999999,12800.81727,533,10.615,6417.54299,0
1786366800000000,604.0,604.88,595.19,597.93,121.707,1786370399999999,73125.06617,1133,78.207,46972.30435,0
1786370400000000,598.19,608.26,596.23,603.58,59.684,1786373999999999,35971.99017,474,22.207,13370.04902,0
1786374000000000,603.23,603.23,598.7,600.34,13.799,1786377599999999,8285.28764,154,4.386,2634.37671,0
1786377600000000,600.31,600.53,593.51,594.95,33.179,1786381199999999,19757.81185,165,3.546,2120.33376,0
1786381200000000,594.42,594.98,594.39,594.5,0.875,1786384799999999,520.13459,9,0.72,427.98813,0
1786384800000000,593.9,595.42,593.38,595.13,5.513,1786388399999999,3274.66769,48,3.757,2231.82886,0
1786388400000000,595.24,596.12,592.53,595.11,25.461,1786391999999999,15156.11332,169,22.328,13294.43761,0
1786392000000000,594.66,595.31,594.0,594.04,2.707,1786395599999999,1610.50516,35,0.888,528.53605,0
1786395600000000,594.35,595.19,594.35,594.64,0.664,1786399199999999,394.84573,9,0.273,162.3673,0
1786399200000000,595.02,595.02,594.64,594.65,0.304,1786402799999999,180.80747,8,0.304,180.80747,0
1786402800000000,594.65,595.01,594.09,594.49,1.445,1786406399999999,858.67199,12,0.219,130.22431,0
1786406400000000,595.0,596.58,594.8,596.14,4.502,1786409999999999,2680.58473,55,2.823,1680.53436,0
1786410000000000,596.01,596.89,596.01,596.68,2.153,1786413599999999,1284.62402,28,1.542,920.00838,0
1786413600000000,596.36,596.6,596.2,596.45,1.981,1786417199999999,1181.51375,20,0.44,262.44769,0
1786417200000000,596.31,596.82,596.23,596.5,4.471,1786420799999999,2667.34417,45,2.057,1227.18461,0
1786420800000000,596.73,596.9,596.58,596.71,0.918,1786424399999999,547.81776,20,0.819,488.7418,0
1786424400000000,596.67,596.68,596.17,596.25,1.04,1786427999999999,620.24859,16,0.042,25.06041,0
1786428000000000,596.34,596.46,594.74,594.74,3.36,1786431599999999,2000.75785,34,0.499,297.1909,0
1786431600000000,595.27,596.13,595.08,595.34,2.361,1786435199999999,1405.8204,32,1.606,956.40494,0
1786435200000000,595.53,596.59,593.97,595.9,8.204,1786438799999999,4885.35676,116,3.864,2301.3657,0
1786438800000000,596.13,597.81,595.88,597.35,8.22,1786442399999999,4906.94556,106,4.219,2518.94484,0
1786442400000000,596.95,598.08,596.79,597.97,7.869,1786445999999999,4702.07735,107,2.787,1664.95011,0
1786446000000000,597.99,598.87,596.52,597.07,12.792,1786449599999999,7646.20641,144,3.644,2178.35049,0
1786449600000000,597.46,598.29,596.1,596.75,13.013,1786453199999999,7771.46017,245,5.771,3446.47138,0
1786453200000000,596.92,603.39,593.71,603.39,27.398,1786456799999999,16384.98632,499,12.801,7656.30507,0
1786456800000000,603.56,612.56,603.56,609.73,99.485,1786460399999999,60707.55479,673,47.999,29266.91115,0
1786460400000000,610.44,611.37,605.78,605.99,14.761,1786463999999999,8989.05397,163,8.781,5345.08877,0
1786464000000000,606.5,607.12,604.0,604.13,3.248,1786467599999999,1967.60374,41,0.783,473.95964,0
1786467600000000,603.96,606.33,603.96,605.65,2.513,1786471199999999,1520.40896,28,0.568,343.94946,0
1786471200000000,605.27,605.28,602.86,604.23,4.326,1786474799999999,2615.70232,42,2.44,1475.74454,0
1786474800000000,602.53,603.25,599.05,599.84,7.691,1786478399999999,4628.10689,138,4.569,2751.71141,0
1786478400000000,600.13,601.43,599.85,601.43,1.535,1786481999999999,921.26734,26,0.71,426.25688,0
1786482000000000,600.34,600.34,599.55,599.59,1.382,1786485599999999,828.65832,12,0.031,18.60478,0
1786485600000000,600.59,600.78,600.31,600.56,1.437,1786489199999999,863.02261,14,1.437,863.02261,0
1786489200000000,600.52,600.52,600.16,600.16,3.556,1786492799999999,2135.4205,37,1.537,922.99586,0
1786492800000000,600.11,601.16,600.11,600.38,21.362,1786496399999999,12828.01911,104,18.023,10822.57092,0
1786496400000000,600.65,600.99,600.47,600.47,7.57,1786499999999999,4545.90545,53,1.599,960.43779,0
1786500000000000,600.52,600.84,599.91,600.68,19.97,1786503599999999,11989.51046,96,14.171,8508.1001,0
1786503600000000,600.7,600.7,599.98,599.98,13.548,1786507199999999,8134.9702,98,3.066,1839.86396,0
1786507200000000,599.85,600.77,599.18,600.44,11.304,1786510799999999,6781.95814,78,9.855,5913.45107,0
1786510800000000,600.45,600.75,600.13,600.13,3.505,1786514399999999,2104.61004,87,3.246,1949.17237,0
1786514400000000,600.39,600.65,600.15,600.61,4.009,1786517999999999,2407.26691,90,2.429,1458.62602,0
1786518000000000,600.63,600.68,599.15,600.38,4.794,1786521599999999,2875.37164,85,0.79,474.3034,0
1786521600000000,600.53,601.59,597.38,601.29,52.598,1786525199999999,31513.75383,339,12.261,7349.73168,0
1786525200000000,601.2,604.13,600.28,604.13,43.07,1786528799999999,25958.29796,230,32.214,19425.6095,0
1786528800000000,603.38,605.69,602.44,603.27,46.54,1786532399999999,28127.56641,263,26.735,16176.97345,0
1786532400000000,603.08,603.3,601.19,601.44,116.054,1786535999999999,69967.12997,300,4.506,2716.20354,0
1786536000000000,600.54,604.0,599.63,601.12,61.258,1786539599999999,36871.66015,542,19.411,11692.23595,0
1786539600000000,600.79,604.39,590.0,592.08,96.96,1786543199999999,58101.6047,888,53.449,32045.18702,0
1786543200000000,590.93,590.93,585.0,586.61,131.43,1786546799999999,77224.66816,746,53.885,31695.80807,0
1786546800000000,586.77,587.3,582.06,582.54,87.764,1786550399999999,51311.66785,284,18.498,10805.49183,0
1786550400000000,582.5,583.79,581.92,583.32,46.124,1786553999999999,26880.25713,222,34.187,19923.91164,0
1786554000000000,582.99,583.05,578.91,579.78,27.633,1786557599999999,16074.61714,158,5.787,3361.67733,0
1786557600000000,580.2,584.25,580.2,580.46,29.158,1786561199999999,17007.21365,100,20.423,11921.14378,0
1786561200000000,580.77,582.88,579.33,579.61,18.465,1786564799999999,10730.12125,118,5.518,3204.34983,0
1786564800000000,579.34,579.61,578.49,579.09,2.477,1786568399999999,1434.39123,32,0.955,553.11501,0
1786568400000000,579.75,580.58,579.31,580.54,4.012,1786571999999999,2328.05389,28,2.964,1720.11956,0
1786572000000000,580.08,580.46,579.86,580.46,8.981,1786575599999999,5209.70149,49,5.383,3122.96689,0
1786575600000000,580.17,580.28,579.1,579.1,2.2,1786579199999999,1275.27727,19,0.565,327.46013,0
1786579200000000,579.69,581.49,579.28,579.5,25.756,1786582799999999,14941.45862,116,21.902,12706.96491,0
1786582800000000,579.27,580.52,578.83,579.71,26.348,1786586399999999,15266.86395,97,20.836,12075.0912,0
1786586400000000,580.32,580.32,579.17,580.19,4.986,1786589999999999,2891.42165,20,2.134,1238.01569,0
1786590000000000,580.29,580.42,580.09,580.42,2.519,1786593599999999,1461.60477,22,1.566,908.70052,0
1786593600000000,580.4,580.51,579.7,580.37,2.42,1786597199999999,1403.43337,22,0.095,55.10747,0
1786597200000000,580.33,580.68,580.16,580.16,5.127,1786600799999999,2976.15822,28,4.553,2642.97468,0
1786600800000000,579.95,580.55,579.69,580.36,27.638,1786604399999999,16031.68848,327,17.244,10002.76494,0
1786604400000000,580.3,580.61,580.02,580.61,2.634,1786607999999999,1528.32074,26,1.626,943.3567,0
1786608000000000,580.89,583.14,580.81,582.23,8.503,1786611599999999,4952.39219,70,2.281,1328.55398,0
1786611600000000,582.33,583.0,582.05,582.48,3.86,1786615199999999,2248.22689,47,2.26,1316.24765,0
1786615200000000,582.55,583.36,582.23,582.96,4.258,1786618799999999,2482.17631,44,2.756,1606.49752,0
1786618800000000,582.96,582.96,581.51,581.69,8.317,1786622399999999,4841.8766,147,5.909,3440.5994,0
1786622400000000,581.63,581.63,580.48,581.57,5.13,1786625999999999,2981.13185,48,0.966,561.50293,0
1786626000000000,581.62,590.62,580.02,589.48,32.927,1786629599999999,19353.96061,375,11.821,6935.45456,0
1786629600000000,590.05,591.53,588.25,591.22,72.561,1786633199999999,42833.22806,512,36.354,21467.71582,0
1786633200000000,591.51,591.72,585.26,586.9,22.431,1786636799999999,13201.8493,188,10.166,5988.98835,0
1786636800000000,586.78,589.03,586.44,588.34,12.863,1786640399999999,7558.90981,137,7.505,4410.63698,0
1786640400000000,588.44,590.39,588.44,589.15,30.485,1786643999999999,17959.84328,235,25.724,15155.54964,0
1786644000000000,589.15,593.74,588.89,593.67,14.132,1786647599999999,8356.79456,217,8.676,5128.03311,0
1786647600000000,593.21,596.35,593.09,595.27,74.455,1786651199999999,44299.0995,332,29.658,17657.19497,0
1786651200000000,595.2,595.78,593.11,593.3,8.417,1786654799999999,5004.41435,83,2.146,1277.07242,0
1786654800000000,593.22,593.57,592.95,592.95,1.233,1786658399999999,731.56434,17,0.439,260.50559,0
1786658400000000,593.26,593.33,592.14,593.33,1.888,1786661999999999,1119.51228,22,0.868,514.87363,0
1786662000000000,594.19,594.7,593.83,593.86,3.723,1786665599999999,2212.6407,44,1.806,1073.47749,0
1786665600000000,594.16,594.7,593.84,594.63,3.568,1786669199999999,2120.76327,50,2.021,1201.4416,0
1786669200000000,594.15,594.65,594.02,594.65,2.183,1786672799999999,1297.49299,24,1.716,1019.97508,0
1786672800000000,594.4,594.68,594.02,594.02,1.171,1786676399999999,695.95427,12,0.689,409.56512,0
1786676400000000,594.07,594.07,593.87,593.97,1.628,1786679999999999,967.04638,20,0.208,123.552,0
1786680000000000,594.68,594.89,594.49,594.54,1.621,1786683599999999,963.91773,25,0.845,502.52511,0
1786683600000000,594.58,594.85,594.43,594.49,1.161,1786687199999999,690.37876,18,0.802,476.91869,0
1786687200000000,594.18,594.51,594.16,594.16,0.951,1786690799999999,565.16597,14,0.05,29.72284,0
1786690800000000,594.45,595.69,594.45,595.34,1.385,1786694399999999,824.42076,16,0.954,567.92427,0
1786694400000000,595.25,595.98,594.42,594.96,19.001,1786697999999999,11311.58836,214,5.82,3465.57789,0
1786698000000000,595.03,595.98,594.49,594.97,46.76,1786701599999999,27834.33366,677,39.529,23530.42514,0
1786701600000000,595.1,595.1,594.0,594.99,2.943,1786705199999999,1750.44743,49,0.801,476.2979,0
1786705200000000,594.91,596.22,594.05,596.2,5.723,1786708799999999,3405.7308,140,3.202,1905.91563,0
1786708800000000,596.2,597.65,595.0,596.74,26.496,1786712399999999,15799.89907,445,17.588,10489.51795,0
1786712400000000,596.84,602.61,595.03,598.64,216.481,1786715999999999,129917.80569,3395,175.198,105194.93634,0
1786716000000000,598.76,600.29,593.61,593.61,60.506,1786719599999999,36097.61298,1918,20.095,12001.68425,0
1786719600000000,593.51,595.45,592.35,594.93,41.785,1786723199999999,24836.62469,1251,13.56,8058.0544,0
1786723200000000,595.04,595.13,591.46,592.12,22.451,1786726799999999,13309.19644,799,6.931,4109.37054,0
1786726800000000,592.09,592.31,591.2,591.48,3.639,1786730399999999,2153.11734,213,1.908,1128.75386,0
1786730400000000,591.99,592.55,591.43,592.29,10.718,1786733999999999,6345.82775,384,5.362,3175.17534,0
1786734000000000,592.31,592.31,589.6,589.97,25.371,1786737599999999,14998.82883,745,18.461,10913.37569,0
1786737600000000,590.11,590.69,589.67,590.13,6.807,1786741199999999,4017.35908,318,2.79,1646.40434,0
1786741200000000,590.27,591.45,590.01,590.59,5.631,1786744799999999,3325.97472,149,3.884,2294.82143,0
1786744800000000,590.38,591.02,589.94,590.9,9.721,1786748399999999,5739.41921,402,3.276,1934.39307,0
1786748400000000,590.84,591.62,590.77,591.33,2.06,1786751999999999,1217.64174,86,1.128,666.71636,0
1786752000000000,590.94,591.1,588.76,590.66,9.459,1786755599999999,5582.342,248,2.408,1421.12647,0
1786755600000000,590.65,591.18,590.64,590.96,2.802,1786759199999999,1655.7642,29,1.737,1026.4328,0
1786759200000000,591.45,591.74,591.23,591.37,1.206,1786762799999999,713.30926,79,0.545,322.31646,0
1786762800000000,591.37,591.89,591.3,591.88,2.042,1786766399999999,1208.277,68,0.051,30.17364,0
1786766400000000,591.88,592.26,591.04,591.68,1.185,1786769999999999,701.36442,87,0.314,185.84949,0
1786770000000000,591.19,591.41,590.91,591.41,1.009,1786773599999999,596.37137,17,0.255,150.75959,0
1786773600000000,590.77,591.48,590.77,591.33,1.875,1786777199999999,1108.64037,29,1.711,1011.72033,0
1786777200000000,591.1,591.4,590.56,590.56,0.913,1786780799999999,539.66494,62,0.364,215.12513,0
1786780800000000,590.84,591.66,590.84,590.96,0.725,1786784399999999,428.63386,39,0.338,199.80406,0
1786784400000000,591.21,591.32,590.9,591.27,5.401,1786787999999999,3191.95287,14,0.0,0.0,0
1786788000000000,591.36,592.17,590.81,590.96,2.265,1786791599999999,1339.69002,43,1.873,1107.91297,0
1786791600000000,590.95,591.23,590.71,591.2,0.622,1786795199999999,367.55042,31,0.205,121.12686,0
1786795200000000,591.23,591.3,591.02,591.3,0.104,1786798799999999,61.48288,8,0.009,5.3217,0
1786798800000000,591.31,591.56,591.05,591.38,0.456,1786802399999999,269.63776,25,0.374,221.13376,0
1786802400000000,591.44,591.44,590.91,591.44,0.17,1786805999999999,100.51806,12,0.081,47.90403,0
1786806000000000,591.38,591.38,590.78,590.8,1.485,1786809599999999,877.75089,35,0.777,459.30476,0
1786809600000000,591.05,591.12,590.75,591.11,1.08,1786813199999999,638.18826,14,0.519,306.73682,0
1786813200000000,590.94,591.16,590.67,591.07,2.01,1786816799999999,1187.82879,37,0.682,403.01378,0
1786816800000000,590.91,591.32,590.91,591.28,0.328,1786820399999999,193.9082,14,0.25,147.78934,0
1786820400000000,590.82,591.46,590.54,591.42,0.31,1786823999999999,183.19911,13,0.194,114.64967,0
1786824000000000,591.06,591.61,590.85,590.99,2.669,1786827599999999,1577.47408,40,0.47,277.82204,0
1786827600000000,590.44,591.52,590.37,591.52,1.351,1786831199999999,798.25209,90,0.62,366.29629,0
1786831200000000,590.64,591.04,590.64,590.98,0.177,1786834799999999,104.58612,12,0.177,104.58612,0
1786834800000000,591.01,591.68,591.01,591.43,0.243,1786838399999999,143.74428,14,0.033,19.50663,0
1786838400000000,591.8,592.5,591.38,591.38,1.361,1786841999999999,805.76215,65,0.702,415.6029,0
1786842000000000,591.55,591.66,591.55,591.6,2.547,1786845599999999,1506.80379,50,0.194,114.76194,0
1786845600000000,591.6,591.79,591.43,591.65,3.634,1786849199999999,2149.86723,124,0.553,327.15226,0
1786849200000000,591.65,591.84,591.43,591.43,0.644,1786852799999999,381.01484,19,0.323,191.10028,0
1786852800000000,591.48,591.82,591.24,591.25,2.823,1786856399999999,1669.99879,105,1.951,1154.09196,0
1786856400000000,591.06,591.68,590.36,591.43,3.951,1786859999999999,2334.81918,76,0.72,425.36056,0
1786860000000000,591.78,592.03,591.6,591.76,1.222,1786863599999999,723.12066,32,1.123,664.53786,0
1786863600000000,591.66,592.11,591.65,592.11,0.526,1786867199999999,311.28598,14,0.279,165.12864,0
1786867200000000,591.88,592.26,591.67,592.26,1.98,1786870799999999,1171.90381,50,0.988,584.89224,0
1786870800000000,592.26,592.44,592.05,592.11,1.295,1786874399999999,767.05415,30,1.082,640.90277,0
1786874400000000,591.99,591.99,591.21,591.32,2.181,1786877999999999,1290.31472,103,1.09,644.74263,0
1786878000000000,591.5,591.64,591.39,591.62,1.772,1786881599999999,1048.10756,16,0.464,274.4557,0
1786881600000000,591.51,591.94,591.51,591.94,0.518,1786885199999999,306.51899,15,0.439,259.78772,0
1786885200000000,592.45,592.61,592.2,592.55,1.794,1786888799999999,1062.82817,44,1.246,738.19131,0
1786888800000000,592.54,592.54,592.13,592.13,0.29,1786892399999999,171.74644,11,0.019,11.25826,0
1786892400000000,592.06,592.61,592.06,592.57,0.429,1786895999999999,254.07047,18,0.277,164.01751,0
1786896000000000,592.3,592.81,592.19,592.55,1.37,1786899599999999,811.69819,40,0.737,436.67449,0
1786899600000000,592.49,592.49,592.15,592.42,1.477,1786903199999999,874.7558,22,0.589,348.89463,0
1786903200000000,592.45,592.53,591.94,592.26,1.458,1786906799999999,863.61441,34,1.0,592.39884,0
1786906800000000,592.41,592.55,592.24,592.24,0.783,1786910399999999,463.79535,23,0.387,229.21679,0
1786910400000000,592.47,592.47,591.85,591.93,0.375,1786913999999999,222.06074,18,0.165,97.69462,0
1786914000000000,591.9,592.36,591.9,592.11,0.969,1786917599999999,573.76502,51,0.693,410.32538,0
1786917600000000,592.2,592.2,590.96,592.2,2.607,1786921199999999,1542.58208,93,1.006,595.22736,0
1786921200000000,592.33,592.55,592.33,592.55,0.065,1786924799999999,38.51219,4,0.043,25.47953,0
1786924800000000,592.55,592.55,590.57,591.5,17.547,1786928399999999,10378.51845,613,8.812,5212.13291,0
1786928400000000,591.35,591.73,590.43,590.43,5.263,1786931999999999,3111.31839,173,2.601,1537.52917,0
1786932000000000,590.52,590.55,590.34,590.54,2.526,1786935599999999,1491.5188,53,2.023,1194.52056,0
1786935600000000,590.55,590.81,590.55,590.65,1.088,1786939199999999,642.6174,36,0.486,287.0267,0
1786939200000000,591.01,591.08,590.79,590.92,0.618,1786942799999999,365.17654,20,0.588,347.45134,0
1786942800000000,590.89,591.38,590.26,590.67,5.685,1786946399999999,3359.07943,72,4.628,2734.77986,0
1786946400000000,590.55,591.76,590.39,591.57,14.594,1786949999999999,8625.08609,158,13.097,7740.1103,0
1786950000000000,591.11,591.71,590.72,591.55,10.086,1786953599999999,5962.30004,147,7.455,4406.29958,0
1786953600000000,591.57,591.59,589.72,589.83,14.121,1786957199999999,8341.4817,334,3.367,1989.12088,0
1786957200000000,589.93,589.99,588.86,589.25,7.241,1786960799999999,4266.97481,215,4.296,2531.42203,0
1786960800000000,589.41,590.0,589.15,589.45,2.673,1786964399999999,1575.70914,234,1.547,911.91008,0
1786964400000000,589.35,590.44,588.45,589.79,24.096,1786967999999999,14195.18925,491,3.708,2185.5632,0
1786968000000000,589.42,589.62,587.09,587.29,63.946,1786971599999999,37601.11504,773,6.678,3926.7643,0
1786971600000000,587.25,591.59,579.02,580.52,254.149,1786975199999999,148297.85022,3955,78.822,45912.1024,0
1786975200000000,580.76,581.67,573.96,574.97,114.198,1786978799999999,65790.12894,1969,82.85,47729.21884,0
1786978800000000,574.9,575.94,573.34,573.9,87.1,1786982399999999,50042.21081,1021,71.752,41229.00238,0
1786982400000000,573.64,574.0,567.0,569.49,62.057,1786985999999999,35375.85361,1194,18.803,10723.95429,0
1786986000000000,569.22,569.22,565.6,566.18,23.407,1786989599999999,13277.46923,867,9.811,5565.99241,0
1786989600000000,566.61,568.39,566.54,567.89,14.01,1786993199999999,7951.17979,756,5.769,3273.30704,0
1786993200000000,567.7,570.72,567.7,569.77,113.36,1786996799999999,64524.44216,622,103.139,58702.50113,0
1786996800000000,569.75,570.62,568.94,569.82,22.762,1787000399999999,12979.82175,276,15.324,8742.83703,0
1787000400000000,569.81,570.09,569.47,570.0,2.225,1787003999999999,1267.95634,86,1.754,999.58609,0
1787004000000000,569.81,569.9,569.35,569.48,3.439,1787007599999999,1958.39165,29,1.349,768.21123,0
1787007600000000,569.47,569.5,569.33,569.43,24.41,1787011199999999,13900.237,138,23.351,13297.30016,0
1787011200000000,569.44,569.72,567.62,568.6,125.335,1787014799999999,71298.74595,463,109.1,62070.87972,0
1787014800000000,568.46,568.7,567.37,567.52,218.586,1787018399999999,124132.21383,569,216.764,123096.85916,0
1787018400000000,567.88,567.91,565.63,566.26,145.555,1787021999999999,82510.57608,1018,132.962,75372.02668,0
1787022000000000,566.26,567.67,566.01,567.21,157.634,1787025599999999,89307.96355,1127,154.247,87388.23954,0
1787025600000000,567.43,567.57,566.46,566.86,63.105,1787029199999999,35788.37145,287,3.153,1787.76521,0
1787029200000000,566.77,566.77,566.0,566.0,8.704,1787032799999999,4929.50436,97,1.776,1006.02007,0
1787032800000000,566.11,567.04,565.05,566.71,32.905,1787036399999999,18629.67981,457,23.807,13480.42296,0
1787036400000000,566.87,566.95,565.96,566.28,11.208,1787039999999999,6350.831,160,3.137,1777.45137,0
1787040000000000,566.28,566.74,563.95,565.94,87.45,1787043599999999,49466.34596,720,42.473,24037.83936,0
1787043600000000,565.84,566.29,564.32,564.86,5.498,1787047199999999,3110.01558,141,1.226,693.41466,0
1787047200000000,564.74,565.93,564.16,565.84,2.01,1787050799999999,1136.62725,78,0.54,305.32298,0
1787050800000000,565.68,566.59,563.38,563.57,9.169,1787054399999999,5185.84405,241,5.086,2877.87145,0
1787054400000000,563.39,563.81,562.18,562.59,6.455,1787057999999999,3635.03457,228,1.547,871.50607,0
1787058000000000,562.71,563.06,547.23,548.6,179.563,1787061599999999,99842.6281,4338,79.526,44289.28701,0
1787061600000000,549.13,551.04,546.11,551.04,93.826,1787065199999999,51451.04664,2444,52.257,28653.01092,0
1787065200000000,551.36,556.09,550.99,555.36,74.688,1787068799999999,41356.43882,1731,39.855,22052.8913,0
1787068800000000,554.66,555.66,550.18,551.46,49.178,1787072399999999,27180.2173,1114,14.479,8010.82141,0
1787072400000000,551.46,552.14,546.75,547.9,74.056,1787075999999999,40752.3375,1261,27.278,15029.98508,0
1787076000000000,548.04,550.01,545.6,545.84,93.304,1787079599999999,51149.11039,866,10.002,5474.07891,0
1787079600000000,546.18,547.01,544.05,544.13,20.076,1787083199999999,10945.31169,562,15.375,8381.13779,0
1787083200000000,544.81,546.19,544.47,546.11,6.447,1787086799999999,3515.42609,356,3.946,2151.65933,0
1787086800000000,546.13,546.21,545.41,545.41,1.138,1787090399999999,621.46759,24,1.044,570.15884,0
1787090400000000,545.97,546.86,545.87,545.9,4.109,1787093999999999,2245.7621,38,3.918,2141.41863,0
1787094000000000,545.8,545.8,544.94,545.32,6.745,1787097599999999,3677.88869,134,3.684,2009.09979,0
1787097600000000,545.62,546.46,544.27,545.86,220.43,1787101199999999,120160.47416,1478,199.562,108781.37123,0
1787101200000000,545.95,546.67,545.04,546.48,80.952,1787104799999999,44201.63271,579,70.436,38456.47188,0
1787104800000000,546.57,546.75,545.42,546.42,41.639,1787108399999999,22745.96811,292,36.958,20188.61554,0
1787108400000000,546.48,547.27,546.48,547.01,40.168,1787111999999999,21972.89326,226,36.96,20218.04753,0
1787112000000000,547.01,547.37,546.22,546.62,34.066,1787115599999999,18627.32666,389,15.667,8564.27052,0
1787115600000000,546.71,547.13,545.21,545.32,32.116,1787119199999999,17533.81252,513,24.786,13530.17031,0
1787119200000000,545.39,545.58,544.42,544.48,56.678,1787122799999999,30884.85572,594,48.386,26365.85654,0
1787122800000000,544.55,544.85,543.19,544.16,32.338,1787126399999999,17599.31903,774,23.136,12591.85629,0
1787126400000000,544.38,547.43,543.06,546.35,35.259,1787129999999999,19236.71082,991,21.743,11870.73111,0
1787130000000000,546.49,547.04,545.15,545.94,35.427,1787133599999999,19351.14428,710,11.088,6054.94657,0
1787133600000000,545.65,546.49,544.62,546.22,13.964,1787137199999999,7623.19194,549,7.194,3927.90401,0
1787137200000000,546.07,546.25,544.0,544.32,31.017,1787140799999999,16910.58444,613,5.922,3228.66273,0
1787140800000000,544.34,546.71,542.43,546.66,98.193,1787144399999999,53422.16215,2116,33.947,18468.43372,0
1787144400000000,546.46,547.42,538.63,545.7,363.99,1787147999999999,197719.89219,3606,220.987,119933.84729,0
1787148000000000,545.89,550.8,545.3,549.79,140.11,1787151599999999,76856.27485,1676,85.51,46905.43486,0
1787151600000000,549.88,554.07,547.12,552.93,106.717,1787155199999999,58866.77758,1289,51.356,28361.12884,0
1787155200000000,552.64,554.78,551.95,553.73,53.383,1787158799999999,29555.66189,590,20.78,11508.85752,0
1787158800000000,554.09,554.49,552.34,552.96,49.861,1787162399999999,27591.07757,428,31.046,17177.16456,0
1787162400000000,553.01,553.53,550.63,551.97,167.661,1787165999999999,92713.59035,278,144.801,80094.93661,0
1787166000000000,552.12,552.44,545.65,546.79,70.542,1787169599999999,38685.74079,779,30.522,16713.91702,0
1787169600000000,546.9,548.64,545.81,548.52,88.767,1787173199999999,48655.26438,713,61.825,33895.34756,0
1787173200000000,548.47,549.01,547.92,548.68,43.738,1787176799999999,23983.43925,213,39.185,21486.18646,0
1787176800000000,548.96,551.62,548.86,551.57,39.422,1787180399999999,21697.77957,606,19.449,10704.53421,0
1787180400000000,551.58,552.42,550.32,550.41,55.87,1787183999999999,30788.37505,867,39.756,21901.24596,0
1787184000000000,550.52,552.06,549.73,551.58,137.211,1787187599999999,75618.61477,2107,83.295,45888.52232,0
1787187600000000,551.53,551.87,550.45,550.66,63.3,1787191199999999,34905.60688,443,51.83,28582.0215,0
1787191200000000,550.74,551.96,550.47,551.37,30.853,1787194799999999,17010.5264,348,22.235,12258.60855,0
1787194800000000,551.39,552.01,550.49,550.9,40.889,1787198399999999,22532.85406,486,26.676,14698.63644,0
1787198400000000,550.91,551.58,550.46,550.77,30.614,1787201999999999,16872.17113,237,23.605,13008.3114,0
1787202000000000,550.86,550.91,548.58,549.46,41.854,1787205599999999,23004.36647,334,8.328,4575.79555,0
1787205600000000,549.59,550.7,549.59,550.7,9.568,1787209199999999,5263.96007,102,5.531,3042.2268,0
1787209200000000,550.24,550.45,548.91,549.45,24.299,1787212799999999,13361.7701,123,18.921,10405.59934,0
1787212800000000,549.44,549.88,547.56,548.92,34.347,1787216399999999,18843.66681,552,16.639,9125.70066,0
1787216400000000,548.71,550.48,548.5,550.48,12.108,1787219999999999,6651.88047,277,5.799,3186.24239,0
1787220000000000,550.39,551.07,549.69,550.41,8.209,1787223599999999,4520.3209,96,3.706,2041.19407,0
1787223600000000,550.86,554.99,546.87,549.02,172.047,1787227199999999,94581.78461,2048,86.408,47503.02633,0
1787227200000000,549.31,549.43,545.03,548.51,32.878,1787230799999999,17980.29959,810,16.018,8758.45995,0
1787230800000000,549.0,550.64,545.0,548.85,324.036,1787234399999999,177350.49275,2919,253.083,138478.34365,0
1787234400000000,548.5,548.64,544.0,546.01,53.335,1787237999999999,29138.73546,774,19.95,10896.47331,0
1787238000000000,546.03,546.25,543.18,543.7,86.968,1787241599999999,47331.17516,725,51.565,28052.43596,0
1787241600000000,543.65,546.52,542.3,544.44,49.625,1787245199999999,27012.36078,147,43.852,23873.07515,0
1787245200000000,544.34,544.34,541.1,541.21,192.586,1787248799999999,104473.71853,570,171.998,93297.22543,0
1787248800000000,541.23,541.62,540.19,541.05,160.366,1787252399999999,86741.90307,507,134.473,72732.94497,0
1787252400000000,541.19,548.51,541.05,546.19,122.347,1787255999999999,66952.84048,418,107.407,58785.46324,0
1787256000000000,546.52,547.47,545.09,545.9,38.238,1787259599999999,20898.1358,327,25.351,13854.53777,0
1787259600000000,546.09,546.51,545.95,546.36,4.029,1787263199999999,2200.94043,45,2.433,1329.02847,0
1787263200000000,546.21,547.17,545.99,546.44,31.239,1787266799999999,17069.16427,60,25.097,13711.84751,0
1787266800000000,546.53,547.15,546.29,546.52,6.323,1787270399999999,3457.30346,74,3.3,1804.30885,0
1787270400000000,546.6,547.63,546.36,547.04,134.764,1787273999999999,73764.58861,581,117.334,64225.7263,0
1787274000000000,547.01,547.51,546.58,546.93,36.118,1787277599999999,19759.56639,198,19.47,10652.62048,0
1787277600000000,546.94,548.5,546.94,548.42,86.083,1787281199999999,47186.98381,243,78.342,42942.96128,0
1787281200000000,548.39,548.51,547.38,547.67,119.726,1787284799999999,65619.74879,251,101.646,55714.58598,0
1787284800000000,547.46,547.92,547.39,547.92,60.361,1787288399999999,33058.51449,178,55.387,30334.4313,0
1787288400000000,547.88,548.07,547.58,547.9,100.428,1787291999999999,55020.51378,162,96.863,53067.3857,0
1787292000000000,547.79,548.6,547.55,548.6,16.707,1787295599999999,9159.38087,79,11.474,6290.58426,0
1787295600000000,548.59,549.29,548.44,548.93,41.322,1787299199999999,22687.21886,172,35.184,19317.17026,0
1787299200000000,549.36,552.0,549.3,551.52,17.925,1787302799999999,9875.10675,173,10.382,5721.05065,0
1787302800000000,551.53,552.73,550.63,552.0,31.164,1787306399999999,17181.64821,139,7.616,4202.30519,0
1787306400000000,552.11,552.11,550.82,550.83,6.983,1787309999999999,3850.98945,34,1.467,809.10797,0
1787310000000000,550.78,551.02,549.21,550.19,41.555,1787313599999999,22873.89815,149,15.671,8629.52234,0
1787313600000000,549.64,550.31,547.78,547.8,66.057,1787317199999999,36264.35576,183,3.909,2147.16296,0
1787317200000000,548.06,553.06,543.5,550.29,148.175,1787320799999999,81496.98084,558,19.751,10827.51431,0
1787320800000000,550.62,553.57,549.56,552.91,36.171,1787324399999999,19931.04097,379,10.913,6016.3882,0
1787324400000000,553.03,554.47,548.74,550.59,48.8,1787327999999999,26882.85691,350,9.948,5489.51307,0
1787328000000000,550.56,553.76,549.46,552.92,24.342,1787331599999999,13416.0206,225,14.812,8163.83647,0
1787331600000000,553.08,554.03,549.82,549.86,117.178,1787335199999999,64787.24395,259,87.709,48507.5536,0
1787335200000000,550.19,552.1,549.13,552.1,5.094,1787338799999999,2803.32819,42,2.512,1382.60731,0
1787338800000000,551.44,551.6,548.95,550.14,3.891,1787342399999999,2141.51854,43,2.135,1175.22352,0
1787342400000000,550.86,550.92,549.71,550.46,3.169,1787345999999999,1744.57578,48,0.431,237.35613,0
1787346000000000,550.5,551.82,550.5,551.82,2.961,1787349599999999,1632.40696,17,2.512,1384.85806,0
1787349600000000,551.37,553.08,550.98,553.08,10.869,1787353199999999,5998.07689,94,5.039,2782.55073,0
1787353200000000,553.11,554.0,551.99,552.16,152.685,1787356799999999,84364.47128,234,111.522,61612.69624,0
1787356800000000,553.08,553.31,551.97,552.7,6.595,1787360399999999,3643.78406,50,3.822,2111.63545,0
1787360400000000,552.87,552.87,552.39,552.39,4.94,1787363999999999,2730.40673,23,0.045,24.87447,0
1787364000000000,552.48,552.76,551.8,552.6,12.156,1787367599999999,6716.79477,65,3.433,1897.12905,0
1787367600000000,552.74,553.77,551.57,551.93,21.617,1787371199999999,11953.27479,122,16.32,9026.91162,0
1787371200000000,551.93,552.09,550.09,550.82,13.427,1787374799999999,7399.64911,142,5.07,2795.22773,0
1787374800000000,550.73,551.15,547.05,550.44,29.01,1787378399999999,15963.1841,555,13.508,7435.6606,0
1787378400000000,550.45,551.87,550.15,550.7,12.665,1787381999999999,6982.09193,221,9.227,5089.15198,0
1787382000000000,550.7,551.07,550.35,550.61,4.523,1787385599999999,2490.28479,154,0.589,324.26294,0
1787385600000000,550.81,550.81,549.22,549.49,3.05,1787389199999999,1677.77541,144,0.24,132.00732,0
1787389200000000,549.49,549.77,549.24,549.34,2.045,1787392799999999,1123.80591,129,0.106,58.26184,0
1787392800000000,549.44,549.9,548.04,548.88,7.574,1787396399999999,4160.1845,156,0.211,115.94376,0
1787396400000000,548.89,549.89,548.81,549.68,1.707,1787399999999999,937.52948,123,0.115,63.21111,0
1787400000000000,549.54,550.86,549.49,550.59,3.066,1787403599999999,1686.95524,142,0.911,501.42113,0
1787403600000000,550.68,551.01,550.1,551.01,2.871,1787407199999999,1580.64126,141,0.954,525.24271,0
1787407200000000,551.01,551.09,549.78,550.02,35.384,1787410799999999,19479.09178,324,2.312,1273.35727,0
1787410800000000,550.02,550.4,549.62,549.96,9.589,1787414399999999,5275.11258,305,3.991,2195.14688,0
1787414400000000,549.93,550.85,549.35,549.71,11.218,1787417999999999,6174.49098,266,7.827,4308.86569,0
1787418000000000,549.71,549.99,549.26,549.39,1.689,1787421599999999,928.60908,89,0.551,303.00598,0
1787421600000000,549.28,549.48,548.45,549.11,3.507,1787425199999999,1924.94042,81,2.645,1451.81035,0
1787425200000000,549.1,549.64,548.64,549.23,2.769,1787428799999999,1520.95516,32,0.69,379.18639,0
1787428800000000,549.1,550.24,549.08,550.24,11.839,1787432399999999,6510.17092,62,7.985,4392.24366,0
1787432400000000,550.21,550.46,549.3,550.31,4.915,1787435999999999,2704.21113,83,1.77,974.09388,0
1787436000000000,550.37,550.37,549.69,550.1,9.845,1787439599999999,5416.24779,49,4.254,2339.97805,0
1787439600000000,550.48,551.71,548.1,551.66,6.4,1787443199999999,3526.79344,73,4.323,2383.24309,0
1787443200000000,550.38,551.36,550.34,551.24,9.436,1787446799999999,5200.66848,62,0.109,60.07309,0
1787446800000000,551.13,551.46,551.04,551.35,2.1,1787450399999999,1157.73929,22,0.555,305.96717,0
1787450400000000,551.06,551.36,550.75,551.06,3.32,1787453999999999,1829.36138,38,0.719,396.30011,0
1787454000000000,551.32,551.64,550.88,551.01,4.366,1787457599999999,2406.7261,78,1.181,651.15633,0
1787457600000000,551.28,551.61,550.21,551.11,5.662,1787461199999999,3120.56035,57,1.71,942.51944,0
1787461200000000,551.21,551.21,550.53,550.53,2.614,1787464799999999,1440.1591,42,0.322,177.46806,0
1787464800000000,550.65,550.74,550.37,550.74,1.17,1787468399999999,644.24736,12,0.86,473.61634,0
1787468400000000,550.5,550.98,550.22,550.72,22.916,1787471999999999,12620.99395,214,10.568,5820.43265,0
1787472000000000,550.69,552.8,550.48,552.62,5.257,1787475599999999,2899.35183,60,2.269,1251.65147,0
1787475600000000,552.63,553.03,552.35,552.84,6.485,1787479199999999,3583.99535,68,2.227,1231.06308,0
1787479200000000,552.84,553.23,552.52,552.81,5.563,1787482799999999,3075.39985,32,4.408,2436.75413,0
1787482800000000,552.87,554.2,552.7,554.2,5.102,1787486399999999,2822.45035,46,2.183,1207.62113,0
1787486400000000,554.2,554.81,553.86,554.77,10.103,1787489999999999,5601.68689,74,7.554,4188.65531,0
1787490000000000,554.74,554.8,553.34,553.7,8.853,1787493599999999,4906.76162,96,3.654,2024.4685,0
1787493600000000,553.65,554.04,552.99,553.25,12.375,1787497199999999,6851.62166,136,4.996,2766.66177,0
1787497200000000,553.33,554.22,553.21,553.93,7.42,1787500799999999,4109.22924,82,3.167,1754.10938,0
1787500800000000,553.74,553.83,552.88,553.31,4.428,1787504399999999,2450.29139,65,2.188,1210.6288,0
1787504400000000,553.31,554.36,553.31,553.56,3.754,1787507999999999,2078.33802,32,2.488,1377.57897,0
1787508000000000,553.33,555.1,553.0,554.14,12.88,1787511599999999,7142.60911,44,10.164,5638.81579,0
1787511600000000,554.2,554.55,554.07,554.22,7.251,1787515199999999,4018.72067,70,2.852,1580.67942,0
1787515200000000,554.15,554.43,553.86,554.43,4.378,1787518799999999,2425.7455,36,1.478,819.14361,0
1787518800000000,554.3,554.68,553.46,553.46,8.669,1787522399999999,4805.03376,34,1.255,695.20899,0
1787522400000000,553.86,554.83,551.96,552.5,13.942,1787525999999999,7708.98614,148,7.652,4231.73781,0
1787526000000000,553.1,554.37,552.32,553.91,23.164,1787529599999999,12820.44547,181,16.251,8995.74712,0
1787529600000000,553.7,553.7,550.24,551.43,239.077,1787533199999999,131834.19824,1333,64.157,35394.60969,0
1787533200000000,551.49,552.36,550.24,550.89,123.498,1787536799999999,68133.88362,1327,28.086,15498.94672,0
1787536800000000,550.74,551.9,550.28,551.89,34.964,1787540399999999,19270.20643,408,17.743,9779.22576,0
1787540400000000,551.9,551.93,549.86,551.11,139.252,1787543999999999,76679.93708,485,97.665,53778.6444,0
1787544000000000,550.78,551.0,550.16,550.3,19.929,1787547599999999,10975.2037,223,4.857,2675.32615,0
1787547600000000,550.62,551.52,550.04,550.86,25.845,1787551199999999,14236.56612,241,5.937,3270.59951,0
1787551200000000,551.33,551.33,549.62,549.88,24.41,1787554799999999,13430.33382,316,6.185,3403.11164,0
1787554800000000,549.98,551.02,549.46,550.56,29.15,1787558399999999,16044.72333,392,6.446,3547.29379,0
1787558400000000,550.45,552.37,549.48,552.09,14.814,1787561999999999,8166.59253,274,7.244,3992.17775,0
1787562000000000,552.01,552.86,551.07,552.5,26.647,1787565599999999,14709.04842,380,8.939,4936.19934,0
1787565600000000,552.43,552.57,550.85,551.62,18.773,1787569199999999,10365.49731,290,2.393,1321.50442,0
1787569200000000,551.56,552.47,550.23,551.59,35.923,1787572799999999,19814.82625,491,8.346,4603.96969,0
1787572800000000,551.71,552.01,549.97,550.92,32.272,1787576399999999,17784.76765,399,10.655,5872.13851,0
1787576400000000,550.95,554.04,546.01,552.03,74.01,1787579999999999,40762.41354,683,36.614,20198.1174,0
1787580000000000,553.18,554.6,549.56,552.91,41.265,1787583599999999,22790.4221,626,14.632,8089.32118,0
1787583600000000,553.23,557.62,552.07,555.23,33.041,1787587199999999,18350.99912,395,15.186,8439.0064,0
1787587200000000,555.87,558.35,554.57,558.01,47.304,1787590799999999,26306.44806,295,21.705,12085.10406,0
1787590800000000,558.14,559.38,555.95,556.05,11.672,1787594399999999,6509.61755,233,4.854,2707.8475,0
1787594400000000,556.51,561.46,556.11,560.47,34.242,1787597999999999,19156.62697,253,26.414,14774.22538,0
1787598000000000,560.36,561.63,559.02,559.29,7.002,1787601599999999,3923.78958,111,0.84,471.22505,0
1787601600000000,559.56,559.7,557.55,559.29,57.771,1787605199999999,32287.90862,149,56.214,31417.79001,0
1787605200000000,559.1,559.44,558.58,559.29,4.802,1787608799999999,2684.42929,89,1.754,980.62917,0
1787608800000000,559.29,561.03,558.61,559.22,27.979,1787612399999999,15647.8518,152,3.217,1801.59329,0
1787612400000000,559.51,560.34,559.51,560.34,7.547,1787615999999999,4228.22073,90,7.287,4082.58693,0
1787616000000000,560.37,561.93,559.08,561.77,16.918,1787619599999999,9487.22544,141,10.214,5730.1728,0
1787619600000000,561.44,562.54,561.05,561.59,18.858,1787623199999999,10590.61104,121,6.972,3915.1195,0
1787623200000000,561.5,562.46,560.89,561.33,2.576,1787626799999999,1446.27194,27,1.593,894.11408,0
1787626800000000,561.37,563.01,561.37,563.01,1490.973,1787630399999999,839057.9083,1015,166.89,93890.97326,0
1787630400000000,563.01,563.5,563.0,563.0,684.506,1787633999999999,385377.31736,196,0.982,553.23794,0
1787634000000000,563.0,563.01,562.13,562.13,4969.77,1787637599999999,2795715.16408,441,3.231,1818.59561,0
1787637600000000,562.14,562.82,562.13,562.13,29.931,1787641199999999,16828.72776,400,8.642,4859.65192,0
1787641200000000,562.13,562.42,562.13,562.13,426.802,1787644799999999,239918.39843,188,0.507,285.10719,0
1787644800000000,562.14,564.91,562.13,564.88,33.513,1787648399999999,18865.43469,970,17.762,9997.74438,0
1787648400000000,564.85,566.59,564.03,566.04,30.438,1787651999999999,17200.22642,672,17.232,9737.69465,0
1787652000000000,565.89,566.41,564.53,565.8,11.934,1787655599999999,6749.72701,286,2.58,1459.41319,0
1787655600000000,565.69,565.87,564.04,565.07,34.604,1787659199999999,19558.82387,285,30.03,16973.45813,0
1787659200000000,565.19,566.11,562.24,563.24,26.292,1787662799999999,14839.41293,564,13.493,7621.74586,0
1787662800000000,563.2,569.05,562.99,566.41,87.603,1787666399999999,49587.53254,1155,55.965,31672.38499,0
1787666400000000,565.89,566.13,562.5,564.74,43.339,1787669999999999,24485.42291,1076,14.103,7962.65293,0
1787670000000000,564.55,566.55,562.13,565.96,25.638,1787673599999999,14475.69619,980,9.635,5444.56243,0
1787673600000000,566.13,567.97,564.02,567.42,63.733,1787677199999999,36075.84572,510,50.603,28648.48433,0
1787677200000000,567.27,567.9,563.94,565.64,8.991,1787680799999999,5084.84292,177,2.157,1221.15813,0
1787680800000000,565.79,567.07,563.98,567.07,10.481,1787684399999999,5930.28443,233,5.955,3370.52042,0
1787684400000000,567.26,571.25,565.62,570.42,176.001,1787687999999999,100287.87511,839,161.233,91877.02075,0
1787688000000000,570.26,570.79,568.14,568.54,34.055,1787691599999999,19394.80307,287,4.624,2633.96906,0
1787691600000000,568.56,568.56,567.31,568.08,5.529,1787695199999999,3142.0784,153,2.094,1190.3109,0
1787695200000000,568.14,569.01,568.14,568.79,4.549,1787698799999999,2586.34195,91,1.952,1109.62263,0
1787698800000000,568.67,568.67,567.21,568.18,13.418,1787702399999999,7619.55204,100,3.978,2258.94527,0
1787702400000000,568.21,568.48,566.56,566.86,23.925,1787705999999999,13576.07745,197,18.404,10442.78551,0
1787706000000000,566.62,568.17,565.6,568.17,9.616,1787709599999999,5452.57224,235,7.381,4186.23084,0
1787709600000000,567.95,572.49,567.95,571.28,31.696,1787713199999999,18082.27713,556,19.108,10901.60883,0
1787713200000000,571.4,572.43,570.64,572.23,11.584,1787716799999999,6618.52481,104,9.622,5496.60648,0
1787716800000000,571.92,573.49,571.64,572.17,3.58,1787720399999999,2048.81136,100,2.438,1394.8567,0
1787720400000000,572.19,572.19,570.81,571.6,2.423,1787723999999999,1385.04726,49,1.671,955.24823,0
1787724000000000,571.61,572.06,570.82,571.96,24.698,1787727599999999,14117.58038,111,21.598,12345.64661,0
1787727600000000,571.9,572.21,571.0,571.82,80.355,1787731199999999,45932.29248,317,60.279,34457.70779,0
1787731200000000,571.62,574.99,569.86,573.65,24.277,1787734799999999,13898.42175,413,11.619,6657.22439,0
1787734800000000,574.72,577.0,573.01,575.6,39.357,1787738399999999,22619.34022,321,10.849,6241.38647,0
1787738400000000,576.15,579.08,573.92,578.64,233.885,1787741999999999,135337.44254,1057,38.421,22199.78098,0
1787742000000000,578.46,579.99,576.96,578.61,16.178,1787745599999999,9363.88783,413,6.597,3817.7232,0
1787745600000000,578.59,592.9,577.46,590.87,117.449,1787749199999999,68492.31077,1694,63.901,37334.84384,0
1787749200000000,591.61,598.69,563.04,573.14,813.391,1787752799999999,471321.80529,9203,507.002,294177.65264,0
1787752800000000,572.92,587.85,564.68,585.49,229.797,1787756399999999,132416.32615,3189,171.828,99102.74237,0
1787756400000000,585.25,588.94,575.08,576.36,264.952,1787759999999999,153897.39314,2318,203.535,118201.51026,0
1787760000000000,576.43,579.57,574.5,576.22,24.968,1787763599999999,14404.35353,793,14.7,8483.9656,0
1787763600000000,576.26,579.51,575.41,578.58,15.85,1787767199999999,9159.68921,687,9.36,5409.13568,0
1787767200000000,578.61,581.38,577.13,579.53,31.208,1787770799999999,18059.84896,550,7.542,4367.67186,0
1787770800000000,579.4,581.25,575.99,576.59,51.002,1787774399999999,29466.17765,831,31.752,18347.86402,0
1787774400000000,576.53,576.53,574.51,576.06,7.84,1787777999999999,4512.93862,239,5.296,3048.10768,0
1787778000000000,576.47,578.42,575.12,578.3,16.612,1787781599999999,9588.22583,319,10.817,6247.39263,0
1787781600000000,578.43,580.32,577.0,579.2,227.017,1787785199999999,131447.78383,598,201.498,116669.85064,0
1787785200000000,579.9,579.93,579.2,579.23,23.307,1787788799999999,13503.28372,217,15.465,8960.69427,0
1787788800000000,579.34,579.61,576.11,576.42,96.487,1787792399999999,55852.03945,631,18.71,10817.53815,0
1787792400000000,576.5,577.83,575.98,576.93,21.523,1787795999999999,12402.70976,161,19.154,11036.54519,0
1787796000000000,576.77,577.83,576.64,577.15,7.461,1787799599999999,4304.05894,85,0.798,460.5902,0
1787799600000000,577.25,577.25,576.64,577.0,12.378,1787803199999999,7139.00106,104,1.278,737.44883,0
1787803200000000,576.99,577.2,576.64,576.64,19.045,1787806799999999,10984.91631,102,7.979,4602.36813,0
1787806800000000,576.59,576.6,574.02,574.21,24.467,1787810399999999,14068.399,153,2.984,1716.79626,0
1787810400000000,574.15,574.51,573.54,574.06,15.272,1787813999999999,8765.65186,74,10.574,6068.17571,0
1787814000000000,574.34,574.99,574.06,574.99,22.893,1787817599999999,13152.89005,89,20.248,11632.9296,0
1787817600000000,574.98,576.14,573.62,574.73,57.558,1787821199999999,33094.15162,542,14.54,8366.14508,0
1787821200000000,575.04,575.79,573.77,574.87,9.497,1787824799999999,5457.17655,123,2.233,1284.03869,0
1787824800000000,574.99,575.2,573.42,574.64,32.026,1787828399999999,18388.55222,317,6.941,3986.84608,0
1787828400000000,574.76,575.18,573.73,574.43,17.285,1787831999999999,9928.00961,209,10.616,6098.06531,0
1787832000000000,574.52,575.17,573.76,574.6,6.201,1787835599999999,3562.3003,93,2.813,1615.72996,0
1787835600000000,574.6,583.19,568.24,582.76,685.065,1787839199999999,392845.67309,2794,63.835,36746.5268,0
1787839200000000,582.51,588.22,570.81,574.0,333.389,1787842799999999,193721.04593,2034,27.546,15966.54051,0
1787842800000000,573.81,573.9,570.75,573.48,38.166,1787846399999999,21837.82513,758,12.589,7203.64575,0
1787846400000000,572.94,574.4,570.18,570.73,15.538,1787849999999999,8894.03403,338,6.134,3513.67559,0
1787850000000000,571.38,572.14,570.0,570.16,13.224,1787853599999999,7550.28948,220,3.55,2028.20747,0
1787853600000000,570.44,570.48,568.11,569.72,78.368,1787857199999999,44592.58631,416,65.759,37409.52469,0
1787857200000000,569.82,572.08,569.01,571.33,35.133,1787860799999999,20067.57199,307,30.454,17397.24184,0
1787860800000000,571.53,571.53,569.83,571.07,6.143,1787864399999999,3506.32767,145,2.571,1467.62027,0
1787864400000000,571.08,572.02,571.04,571.96,3.232,1787867999999999,1847.46716,90,2.879,1645.69375,0
1787868000000000,571.85,571.99,571.46,571.94,0.959,1787871599999999,548.38947,16,0.627,358.54814,0
1787871600000000,571.95,571.95,570.44,570.44,14.381,1787875199999999,8215.75687,61,0.086,49.17903,0
1787875200000000,571.65,572.26,571.44,571.77,3.547,1787878799999999,2027.97106,89,1.578,902.20749,0
1787878800000000,571.77,572.26,570.46,571.48,13.195,1787882399999999,7535.5529,146,1.423,813.52331,0
1787882400000000,571.65,572.21,571.65,572.04,5.712,1787885999999999,3266.67461,82,3.41,1950.13844,0
1787886000000000,572.35,573.06,572.32,572.32,2.09,1787889599999999,1196.77664,36,1.37,784.24792,0
1787889600000000,572.47,572.59,572.04,572.15,0.828,1787893199999999,473.85779,23,0.476,272.41471,0
1787893200000000,571.96,572.25,571.65,571.94,0.972,1787896799999999,555.93883,24,0.631,360.878,0
1787896800000000,571.92,572.46,571.92,572.46,1.603,1787900399999999,917.07137,26,1.36,778.0331,0
1787900400000000,573.04,573.56,572.29,573.15,13.423,1787903999999999,7690.2085,42,1.201,688.32331,0
1787904000000000,572.97,574.51,572.97,573.71,6.736,1787907599999999,3863.99607,85,4.413,2530.82091,0
1787907600000000,573.78,574.05,573.4,573.4,0.652,1787911199999999,373.98171,11,0.266,152.60941,0
1787911200000000,573.19,573.43,572.42,572.72,6.95,1787914799999999,3982.12574,77,1.169,670.01225,0
1787914800000000,572.58,573.27,572.22,572.67,2.986,1787918399999999,1710.09129,29,1.703,975.38012,0
1787918400000000,573.48,573.68,573.18,573.68,0.697,1787921999999999,399.70027,10,0.278,159.43946,0
1787922000000000,573.22,584.3,571.0,581.56,121.839,1787925599999999,70386.09503,1987,66.503,38419.43889,0
1787925600000000,580.92,589.06,574.84,584.97,190.373,1787929199999999,111086.11764,2658,63.498,37044.01477,0
1787929200000000,584.97,587.72,575.23,575.56,75.255,1787932799999999,44000.36895,1292,40.426,23646.57779,0
1787932800000000,575.75,577.33,573.74,575.83,101.323,1787936399999999,58255.13863,1022,53.352,30643.89456,0
1787936400000000,575.15,577.33,574.88,576.33,10.56,1787939999999999,6081.71601,378,3.995,2301.07657,0
1787940000000000,576.25,577.82,574.43,574.43,23.024,1787943599999999,13284.01676,459,19.918,11494.23813,0
1787943600000000,574.56,579.58,574.56,578.13,52.751,1787947199999999,30439.01134,545,48.662,28076.64517,0
1787947200000000,578.22,578.65,577.78,578.55,2.48,1787950799999999,1433.89785,92,1.158,669.55318,0
1787950800000000,578.3,578.63,577.58,577.7,17.707,1787954399999999,10236.40147,128,16.957,9802.77378,0
1787954400000000,578.1,578.59,577.89,578.31,1.792,1787957999999999,1036.24689,69,1.609,930.42487,0
1787958000000000,578.31,578.35,577.93,578.15,0.358,1787961599999999,206.94872,16,0.271,156.63743,0
1787961600000000,578.98,578.98,577.65,577.99,7.044,1787965199999999,4073.03459,136,0.879,508.26222,0
1787965200000000,578.14,578.14,577.88,577.98,1.004,1787968799999999,580.3927,28,0.333,192.50912,0
1787968800000000,577.97,577.97,577.72,577.72,1.342,1787972399999999,775.47841,27,0.256,147.91013,0
1787972400000000,577.72,577.78,577.46,577.78,5.725,1787975999999999,3307.29985,62,5.379,3107.41911,0
1787976000000000,577.76,577.81,577.71,577.74,3.928,1787979599999999,2269.52399,26,1.071,618.83099,0
1787979600000000,577.81,578.31,577.81,578.29,2.677,1787983199999999,1547.42121,49,2.635,1523.13455,0
1787983200000000,578.3,578.48,578.3,578.48,0.829,1787986799999999,479.42926,39,0.813,470.17646,0
1787986800000000,578.48,578.53,578.47,578.53,0.532,1787990399999999,307.75654,15,0.175,101.24249,0
1787990400000000,578.49,578.49,578.49,578.49,0.031,1787993999999999,17.93319,1,0.0,0.0,0
1787994000000000,578.52,578.53,578.49,578.53,0.476,1787997599999999,275.36944,17,0.346,200.16574,0
1787997600000000,578.5,578.53,578.46,578.53,0.68,1788001199999999,393.38267,15,0.18,104.13403,0
1788001200000000,578.49,578.53,578.49,578.53,0.54,1788004799999999,312.40576,14,0.529,306.04237,0
1788004800000000,578.52,578.54,578.38,578.39,2.496,1788008399999999,1443.85367,41,0.195,112.78826,0
1788008400000000,578.36,578.36,577.83,578.1,1.294,1788011999999999,748.16709,25,0.093,53.7747,0
1788012000000000,578.1,578.17,578.1,578.14,0.548,1788015599999999,316.81671,16,0.343,198.29967,0
1788015600000000,578.15,578.46,578.13,578.46,5.48,1788019199999999,3169.40625,92,4.296,2484.67411,0
1788019200000000,578.45,578.59,577.8,578.52,5.787,1788022799999999,3347.28541,129,2.963,1713.88225,0
1788022800000000,578.45,578.59,578.11,578.13,5.047,1788026399999999,2919.12506,70,1.696,980.86888,0
1788026400000000,578.41,578.42,578.16,578.31,1.831,1788029999999999,1058.98014,26,1.515,876.23947,0
1788030000000000,578.35,578.42,578.07,578.41,1.156,1788033599999999,668.52013,30,0.568,328.48517,0
1788033600000000,578.42,578.59,578.41,578.59,2.261,1788037199999999,1308.06084,42,1.549,896.15077,0
1788037200000000,578.59,579.35,578.34,578.91,6.895,1788040799999999,3991.43262,65,5.667,3280.4963,0
1788040800000000,579.03,579.36,578.4,578.89,1.975,1788044399999999,1143.52628,41,1.064,615.98247,0
1788044400000000,578.93,581.17,578.89,580.01,1.635,1788047999999999,947.9786,42,0.728,421.92193,0
1788048000000000,580.03,580.71,580.0,580.71,2.408,1788051599999999,1397.27268,38,1.558,904.07987,0
1788051600000000,580.57,580.57,580.25,580.25,0.927,1788055199999999,537.99614,20,0.07,40.63234,0
1788055200000000,580.39,580.39,579.9,580.14,5.929,1788058799999999,3438.99034,40,1.231,713.98673,0
1788058800000000,580.21,580.26,579.98,580.09,1.445,1788062399999999,838.27169,27,0.743,431.0335,0
1788062400000000,579.86,579.92,579.64,579.75,0.864,1788065999999999,500.97537,20,0.661,383.287,0
1788066000000000,579.75,579.81,579.31,579.31,2.98,1788069599999999,1727.61159,56,1.036,600.62645,0
1788069600000000,579.76,579.96,579.33,579.96,3.194,1788073199999999,1851.63436,39,1.593,923.60992,0
1788073200000000,580.04,580.04,579.83,579.91,0.207,1788076799999999,120.04583,7,0.155,89.89051,0
1788076800000000,579.5,579.76,579.5,579.64,0.495,1788080399999999,286.9221,15,0.049,28.40616,0
1788080400000000,579.52,579.68,579.36,579.64,1.903,1788083999999999,1102.92951,31,1.09,631.77054,0
1788084000000000,579.62,579.99,579.37,579.99,3.764,1788087599999999,2182.08436,69,2.464,1428.49865,0
1788087600000000,580.09,580.11,579.78,579.78,1.585,1788091199999999,919.28737,35,0.642,372.39652,0
1788091200000000,579.87,580.11,579.41,579.91,2.346,1788094799999999,1360.43001,35,0.869,503.99766,0
1788094800000000,579.95,580.21,579.42,580.15,11.19,1788098399999999,6488.56929,60,9.643,5591.5843,0
1788098400000000,580.15,580.64,580.04,580.64,3.756,1788101999999999,2179.50789,76,3.316,1924.21775,0
1788102000000000,580.8,581.57,580.8,581.41,4.638,1788105599999999,2696.42186,72,0.306,177.86205,0
1788105600000000,581.46,582.23,581.46,582.16,7.317,1788109199999999,4257.41644,101,3.43,1995.81207,0
1788109200000000,582.18,582.18,581.61,582.09,1.795,1788112799999999,1044.50573,32,0.537,312.46794,0
1788112800000000,582.1,582.23,581.68,582.14,2.151,1788116399999999,1252.13023,25,1.093,636.20403,0
1788116400000000,582.23,582.26,581.72,581.9,3.022,1788119999999999,1758.78918,33,1.687,982.01697,0
1788120000000000,581.61,581.95,581.49,581.53,0.704,1788123599999999,409.58666,21,0.233,135.5431,0
1788123600000000,581.46,582.72,580.75,581.05,6.557,1788127199999999,3812.85853,97,2.264,1316.89897,0
1788127200000000,581.1,581.1,578.28,578.44,7.667,1788130799999999,4443.72848,193,1.612,934.38202,0
1788130800000000,578.27,578.27,574.45,575.23,12.838,1788134399999999,7396.09649,217,7.853,4522.50108,0
1788134400000000,574.9,576.57,574.43,575.72,24.428,1788137999999999,14064.70023,291,12.75,7340.93972,0
1788138000000000,575.56,575.91,574.27,574.91,75.351,1788141599999999,43343.44021,1261,60.103,34575.29157,0
1788141600000000,574.91,575.91,574.11,574.91,71.563,1788145199999999,41118.55614,792,18.908,10873.35456,0
1788145200000000,574.87,575.81,574.76,575.81,36.1,1788148799999999,20766.21997,414,30.238,17395.1897,0
1788148800000000,575.31,576.48,575.06,576.0,24.329,1788152399999999,14003.66167,315,17.547,10100.89022,0
1788152400000000,576.04,576.99,575.81,576.85,13.798,1788155999999999,7952.89569,255,8.041,4634.53598,0
1788156000000000,576.82,577.18,576.29,576.52,26.162,1788159599999999,15087.30562,290,13.136,7577.45101,0
1788159600000000,576.5,576.77,575.6,575.61,9.927,1788163199999999,5720.83407,145,3.23,1861.6155,0
1788163200000000,575.8,576.28,574.36,575.68,23.204,1788166799999999,13353.61749,316,7.944,4572.46207,0
1788166800000000,575.59,575.85,575.59,575.72,0.547,1788170399999999,314.9004,18,0.218,125.5106,0
1788170400000000,575.58,576.79,575.16,575.96,22.941,1788173999999999,13207.21906,186,16.58,9545.93661,0
1788174000000000,575.74,579.3,574.8,579.3,37.791,1788177599999999,21815.65504,378,28.46,16424.71433,0
1788177600000000,579.07,582.12,578.72,579.75,22.538,1788181199999999,13090.42961,312,16.451,9556.12857,0
1788181200000000,579.41,580.16,571.5,572.69,51.927,1788184799999999,29889.2653,777,22.884,13180.24911,0
1788184800000000,572.54,572.69,569.17,572.09,30.698,1788188399999999,17533.14018,379,8.751,5000.06731,0
1788188400000000,572.18,573.29,571.04,571.46,42.699,1788191999999999,24432.50102,248,36.645,20968.4277,0
1788192000000000,571.29,572.33,570.89,571.79,19.548,1788195599999999,11171.7939,207,8.339,4765.62479,0
1788195600000000,571.83,572.71,571.04,572.24,21.381,1788199199999999,12227.55691,289,10.784,6168.19618,0
1788199200000000,572.04,574.33,570.48,571.83,61.95,1788202799999999,35368.87322,211,6.603,3777.05344,0
1788202800000000,572.14,576.86,572.05,572.81,99.331,1788206399999999,56989.8463,587,73.338,42057.48588,0
1788206400000000,572.56,573.03,571.42,572.35,14.799,1788209999999999,8473.79112,211,10.604,6073.56391,0
1788210000000000,572.35,572.85,571.66,572.76,5.842,1788213599999999,3342.04476,34,1.448,828.94962,0
1788213600000000,572.76,572.76,572.2,572.2,2.805,1788217199999999,1605.98028,23,2.006,1148.4652,0
1788217200000000,572.57,572.9,572.26,572.26,3.697,1788220799999999,2116.84259,107,2.283,1307.47621,0
1788220800000000,572.34,573.25,572.05,572.65,4.12,1788224399999999,2359.844,65,0.71,406.77761,0
1788224400000000,572.92,572.92,572.26,572.81,1.575,1788227999999999,901.87147,26,0.287,164.32334,0
1788228000000000,572.74,573.01,572.26,572.66,0.862,1788231599999999,493.73905,20,0.62,355.14535,0
1788231600000000,572.95,572.95,572.14,572.55,1.24,1788235199999999,710.0413,31,0.281,160.94741,0
1788235200000000,572.73,572.83,572.38,572.38,1.872,1788238799999999,1071.8822,39,0.513,293.80962,0
1788238800000000,572.33,573.03,572.19,573.03,3.24,1788242399999999,1855.17075,58,2.058,1178.43103,0
1788242400000000,573.02,573.23,572.31,572.7,1.442,1788245999999999,826.32867,21,0.628,359.84375,0
1788246000000000,572.69,572.9,571.34,572.0,3.293,1788249599999999,1884.49052,63,1.343,768.76756,0
1788249600000000,572.2,572.73,567.27,567.62,52.248,1788253199999999,29763.63394,273,2.973,1692.49525,0
1788253200000000,567.35,567.52,566.2,567.14,5.351,1788256799999999,3031.01345,116,1.443,818.03805,0
1788256800000000,567.14,567.71,566.99,567.12,0.861,1788260399999999,488.45562,18,0.457,259.20178,0
1788260400000000,567.48,567.48,565.09,565.52,1.664,1788263999999999,942.2175,29,0.289,163.76486,0
1788264000000000,565.52,565.79,562.36,562.36,6.681,1788267599999999,3763.68138,77,5.144,2897.40967,0
1788267600000000,562.1,568.39,556.01,566.79,137.538,1788271199999999,77178.28059,1200,40.896,23084.98532,0
1788271200000000,567.22,579.36,565.61,578.37,71.266,1788274799999999,40999.75032,721,66.653,38352.67914,0
1788274800000000,578.44,583.23,576.25,582.97,54.645,1788278399999999,31722.1964,703,45.666,26511.89683,0
1788278400000000,582.78,583.56,577.99,581.11,24.458,1788281999999999,14181.16708,601,7.426,4303.65661,0
1788282000000000,581.11,584.0,579.65,583.85,5441.614,1788285599999999,3160357.01353,40044,5175.838,3005778.36282,0
1788285600000000,583.81,584.86,576.04,577.47,553.547,1788289199999999,322540.48371,8917,185.058,107775.70181,0
1788289200000000,577.44,580.85,576.18,578.73,157.839,1788292799999999,91340.16939,715,29.758,17221.18636,0
1788292800000000,578.44,579.01,577.58,578.59,63.579,1788296399999999,36769.64637,473,23.9,13821.33366,0
1788296400000000,578.49,578.74,576.88,577.2,15.31,1788299999999999,8843.81305,155,7.802,4507.40907,0
1788300000000000,577.5,577.71,576.96,577.6,5.072,1788303599999999,2928.00644,64,1.086,627.04182,0
1788303600000000,577.47,577.94,577.46,577.61,10.049,1788307199999999,5804.71569,124,2.876,1661.32462,0
1788307200000000,577.61,578.26,576.87,577.39,17.339,1788310799999999,10014.08565,169,8.632,4986.22625,0
1788310800000000,577.05,577.36,575.7,576.21,9.898,1788314399999999,5709.87156,110,1.954,1127.51172,0
1788314400000000,576.29,577.08,575.91,576.62,3.456,1788317999999999,1992.97306,103,1.446,833.87656,0
1788318000000000,576.56,576.88,576.17,576.45,8.553,1788321599999999,4930.78823,171,4.667,2690.71867,0
1788321600000000,576.42,576.44,575.81,576.37,3.29,1788325199999999,1895.58236,42,0.148,85.30265,0
1788325200000000,576.06,576.96,575.9,576.53,2.592,1788328799999999,1494.18124,44,0.429,247.34795,0
1788328800000000,576.58,577.12,576.01,577.02,4.761,1788332399999999,2744.95592,79,0.968,558.08693,0
1788332400000000,576.97,577.7,576.81,577.4,5.931,1788335999999999,3423.57679,73,3.847,2220.40925,0
1788336000000000,576.82,577.31,574.6,574.91,8.952,1788339599999999,5156.51847,155,3.832,2205.64938,0
1788339600000000,575.03,575.76,574.22,574.93,15.361,1788343199999999,8833.65637,222,5.482,3152.60432,0
1788343200000000,574.95,574.95,574.35,574.48,4.866,1788346799999999,2796.50531,112,3.19,1833.55082,0
1788346800000000,574.52,577.67,574.46,577.56,13.187,1788350399999999,7599.13611,352,7.38,4254.75853,0
1788350400000000,577.4,578.61,576.65,576.76,14.626,1788353999999999,8453.00501,490,9.578,5536.30312,0
1788354000000000,576.99,593.75,576.62,593.39,165.364,1788357599999999,97044.162,1509,107.966,63394.74681,0
1788357600000000,593.39,600.0,593.26,596.06,157.386,1788361199999999,93850.9997,868,82.262,49047.73545,0
1788361200000000,595.92,597.12,591.78,592.43,58.026,1788364799999999,34533.48344,1167,44.906,26727.47062,0
1788364800000000,592.36,595.98,591.66,594.69,52.817,1788368399999999,31347.29924,1701,42.779,25386.93975,0
1788368400000000,595.01,595.58,591.54,591.54,19.453,1788371999999999,11535.37253,294,5.841,3461.33931,0
1788372000000000,592.2,594.38,590.44,591.42,12.33,1788375599999999,7301.2914,180,5.328,3157.81903,0
1788375600000000,591.21,596.28,591.21,593.07,69.456,1788379199999999,41164.2571,779,33.818,20044.22077,0
1788379200000000,593.04,595.18,592.64,595.16,21.357,1788382799999999,12684.72982,472,16.38,9730.4107,0
1788382800000000,594.96,595.54,593.53,594.24,13.348,1788386399999999,7936.73255,155,6.17,3669.22161,0
1788386400000000,594.26,595.56,594.19,595.32,2.05,1788389999999999,1218.96608,43,1.013,602.56173,0
1788390000000000,595.38,597.91,595.38,597.32,12.6,1788393599999999,7513.49698,168,1.808,1079.24961,0
1788393600000000,597.17,598.0,596.05,596.95,13.967,1788397199999999,8337.82511,390,7.124,4254.59101,0
1788397200000000,596.83,598.86,596.53,596.98,21.96,1788400799999999,13128.43979,233,17.181,10274.0539,0
1788400800000000,597.31,598.7,597.3,597.8,14.103,1788404399999999,8432.36691,355,10.028,5996.44557,0
1788404400000000,597.82,599.51,597.82,599.39,17.52,1788407999999999,10487.95319,408,13.582,8130.2612,0
1788408000000000,599.52,600.0,597.98,598.57,12.269,1788411599999999,7352.10001,288,5.61,3364.24806,0
1788411600000000,598.33,598.33,595.69,597.66,50.97,1788415199999999,30428.55463,155,37.822,22578.12787,0
1788415200000000,597.72,597.94,597.6,597.73,3.251,1788418799999999,1943.29573,75,1.56,932.522,0
1788418800000000,597.79,598.59,597.41,598.5,10.027,1788422399999999,5995.61787,200,9.4,5620.54132,0
1788422400000000,598.34,600.15,598.26,599.31,6.913,1788425999999999,4143.84796,95,3.013,1807.11718,0
1788426000000000,599.4,599.42,598.33,598.85,3.017,1788429599999999,1806.28394,25,0.379,227.10629,0
1788429600000000,598.07,598.49,595.93,596.96,1.528,1788433199999999,911.88591,20,0.59,351.9162,0
1788433200000000,597.25,598.82,596.34,596.43,14.797,1788436799999999,8840.37932,129,11.056,6605.84154,0
1788436800000000,596.67,601.16,596.67,601.16,6.991,1788440399999999,4185.35069,102,4.623,2771.27995,0
1788440400000000,601.44,618.66,601.44,613.72,81.853,1788443999999999,49954.79285,688,41.45,25271.65893,0
1788444000000000,613.01,614.52,607.01,608.68,58.3,1788447599999999,35555.75463,247,14.489,8840.17949,0
1788447600000000,608.54,618.85,608.24,615.79,49.188,1788451199999999,30287.65981,363,35.594,21909.06733,0
1788451200000000,615.79,617.19,612.68,613.26,27.612,1788454799999999,16958.11386,258,20.423,12540.67025,0
1788454800000000,613.3,614.76,611.65,614.76,7.751,1788458399999999,4751.42349,118,4.3,2637.1777,0
1788458400000000,614.66,615.22,612.32,613.02,4.897,1788461999999999,3007.45408,151,3.277,2012.85668,0
1788462000000000,613.22,614.56,609.32,610.64,16.031,1788465599999999,9807.09348,172,7.123,4356.97854,0
1788465600000000,610.63,610.63,608.92,610.25,1.978,1788469199999999,1206.63639,52,1.841,1123.11251,0
1788469200000000,610.46,611.43,610.33,611.05,2.295,1788472799999999,1402.12549,69,1.958,1196.33814,0
1788472800000000,610.79,612.07,610.6,611.64,7.518,1788476399999999,4597.96269,24,5.06,3096.63032,0
1788476400000000,612.64,613.65,612.64,612.68,4.17,1788479999999999,2556.21274,58,0.882,540.83453,0
1788480000000000,612.69,613.99,612.16,613.33,7.519,1788483599999999,4608.33154,88,2.798,1715.11303,0
1788483600000000,612.98,613.14,612.2,612.79,3.804,1788487199999999,2330.8534,70,2.923,1791.01273,0
1788487200000000,612.79,614.27,612.79,614.15,14.979,1788490799999999,9193.86237,54,1.803,1105.81712,0
1788490800000000,614.1,614.58,614.06,614.45,1.553,1788494399999999,954.00921,32,1.453,892.57337,0
1788494400000000,614.22,614.72,613.74,613.9,1.954,1788497999999999,1200.20077,34,1.069,656.47204,0
1788498000000000,613.99,613.99,611.23,612.22,14.477,1788501599999999,8873.11349,202,5.605,3432.26798,0
1788501600000000,612.27,612.78,611.68,612.71,32.013,1788505199999999,19605.40605,1050,2.411,1476.32008,0
1788505200000000,612.83,614.02,612.83,614.02,26.277,1788508799999999,16108.84396,148,1.651,1012.52538,0
1788508800000000,613.86,614.39,612.39,612.97,10.217,1788512399999999,6264.9556,79,2.869,1761.65788,0
1788512400000000,612.34,613.62,611.94,612.92,2.36,1788515999999999,1445.91468,48,1.683,1031.11212,0
1788516000000000,612.82,613.26,612.68,613.21,0.35,1788519599999999,214.60303,8,0.214,131.22754,0
1788519600000000,613.15,613.4,612.42,612.92,4.993,1788523199999999,3059.39443,32,1.918,1175.12451,0
1788523200000000,612.66,612.81,607.01,608.03,108.664,1788526799999999,66294.57055,478,98.153,59894.19785,0
1788526800000000,608.55,616.42,604.68,608.14,258.808,1788530399999999,158168.51992,986,22.625,13802.63039,0
1788530400000000,607.93,612.29,607.6,608.3,93.833,1788533999999999,57220.58971,290,6.76,4115.19458,0
1788534000000000,608.98,611.9,608.98,610.74,13.309,1788537599999999,8132.50027,96,10.162,6210.52007,0
1788537600000000,611.23,613.33,610.32,610.32,2.654,1788541199999999,1623.03615,88,1.566,957.79263,0
1788541200000000,609.95,609.95,608.07,608.07,1.576,1788544799999999,959.62122,28,0.541,329.4467,0
1788544800000000,608.81,613.72,608.13,613.72,120.385,1788548399999999,73415.00848,133,0.699,426.56198,0
1788548400000000,614.11,616.42,614.04,616.13,61.204,1788551999999999,37703.29062,93,1.013,624.00012,0
1788552000000000,615.69,615.73,614.2,615.13,7.239,1788555599999999,4452.27633,65,5.782,3556.72909,0
1788555600000000,614.71,614.71,614.26,614.26,2.945,1788559199999999,1810.03917,17,0.047,28.88202,0
1788559200000000,614.26,614.28,613.87,614.21,1.135,1788562799999999,697.06381,18,0.068,41.76324,0
1788562800000000,614.28,614.28,614.21,614.24,0.382,1788566399999999,234.63149,6,0.043,26.41334,0
1788566400000000,614.26,615.09,610.93,611.47,47.558,1788569999999999,29231.21874,138,6.67,4093.91204,0
1788570000000000,611.39,611.62,611.39,611.43,0.177,1788573599999999,108.23633,8,0.098,59.93408,0
1788573600000000,611.53,611.56,611.5,611.5,0.843,1788577199999999,515.50622,60,0.071,43.41962,0
1788577200000000,611.5,611.5,610.24,610.27,3.505,1788580799999999,2140.63515,198,0.0,0.0,0
1788580800000000,610.27,610.68,609.45,609.95,5.908,1788584399999999,3604.6485,240,1.115,680.51623,0
1788584400000000,609.95,611.43,609.93,611.37,4.122,1788587999999999,2515.44886,218,0.79,482.78305,0
1788588000000000,611.38,612.62,610.96,611.72,8.751,1788591599999999,5355.27601,404,3.866,2365.3112,0
1788591600000000,611.73,612.4,611.73,612.11,2.574,1788595199999999,1575.54666,152,0.525,321.42331,0
1788595200000000,612.11,612.14,611.82,611.94,1.649,1788598799999999,1009.28065,134,0.148,90.59252,0
1788598800000000,611.94,612.13,611.54,612.13,1.226,1788602399999999,750.22039,60,0.423,258.85843,0
1788602400000000,612.12,612.58,612.12,612.58,0.906,1788605999999999,554.6764,52,0.883,540.59764,0
1788606000000000,612.58,612.95,612.47,612.58,3.097,1788609599999999,1897.78773,26,0.985,603.41972,0
1788609600000000,612.59,613.78,612.59,613.78,6.549,1788613199999999,4013.12505,48,3.517,2155.10207,0
1788613200000000,613.77,613.77,613.2,613.62,2.998,1788616799999999,1839.10243,24,0.587,360.06127,0
1788616800000000,613.62,613.62,613.04,613.38,1.56,1788620399999999,956.95871,21,0.121,74.22345,0
1788620400000000,613.18,613.9,613.18,613.67,2.487,1788623999999999,1526.11935,37,1.848,1133.99556,0
1788624000000000,613.75,613.75,613.2,613.53,4.724,1788627599999999,2897.92071,31,0.117,71.80593,0
1788627600000000,613.74,614.85,613.56,613.89,20.717,1788631199999999,12730.88412,34,20.624,12673.79731,0
1788631200000000,613.87,614.84,613.87,614.76,12.33,1788634799999999,7577.1946,55,3.307,2032.05388,0
1788634800000000,614.55,614.6,614.42,614.58,2.891,1788638399999999,1776.69468,30,0.473,290.65299,0
1788638400000000,614.58,614.58,614.25,614.26,0.489,1788641999999999,300.4772,8,0.024,14.74392,0
1788642000000000,614.27,614.58,614.27,614.55,0.56,1788645599999999,344.06955,8,0.08,49.1568,0
1788645600000000,614.57,614.79,614.57,614.61,0.916,1788649199999999,562.96741,14,0.782,480.61503,0
1788649200000000,614.57,614.85,614.57,614.72,1.101,1788652799999999,676.82024,15,0.934,574.17548,0
1788652800000000,614.79,614.79,614.57,614.57,0.739,1788656399999999,454.24385,10,0.04,24.58764,0
1788656400000000,614.78,614.78,614.71,614.71,0.465,1788659999999999,285.86414,9,0.074,45.49309,0
1788660000000000,614.75,615.09,614.41,614.6,22.544,1788663599999999,13862.00918,84,18.881,11610.44336,0
1788663600000000,614.59,614.71,614.48,614.6,1.188,1788667199999999,730.12805,18,0.596,366.29475,0
1788667200000000,614.55,614.78,613.93,614.78,2.904,1788670799999999,1784.79671,28,2.186,1343.63052,0
1788670800000000,614.78,614.99,614.24,614.96,6.809,1788674399999999,4185.93249,38,5.975,3673.34299,0
1788674400000000,614.99,615.08,614.68,614.7,7.61,1788677999999999,4680.01709,72,6.325,3889.81265,0
1788678000000000,614.74,614.76,614.06,614.64,1.585,1788681599999999,974.09522,61,0.093,57.16152,0
1788681600000000,614.69,614.99,614.69,614.9,1.915,1788685199999999,1177.49615,39,1.765,1085.26115,0
1788685200000000,614.99,615.72,614.75,614.78,2.14,1788688799999999,1316.15205,42,1.271,781.76813,0
1788688800000000,615.23,615.36,615.07,615.07,0.793,1788692399999999,487.86947,18,0.45,276.89722,0
1788692400000000,615.16,615.35,614.45,614.45,17.429,1788695999999999,10720.2829,95,10.287,6326.24565,0
1788696000000000,614.56,614.86,614.48,614.48,5.699,1788699599999999,3502.50599,16,4.878,2997.97138,0
1788699600000000,614.48,614.52,613.39,613.52,1.069,1788703199999999,656.45724,13,0.199,122.26106,0
1788703200000000,613.38,613.41,613.05,613.28,1.141,1788706799999999,699.74862,15,0.187,114.69003,0
1788706800000000,613.28,614.0,613.27,613.87,0.377,1788710399999999,231.29379,12,0.26,159.52779,0
1788710400000000,614.0,614.12,613.87,614.12,0.387,1788713999999999,237.61015,12,0.347,213.05403,0
1788714000000000,614.14,614.28,614.03,614.28,0.227,1788717599999999,139.43312,4,0.205,125.92446,0
1788717600000000,614.2,614.32,614.08,614.11,0.233,1788721199999999,143.10104,9,0.101,62.03912,0
1788721200000000,614.15,614.15,613.9,613.9,0.244,1788724799999999,149.83887,5,0.032,19.64755,0
1788724800000000,613.97,613.97,613.27,613.8,1.234,1788728399999999,757.03188,17,0.126,77.35256,0
1788728400000000,613.87,613.93,613.27,613.27,4.332,1788731999999999,2657.49449,26,0.422,258.97152,0
1788732000000000,613.32,613.34,613.27,613.28,5.146,1788735599999999,3155.90584,21,0.08,49.0624,0
1788735600000000,613.27,613.27,612.47,612.67,7.781,1788739199999999,4768.29316,37,4.255,2607.11742,0
1788739200000000,612.56,612.63,612.06,612.49,0.936,1788742799999999,573.31372,22,0.209,128.03069,0
1788742800000000,612.49,613.16,611.95,612.8,5.59,1788746399999999,3423.87689,57,3.474,2128.03748,0
1788746400000000,612.86,613.02,612.85,613.02,0.793,1788749999999999,486.05413,10,0.771,472.56879,0
1788750000000000,612.98,612.98,612.69,612.84,7.421,1788753599999999,4546.87442,13,6.892,4222.66938,0
1788753600000000,612.84,613.66,611.54,611.92,82.719,1788757199999999,50677.27398,278,49.422,30284.89996,0
1788757200000000,611.91,611.91,611.11,611.11,9.67,1788760799999999,5910.55495,36,8.149,4980.42433,0
1788760800000000,610.81,612.64,610.81,612.59,4.597,1788764399999999,2811.34741,60,3.897,2382.97106,0
1788764400000000,612.69,613.13,612.27,612.46,4.21,1788767999999999,2579.23444,39,1.451,888.78294,0
1788768000000000,612.59,613.11,612.44,612.65,7.637,1788771599999999,4679.25235,46,2.961,1813.96659,0
1788771600000000,612.52,612.53,612.19,612.2,6.674,1788775199999999,4087.52755,24,1.02,624.4797,0
1788775200000000,611.95,611.96,611.52,611.52,3.985,1788778799999999,2437.82058,14,0.907,554.67042,0
1788778800000000,611.62,611.99,611.61,611.84,14.447,1788782399999999,8839.11027,26,12.724,7785.22064,0
1788782400000000,611.85,611.96,611.44,611.7,20.407,1788785999999999,12484.89662,64,18.831,11521.22639,0
1788786000000000,611.65,611.87,611.43,611.43,5.018,1788789599999999,3069.7815,17,3.738,2286.82275,0
1788789600000000,612.0,612.64,611.55,612.31,5.484,1788793199999999,3356.71373,27,4.568,2796.43931,0
1788793200000000,611.82,611.82,611.13,611.13,3.165,1788796799999999,1935.42538,18,0.503,307.64847,0
1788796800000000,611.33,613.31,611.17,613.18,8.4,1788800399999999,5144.05407,48,8.233,5041.67716,0
1788800400000000,613.27,613.27,613.12,613.13,1.344,1788803999999999,824.12248,19,0.412,252.64288,0
1788804000000000,613.1,613.21,612.39,612.39,3.922,1788807599999999,2404.10421,28,1.858,1138.80517,0
1788807600000000,612.39,613.19,612.38,613.19,2.373,1788811199999999,1454.52857,21,1.847,1132.25732,0
1788811200000000,613.18,613.47,613.18,613.33,1.38,1788814799999999,846.27779,21,1.25,766.54894,0
1788814800000000,613.48,613.55,612.88,613.11,3.882,1788818399999999,2380.78465,27,1.769,1084.6037,0
1788818400000000,613.48,613.51,612.91,612.91,0.641,1788821999999999,393.0789,10,0.416,255.1066,0
1788822000000000,612.91,614.87,612.69,614.01,3.11,1788825599999999,1909.83447,37,2.611,1603.81727,0
1788825600000000,613.97,614.92,611.39,612.34,228.379,1788829199999999,140256.38672,746,17.265,10590.17341,0
1788829200000000,612.73,613.61,611.75,613.6,19.298,1788832799999999,11832.55407,166,10.406,6381.99621,0
1788832800000000,613.64,613.64,612.51,612.51,23.812,1788836399999999,14599.75639,166,2.836,1739.3592,0
1788836400000000,612.72,613.14,612.37,612.79,65.397,1788839999999999,40070.76036,243,6.956,4262.32367,0
1788840000000000,612.78,614.05,612.77,613.73,42.291,1788843599999999,25942.79143,198,12.162,7459.55289,0
1788843600000000,613.81,614.12,612.72,612.73,94.241,1788847199999999,57846.16245,191,6.097,3738.35149,0
1788847200000000,612.53,612.67,611.31,612.24,27.849,1788850799999999,17038.2836,131,1.082,662.34629,0
1788850800000000,612.13,612.38,610.55,610.55,3.777,1788854399999999,2309.35879,45,0.417,255.19933,0
1788854400000000,610.76,610.76,607.65,608.54,15.23,1788857999999999,9271.25179,148,8.195,4989.30929,0
1788858000000000,609.25,610.96,609.25,610.3,32.041,1788861599999999,19546.03562,131,31.383,19144.88371,0
1788861600000000,610.3,611.05,609.99,610.41,46.639,1788865199999999,28454.46188,221,40.139,24486.83865,0
1788865200000000,610.62,614.52,610.62,614.52,16.861,1788868799999999,10326.96558,135,6.401,3919.41186,0
1788868800000000,614.51,615.35,614.12,614.46,33.522,1788872399999999,20612.85738,128,9.443,5806.9799,0
1788872400000000,614.46,622.3,612.9,615.97,358.375,1788875999999999,221454.51209,1918,108.9,67197.52208,0
1788876000000000,616.24,620.21,613.19,613.37,60.561,1788879599999999,37366.99567,644,29.814,18397.8186,0
1788879600000000,613.07,617.87,613.06,615.86,61.528,1788883199999999,37941.03106,246,20.571,12681.35725,0
1788883200000000,615.52,618.85,614.89,616.75,40.697,1788886799999999,25092.10234,136,6.434,3968.67932,0
1788886800000000,616.46,618.32,616.41,617.94,23.619,1788890399999999,14581.98563,80,3.667,2265.0297,0
1788890400000000,616.87,618.96,613.46,617.18,113.456,1788893999999999,69929.34379,508,28.146,17332.17296,0
1788894000000000,617.52,623.91,609.12,612.64,257.671,1788897599999999,159042.35394,1718,70.123,43169.00996,0
1788897600000000,613.35,613.73,611.53,612.88,8.361,1788901199999999,5117.73292,94,4.737,2899.21359,0
1788901200000000,613.05,614.54,613.05,613.62,18.612,1788904799999999,11429.31052,116,6.892,4231.82138,0
1788904800000000,613.54,614.07,613.31,614.07,6.031,1788908399999999,3701.35784,43,1.355,831.51375,0
1788908400000000,614.07,614.65,613.85,614.05,17.776,1788911999999999,10915.86235,80,4.419,2713.47613,0
1788912000000000,614.06,615.03,613.77,614.94,11.121,1788915599999999,6829.75565,111,6.036,3706.47138,0
1788915600000000,615.05,616.4,614.98,616.4,5.864,1788919199999999,3611.14205,74,2.778,1709.68188,0
1788919200000000,616.27,617.19,616.27,616.83,6.362,1788922799999999,3924.00618,77,2.736,1687.56548,0
1788922800000000,616.84,617.1,616.53,617.09,16.362,1788926399999999,10092.56218,44,0.856,527.99094,0
1788926400000000,617.09,617.56,616.73,617.56,2.419,1788929999999999,1492.93325,46,1.296,799.86072,0
1788930000000000,617.7,618.37,617.16,618.16,22.73,1788933599999999,14041.75987,89,7.072,4371.1656,0
1788933600000000,618.3,618.44,617.19,617.21,23.485,1788937199999999,14513.38806,118,11.125,6874.96975,0
1788937200000000,617.21,617.88,616.97,617.69,5.533,1788940799999999,3416.09933,66,3.111,1921.14696,0
1788940800000000,617.17,623.91,616.87,623.02,42.696,1788944399999999,26439.86084,369,27.082,16772.8831,0
1788944400000000,623.02,624.71,620.35,622.36,33.641,1788947999999999,20931.73102,441,15.931,9915.02372,0
1788948000000000,623.22,641.33,623.22,633.52,204.919,1788951599999999,129819.69789,3094,112.218,71100.82216,0
1788951600000000,633.11,647.4,632.24,644.76,172.887,1788955199999999,110970.77098,3277,127.649,81909.08277,0
1788955200000000,645.15,645.73,640.57,644.3,119.805,1788958799999999,77059.29773,2535,73.378,47203.05618,0
1788958800000000,643.44,650.45,638.65,645.08,258.991,1788962399999999,167290.22008,2733,107.062,69156.74017,0
1788962400000000,644.98,655.45,640.14,653.72,270.767,1788965999999999,174922.09857,1512,92.141,59525.35162,0
1788966000000000,653.85,656.94,648.89,650.82,148.383,1788969599999999,96917.17823,1245,74.457,48600.97192,0
1788969600000000,650.9,653.76,649.19,649.88,79.404,1788973199999999,51678.62286,648,12.796,8339.20627,0
1788973200000000,650.5,654.84,649.33,651.93,101.481,1788976799999999,66161.46732,633,45.848,29891.07754,0
1788976800000000,651.92,654.35,649.81,652.98,21.771,1788980399999999,14188.19076,306,9.638,6278.64139,0
1788980400000000,652.98,656.04,651.66,652.96,174.452,1788983999999999,114123.37829,525,37.237,24345.25636,0
1788984000000000,652.65,652.65,650.23,651.23,21.945,1788987599999999,14298.24724,175,5.888,3836.46848,0
1788987600000000,651.08,652.01,647.27,649.5,21.622,1788991199999999,14042.12409,191,9.493,6168.42162,0
1788991200000000,649.49,649.72,648.25,648.25,51.488,1788994799999999,33428.31661,287,9.798,6359.51224,0
1788994800000000,648.57,649.49,647.4,649.49,30.653,1788998399999999,19881.541,236,9.81,6362.61612,0
1788998400000000,649.5,649.71,646.87,646.93,62.687,1789001999999999,40676.98536,240,4.73,3065.49077,0
1789002000000000,646.94,647.65,645.86,646.63,29.246,1789005599999999,18924.53393,206,5.715,3698.44298,0
1789005600000000,646.72,648.41,646.46,648.41,6.772,1789009199999999,4380.82398,69,5.603,3624.17639,0
1789009200000000,648.41,648.51,647.67,647.95,0.707,1789012799999999,458.26102,29,0.207,134.16622,0
1789012800000000,647.77,648.78,647.73,648.7,8.544,1789016399999999,5536.61563,87,2.937,1904.36444,0
1789016400000000,648.74,649.68,648.74,649.42,16.059,1789019999999999,10428.60271,129,11.149,7240.18109,0
1789020000000000,649.42,650.58,649.42,650.19,35.326,1789023599999999,22956.71347,269,25.104,16314.25419,0
1789023600000000,650.19,656.92,649.04,656.57,78.22,1789027199999999,51129.37764,670,25.019,16336.50835,0
1789027200000000,656.64,661.0,655.3,657.33,41.964,1789030799999999,27569.96442,309,9.804,6453.66947,0
1789030800000000,657.33,660.37,656.45,658.67,32.682,1789034399999999,21530.71075,259,18.342,12094.02281,0
1789034400000000,658.49,663.51,658.44,661.25,40.269,1789037999999999,26619.91406,471,24.727,16339.81893,0
1789038000000000,661.25,664.9,657.53,658.01,37.432,1789041599999999,24776.45145,413,24.285,16082.98481,0
1789041600000000,657.53,657.63,648.82,650.01,58.33,1789045199999999,38087.67534,598,27.159,17756.90676,0
1789045200000000,650.11,662.0,643.07,643.53,958.617,1789048799999999,629803.42005,3420,647.313,425775.97249,0
1789048800000000,645.22,658.05,643.8,657.29,76.898,1789052399999999,50277.59765,435,28.875,18896.70085,0
1789052400000000,657.36,658.03,650.37,652.44,79.7,1789055999999999,52168.29974,238,6.657,4346.54686,0
1789056000000000,651.95,652.95,648.7,651.71,83.401,1789059599999999,54283.97304,501,72.355,47105.5969,0
1789059600000000,651.52,652.28,647.45,647.45,27.409,1789063199999999,17778.18881,94,5.161,3347.29372,0
1789063200000000,648.5,648.5,645.51,645.53,15.714,1789066799999999,10185.58125,80,13.801,8947.32559,0
1789066800000000,644.54,645.42,641.97,643.88,21.928,1789070399999999,14114.2029,107,13.617,8766.43244,0
1789070400000000,643.91,644.43,643.38,643.86,22.625,1789073999999999,14572.63432,151,2.904,1869.47766,0
1789074000000000,643.86,643.86,641.84,641.84,3.043,1789077599999999,1955.24026,38,1.152,740.45245,0
1789077600000000,642.16,642.42,641.13,641.13,0.96,1789081199999999,616.03038,29,0.294,188.80117,0
1789081200000000,641.48,641.73,640.73,640.98,0.237,1789084799999999,151.95345,15,0.109,69.91466,0
1789084800000000,640.97,641.74,640.67,641.7,13.742,1789088399999999,8808.74126,72,1.592,1021.03182,0
1789088400000000,641.74,642.55,641.74,642.34,1.895,1789091999999999,1216.70817,32,0.979,628.7323,0
1789092000000000,642.31,642.51,641.62,642.06,1.915,1789095599999999,1229.82998,41,1.067,685.30826,0
1789095600000000,642.06,642.06,640.98,641.03,1.529,1789099199999999,981.04101,20,0.366,234.82644,0
1789099200000000,640.93,642.37,640.65,642.13,4.713,1789102799999999,3023.81253,43,3.753,2407.66543,0
1789102800000000,642.37,644.0,641.89,643.65,17.79,1789106399999999,11439.9748,73,0.419,269.58313,0
1789106400000000,643.53,644.77,643.51,644.77,2.142,1789109999999999,1380.46799,27,1.886,1215.63689,0
1789110000000000,645.51,646.57,644.32,644.32,2.957,1789113599999999,1908.60196,49,1.192,769.68641,0
1789113600000000,644.4,648.94,644.39,648.55,10.212,1789117199999999,6610.47801,149,8.47,5485.67428,0
1789117200000000,647.94,648.05,647.14,648.05,3.463,1789120799999999,2242.18389,56,3.394,2197.52565,0
1789120800000000,648.04,648.49,647.47,647.63,1.877,1789124399999999,1216.19054,7,0.932,604.25159,0
1789124400000000,649.02,651.9,649.02,650.81,6.177,1789127999999999,4016.84221,39,5.264,3422.71335,0
1789128000000000,650.56,658.48,649.16,658.31,25.064,1789131599999999,16330.9959,241,19.92,12980.84965,0
1789131600000000,658.67,663.43,648.76,655.03,103.419,1789135199999999,67882.72433,583,22.267,14602.48497,0
1789135200000000,654.49,655.87,650.61,651.82,52.622,1789138799999999,34359.32632,377,37.559,24528.18176,0
1789138800000000,648.79,653.88,648.76,651.36,16.447,1789142399999999,10695.87273,85,12.939,8412.87001,0
1789142400000000,651.65,652.3,646.94,647.19,20.614,1789145999999999,13385.21109,163,11.97,7771.82567,0
1789146000000000,647.39,649.94,647.39,649.03,0.858,1789149599999999,556.77741,28,0.329,213.54499,0
1789149600000000,649.02,649.86,647.79,649.53,8.668,1789153199999999,5622.71825,45,0.707,458.45408,0
1789153200000000,649.94,650.46,645.79,647.33,30.88,1789156799999999,20020.0738,149,11.503,7444.07014,0
1789156800000000,647.17,647.17,646.46,646.67,4.188,1789160399999999,2709.21616,70,2.386,1543.63563,0
1789160400000000,646.96,647.21,646.96,647.1,1.41,1789163999999999,912.34685,35,1.092,706.58134,0
1789164000000000,647.02,647.02,646.84,646.9,1.267,1789167599999999,819.58248,35,0.0,0.0,0
1789167600000000,646.98,647.11,646.64,647.08,0.847,1789171199999999,547.91407,26,0.599,387.50673,0
1789171200000000,647.06,647.12,646.39,646.79,16.447,1789174799999999,10636.8323,128,3.17,2050.35914,0
1789174800000000,646.97,646.97,646.68,646.68,1.054,1789178399999999,681.81218,26,0.73,472.25507,0
1789178400000000,646.62,647.3,646.62,647.3,2.379,1789181999999999,1539.14359,49,2.233,1444.72759,0
1789182000000000,647.3,647.38,646.95,647.38,9.672,1789185599999999,6260.39475,204,8.059,5216.6318,0
1789185600000000,647.37,647.72,647.14,647.54,4.576,1789189199999999,2962.61155,149,3.266,2114.46082,0
1789189200000000,647.48,647.77,647.48,647.73,12.667,1789192799999999,8204.85785,177,0.525,339.95306,0
1789192800000000,647.73,647.74,647.05,647.05,3.481,1789196399999999,2253.76714,124,0.074,47.92428,0
1789196400000000,647.04,647.26,646.96,647.1,3.732,1789199999999999,2415.11612,37,1.024,662.63116,0
1789200000000000,647.1,647.3,646.67,647.29,11.597,1789203599999999,7504.04323,93,8.946,5789.07344,0
1789203600000000,647.36,647.6,647.17,647.42,7.285,1789207199999999,4716.58254,94,0.63,407.85938,0
1789207200000000,647.45,648.54,647.44,647.93,9.742,1789210799999999,6312.36964,101,1.285,832.68778,0
1789210800000000,647.93,648.3,647.93,648.1,10.09,1789214399999999,6540.99079,104,2.294,1487.06996,0
1789214400000000,648.1,648.3,647.74,648.3,2.46,1789217999999999,1594.09011,66,1.223,792.58906,0
1789218000000000,648.2,648.73,648.19,648.52,2.526,1789221599999999,1637.58005,54,0.52,337.15963,0
1789221600000000,648.67,648.94,648.67,648.93,1.317,1789225199999999,854.6119,14,0.899,583.37644,0
1789225200000000,648.93,649.32,648.37,648.56,6.879,1789228799999999,4465.30055,77,0.277,179.73466,0
1789228800000000,648.69,649.32,648.69,649.32,1.024,1789232399999999,664.54583,20,0.947,614.58746,0
1789232400000000,649.27,649.27,648.93,649.0,0.718,1789235999999999,466.07626,15,0.202,131.098,0
1789236000000000,648.93,649.25,648.73,649.25,2.25,1789239599999999,1459.897,81,0.588,381.58596,0
1789239600000000,649.27,649.32,648.71,648.77,1.557,1789243199999999,1010.66075,69,0.36,233.74731,0
1789243200000000,648.77,648.95,648.42,648.7,1.012,1789246799999999,656.57989,70,0.308,199.8766,0
1789246800000000,648.7,648.96,648.31,648.51,8.758,1789250399999999,5680.38556,185,0.81,525.45572,0
1789250400000000,648.52,648.62,648.2,648.24,1.818,1789253999999999,1178.86958,115,0.151,97.92382,0
1789254000000000,648.24,648.57,648.23,648.57,0.984,1789257599999999,638.0927,96,0.253,164.07884,0
1789257600000000,648.58,648.78,648.42,648.65,7.212,1789261199999999,4677.76396,125,0.526,341.19448,0
1789261200000000,648.65,649.16,648.43,648.88,1.502,1789264799999999,974.62992,75,0.737,478.21995,0
1789264800000000,648.88,648.88,647.95,648.22,3.43,1789268399999999,2223.5798,23,0.034,22.04271,0
1789268400000000,648.22,648.38,648.1,648.11,1.327,1789271999999999,860.22145,18,1.297,840.77665,0
1789272000000000,648.07,648.07,647.31,647.53,0.483,1789275599999999,312.85392,20,0.081,52.46242,0
1789275600000000,647.5,647.97,647.5,647.88,0.772,1789279199999999,499.97177,14,0.663,429.36911,0
1789279200000000,647.96,647.96,647.46,647.46,0.4,1789282799999999,259.03385,9,0.027,17.49492,0
1789282800000000,647.26,647.26,646.45,646.45,1.013,1789286399999999,655.11674,17,0.027,17.47152,0
1789286400000000,646.27,646.27,645.17,645.17,0.953,1789289999999999,615.25451,5,0.836,539.7216,0
1789290000000000,645.36,645.36,643.01,643.2,6.124,1789293599999999,3945.69303,56,3.363,2166.06904,0
1789293600000000,643.08,643.08,642.27,642.27,0.497,1789297199999999,319.50841,6,0.025,16.06725,0
1789297200000000,641.9,642.7,641.47,642.7,20.832,1789300799999999,13366.76473,62,0.312,200.40071,0
1789300800000000,642.67,642.86,641.06,641.42,5.334,1789304399999999,3424.54893,28,0.685,439.43535,0
1789304400000000,641.26,642.09,641.26,641.36,1.203,1789307999999999,771.97224,11,0.026,16.69434,0
1789308000000000,641.58,642.7,641.58,642.7,9.76,1789311599999999,6268.25031,43,7.262,4663.72293,0
1789311600000000,642.51,642.7,642.16,642.5,0.452,1789315199999999,290.38596,11,0.016,10.2832,0
1789315200000000,642.67,643.31,642.2,642.67,2.635,1789318799999999,1693.42809,25,0.654,420.33831,0
1789318800000000,642.67,643.05,642.56,642.8,2.032,1789322399999999,1306.01168,34,1.604,1030.94564,0
1789322400000000,642.69,643.03,642.52,643.03,0.49,1789325999999999,314.91009,9,0.151,97.07346,0
1789326000000000,642.85,642.85,642.2,642.2,1.822,1789329599999999,1171.1527,63,0.0,0.0,0
1789329600000000,642.24,643.03,642.24,643.03,1.11,1789333199999999,713.32775,9,0.802,515.51783,0
1789333200000000,642.89,644.95,642.75,644.73,8.4,1789336799999999,5412.63773,68,5.621,3622.1582,0
1789336800000000,643.64,644.99,641.9,642.74,3.93,1789340399999999,2526.93135,55,3.872,2489.69836,0
1789340400000000,642.8,643.36,640.41,640.53,2.605,1789343999999999,1673.67798,35,1.863,1197.55671,0
1789344000000000,641.83,645.77,637.62,639.35,288.942,1789347599999999,184968.85061,1512,37.061,23756.89003,0
1789347600000000,639.13,641.48,638.48,641.45,94.905,1789351199999999,60725.56395,1042,30.587,19555.50397,0
1789351200000000,641.45,641.91,640.82,641.18,118.265,1789354799999999,75857.83044,2770,10.495,6731.20404,0
1789354800000000,641.03,641.14,640.0,640.98,56.79,1789358399999999,36388.94531,729,13.07,8371.93467,0
1789358400000000,640.9,641.52,640.22,640.3,136.867,1789361999999999,87741.1638,2345,6.863,4399.06357,0
1789362000000000,640.22,641.01,639.67,640.15,64.718,1789365599999999,41443.45229,1298,12.169,7789.92282,0
1789365600000000,640.38,641.22,639.32,639.37,71.537,1789369199999999,45844.79449,1007,6.917,4427.14955,0
1789369200000000,639.32,639.32,636.54,636.9,155.046,1789372799999999,98852.54428,2186,9.84,6280.25925,0
1789372800000000,636.95,640.83,636.46,638.99,51.687,1789376399999999,33035.75389,1052,17.735,11337.41594,0
1789376400000000,638.94,640.05,638.39,639.4,15.137,1789379999999999,9671.66354,142,4.228,2701.72193,0
1789380000000000,639.91,651.8,639.91,649.84,87.314,1789383599999999,56538.67054,1015,42.455,27498.16319,0
1789383600000000,650.21,664.9,650.15,661.71,186.736,1789387199999999,123196.89218,2162,19.338,12756.34174,0
1789387200000000,661.56,662.48,655.54,655.78,135.056,1789390799999999,89117.30504,1620,16.338,10782.4848,0
1789390800000000,656.01,663.25,649.5,661.57,200.389,1789394399999999,131660.14132,1948,74.197,48748.27727,0
1789394400000000,661.46,662.12,650.55,653.87,158.775,1789397999999999,104049.57308,2297,41.361,27042.62585,0
1789398000000000,654.49,661.21,652.21,660.11,259.625,1789401599999999,171004.56867,5959,27.158,17865.70512,0
1789401600000000,660.06,663.24,657.8,663.12,483.104,1789405199999999,319503.12203,10904,36.867,24368.19865,0
1789405200000000,663.12,666.09,662.63,664.99,575.337,1789408799999999,382203.35543,10968,58.584,38937.11586,0
1789408800000000,664.99,668.2,664.7,664.99,254.762,1789412399999999,169869.72805,3893,49.478,32982.13329,0
1789412400000000,665.17,668.17,664.12,666.16,416.384,1789415999999999,277450.13146,3192,79.145,52694.26548,0
1789416000000000,665.09,665.3,663.84,664.0,1.357,1789419599999999,901.12549,16,0.263,174.71527,0
1789419600000000,663.89,664.89,663.77,664.03,33.629,1789423199999999,22332.20015,95,11.298,7503.79533,0
1789423200000000,664.2,664.26,663.99,663.99,16.474,1789426799999999,10939.23227,61,1.014,673.41608,0
1789426800000000,663.87,664.91,663.84,664.28,78.106,1789430399999999,51907.0362,123,19.494,12944.96513,0
1789430400000000,664.38,664.38,663.51,663.89,22.329,1789433999999999,14823.68994,212,8.054,5346.79485,0
1789434000000000,663.57,664.03,662.97,663.28,21.056,1789437599999999,13969.29259,171,4.788,3176.14189,0
1789437600000000,663.15,663.48,662.61,662.61,41.027,1789441199999999,27204.96098,169,6.27,4157.09079,0
1789441200000000,662.68,663.16,662.56,662.62,8.636,1789444799999999,5723.54766,160,4.091,2711.27753,0
1789444800000000,662.57,662.8,661.01,661.41,69.007,1789448399999999,45652.49181,275,7.327,4851.32452,0
1789448400000000,661.51,662.84,660.72,662.4,41.416,1789451999999999,27387.41306,260,14.638,9678.97728,0
1789452000000000,662.39,662.69,661.23,661.28,52.16,1789455599999999,34524.35764,129,3.281,2172.63218,0
1789455600000000,661.04,661.31,659.29,659.41,8.399,1789459199999999,5543.12367,76,4.333,2859.36166,0
1789459200000000,659.32,659.66,658.43,659.61,14.795,1789462799999999,9751.09184,103,11.602,7646.065,0
1789462800000000,659.53,660.37,658.77,660.36,8.509,1789466399999999,5616.2114,80,6.751,4456.96858,0
1789466400000000,660.46,661.59,660.26,661.59,0.554,1789469999999999,366.08862,10,0.365,241.26867,0
1789470000000000,663.32,663.32,661.52,661.84,20.096,1789473599999999,13316.79125,60,18.321,12141.14592,0
1789473600000000,661.5,664.57,661.41,663.75,27.543,1789477199999999,18283.8482,72,5.462,3621.48844,0
1789477200000000,663.46,674.88,657.39,671.84,101.317,1789480799999999,67197.45124,438,49.58,32951.07028,0
1789480800000000,672.16,678.26,664.09,665.64,77.096,1789484399999999,51711.57193,333,61.795,41440.58129,0
1789484400000000,666.05,673.49,665.91,667.61,55.305,1789487999999999,36928.79479,246,25.235,16846.03882,0
1789488000000000,668.87,669.05,664.96,665.61,29.845,1789491599999999,19902.21063,163,11.119,7410.77129,0
1789491600000000,665.57,667.85,664.75,667.01,35.167,1789495199999999,23421.11251,133,12.191,8116.58129,0
1789495200000000,666.88,671.39,666.88,671.39,182.988,1789498799999999,122535.61939,494,32.099,21489.52106,0
1789498800000000,671.34,672.4,668.86,670.33,164.971,1789502399999999,110694.05321,718,35.008,23497.25867,0
1789502400000000,670.59,671.04,670.04,670.51,18.186,1789505999999999,12193.66875,286,0.205,137.51363,0
1789506000000000,670.51,670.52,668.29,668.59,7.219,1789509599999999,4830.72648,278,0.088,58.8785,0
1789509600000000,668.59,669.4,668.36,668.84,6.838,1789513199999999,4574.72675,204,2.138,1430.61825,0
1789513200000000,668.9,668.9,668.22,668.46,21.345,1789516799999999,14270.22277,233,16.676,11148.45366,0
1789516800000000,668.46,669.45,668.41,668.81,8.926,1789520399999999,5968.47944,277,1.292,864.2143,0
1789520400000000,668.8,669.58,668.74,668.8,5.244,1789523999999999,3509.95019,246,2.16,1446.06216,0
1789524000000000,668.74,670.54,668.64,670.44,2.817,1789527599999999,1886.48529,159,1.326,888.35553,0
1789527600000000,670.44,671.83,670.38,671.53,3.265,1789531199999999,2191.89488,185,1.601,1074.84632,0
1789531200000000,671.54,671.7,669.98,669.98,23.214,1789534799999999,15566.60776,303,1.928,1292.12464,0
1789534800000000,669.98,671.43,669.87,671.35,11.414,1789538399999999,7654.03535,309,7.126,4778.41258,0
1789538400000000,671.35,673.36,671.35,673.24,20.12,1789541999999999,13539.60302,334,1.748,1175.56541,0
1789542000000000,673.18,674.44,672.63,672.83,35.698,1789545599999999,24041.95187,374,8.772,5910.68701,0
1789545600000000,672.59,673.08,669.82,670.99,15.886,1789549199999999,10667.72854,355,6.303,4229.82635,0
1789549200000000,671.03,671.03,669.46,669.52,1.487,1789552799999999,996.6107,125,0.029,19.44418,0
1789552800000000,669.64,670.12,669.04,669.75,5.794,1789556399999999,3879.43669,39,4.371,2926.68169,0
1789556400000000,670.24,676.33,667.72,676.0,99.197,1789559999999999,66536.05742,526,50.934,34121.41916,0
1789560000000000,676.11,676.98,675.2,676.3,51.761,1789563599999999,34997.55482,279,21.465,14507.61814,0
1789563600000000,675.84,684.88,674.66,681.27,113.919,1789567199999999,77412.8167,739,55.025,37446.45612,0
1789567200000000,680.11,680.97,677.88,679.32,31.78,1789570799999999,21606.35519,162,4.024,2734.43723,0
1789570800000000,679.95,679.95,675.83,677.23,50.633,1789574399999999,34348.7056,222,7.368,4995.60312,0
1789574400000000,677.52,677.63,675.52,676.73,31.336,1789577999999999,21211.96784,173,14.451,9784.81571,0
1789578000000000,676.78,677.34,673.91,676.12,44.091,1789581599999999,29810.72718,197,8.851,5982.60879,0
1789581600000000,676.25,684.57,676.04,678.42,111.601,1789585199999999,76062.17177,552,30.176,20567.56682,0
1789585200000000,679.37,680.41,672.21,673.98,100.683,1789588799999999,68014.84383,360,11.385,7688.49855,0
1789588800000000,674.36,674.89,673.57,674.68,5.39,1789592399999999,3634.55649,58,4.803,3238.68048,0
1789592400000000,674.39,674.68,674.35,674.57,14.817,1789595999999999,9993.63087,66,1.712,1154.8608,0
1789596000000000,674.58,676.4,673.2,676.4,4.671,1789599599999999,3149.17747,37,2.046,1381.04055,0
1789599600000000,676.4,678.78,676.4,678.46,5.109,1789603199999999,3464.41245,32,2.643,1791.4043,0
1789603200000000,678.54,680.06,678.54,679.38,10.6,1789606799999999,7200.2703,71,8.439,5732.0995,0
1789606800000000,679.18,679.73,679.18,679.41,10.601,1789610399999999,7204.89217,25,0.081,55.02199,0
1789610400000000,678.92,679.3,678.78,678.92,0.449,1789613999999999,304.93158,17,0.337,228.88896,0
1789614000000000,678.98,679.52,678.98,679.52,2.054,1789617599999999,1395.70062,7,0.033,22.41232,0
1789617600000000,679.73,680.33,679.73,680.19,7.564,1789621199999999,5143.65465,26,7.479,5085.8591,0
1789621200000000,680.33,680.4,679.15,679.2,7.196,1789624799999999,4894.4613,79,6.103,4151.30185,0
1789624800000000,679.1,681.73,679.1,681.73,1.823,1789628399999999,1240.71159,71,0.52,353.60419,0
1789628400000000,681.73,682.84,681.68,682.19,7.278,1789631999999999,4968.35801,98,6.366,4346.14431,0
1789632000000000,682.37,682.61,680.79,682.23,18.714,1789635599999999,12754.85589,151,9.879,6734.18648,0
1789635600000000,681.97,682.34,681.05,681.4,5.144,1789639199999999,3506.83342,55,4.307,2936.28907,0
1789639200000000,681.2,681.59,680.47,680.86,13.872,1789642799999999,9450.62433,114,3.416,2327.81338,0
1789642800000000,680.83,680.83,679.17,680.4,2.913,1789646399999999,1981.40963,80,1.623,1103.92022,0
1789646400000000,680.35,682.3,680.04,681.66,5.671,1789649999999999,3864.56596,106,1.158,789.05063,0
1789650000000000,681.66,682.57,667.93,670.91,43.563,1789653599999999,29510.56338,583,21.241,14429.60107,0
1789653600000000,670.51,675.45,669.78,673.58,23.91,1789657199999999,16106.13159,376,12.043,8116.63143,0
1789657200000000,673.31,679.36,672.31,679.04,8.611,1789660799999999,5834.51537,176,4.082,2765.74858,0
1789660800000000,678.92,679.28,677.47,677.47,13.081,1789664399999999,8880.47786,127,0.834,565.86801,0
1789664400000000,678.24,678.84,677.27,677.49,6.033,1789667999999999,4091.18158,64,1.287,872.75396,0
1789668000000000,677.75,678.19,676.31,676.56,6.804,1789671599999999,4608.42657,58,3.6,2439.64006,0
1789671600000000,676.56,683.14,676.55,682.9,19.835,1789675199999999,13514.4816,162,12.165,8288.63912,0
1789675200000000,682.78,682.8,680.78,680.78,1.901,1789678799999999,1295.41221,30,0.075,51.15937,0
1789678800000000,680.98,681.58,680.98,681.2,2.626,1789682399999999,1789.17437,42,1.948,1327.23251,0
1789682400000000,681.06,681.11,680.23,680.49,1.687,1789685999999999,1148.13465,16,0.478,325.33475,0
1789686000000000,680.73,681.48,680.73,681.48,2.984,1789689599999999,2032.13624,16,2.961,2016.46762,0
1789689600000000,681.39,682.43,681.29,682.31,2.87,1789693199999999,1955.95154,37,1.319,898.97701,0
1789693200000000,681.96,682.51,681.75,682.51,0.329,1789696799999999,224.42202,20,0.121,82.55453,0
1789696800000000,682.58,682.82,682.33,682.63,0.722,1789700399999999,492.79263,17,0.286,195.25733,0
1789700400000000,682.69,684.06,682.69,683.57,6.528,1789703999999999,4461.98219,57,0.647,442.26761,0
1789704000000000,683.68,684.53,683.19,683.83,25.158,1789707599999999,17217.07936,102,22.266,15239.36473,0
1789707600000000,684.79,685.85,684.78,685.32,4.588,1789711199999999,3143.85863,57,2.781,1905.24148,0
1789711200000000,685.33,686.81,685.33,686.81,2.703,1789714799999999,1854.1896,22,2.686,1842.52947,0
1789714800000000,686.97,687.47,686.54,686.9,6.247,1789718399999999,4292.02443,56,0.452,310.51233,0
1789718400000000,686.49,686.68,684.74,685.87,15.467,1789721999999999,10607.67407,153,9.572,6565.53784,0
1789722000000000,685.58,685.99,684.32,684.37,14.299,1789725599999999,9796.39659,77,8.047,5513.74734,0
1789725600000000,684.47,686.2,684.47,685.26,11.762,1789729199999999,8058.30359,70,6.106,4183.22295,0
1789729200000000,685.27,694.28,684.01,692.48,32.211,1789732799999999,22163.35672,246,16.039,11031.17799,0
1789732800000000,692.69,692.78,689.24,691.33,68.137,1789736399999999,47089.97694,267,33.988,23484.32946,0
1789736400000000,691.23,691.23,669.04,674.67,81.243,1789739999999999,55510.66661,666,28.23,19285.40058,0
1789740000000000,673.96,679.55,670.37,679.53,56.221,1789743599999999,37943.38673,381,18.002,12142.50495,0
1789743600000000,679.86,681.37,671.5,671.61,61.261,1789747199999999,41500.8483,280,22.163,15040.17385,0
1789747200000000,671.83,672.13,669.55,669.55,56.057,1789750799999999,37579.8,278,5.469,3666.88293,0
1789750800000000,669.51,672.12,669.1,670.58,37.72,1789754399999999,25303.79504,164,4.236,2841.32528,0
1789754400000000,670.57,673.94,670.27,672.52,36.396,1789757999999999,24456.98202,189,5.686,3820.36429,0
1789758000000000,672.52,672.64,660.97,665.58,123.306,1789761599999999,82403.05819,571,18.371,12245.45533,0
1789761600000000,665.58,668.83,665.58,668.38,4.704,1789765199999999,3139.1535,105,2.953,1970.31708,0
1789765200000000,668.23,668.39,667.73,668.39,1.694,1789768799999999,1131.34553,15,0.083,55.46974,0
1789768800000000,668.39,668.65,668.04,668.13,9.758,1789772399999999,6523.57205,40,2.464,1647.14486,0
1789772400000000,668.22,668.55,668.22,668.55,1.548,1789775999999999,1034.75732,15,0.406,271.37756,0
1789776000000000,668.55,669.69,668.54,669.64,3.324,1789779599999999,2223.46606,50,2.794,1869.06343,0
1789779600000000,669.46,669.63,669.19,669.42,5.711,1789783199999999,3823.03693,34,3.755,2514.00245,0
1789783200000000,669.72,669.75,669.69,669.69,0.158,1789786799999999,105.81574,7,0.092,61.6137,0
1789786800000000,669.74,669.95,669.46,669.84,0.864,1789790399999999,578.61724,15,0.611,409.24232,0
1789790400000000,669.86,670.24,669.75,669.91,2.954,1789793999999999,1978.86586,32,0.982,657.80772,0
1789794000000000,669.98,670.15,669.9,670.0,3.48,1789797599999999,2331.92648,23,2.432,1629.71556,0
1789797600000000,670.0,670.0,669.33,669.39,0.371,1789801199999999,248.5152,9,0.088,58.95958,0
1789801200000000,669.58,670.88,669.49,670.48,4.728,1789804799999999,3167.00712,39,1.707,1143.70468,0
1789804800000000,670.39,670.48,670.03,670.03,2.123,1789808399999999,1423.13061,27,0.518,347.26648,0
1789808400000000,670.3,670.63,669.93,670.11,5.17,1789811999999999,3466.02729,29,4.527,3035.07009,0
1789812000000000,670.28,670.53,670.28,670.42,0.132,1789815599999999,88.50299,5,0.116,77.77851,0
1789815600000000,669.74,669.76,669.49,669.67,0.266,1789819199999999,178.14097,8,0.214,143.32629,0
1789819200000000,669.44,669.7,669.44,669.7,0.828,1789822799999999,554.50744,11,0.812,543.7964,0
1789822800000000,669.7,669.94,669.7,669.92,0.523,1789826399999999,350.32167,23,0.422,282.65942,0
1789826400000000,669.92,669.92,669.79,669.79,0.25,1789829999999999,167.4778,6,0.02,13.3962,0
1789830000000000,669.92,670.11,669.91,670.11,1.057,1789833599999999,708.19613,19,1.039,696.13775,0
1789833600000000,670.1,670.1,669.71,670.08,0.692,1789837199999999,463.57004,13,0.043,28.81203,0
1789837200000000,670.09,671.28,669.99,670.81,10.665,1789840799999999,7152.74105,56,9.471,6352.46266,0
1789840800000000,670.8,670.81,670.61,670.61,1.182,1789844399999999,792.81495,18,0.247,165.68722,0
1789844400000000,670.65,671.44,670.41,670.89,7.225,1789847999999999,4845.79326,49,5.656,3793.03112,0
1789848000000000,670.84,671.15,670.66,670.87,1.958,1789851599999999,1313.61719,32,0.724,485.75082,0
1789851600000000,670.77,670.77,670.55,670.75,0.601,1789855199999999,403.06478,11,0.026,17.43822,0
1789855200000000,670.74,671.44,670.28,671.44,4.092,1789858799999999,2745.55286,33,2.796,1876.30297,0
1789858800000000,670.94,670.94,670.7,670.88,0.407,1789862399999999,273.03436,7,0.029,19.45612,0
1789862400000000,670.86,670.94,670.65,670.93,0.998,1789865999999999,669.52743,15,0.568,381.06845,0
1789866000000000,670.93,671.09,670.04,670.04,1.888,1789869599999999,1266.08397,26,0.401,269.05545,0
1789869600000000,670.32,671.61,670.07,670.18,10.838,1789873199999999,7269.70023,49,9.692,6501.5591,0
1789873200000000,669.46,669.6,668.97,669.04,1.497,1789876799999999,1002.16697,17,0.42,281.11076,0
1789876800000000,668.72,668.72,668.51,668.59,0.155,1789880399999999,103.62589,4,0.045,30.08685,0
1789880400000000,668.5,668.58,668.31,668.58,0.465,1789883999999999,310.81861,7,0.015,10.0287,0
1789884000000000,668.4,669.09,668.38,668.55,1.246,1789887599999999,833.20831,20,1.203,804.46291,0
1789887600000000,668.29,668.4,667.84,667.85,5.155,1789891199999999,3443.3878,25,0.285,190.35229,0
1789891200000000,668.02,668.22,667.73,667.73,2.473,1789894799999999,1651.8209,25,0.718,479.62165,0
1789894800000000,667.88,668.22,667.88,667.95,1.122,1789898399999999,749.52144,8,1.099,734.15859,0
1789898400000000,667.89,667.89,667.6,667.64,0.448,1789901999999999,299.18142,7,0.015,10.0146,0
1789902000000000,667.88,668.77,667.88,668.57,0.971,1789905599999999,648.7772,12,0.879,587.2894,0
1789905600000000,669.59,670.93,669.59,670.89,7.663,1789909199999999,5136.60728,23,6.98,4678.44996,0
1789909200000000,670.99,670.99,670.15,670.72,1.887,1789912799999999,1265.36325,17,1.641,1100.46175,0
1789912800000000,671.53,671.53,670.18,670.25,2.851,1789916399999999,1911.92076,30,0.364,244.15148,0
1789916400000000,670.51,671.26,670.13,670.19,7.048,1789919999999999,4726.44286,53,2.79,1871.39327,0
1789920000000000,670.2,671.26,670.19,671.26,17.984,1789923599999999,12068.65947,122,8.865,5949.21205,0
1789923600000000,671.26,671.26,670.61,670.9,15.399,1789927199999999,10332.20333,99,1.279,858.23793,0
1789927200000000,671.12,671.12,670.83,670.87,1.616,1789930799999999,1084.32651,16,0.857,575.12184,0
1789930800000000,670.87,671.03,669.8,669.93,5.598,1789934399999999,3754.304,45,0.813,545.40381,0
1789934400000000,669.93,669.98,669.55,669.85,3.159,1789937999999999,2116.08761,34,1.625,1088.57077,0
1789938000000000,669.89,670.48,669.39,670.07,15.447,1789941599999999,10344.37985,58,3.41,2284.84463,0
1789941600000000,670.25,671.27,670.12,671.27,24.584,1789945199999999,16495.54788,165,20.341,13648.41172,0
1789945200000000,671.27,672.15,671.27,671.88,5.02,1789948799999999,3372.3521,51,4.851,3258.77854,0
1789948800000000,672.17,675.96,669.8,673.39,153.333,1789952399999999,102966.21537,1869,86.411,58062.39489,0
1789952400000000,673.45,675.47,672.99,673.87,38.936,1789955999999999,26242.93554,343,24.803,16716.37589,0
1789956000000000,674.21,675.04,673.46,674.57,67.817,1789959599999999,45722.15016,319,13.988,9437.0341,0
1789959600000000,674.59,675.71,674.59,675.67,12.029,1789963199999999,8124.35871,145,4.389,2963.3572,0
1789963200000000,675.67,679.29,675.67,679.29,29.303,1789966799999999,19859.45418,409,20.453,13860.87388,0
1789966800000000,679.39,681.16,678.19,679.33,28.011,1789970399999999,19041.69161,196,20.257,13768.34549,0
1789970400000000,679.55,682.0,678.77,681.63,14.911,1789973999999999,10149.39703,145,8.486,5776.04214,0
1789974000000000,681.64,682.85,681.11,681.76,22.932,1789977599999999,15632.77034,172,11.017,7513.09079,0
1789977600000000,681.68,684.35,680.22,682.17,26.258,1789981199999999,17908.97329,409,12.092,8247.27578,0
1789981200000000,682.1,682.85,680.76,681.46,17.567,1789984799999999,11976.67077,266,7.102,4842.24416,0
1789984800000000,681.34,685.31,680.53,683.69,52.34,1789988399999999,35698.79163,516,20.386,13905.50618,0
1789988400000000,684.11,684.16,679.78,681.47,26.818,1789991999999999,18280.38892,337,6.878,4688.81268,0
1789992000000000,681.11,681.8,678.2,681.16,24.044,1789995599999999,16348.53956,203,8.936,6080.05828,0
1789995600000000,681.21,712.61,679.55,711.37,108.458,1789999199999999,76053.42039,985,65.307,45944.91186,0
1789999200000000,711.6,716.18,708.1,708.1,101.039,1790002799999999,71876.64514,856,51.709,36816.71133,0
1790002800000000,708.1,721.61,706.55,720.22,99.392,1790006399999999,71023.15521,824,22.298,15963.86328,0
1790006400000000,720.38,729.49,720.38,727.99,80.558,1790009999999999,58471.65933,763,32.627,23667.29733,0
1790010000000000,727.97,743.76,727.65,743.37,59.393,1790013599999999,43537.87133,394,17.039,12555.64203,0
1790013600000000,743.47,748.96,741.42,745.33,33.559,1790017199999999,25028.30498,298,7.726,5758.65463,0
1790017200000000,745.34,752.47,740.97,740.97,35.089,1790020799999999,26169.04677,491,14.184,10583.32673,0
1790020800000000,740.87,741.53,739.91,740.35,5.282,1790024399999999,3911.06114,78,1.867,1382.81735,0
1790024400000000,740.19,740.69,739.11,739.67,33.74,1790027999999999,24965.52937,260,3.382,2502.93503,0
1790028000000000,739.67,741.73,739.56,741.41,6.458,1790031599999999,4782.00325,234,3.328,2463.64232,0
1790031600000000,741.44,742.91,739.68,739.68,5.312,1790035199999999,3940.53486,124,1.264,938.30297,0
1790035200000000,739.7,740.47,736.92,739.85,16.07,1790038799999999,11878.74148,195,4.001,2959.75166,0
1790038800000000,739.85,740.2,739.04,740.03,9.049,1790042399999999,6692.13019,80,1.947,1440.39682,0
1790042400000000,739.9,743.1,739.9,743.07,20.899,1790045999999999,15499.00011,225,14.355,10644.52544,0
1790046000000000,743.0,744.49,741.11,743.65,27.152,1790049599999999,20161.0038,287,5.374,3990.44938,0
1790049600000000,743.56,748.82,742.87,745.89,21.418,1790053199999999,15964.45102,239,11.795,8787.44167,0
1790053200000000,746.32,746.32,741.55,745.12,10.563,1790056799999999,7847.02194,90,3.815,2833.96128,0
1790056800000000,744.94,745.67,743.2,745.24,69.004,1790060399999999,51375.37581,168,6.547,4877.73042,0
1790060400000000,745.18,746.88,743.52,746.69,6.367,1790063999999999,4747.53701,66,4.301,3206.90778,0
1790064000000000,745.73,746.49,741.02,744.7,18.899,1790067599999999,14029.5586,106,11.73,8710.05695,0
1790067600000000,744.68,744.69,742.0,742.09,11.276,1790071199999999,8379.01667,103,2.789,2075.82769,0
1790071200000000,742.13,742.13,738.01,739.44,29.701,1790074799999999,22023.56453,174,2.565,1898.47326,0
1790074800000000,739.44,743.23,734.99,736.02,33.14,1790078399999999,24446.49881,270,8.869,6543.22901,0
1790078400000000,736.08,738.11,734.71,736.08,51.463,1790081999999999,37879.74662,264,16.777,12360.83552,0
1790082000000000,735.81,756.37,729.86,744.01,43.029,1790085599999999,31867.76483,468,17.412,12867.9407,0
1790085600000000,744.87,754.35,744.02,749.56,17.558,1790089199999999,13147.44205,266,10.401,7788.39221,0
1790089200000000,748.26,753.19,747.52,753.19,25.767,1790092799999999,19312.94153,258,17.934,13447.28744,0
1790092800000000,752.97,752.97,740.89,741.61,59.311,1790096399999999,44116.01845,333,5.48,4094.24591,0
1790096400000000,741.58,746.21,737.84,740.8,69.593,1790099999999999,51497.41685,365,15.265,11319.6108,0
1790100000000000,740.62,743.32,738.28,738.3,16.555,1790103599999999,12263.57129,287,8.456,6264.13531,0
1790103600000000,738.62,740.35,735.31,736.2,54.645,1790107199999999,40325.89963,383,12.236,9041.37937,0
1790107200000000,736.29,737.75,732.28,736.58,61.058,1790110799999999,44894.60298,310,17.96,13208.13726,0
1790110800000000,736.89,738.29,736.58,737.28,15.746,1790114399999999,11613.67882,85,1.597,1177.29,0
1790114400000000,736.74,739.09,736.74,738.76,3.749,1790117999999999,2768.86423,28,0.796,587.43121,0
1790118000000000,738.85,740.45,738.8,740.41,12.821,1790121599999999,9486.08693,55,1.909,1411.64226,0
1790121600000000,740.41,740.42,739.41,739.51,2.409,1790125199999999,1781.80863,33,0.888,656.92267,0
1790125200000000,739.51,740.93,739.04,739.95,18.304,1790128799999999,13542.76316,93,12.393,9171.36195,0
1790128800000000,740.48,741.35,739.82,741.35,38.901,1790132399999999,28787.62844,94,6.32,4679.31312,0
1790132400000000,741.35,743.04,741.01,742.64,15.156,1790135999999999,11247.04797,115,13.025,9664.49791,0
1790136000000000,742.64,743.67,742.35,742.35,17.733,1790139599999999,13172.07436,141,10.934,8122.00546,0
1790139600000000,742.45,742.45,740.04,740.24,32.327,1790143199999999,23962.65417,149,27.35,20274.01188,0
1790143200000000,740.24,740.98,740.0,740.98,26.74,1790146799999999,19796.43808,111,19.539,14467.26871,0
1790146800000000,740.98,742.08,740.77,742.04,23.231,1790150399999999,17219.2872,133,23.056,17089.50675,0
1790150400000000,741.52,743.6,740.41,740.41,20.666,1790153999999999,15342.0871,225,16.278,12085.38366,0
1790154000000000,740.47,741.0,739.05,740.7,186.524,1790157599999999,138082.62463,292,54.247,40183.02309,0
1790157600000000,740.96,743.01,740.95,743.01,31.713,1790161199999999,23517.37985,208,28.426,21078.42412,0
1790161200000000,742.55,742.72,737.29,738.33,17.081,1790164799999999,12630.60292,126,12.54,9272.50419,0
1790164800000000,736.75,739.65,734.53,739.09,59.705,1790168399999999,43993.64159,293,40.829,30073.50963,0
1790168400000000,738.81,763.81,736.91,761.01,148.595,1790171999999999,111452.88386,900,49.925,37510.51564,0
1790172000000000,761.0,761.0,741.17,750.52,142.113,1790175599999999,106943.71089,851,36.631,27420.75822,0
1790175600000000,750.78,758.43,746.42,753.6,23.925,1790179199999999,18017.18704,361,9.954,7499.64757,0
1790179200000000,753.94,758.89,752.49,752.99,22.777,1790182799999999,17203.22031,443,10.816,8173.24706,0
1790182800000000,752.35,754.41,745.97,751.9,10.501,1790186399999999,7882.50763,321,4.496,3375.32767,0
1790186400000000,752.27,752.27,747.5,748.69,8.759,1790189999999999,6562.46141,308,4.61,3453.90876,0
1790190000000000,748.74,751.5,744.14,744.28,37.231,1790193599999999,27821.23545,405,8.163,6099.24949,0
1790193600000000,744.56,747.41,744.15,745.76,8.515,1790197199999999,6352.90939,123,6.534,4875.51705,0
1790197200000000,745.71,747.35,745.3,747.22,3.778,1790200799999999,2819.36687,66,1.986,1481.94536,0
1790200800000000,747.22,748.99,746.73,747.75,4.395,1790204399999999,3284.41529,64,2.29,1711.00462,0
1790204400000000,747.8,747.8,732.11,734.52,58.378,1790207999999999,42985.63267,836,46.029,33874.24433,0
1790208000000000,734.71,743.01,734.71,741.06,9.62,1790211599999999,7114.18691,232,4.579,3383.35095,0
1790211600000000,741.0,743.58,740.37,740.52,8.645,1790215199999999,6416.01299,171,3.986,2957.66654,0
1790215200000000,740.95,741.59,739.25,740.88,2.542,1790218799999999,1882.86222,104,1.392,1031.7723,0
1790218800000000,740.63,740.86,737.29,737.4,6.593,1790222399999999,4876.60448,164,0.552,408.13629,0
1790222400000000,737.78,737.78,734.54,735.86,15.547,1790225999999999,11445.8181,160,12.181,8971.18428,0
1790226000000000,736.34,737.9,736.34,736.86,8.127,1790229599999999,5994.70202,122,6.935,5115.55678,0
1790229600000000,736.55,736.71,735.01,735.37,13.007,1790233199999999,9569.94157,134,4.542,3341.69541,0
1790233200000000,735.07,738.65,735.04,738.65,30.141,1790236799999999,22250.27259,71,28.641,21146.49285,0
1790236800000000,737.65,737.65,727.32,727.56,16.402,1790240399999999,11985.1465,269,7.443,5437.14105,0
1790240400000000,727.74,730.6,722.64,724.38,45.915,1790243999999999,33316.67981,682,22.755,16504.15158,0
1790244000000000,724.18,728.42,722.2,728.31,37.76,1790247599999999,27398.63805,412,22.301,16185.34745,0
1790247600000000,728.37,730.9,726.61,728.32,17.376,1790251199999999,12672.24509,245,8.481,6185.55861,0
1790251200000000,727.83,735.76,727.35,735.48,27.609,1790254799999999,20186.41335,255,15.922,11639.45977,0
1790254800000000,736.12,763.32,735.93,758.88,204.439,1790258399999999,153345.37802,1357,118.878,88802.06682,0
1790258400000000,758.47,770.01,757.16,768.61,263.516,1790261999999999,202072.48245,1152,138.206,106222.08932,0
1790262000000000,768.53,769.27,763.5,767.11,40.615,1790265599999999,31127.8073,461,20.909,16023.30655,0
1790265600000000,767.62,772.22,761.55,772.15,160.298,1790269199999999,123000.72748,612,27.793,21365.55566,0
1790269200000000,771.93,773.75,769.04,770.2,28.677,1790272799999999,22108.22756,283,9.694,7471.80964,0
1790272800000000,770.13,777.81,769.48,776.89,69.464,1790276399999999,53834.34715,332,12.89,9977.34543,0
1790276400000000,777.21,779.6,775.61,777.47,36.601,1790279999999999,28468.25262,376,13.101,10188.64071,0
1790280000000000,777.47,777.47,775.22,775.96,7.309,1790283599999999,5673.87587,72,3.882,3011.93805,0
1790283600000000,775.72,776.74,775.33,776.12,44.263,1790287199999999,34348.28197,102,3.011,2336.5164,0
1790287200000000,776.25,776.6,776.0,776.1,84.228,1790290799999999,65361.20848,185,2.009,1559.22968,0
1790290800000000,776.04,776.04,775.56,775.63,15.182,1790294399999999,11780.56473,50,0.15,116.36699,0
1790294400000000,775.71,776.64,775.51,776.19,11.642,1790297999999999,9034.63727,126,4.388,3405.98966,0
1790298000000000,775.8,778.88,775.8,778.1,16.455,1790301599999999,12798.9333,113,15.12,11760.15977,0
1790301600000000,778.4,778.4,776.76,777.26,3.769,1790305199999999,2931.76356,71,1.212,943.11179,0
1790305200000000,777.31,779.15,776.87,777.36,11.153,1790308799999999,8677.24183,101,8.588,6683.90688,0
1790308800000000,777.43,779.56,777.38,778.52,17.792,1790312399999999,13857.24911,74,16.858,13130.40579,0
1790312400000000,778.6,780.23,778.6,780.23,2.588,1790315999999999,2016.98976,90,1.412,1100.62389,0
1790316000000000,779.96,781.0,779.37,779.61,118.468,1790319599999999,92460.52148,191,3.85,3004.13488,0
1790319600000000,779.47,779.8,776.03,776.03,4.204,1790323199999999,3268.07921,69,0.216,167.76832,0
1790323200000000,776.74,777.59,774.45,777.31,21.883,1790326799999999,16982.54889,284,11.821,9169.06337,0
1790326800000000,777.2,780.64,776.77,778.87,25.137,1790330399999999,19589.3376,472,20.634,16080.71629,0
1790330400000000,778.68,779.14,777.92,778.2,7.249,1790333999999999,5644.97025,111,2.024,1576.44127,0
1790334000000000,778.17,778.25,771.9,772.0,24.364,1790337599999999,18861.92129,279,7.919,6136.00473,0
1790337600000000,772.27,774.09,770.06,772.0,17.493,1790341199999999,13515.43837,242,9.916,7663.65872,0
1790341200000000,771.56,772.11,752.36,758.01,101.05,1790344799999999,76895.56227,1097,60.539,46130.94636,0
1790344800000000,757.87,761.32,748.37,750.24,42.949,1790348399999999,32374.61857,553,30.648,23104.96789,0
1790348400000000,750.37,754.61,747.22,750.81,49.211,1790351999999999,36948.23275,519,40.043,30067.58359,0
1790352000000000,751.18,751.2,747.86,749.34,49.772,1790355599999999,37324.25768,391,31.077,23314.42136,0
1790355600000000,749.66,752.38,748.71,751.65,33.49,1790359199999999,25136.72906,418,16.897,12687.76775,0
1790359200000000,751.28,753.35,750.43,752.1,18.271,1790362799999999,13742.61864,300,9.173,6898.38338,0
1790362800000000,752.18,753.86,749.94,751.7,43.058,1790366399999999,32367.63242,502,30.983,23289.26574,0
1790366400000000,751.7,751.74,749.71,750.39,7.011,1790369999999999,5261.76683,193,2.186,1640.92537,0
1790370000000000,750.39,751.28,750.29,750.78,23.181,1790373599999999,17397.81012,189,9.992,7500.26767,0
1790373600000000,750.76,750.92,750.66,750.92,5.165,1790377199999999,3877.39949,107,2.869,2153.82631,0
1790377200000000,750.91,750.91,748.62,748.68,23.717,1790380799999999,17763.60985,59,18.205,13629.29786,0
1790380800000000,748.65,749.33,744.38,744.54,24.914,1790384399999999,18599.31945,315,13.665,10193.2837,0
1790384400000000,744.93,745.08,744.5,744.99,2.746,1790387999999999,2045.21538,27,1.166,868.61563,0
1790388000000000,744.81,744.81,744.03,744.56,1.487,1790391599999999,1107.11508,18,0.12,89.35205,0
1790391600000000,744.77,744.79,743.16,744.18,18.507,1790395199999999,13765.90857,62,0.223,166.0694,0
1790395200000000,744.39,745.5,744.39,745.32,1.332,1790398799999999,992.09053,39,0.899,669.67018,0
1790398800000000,745.31,745.46,744.9,745.43,1.594,1790402399999999,1188.13681,76,0.399,297.42386,0
1790402400000000,745.43,746.22,745.28,745.85,1.604,1790405999999999,1196.4972,84,0.861,642.35286,0
1790406000000000,745.86,746.09,745.56,745.59,0.799,1790409599999999,595.89166,69,0.029,21.63245,0
1790409600000000,745.67,745.78,744.68,745.72,6.319,1790413199999999,4707.57442,108,2.098,1562.58582,0
1790413200000000,745.77,746.05,745.32,745.78,1.31,1790416799999999,976.99267,73,0.262,195.44965,0
1790416800000000,745.78,747.41,745.78,747.13,2.8,1790420399999999,2090.03025,81,2.225,1660.73421,0
1790420400000000,747.18,747.57,746.92,747.42,0.802,1790423999999999,599.25179,85,0.0,0.0,0
1790424000000000,747.42,748.2,747.0,747.62,9.165,1790427599999999,6850.63355,171,7.222,5398.48094,0
1790427600000000,747.65,748.0,747.24,747.66,2.088,1790431199999999,1561.37297,89,1.381,1032.81318,0
1790431200000000,747.46,747.98,746.76,747.73,11.94,1790434799999999,8922.41333,192,8.377,6259.82364,0
1790434800000000,747.79,748.0,746.98,747.44,3.155,1790438399999999,2359.35138,91,1.703,1273.79923,0
1790438400000000,747.43,747.67,747.05,747.13,2.554,1790441999999999,1908.79832,89,0.054,40.36924,0
1790442000000000,747.24,748.0,747.24,747.64,3.235,1790445599999999,2418.99833,89,1.816,1358.09006,0
1790445600000000,747.64,747.79,747.44,747.46,1.994,1790449199999999,1490.69463,69,0.099,74.01486,0
1790449200000000,747.46,747.95,747.09,747.79,2.421,1790452799999999,1810.48308,79,1.634,1222.1325,0
1790452800000000,747.82,747.91,746.77,747.16,0.745,1790456399999999,556.85348,66,0.019,14.20619,0
1790456400000000,747.21,747.87,746.6,746.82,1.28,1790459999999999,956.32715,66,0.493,368.37214,0
1790460000000000,746.78,747.16,746.65,746.91,3.131,1790463599999999,2338.72806,95,0.318,237.55351,0
1790463600000000,746.91,747.27,746.79,747.01,3.057,1790467199999999,2283.56063,82,0.615,459.40778,0
1790467200000000,747.01,747.01,746.58,746.85,1.17,1790470799999999,873.86012,72,0.196,146.39545,0
1790470800000000,746.85,747.67,745.57,746.71,27.376,1790474399999999,20432.09013,154,5.384,4022.72285,0
1790474400000000,746.9,747.41,746.9,747.37,0.766,1790477999999999,572.36554,24,0.287,214.40936,0
1790478000000000,747.33,747.62,747.04,747.04,1.756,1790481599999999,1312.26503,96,1.148,857.90207,0
1790481600000000,747.06,747.77,747.06,747.34,1.033,1790485199999999,771.96914,71,0.838,626.22673,0
1790485200000000,747.38,748.0,746.97,747.16,9.869,1790488799999999,7376.00034,102,5.173,3867.56318,0
1790488800000000,747.2,747.68,747.11,747.49,3.056,1790492399999999,2284.18733,80,0.531,396.8794,0
1790492400000000,747.49,747.92,747.36,747.92,2.04,1790495999999999,1525.3015,38,0.596,445.6406,0
1790496000000000,749.07,750.54,748.65,750.49,6.873,1790499599999999,5151.8451,117,3.617,2712.00043,0
1790499600000000,750.49,751.66,750.49,751.66,5.969,1790503199999999,4485.93597,82,5.57,4186.28963,0
1790503200000000,751.66,753.31,751.66,751.66,22.938,1790506799999999,17247.60274,648,18.196,13678.2808,0
1790506800000000,751.66,752.38,751.3,751.4,11.376,1790510399999999,8549.83238,404,2.469,1856.03075,0
1790510400000000,751.4,751.59,751.08,751.45,2.958,1790513999999999,2222.71026,307,0.064,48.09581,0
1790514000000000,751.45,751.45,747.73,749.2,6.867,1790517599999999,5144.903,364,0.727,543.86399,0
1790517600000000,749.2,749.2,748.15,748.38,4.536,1790521199999999,3396.60963,197,0.158,118.32168,0
1790521200000000,748.38,749.13,747.31,747.64,6.165,1790524799999999,4612.52892,175,3.735,2795.41497,0
1790524800000000,747.64,748.08,747.64,747.72,6.076,1790528399999999,4543.74344,67,2.424,1812.70613,0
1790528400000000,747.73,748.16,747.73,748.12,2.196,1790531999999999,1642.75116,19,0.2,149.59742,0
1790532000000000,748.6,750.49,748.47,750.28,2.263,1790535599999999,1696.22771,26,1.807,1354.18622,0
1790535600000000,750.27,750.27,748.98,748.98,1.984,1790539199999999,1487.20656,34,0.123,92.16716,0
1790539200000000,748.96,750.59,748.74,750.32,3.183,1790542799999999,2386.88534,46,0.907,679.49707,0
1790542800000000,750.37,750.4,749.48,749.48,3.844,1790546399999999,2883.17463,35,1.475,1106.80987,0
1790546400000000,749.74,749.74,744.73,748.59,13.014,1790549999999999,9732.76647,218,5.05,3778.19375,0
1790550000000000,748.59,749.8,748.4,749.54,4.89,1790553599999999,3664.00172,47,2.472,1852.39162,0
1790553600000000,749.46,749.46,736.09,736.09,29.527,1790557199999999,21978.69949,420,7.945,5920.11348,0
1790557200000000,736.14,742.09,735.34,736.81,13.287,1790560799999999,9819.90625,198,8.819,6520.75282,0
1790560800000000,736.89,736.89,733.15,733.15,3.721,1790564399999999,2735.19695,82,0.797,585.49267,0
1790564400000000,732.94,734.6,732.01,732.59,7.105,1790567999999999,5210.19994,95,3.658,2681.07076,0
1790568000000000,732.51,733.96,732.1,733.96,17.576,1790571599999999,12880.87726,47,17.47,12803.24433,0
1790571600000000,734.26,734.26,731.49,731.86,32.299,1790575199999999,23659.39606,151,10.675,7822.59257,0
1790575200000000,731.91,733.07,730.49,733.07,248.815,1790578799999999,181779.88353,1530,210.146,153513.77099,0
1790578800000000,732.9,733.36,732.5,732.81,6.103,1790582399999999,4472.98488,86,2.914,2136.07066,0
1790582400000000,733.76,737.13,731.12,734.65,52.395,1790585999999999,38503.33745,1356,22.999,16907.64272,0
1790586000000000,735.04,735.86,723.57,728.31,93.842,1790589599999999,68383.29352,1088,39.102,28460.03333,0
1790589600000000,728.52,731.09,727.9,730.64,16.399,1790593199999999,11964.36479,129,9.996,7291.4456,0
1790593200000000,729.9,731.88,728.19,731.14,18.343,1790596799999999,13388.34099,183,9.647,7036.89413,0
1790596800000000,731.27,752.35,731.1,739.65,207.343,1790600399999999,153651.52526,1918,75.691,56442.76948,0
1790600400000000,740.59,750.58,721.06,722.07,141.637,1790603999999999,104125.75305,1562,107.565,78912.93439,0
1790604000000000,722.77,726.02,718.0,721.28,59.145,1790607599999999,42584.29298,464,49.348,35513.91273,0
1790607600000000,721.11,722.18,717.24,719.95,41.399,1790611199999999,29834.9612,460,31.992,23066.49276,0
1790611200000000,719.54,726.45,718.44,723.11,394.754,1790614799999999,286051.17612,1496,13.671,9894.72609,0
1790614800000000,723.11,724.29,720.94,723.24,30.598,1790618399999999,22133.81956,108,20.441,14790.19139,0
1790618400000000,722.79,723.53,721.25,721.44,3.577,1790621999999999,2583.83287,34,1.307,944.96784,0
1790622000000000,721.44,721.44,714.04,715.34,19.822,1790625599999999,14229.24317,226,5.45,3905.7948,0
1790625600000000,715.88,716.1,714.42,715.96,14.697,1790629199999999,10516.5478,232,2.335,1670.62472,0
1790629200000000,716.06,718.05,715.99,717.46,33.685,1790632799999999,24146.54217,157,2.288,1640.15508,0
1790632800000000,717.51,718.36,717.46,718.23,17.3,1790636399999999,12413.06729,85,3.256,2336.55326,0
1790636400000000,718.23,719.0,717.91,718.66,19.018,1790639999999999,13666.9097,78,0.631,453.3805,0
1790640000000000,718.66,718.9,716.76,717.34,23.372,1790643599999999,16791.31547,179,2.497,1792.28993,0
1790643600000000,717.34,717.44,715.96,716.76,23.811,1790647199999999,17056.4281,132,2.431,1741.21494,0
1790647200000000,717.06,717.49,716.06,716.39,10.685,1790650799999999,7656.44552,165,7.897,5658.60444,0
1790650800000000,716.35,716.61,715.08,715.08,98.255,1790654399999999,70344.29237,276,3.442,2464.4057,0
1790654400000000,715.09,715.09,711.38,712.66,26.799,1790657999999999,19110.5009,225,11.386,8113.74763,0
1790658000000000,713.07,713.36,710.7,712.01,8.529,1790661599999999,6078.42071,185,5.046,3595.91203,0
1790661600000000,713.16,716.54,712.88,716.47,2.865,1790665199999999,2050.8266,77,2.22,1589.33754,0
1790665200000000,716.26,718.33,716.18,717.52,14.832,1790668799999999,10634.97631,187,2.564,1838.67481,0
1790668800000000,717.69,719.0,716.38,718.87,6.845,1790672399999999,4910.67958,116,4.276,3066.56331,0
1790672400000000,718.86,720.65,718.0,719.42,12.686,1790675999999999,9126.26741,143,10.637,7651.41564,0
1790676000000000,719.6,721.81,718.48,720.91,24.165,1790679599999999,17409.57326,155,5.456,3931.56471,0
1790679600000000,721.64,726.62,721.52,725.11,33.285,1790683199999999,24099.09645,209,17.424,12612.72601,0
1790683200000000,725.15,725.82,723.65,724.78,18.644,1790686799999999,13498.75703,114,5.214,3777.86275,0
1790686800000000,724.78,727.51,720.13,721.24,29.796,1790690399999999,21585.58144,458,18.092,13110.21427,0
1790690400000000,721.98,726.05,721.29,721.83,3.187,1790693999999999,2303.13211,90,1.85,1337.45293,0
1790694000000000,721.83,722.67,717.1,718.4,206.539,1790697599999999,148928.13211,618,188.108,135639.92955,0
1790697600000000,718.47,721.78,718.04,720.16,16.811,1790701199999999,12096.72504,218,15.339,11037.29801,0
1790701200000000,720.29,734.01,715.88,730.21,49.497,1790704799999999,35798.40235,1190,13.127,9485.66472,0
1790704800000000,729.85,735.43,729.85,734.73,8.373,1790708399999999,6137.89134,331,2.938,2153.60943,0
1790708400000000,734.11,740.31,731.93,739.1,16.941,1790711999999999,12477.31735,419,6.642,4889.65956,0
1790712000000000,738.52,738.83,737.49,737.86,4.336,1790715599999999,3200.42901,81,2.756,2033.60878,0
1790715600000000,737.85,739.89,737.85,738.97,1.885,1790719199999999,1393.90782,67,0.475,350.84219,0
1790719200000000,738.8,741.77,738.8,741.77,9.503,1790722799999999,7030.77656,130,6.893,5097.20999,0
1790722800000000,741.4,745.0,741.16,743.56,27.608,1790726399999999,20485.30642,122,0.698,518.6628,0
1790726400000000,743.35,746.16,740.09,740.19,11.787,1790729999999999,8763.3578,207,4.586,3412.62027,0
1790730000000000,740.12,741.85,740.12,740.73,11.799,1790733599999999,8741.99549,76,0.954,706.99009,0
1790733600000000,741.47,741.6,737.72,738.19,9.95,1790737199999999,7354.34858,182,2.977,2198.91167,0
1790737200000000,738.02,739.13,738.02,738.94,3.763,1790740799999999,2780.3778,56,3.312,2447.13535,0
1790740800000000,738.94,739.53,738.63,738.82,8.828,1790744399999999,6526.13544,87,8.45,6246.74557,0
1790744400000000,738.94,739.05,737.22,738.81,2.259,1790747999999999,1667.66621,91,1.389,1025.58111,0
1790748000000000,738.36,739.17,736.38,737.95,7.355,1790751599999999,5427.52847,153,4.616,3406.5583,0
1790751600000000,737.76,740.51,737.73,738.95,5.151,1790755199999999,3809.468,201,1.949,1441.0198,0
1790755200000000,739.3,739.64,736.33,736.33,8.665,1790758799999999,6397.40869,201,3.898,2879.92099,0
1790758800000000,736.34,736.88,735.16,735.7,32.551,1790762399999999,23951.73685,467,12.428,9142.54351,0
1790762400000000,735.7,737.15,735.08,736.71,10.801,1790765999999999,7946.37823,200,9.461,6960.64339,0
1790766000000000,736.41,737.63,731.23,732.1,6.04,1790769599999999,4435.96653,251,2.051,1507.01998,0
1790769600000000,731.9,733.95,728.92,732.12,15.991,1790773199999999,11699.35446,605,5.298,3876.16532,0
1790773200000000,732.04,734.03,721.64,733.2,57.206,1790776799999999,41620.67381,2072,25.88,18837.91292,0
1790776800000000,733.52,733.52,725.09,729.72,6.863,1790780399999999,5003.40719,528,3.03,2207.51082,0
1790780400000000,730.03,737.34,730.03,737.34,194.714,1790783999999999,142366.90688,1243,189.003,138175.75046,0
1790784000000000,737.44,738.42,735.64,736.78,14.164,1790787599999999,10437.67002,596,2.895,2133.47839,0
1790787600000000,736.91,737.89,732.74,734.47,6.906,1790791199999999,5073.25383,279,0.904,665.3009,0
1790791200000000,734.22,734.7,732.72,733.79,1.23,1790794799999999,902.45251,68,0.567,416.04232,0
1790794800000000,733.98,734.72,725.92,725.92,82.137,1790798399999999,59818.3955,588,16.487,12008.38696,0
1790798400000000,726.01,727.27,722.88,726.34,41.867,1790801999999999,30361.87746,1235,25.94,18812.31118,0
1790802000000000,726.39,726.63,724.36,725.55,20.292,1790805599999999,14717.14681,221,18.571,13468.93291,0
1790805600000000,725.13,727.29,725.13,726.74,5.446,1790809199999999,3957.08909,97,2.265,1645.81777,0
1790809200000000,727.03,728.27,726.71,727.05,3.024,1790812799999999,2199.00597,77,2.302,1673.8546,0
1790812800000000,727.19,727.77,726.2,727.43,3.437,1790816399999999,2498.46345,119,0.752,546.83359,0
1790816400000000,727.62,728.61,727.62,728.44,3.304,1790819999999999,2406.55823,25,2.939,2140.84023,0
1790820000000000,728.69,729.9,728.5,729.9,10.684,1790823599999999,7783.74298,27,0.332,242.09979,0
1790823600000000,730.23,730.33,729.86,729.91,0.242,1790827199999999,176.71767,9,0.201,146.7774,0
1790827200000000,730.38,731.36,729.99,731.36,2.525,1790830799999999,1845.68514,53,1.868,1365.48822,0
1790830800000000,731.36,732.73,730.46,730.91,11.974,1790834399999999,8763.71039,309,3.623,2650.5424,0
1790834400000000,730.64,731.81,728.32,728.68,10.641,1790837999999999,7775.8786,261,3.16,2308.18955,0
1790838000000000,728.68,729.0,724.08,724.41,9.206,1790841599999999,6677.42785,247,5.819,4221.73376,0
1790841600000000,724.57,725.8,722.9,724.96,14.48,1790845199999999,10494.29347,499,4.963,3596.82142,0
1790845200000000,725.13,726.82,724.97,725.25,9.633,1790848799999999,6990.70387,248,7.37,5348.37046,0
1790848800000000,725.4,728.06,721.84,727.3,26.896,1790852399999999,19476.24346,488,12.866,9327.08037,0
1790852400000000,727.3,727.84,724.16,726.13,19.866,1790855999999999,14417.45437,483,3.654,2653.31707,0
1790856000000000,726.53,728.93,725.53,727.89,4.545,1790859599999999,3303.93058,198,1.655,1203.35794,0
1790859600000000,727.81,736.31,726.8,729.45,43.693,1790863199999999,31942.68563,1696,20.477,14971.96708,0
1790863200000000,728.98,729.23,721.68,725.1,14.136,1790866799999999,10241.31157,388,8.933,6469.51748,0
1790866800000000,725.24,730.0,724.52,727.87,7.112,1790870399999999,5172.87554,344,4.644,3376.9597,0
1790870400000000,727.78,730.62,726.88,728.39,29.273,1790873999999999,21304.15801,353,3.213,2341.4121,0
1790874000000000,728.24,730.57,726.71,728.24,6.973,1790877599999999,5081.27453,278,5.662,4125.9282,0
1790877600000000,728.28,729.6,727.32,727.54,2.776,1790881199999999,2022.42961,187,0.723,526.69141,0
1790881200000000,727.49,729.95,725.46,726.13,5.18,1790884799999999,3773.08127,365,1.62,1179.75725,0
1790884800000000,726.18,726.94,724.97,724.97,1.761,1790888399999999,1278.36756,118,0.443,321.61302,0
1790888400000000,724.96,725.7,724.96,725.63,0.446,1790891999999999,323.55191,22,0.332,240.86411,0
1790892000000000,725.78,726.26,725.55,726.26,2.536,1790895599999999,1840.73519,101,1.479,1073.59844,0
1790895600000000,726.14,726.71,725.97,726.3,0.642,1790899199999999,466.2509,53,0.229,166.30685,0
1790899200000000,726.4,728.25,726.27,727.28,2.426,1790902799999999,1764.64655,59,0.65,472.63572,0
1790902800000000,727.3,727.47,726.4,727.47,0.416,1790906399999999,302.48119,38,0.246,178.89218,0
1790906400000000,727.77,729.34,727.56,729.34,14.048,1790909999999999,10235.61903,52,13.936,10154.06105,0
1790910000000000,729.31,729.31,728.46,728.78,1.019,1790913599999999,742.47641,19,0.6,437.13451,0
1790913600000000,729.21,729.67,728.93,729.44,0.673,1790917199999999,490.95407,21,0.615,448.65185,0
1790917200000000,729.5,729.82,728.43,728.43,0.17,1790920799999999,123.9544,16,0.129,94.05162,0
1790920800000000,728.35,728.82,727.59,727.87,2.39,1790924399999999,1740.81896,33,1.984,1445.09033,0
1790924400000000,728.39,729.15,728.13,729.05,0.423,1790927999999999,308.21098,32,0.284,206.93679,0
1790928000000000,729.37,731.59,729.22,730.47,5.445,1790931599999999,3978.10012,269,2.338,1708.07969,0
1790931600000000,730.45,730.85,729.88,730.21,3.921,1790935199999999,2864.15682,133,0.682,498.19903,0
1790935200000000,729.96,729.96,728.56,729.74,10.678,1790938799999999,7789.00021,151,2.358,1718.84561,0
1790938800000000,729.44,729.65,727.81,728.28,3.409,1790942399999999,2484.46294,179,1.641,1195.85589,0
1790942400000000,728.34,733.8,727.92,733.1,39.715,1790945999999999,29062.20482,506,5.735,4192.64271,0
1790946000000000,733.1,741.52,727.77,732.31,27.968,1790949599999999,20553.67855,1400,12.942,9499.2513,0
1790949600000000,732.25,736.33,731.73,732.57,101.971,1790953199999999,74942.66113,848,27.578,20266.39356,0
1790953200000000,732.57,732.79,729.14,729.16,50.746,1790956799999999,37111.09953,606,46.185,33777.30629,0
1790956800000000,729.69,731.03,728.67,729.94,5.26,1790960399999999,3839.24076,364,2.079,1517.8086,0
1790960400000000,730.22,730.95,728.42,728.51,3.891,1790963999999999,2837.32199,158,0.661,482.361,0
1790964000000000,728.51,729.42,727.32,727.32,3.899,1790967599999999,2839.7306,100,1.506,1097.06461,0
1790967600000000,727.77,728.36,726.67,727.89,8.593,1790971199999999,6254.14123,112,7.389,5378.33118,0
1790971200000000,727.89,727.89,726.74,726.74,0.814,1790974799999999,592.28046,25,0.598,435.13074,0
1790974800000000,727.26,727.6,727.13,727.48,0.687,1790978399999999,499.71682,16,0.134,97.4646,0
1790978400000000,727.48,727.58,727.16,727.46,0.93,1790981999999999,676.38161,15,0.078,56.74135,0
1790982000000000,727.46,727.77,727.46,727.62,0.333,1790985599999999,242.28342,23,0.237,172.4326,0
1790985600000000,727.36,727.42,727.05,727.05,0.454,1790989199999999,330.18178,20,0.271,197.09164,0
1790989200000000,727.06,727.6,726.94,727.6,0.614,1790992799999999,446.40625,16,0.009,6.54669,0
1790992800000000,727.49,727.5,727.14,727.14,2.963,1790996399999999,2155.1187,28,0.707,514.34106,0
1790996400000000,727.3,727.38,727.27,727.3,0.08,1790999999999999,58.18383,7,0.017,12.36474,0
1791000000000000,727.12,727.29,726.92,727.29,0.273,1791003599999999,198.4858,12,0.223,162.1398,0
1791003600000000,727.12,727.12,726.94,727.02,1.394,1791007199999999,1013.395,7,0.031,22.54072,0
1791007200000000,727.56,727.72,727.46,727.46,0.222,1791010799999999,161.53131,7,0.046,33.46973,0
1791010800000000,727.38,727.62,727.27,727.47,2.21,1791014399999999,1607.66632,25,0.116,84.38663,0
1791014400000000,727.65,728.47,727.65,728.3,1.211,1791017999999999,881.71925,52,1.065,775.39921,0
1791018000000000,728.51,728.66,727.95,728.06,0.623,1791021599999999,453.73059,16,0.065,47.33131,0
1791021600000000,728.08,728.64,728.08,728.58,0.17,1791025199999999,123.81428,7,0.159,115.80243,0
1791025200000000,728.58,728.79,728.21,728.57,0.928,1791028799999999,676.14815,13,0.71,517.39421,0
1791028800000000,728.62,728.62,728.08,728.35,0.423,1791032399999999,308.10368,31,0.241,175.5649,0
1791032400000000,728.36,728.65,727.96,728.08,1.317,1791035999999999,959.27794,76,0.716,521.65943,0
1791036000000000,728.08,728.08,727.47,727.72,2.04,1791039599999999,1484.75788,90,1.405,1022.64756,0
1791039600000000,727.75,728.08,727.56,728.08,2.797,1791043199999999,2036.22571,74,1.735,1263.21826,0
1791043200000000,728.3,728.69,728.04,728.62,0.672,1791046799999999,489.44833,76,0.138,100.4947,0
1791046800000000,728.69,729.12,728.57,729.12,2.328,1791050399999999,1696.26358,13,0.804,585.90601,0
1791050400000000,729.25,729.25,728.84,728.84,0.273,1791053999999999,199.0535,7,0.186,135.62815,0
1791054000000000,729.05,729.56,729.05,729.56,0.6,1791057599999999,437.45958,4,0.6,437.45958,0
1791057600000000,729.56,729.88,729.53,729.79,0.754,1791061199999999,550.21242,9,0.74,539.999,0
1791061200000000,729.65,730.14,729.46,730.14,0.802,1791064799999999,585.18391,6,0.748,545.79307,0
1791064800000000,729.94,730.43,729.81,730.27,3.127,1791068399999999,2282.4284,10,0.772,563.58371,0
1791068400000000,730.5,730.67,730.33,730.4,0.951,1791071999999999,694.70833,8,0.858,626.78316,0
