open_time,open,high,low,close,volume,close_time,quote_volume,trades,taker_buy_base,taker_buy_quote,ignore
1781197200000000,900.0,951.29,900.0,945.01,1661.609,1781200799999999,1551978.89327,3430,1527.492,1427778.48825,0
1781200800000000,945.02,969.46,932.01,966.45,113.642,1781204399999999,108086.11866,572,65.305,62336.79046,0
1781204400000000,966.25,999.25,959.99,999.25,113.13,1781207999999999,110673.67715,481,73.575,72008.66615,0
1781208000000000,999.25,1000.0,974.55,983.5,56.629,1781211599999999,55918.81945,408,11.17,11055.34772,0
1781211600000000,983.83,990.51,981.45,985.53,7.107,1781215199999999,7017.00935,118,5.9,5827.60533,0
1781215200000000,985.51,997.88,985.51,995.11,3.373,1781218799999999,3342.89564,91,1.583,1571.52227,0
1781218800000000,995.1,998.83,988.51,998.52,8.166,1781222399999999,8097.96305,123,2.338,2327.12838,0
1781222400000000,998.52,1019.4,996.15,1007.15,36.087,1781225999999999,36330.22784,523,22.392,22507.23318,0
1781226000000000,1006.6,1006.6,983.35,992.25,30.011,1781229599999999,29880.60636,224,13.238,13113.04609,0
1781229600000000,995.24,999.99,990.0,996.74,19.683,1781233199999999,19596.77666,91,7.053,7025.7404,0
1781233200000000,996.79,1000.0,994.51,995.0,69.982,1781236799999999,69819.33168,174,62.093,61950.62262,0
1781236800000000,996.25,1000.0,990.29,997.92,50.448,1781240399999999,50214.78803,831,26.362,26243.63819,0
1781240400000000,997.77,999.99,970.13,972.41,119.459,1781243999999999,117711.46029,918,16.643,16385.04999,0
1781244000000000,973.69,982.58,958.81,967.82,37.334,1781247599999999,36291.51763,943,18.997,18468.08838,0
1781247600000000,969.99,978.19,954.9,974.73,48.307,1781251199999999,46777.7766,2137,28.546,27672.14342,0
1781251200000000,974.62,992.49,972.76,980.56,46.206,1781254799999999,45515.89833,2186,22.845,22520.9645,0
1781254800000000,982.49,992.49,979.07,987.1,75.465,1781258399999999,74571.48294,1305,59.268,58600.6824,0
1781258400000000,987.99,992.36,977.46,981.01,38.832,1781261999999999,38251.39369,1430,23.367,23027.79457,0
1781262000000000,982.8,994.99,982.8,983.53,39.309,1781265599999999,38870.59123,2089,20.776,20548.71044,0
1781265600000000,986.0,987.19,961.47,961.47,66.85,1781269199999999,64910.71567,1616,37.774,36670.21921,0
1781269200000000,964.67,993.0,959.21,985.9,224.743,1781272799999999,219746.10709,2106,179.393,175830.66351,0
1781272800000000,986.72,1011.42,977.2,990.87,105.403,1781276399999999,104913.92394,1635,40.528,40334.13041,0
1781276400000000,991.82,1003.77,981.68,982.8,91.528,1781279999999999,91057.27424,1391,36.154,36035.44441,0
1781280000000000,983.36,1002.63,981.68,1000.21,22.167,1781283599999999,21991.05596,670,10.774,10693.73128,0
1781283600000000,1000.26,1003.36,997.0,999.73,40.274,1781287199999999,40262.40392,689,15.673,15676.26722,0
1781287200000000,999.64,1000.06,990.09,992.37,37.317,1781290799999999,37117.84341,562,14.603,14522.40664,0
1781290800000000,991.8,996.16,984.48,984.48,37.311,1781294399999999,36936.59539,450,21.587,21387.42935,0
1781294400000000,984.46,987.31,984.0,985.38,7.601,1781297999999999,7487.43679,179,3.837,3780.47178,0
1781298000000000,985.18,986.95,984.01,984.75,11.384,1781301599999999,11214.57202,293,5.699,5617.16878,0
1781301600000000,986.59,989.64,984.1,987.9,10.934,1781305199999999,10789.18815,62,8.073,7968.46587,0
1781305200000000,988.72,990.27,986.95,989.15,1.3,1781308799999999,1284.13502,51,0.492,486.15611,0
1781308800000000,990.6,993.82,989.33,991.95,8.33,1781312399999999,8260.46553,353,4.629,4591.13533,0
1781312400000000,991.71,993.62,984.97,988.44,28.416,1781315999999999,28077.47823,548,21.392,21128.89518,0
1781316000000000,988.44,992.07,987.73,988.26,43.866,1781319599999999,43417.75712,540,27.263,26985.53386,0
1781319600000000,988.39,990.05,984.43,985.88,22.031,1781323199999999,21744.61897,599,13.727,13549.32968,0
1781323200000000,986.19,989.4,984.0,984.23,16.578,1781326799999999,16353.27846,787,8.868,8749.50712,0
1781326800000000,984.03,985.92,981.21,983.07,11.847,1781330399999999,11653.66251,1059,6.253,6151.25996,0
1781330400000000,983.07,984.4,981.2,982.71,14.76,1781333999999999,14504.95857,2019,7.162,7039.41641,0
1781334000000000,982.62,986.77,981.2,983.95,21.0,1781337599999999,20652.3476,1291,12.927,12714.45953,0
1781337600000000,984.16,988.73,983.17,986.6,19.613,1781341199999999,19343.90739,1759,7.927,7819.10999,0
1781341200000000,986.65,987.2,984.18,985.68,146.617,1781344799999999,144620.62469,840,6.281,6193.39489,0
1781344800000000,985.79,987.24,984.31,984.55,18.357,1781348399999999,18094.87617,1111,9.551,9416.24511,0
1781348400000000,984.6,987.03,983.63,984.81,15.765,1781351999999999,15529.43873,832,8.092,7971.90227,0
1781352000000000,985.32,987.59,983.27,987.3,25.528,1781355599999999,25143.76719,1058,12.812,12620.50295,0
1781355600000000,987.49,989.15,986.39,986.74,19.4,1781359199999999,19157.12909,721,9.341,9224.10756,0
1781359200000000,986.68,989.64,984.46,986.8,24.274,1781362799999999,23955.19016,443,16.778,16557.99,0
1781362800000000,987.1,990.96,986.08,988.89,19.343,1781366399999999,19116.03992,567,9.03,8927.7893,0
1781366400000000,988.26,988.27,986.21,986.83,10.159,1781369999999999,10030.20792,693,3.962,3912.14129,0
1781370000000000,986.93,989.86,984.81,986.78,11.292,1781373599999999,11133.10496,391,5.543,5466.21915,0
1781373600000000,988.3,995.38,987.73,993.54,3.929,1781377199999999,3893.25799,97,2.354,2332.59459,0
1781377200000000,994.38,995.87,992.52,992.52,2.367,1781380799999999,2353.37929,244,1.006,1000.67061,0
1781380800000000,992.75,996.36,991.72,995.37,0.852,1781384399999999,847.3132,37,0.589,585.58728,0
1781384400000000,996.04,996.33,993.51,994.88,7.009,1781387999999999,6967.18262,94,0.673,669.951,0
1781388000000000,994.88,995.39,993.55,995.39,0.799,1781391599999999,795.0032,22,0.666,662.79676,0
1781391600000000,995.39,996.38,993.89,995.78,0.596,1781395199999999,593.34834,22,0.367,365.53818,0
1781395200000000,995.63,996.16,992.56,993.44,14.561,1781398799999999,14493.96387,289,6.496,6467.81565,0
1781398800000000,996.1,998.16,993.37,995.63,8.118,1781402399999999,8090.97211,265,4.257,4244.90369,0
1781402400000000,997.62,997.84,994.34,997.24,6.005,1781405999999999,5981.59903,174,3.214,3205.24173,0
1781406000000000,994.42,998.21,994.36,996.12,6.743,1781409599999999,6722.12609,234,3.947,3938.82873,0
1781409600000000,998.2,998.21,994.45,994.99,9.077,1781413199999999,9043.67197,521,4.579,4566.5928,0
1781413200000000,994.99,995.0,993.29,993.32,15.295,1781416799999999,15211.27004,1014,7.895,7855.2801,0
1781416800000000,993.33,998.99,993.06,997.02,12.765,1781420399999999,12722.98467,647,6.743,6725.06449,0
1781420400000000,998.88,1008.3,997.03,1005.56,10.701,1781423999999999,10720.40679,724,6.485,6499.34098,0
1781424000000000,1008.29,1008.46,1003.58,1003.59,10.878,1781427599999999,10947.69106,609,4.41,4445.10106,0
1781427600000000,1006.4,1011.07,1001.85,1007.16,34.7,1781431199999999,34930.1409,787,19.522,19661.62513,0
1781431200000000,1007.16,1016.94,1007.07,1010.22,34.519,1781434799999999,35017.53675,462,17.866,18143.51046,0
1781434800000000,1010.21,1015.81,1010.0,1012.29,18.103,1781438399999999,18317.20451,399,8.274,8374.98318,0
1781438400000000,1012.01,1014.83,1010.0,1010.12,12.751,1781441999999999,12905.22378,628,7.69,7781.69222,0
1781442000000000,1010.06,1010.1,1003.25,1007.22,28.829,1781445599999999,29021.96686,424,16.077,16176.26198,0
1781445600000000,1007.22,1016.08,1003.59,1010.04,15.856,1781449199999999,16000.22113,675,8.964,9045.56736,0
1781449200000000,1010.25,1016.06,1010.25,1015.42,17.812,1781452799999999,18051.83052,433,9.654,9781.0662,0
1781452800000000,1015.37,1017.27,1012.14,1012.73,8.39,1781456399999999,8509.16585,441,4.121,4179.77611,0
1781456400000000,1012.73,1013.92,1010.6,1011.12,6.951,1781459999999999,7031.7734,261,3.249,3287.19032,0
1781460000000000,1011.3,1011.46,1008.7,1011.24,10.533,1781463599999999,10649.22719,209,7.863,7949.89535,0
1781463600000000,1011.39,1011.95,1009.7,1009.7,9.71,1781467199999999,9820.97265,121,6.963,7043.55351,0
1781467200000000,1008.45,1011.1,1008.11,1011.1,4.059,1781470799999999,4096.15366,130,2.96,2987.97685,0
1781470800000000,1011.47,1044.18,1010.88,1043.64,61.533,1781474399999999,63240.11278,740,53.711,55279.91147,0
1781474400000000,1044.39,1044.39,1032.35,1032.93,47.759,1781477999999999,49494.52135,359,17.725,18383.00339,0
1781478000000000,1032.24,1039.01,1025.82,1034.81,48.043,1781481599999999,49501.8644,649,16.722,17270.10255,0
1781481600000000,1034.25,1038.15,1027.86,1030.55,78.192,1781485199999999,80650.23056,514,22.642,23350.94458,0
1781485200000000,1030.56,1030.67,1025.62,1026.56,43.478,1781488799999999,44688.75617,258,16.458,16918.59517,0
1781488800000000,1026.64,1032.78,1026.64,1029.69,16.932,1781492399999999,17451.06816,281,12.647,13036.0407,0
1781492400000000,1028.34,1033.08,1027.67,1031.23,59.523,1781495999999999,61399.77591,227,53.039,54716.06896,0
1781496000000000,1031.47,1033.65,1028.37,1032.52,12.155,1781499599999999,12543.89749,292,8.169,8433.16556,0
1781499600000000,1032.6,1033.14,1030.22,1031.63,75.96,1781503199999999,78435.34291,733,25.037,25857.03949,0
1781503200000000,1032.52,1036.17,1029.13,1034.33,36.758,1781506799999999,37938.77835,534,20.021,20689.94099,0
1781506800000000,1034.22,1037.09,1032.25,1035.44,27.573,1781510399999999,28558.45097,735,16.07,16647.59101,0
1781510400000000,1035.63,1068.54,1035.1,1062.79,132.147,1781513999999999,139223.70006,1228,75.651,79239.26326,0
1781514000000000,1062.79,1063.22,1051.44,1058.49,38.192,1781517599999999,40382.11984,945,23.123,24449.78368,0
1781517600000000,1058.51,1063.34,1056.25,1059.48,26.342,1781521199999999,27888.55056,516,19.702,20859.96282,0
1781521200000000,1057.79,1067.32,1056.96,1059.0,24.675,1781524799999999,26215.74891,673,14.239,15133.62517,0
1781524800000000,1058.97,1066.6,1058.97,1060.07,22.536,1781528399999999,23954.4157,468,7.779,8271.24976,0
1781528400000000,1060.97,1076.84,1055.02,1057.71,55.796,1781531999999999,59238.73959,1917,27.201,28876.48585,0
1781532000000000,1057.8,1072.38,1056.4,1067.5,36.98,1781535599999999,39363.6392,1065,19.576,20825.03242,0
1781535600000000,1067.91,1078.18,1067.48,1070.04,76.448,1781539199999999,81952.26862,853,36.05,38670.60769,0
1781539200000000,1070.65,1081.09,1070.65,1076.54,28.843,1781542799999999,31087.89649,460,12.98,13990.89408,0
1781542800000000,1075.7,1079.38,1069.94,1077.37,35.74,1781546399999999,38508.7472,239,18.934,20409.1238,0
1781546400000000,1077.37,1096.64,1074.82,1086.49,22.716,1781549999999999,24522.42348,422,12.883,13889.24479,0
1781550000000000,1086.73,1091.19,1077.16,1086.08,16.669,1781553599999999,18090.96437,644,9.894,10741.63905,0
1781553600000000,1085.62,1088.1,1078.05,1081.07,45.223,1781557199999999,49022.91262,539,30.352,32894.94146,0
1781557200000000,1081.08,1085.76,1078.91,1083.75,11.058,1781560799999999,11970.02188,284,5.316,5755.83762,0
1781560800000000,1084.23,1084.95,1078.58,1079.87,10.112,1781564399999999,10945.19094,355,3.74,4047.47636,0
1781564400000000,1079.87,1083.24,1077.38,1082.93,7.691,1781567999999999,8297.42497,415,3.869,4175.29086,0
1781568000000000,1083.07,1083.42,1064.11,1064.11,57.221,1781571599999999,61192.23987,505,45.43,48549.72479,0
1781571600000000,1064.0,1071.51,1057.0,1067.39,37.164,1781575199999999,39540.51296,466,7.349,7843.28802,0
1781575200000000,1067.39,1071.21,1062.88,1068.36,9.455,1781578799999999,10085.77939,217,4.203,4484.18413,0
1781578800000000,1069.43,1084.09,1069.29,1080.52,41.42,1781582399999999,44606.98941,400,15.497,16659.41457,0
1781582400000000,1080.52,1088.54,1077.92,1084.67,24.751,1781585999999999,26826.02223,322,8.357,9063.59087,0
1781586000000000,1084.82,1086.66,1075.0,1076.18,27.772,1781589599999999,30050.76974,522,12.388,13403.87893,0
1781589600000000,1078.2,1083.57,1077.68,1083.16,22.805,1781593199999999,24664.92355,836,9.334,10097.70774,0
1781593200000000,1083.3,1084.27,1081.0,1082.72,25.95,1781596799999999,28070.76201,583,7.386,7992.28802,0
1781596800000000,1082.71,1132.68,1082.36,1131.36,164.513,1781600399999999,183337.99206,1466,56.393,62276.87546,0
1781600400000000,1131.35,1131.36,1118.6,1119.05,50.643,1781603999999999,57057.31014,665,21.622,24340.6234,0
1781604000000000,1119.28,1129.59,1119.12,1125.71,30.214,1781607599999999,33892.67249,505,15.08,16915.25007,0
1781607600000000,1125.62,1135.05,1120.97,1123.68,19.593,1781611199999999,22092.48258,480,9.21,10381.53353,0
1781611200000000,1123.68,1126.98,1097.74,1103.13,37.732,1781614799999999,41858.90458,1062,18.119,20104.48352,0
1781614800000000,1102.51,1111.91,1088.1,1089.54,224.177,1781618399999999,245454.65215,1603,138.859,152190.5661,0
1781618400000000,1090.58,1093.46,1058.27,1062.39,79.978,1781621999999999,86444.81793,1554,42.515,45928.87524,0
1781622000000000,1062.62,1066.59,1024.18,1041.98,319.755,1781625599999999,331753.9831,1819,218.15,225619.72748,0
1781625600000000,1041.07,1058.98,1041.07,1049.45,351.737,1781629199999999,369106.7321,1445,139.424,146554.0004,0
1781629200000000,1049.64,1054.89,1040.52,1051.21,43.583,1781632799999999,45605.85665,428,15.241,15941.83117,0
1781632800000000,1051.31,1052.64,1032.84,1035.87,30.35,1781636399999999,31726.55205,320,17.246,18020.73833,0
1781636400000000,1036.44,1045.16,1024.83,1024.83,71.843,1781639999999999,74417.17943,971,39.596,41007.17796,0
1781640000000000,1024.62,1033.54,1023.34,1032.62,23.473,1781643599999999,24085.52888,218,11.699,11992.42037,0
1781643600000000,1032.48,1040.74,1032.48,1039.36,28.133,1781647199999999,29212.96454,258,2.677,2776.4841,0
1781647200000000,1039.59,1042.84,1038.7,1040.0,5.423,1781650799999999,5646.38046,58,1.988,2068.97658,0
1781650800000000,1040.06,1040.06,1037.04,1037.04,4.841,1781654399999999,5027.68137,57,2.351,2441.90023,0
1781654400000000,1038.34,1054.12,1038.34,1046.96,106.166,1781657999999999,111042.66399,802,67.401,70437.78982,0
1781658000000000,1047.53,1050.41,1040.94,1046.84,69.488,1781661599999999,72679.06862,718,43.868,45880.79547,0
1781661600000000,1046.84,1053.01,1045.1,1049.69,41.844,1781665199999999,43960.73107,1091,30.061,31579.99825,0
1781665200000000,1050.13,1051.05,1044.8,1049.94,18.196,1781668799999999,19087.37906,510,12.198,12795.76533,0
1781668800000000,1049.94,1057.32,1049.94,1055.64,35.735,1781672399999999,37652.72121,1252,28.583,30120.91558,0
1781672400000000,1055.72,1071.08,1055.41,1066.88,98.389,1781675999999999,104849.44639,2382,79.273,84431.88685,0
1781676000000000,1067.12,1069.09,1062.21,1066.79,192.607,1781679599999999,204976.06571,2119,169.507,180360.19384,0
1781679600000000,1066.79,1075.69,1066.26,1071.04,44.615,1781683199999999,47780.8089,1805,34.755,37223.58615,0
1781683200000000,1070.09,1076.37,1050.04,1060.34,45.422,1781686799999999,48235.98779,1955,31.281,33187.31436,0
1781686800000000,1060.03,1064.01,1050.76,1052.08,15.287,1781690399999999,16185.41676,876,9.255,9801.41778,0
1781690400000000,1052.29,1058.8,1047.57,1052.72,23.463,1781693999999999,24686.3935,790,8.622,9088.31096,0
1781694000000000,1054.51,1060.25,1044.48,1048.01,16.685,1781697599999999,17558.45693,849,7.254,7646.82863,0
1781697600000000,1048.97,1061.35,1046.34,1055.38,31.875,1781701199999999,33613.07211,1387,16.94,17871.36969,0
1781701200000000,1055.53,1062.62,1022.02,1022.83,108.523,1781704799999999,112922.03064,2158,33.144,34732.42403,0
1781704800000000,1023.13,1044.78,1014.07,1034.96,144.526,1781708399999999,149690.99307,2804,83.712,86767.67129,0
1781708400000000,1036.5,1059.0,1034.86,1059.0,64.214,1781711999999999,67326.73237,2180,49.567,51985.70847,0
1781712000000000,1059.33,1062.65,1054.2,1056.26,38.354,1781715599999999,40598.02923,1887,13.483,14284.2943,0
1781715600000000,1057.4,1072.49,1053.6,1066.83,29.831,1781719199999999,31706.90594,1634,20.093,21357.20089,0
1781719200000000,1066.9,1090.79,1036.0,1076.3,281.758,1781722799999999,299895.20415,2763,163.057,172611.92221,0
1781722800000000,1075.7,1093.96,1042.25,1044.21,234.488,1781726399999999,251759.96632,2135,165.308,177422.13634,0
1781726400000000,1044.32,1061.71,1044.32,1060.61,110.224,1781729999999999,116238.15761,985,79.539,83993.48567,0
1781730000000000,1060.79,1085.08,1058.24,1062.14,174.71,1781733599999999,186487.29162,1454,83.464,89416.81636,0
1781733600000000,1062.15,1072.9,1057.62,1072.75,20.849,1781737199999999,22282.67917,400,17.913,19148.37394,0
1781737200000000,1072.9,1084.74,1072.9,1077.81,23.879,1781740799999999,25781.02406,410,7.143,7704.70377,0
1781740800000000,1077.38,1085.64,1076.76,1077.38,85.833,1781744399999999,92744.46915,1343,54.627,59031.61212,0
1781744400000000,1077.87,1081.69,1076.64,1076.96,36.778,1781747999999999,39696.62208,1167,23.752,25643.9333,0
1781748000000000,1078.45,1082.19,1076.89,1078.75,40.413,1781751599999999,43627.93322,1109,20.276,21889.53792,0
1781751600000000,1079.42,1086.99,1078.59,1085.88,44.441,1781755199999999,48088.6961,1149,25.229,27301.55176,0
1781755200000000,1085.89,1086.97,1074.83,1081.91,53.656,1781758799999999,57998.95458,1023,25.171,27230.39455,0
1781758800000000,1081.91,1086.5,1078.0,1085.65,55.848,1781762399999999,60408.82764,993,34.141,36940.11351,0
1781762400000000,1085.64,1088.12,1084.0,1085.9,91.224,1781765999999999,99053.04209,786,69.979,75987.44512,0
1781766000000000,1085.1,1087.69,1083.19,1087.31,82.258,1781769599999999,89328.19766,744,60.169,65357.199,0
1781769600000000,1086.57,1095.15,1085.8,1085.8,38.874,1781773199999999,42380.20145,783,15.845,17282.31845,0
1781773200000000,1086.89,1094.33,1086.52,1094.33,18.416,1781776799999999,20087.7348,500,9.791,10684.46186,0
1781776800000000,1094.32,1094.33,1087.16,1089.4,32.626,1781780399999999,35596.07179,533,19.419,21191.8342,0
1781780400000000,1089.25,1097.93,1088.0,1093.58,75.431,1781783999999999,82385.43101,1045,36.212,39565.37173,0
1781784000000000,1094.33,1100.0,1089.96,1099.87,37.157,1781787599999999,40697.81016,361,24.927,27323.24798,0
1781787600000000,1098.97,1116.15,1095.82,1105.48,263.156,1781791199999999,290612.55584,1472,159.153,175782.11564,0
1781791200000000,1105.27,1129.82,1105.02,1128.46,155.045,1781794799999999,173471.73932,1604,75.721,84790.17859,0
1781794800000000,1128.3,1134.04,1117.44,1125.31,231.971,1781798399999999,261184.03334,2742,72.633,81777.01947,0
1781798400000000,1125.06,1131.12,1122.56,1128.51,78.14,1781801999999999,88065.18009,1198,38.783,43715.21904,0
1781802000000000,1128.37,1137.79,1125.17,1136.22,40.89,1781805599999999,46286.94921,490,19.37,21917.50173,0
1781805600000000,1136.85,1145.1,1136.85,1141.6,64.185,1781809199999999,73368.15961,636,29.071,33234.94122,0
1781809200000000,1141.55,1149.14,1131.0,1133.29,254.758,1781812799999999,290507.56441,1401,103.357,117629.48531,0
1781812800000000,1133.72,1142.24,1132.93,1140.63,35.697,1781816399999999,40657.28261,407,18.652,21254.17824,0
1781816400000000,1141.34,1156.16,1140.84,1154.33,84.472,1781819999999999,97056.8015,404,80.448,92435.75781,0
1781820000000000,1153.32,1156.16,1145.01,1146.79,35.866,1781823599999999,41325.98302,251,7.679,8856.78829,0
1781823600000000,1148.55,1153.68,1147.66,1152.96,30.883,1781827199999999,35559.91175,364,27.506,31674.36662,0
1781827200000000,1152.96,1156.19,1146.79,1151.62,51.655,1781830799999999,59533.55786,538,19.489,22488.51317,0
1781830800000000,1151.62,1152.56,1139.36,1142.29,113.622,1781834399999999,130182.03033,964,50.086,57445.74566,0
1781834400000000,1142.9,1143.46,1122.91,1136.42,267.837,1781837999999999,303087.84613,1398,151.948,171988.15195,0
1781838000000000,1136.03,1137.88,1113.0,1116.4,144.667,1781841599999999,162695.41325,678,49.211,55573.87439,0
1781841600000000,1116.22,1122.95,1107.63,1112.98,154.3,1781845199999999,172463.32163,900,47.221,52764.27196,0
1781845200000000,1113.43,1114.23,1102.68,1111.0,90.995,1781848799999999,101019.31765,670,35.382,39303.33022,0
1781848800000000,1110.95,1119.83,1106.51,1117.61,256.424,1781852399999999,285014.84382,1230,212.184,235838.49767,0
1781852400000000,1120.77,1124.6,1113.02,1118.7,58.353,1781855999999999,65205.51436,519,34.621,38698.53994,0
1781856000000000,1117.69,1126.41,1116.08,1125.74,105.151,1781859599999999,117938.30619,546,90.105,101062.02363,0
1781859600000000,1126.82,1127.72,1117.58,1120.0,259.409,1781863199999999,291441.88993,1165,117.572,132025.45983,0
1781863200000000,1120.15,1120.15,1101.14,1107.0,103.2,1781866799999999,114553.08772,931,31.783,35302.52409,0
1781866800000000,1107.0,1116.66,1105.71,1114.0,118.431,1781870399999999,131280.27651,593,104.38,115674.60823,0
1781870400000000,1113.82,1122.54,1108.12,1118.89,14.56,1781873999999999,16190.16548,115,12.882,14327.30775,0
1781874000000000,1120.75,1122.18,1111.25,1115.42,56.435,1781877599999999,63087.5494,506,22.443,25109.89003,0
1781877600000000,1115.86,1120.55,1115.86,1119.11,29.922,1781881199999999,33498.3321,247,10.872,12171.28759,0
1781881200000000,1119.61,1121.19,1117.68,1118.39,13.561,1781884799999999,15188.49807,215,6.572,7360.59493,0
1781884800000000,1118.0,1127.8,1117.77,1117.77,34.883,1781888399999999,39089.86583,195,12.086,13565.99513,0
1781888400000000,1120.18,1123.46,1118.84,1119.69,6.642,1781891999999999,7448.91569,52,4.663,5230.52419,0
1781892000000000,1121.43,1121.71,1115.94,1118.23,7.722,1781895599999999,8639.69394,142,3.293,3686.03733,0
1781895600000000,1120.51,1121.61,1118.28,1121.04,12.406,1781899199999999,13897.84198,105,8.056,9030.09745,0
1781899200000000,1122.54,1124.14,1119.8,1124.14,1.106,1781902799999999,1240.1864,44,0.515,578.04844,0
1781902800000000,1124.64,1128.69,1124.64,1126.99,42.235,1781906399999999,47557.07556,116,41.91,47191.05532,0
1781906400000000,1129.26,1129.49,1123.21,1126.85,6.645,1781909999999999,7479.44072,88,2.784,3133.918,0
1781910000000000,1127.01,1134.19,1127.01,1131.56,8.687,1781913599999999,9826.8551,74,3.967,4485.0261,0
1781913600000000,1130.49,1133.75,1130.49,1132.83,4.691,1781917199999999,5313.24571,60,4.423,5010.14727,0
1781917200000000,1130.94,1132.41,1125.73,1129.09,12.019,1781920799999999,13567.95152,208,4.029,4548.761,0
1781920800000000,1129.7,1133.76,1128.45,1133.38,8.123,1781924399999999,9191.94346,138,4.542,5139.97766,0
1781924400000000,1133.42,1138.86,1133.37,1137.53,24.674,1781927999999999,28039.0297,136,19.456,22115.9228,0
1781928000000000,1137.53,1141.62,1135.68,1140.27,26.331,1781931599999999,29966.92396,171,3.666,4180.78269,0
1781931600000000,1141.48,1145.0,1138.48,1139.86,67.534,1781935199999999,77189.38158,271,47.155,53915.76888,0
1781935200000000,1139.74,1148.9,1138.71,1148.9,40.341,1781938799999999,46090.35803,191,22.419,25646.94035,0
1781938800000000,1149.45,1149.45,1137.84,1139.98,45.751,1781942399999999,52390.40569,285,9.311,10659.30042,0
1781942400000000,1140.34,1146.83,1140.34,1144.43,26.925,1781945999999999,30826.21801,158,18.029,20639.18757,0
1781946000000000,1146.36,1146.7,1122.23,1136.04,137.664,1781949599999999,156117.81795,644,24.104,27339.21441,0
1781949600000000,1136.27,1139.75,1132.07,1134.17,15.919,1781953199999999,18079.76685,223,7.092,8057.40973,0
1781953200000000,1133.98,1138.01,1131.52,1138.01,34.024,1781956799999999,38540.39108,136,25.363,28728.45648,0
1781956800000000,1138.2,1139.73,1133.45,1133.56,12.045,1781960399999999,13701.86747,159,2.433,2769.94417,0
1781960400000000,1135.66,1138.05,1128.8,1129.03,16.758,1781963999999999,18973.48619,153,5.449,6174.63937,0
1781964000000000,1129.01,1141.0,1127.27,1138.12,33.669,1781967599999999,38136.84179,162,15.237,17316.51357,0
1781967600000000,1138.26,1140.64,1135.08,1137.38,47.031,1781971199999999,53538.77631,193,30.473,34703.35285,0
1781971200000000,1137.41,1139.11,1134.3,1137.85,44.595,1781974799999999,50741.13176,276,8.032,9135.13312,0
1781974800000000,1137.43,1137.43,1132.28,1132.9,18.829,1781978399999999,21370.28644,260,8.12,9223.4448,0
1781978400000000,1133.54,1134.15,1132.18,1133.19,2.26,1781981999999999,2561.04616,103,1.549,1755.63752,0
1781982000000000,1133.19,1133.2,1132.2,1133.19,31.433,1781985599999999,35619.39886,229,28.873,32718.85773,0
1781985600000000,1133.2,1137.4,1131.88,1137.4,5.228,1781989199999999,5925.99505,90,4.226,4790.29925,0
1781989200000000,1135.71,1137.17,1133.11,1136.66,3.245,1781992799999999,3682.90308,53,1.434,1627.59816,0
1781992800000000,1136.95,1136.97,1133.29,1136.17,3.529,1781996399999999,4003.57647,61,0.937,1063.17179,0
1781996400000000,1136.35,1139.13,1136.35,1139.02,32.542,1781999999999999,37029.10733,105,1.433,1630.61202,0
1782000000000000,1138.3,1138.3,1132.5,1133.96,12.59,1782003599999999,14285.87186,108,7.143,8102.45312,0
1782003600000000,1133.96,1140.24,1132.07,1140.21,23.431,1782007199999999,26602.06706,89,22.699,25770.63528,0
1782007200000000,1140.21,1141.42,1137.6,1140.23,19.186,1782010799999999,21862.06373,77,12.41,14149.43939,0
1782010800000000,1139.89,1145.67,1138.83,1143.25,7.676,1782014399999999,8775.09806,84,4.649,5315.48476,0
1782014400000000,1144.79,1146.54,1142.98,1144.69,38.908,1782017999999999,44530.24559,142,22.258,25496.90557,0
1782018000000000,1146.33,1146.6,1142.98,1146.6,17.043,1782021599999999,19494.2231,152,7.906,9043.62072,0
1782021600000000,1147.05,1149.99,1143.21,1144.05,10.009,1782025199999999,11475.30678,146,1.072,1228.96941,0
1782025200000000,1145.55,1149.51,1144.65,1148.89,14.364,1782028799999999,16475.84639,130,7.268,8337.01634,0
1782028800000000,1149.61,1150.76,1144.1,1146.2,10.769,1782032399999999,12361.20077,126,4.624,5309.52705,0
1782032400000000,1145.61,1146.8,1141.79,1141.79,6.368,1782035999999999,7286.37788,83,1.817,2080.66244,0
1782036000000000,1142.85,1148.29,1141.03,1148.28,27.064,1782039599999999,30964.76755,198,17.828,20401.11208,0
1782039600000000,1146.84,1147.15,1143.12,1144.41,7.953,1782043199999999,9109.01463,88,3.651,4182.28089,0
1782043200000000,1145.42,1146.24,1142.9,1144.1,19.386,1782046799999999,22192.25099,189,4.828,5525.68931,0
1782046800000000,1144.04,1145.23,1138.19,1140.58,28.631,1782050399999999,32700.82697,208,10.648,12171.38371,0
1782050400000000,1140.73,1145.18,1140.73,1142.17,3.779,1782053999999999,4322.08933,59,2.079,2378.18273,0
1782054000000000,1144.18,1148.48,1143.42,1146.69,27.02,1782057599999999,30993.35653,128,6.659,7635.51847,0
1782057600000000,1144.4,1148.49,1144.4,1145.9,14.565,1782061199999999,16709.16247,120,13.777,15806.00895,0
1782061200000000,1146.9,1147.63,1144.1,1145.57,1.574,1782064799999999,1803.92075,81,0.808,926.54662,0
1782064800000000,1146.83,1146.84,1142.43,1143.83,19.441,1782068399999999,22255.26132,251,4.239,4853.90159,0
1782068400000000,1142.17,1143.35,1140.33,1141.26,7.793,1782071999999999,8895.07036,97,1.942,2217.60041,0
1782072000000000,1142.16,1142.8,1138.28,1138.28,3.009,1782075599999999,3433.13276,34,1.63,1861.8407,0
1782075600000000,1140.04,1146.19,1138.08,1146.19,10.52,1782079199999999,12001.27174,67,9.115,10400.68459,0
1782079200000000,1143.31,1144.75,1139.42,1142.36,36.168,1782082799999999,41290.44608,164,23.845,27194.0083,0
1782082800000000,1139.4,1139.4,1118.47,1124.42,105.782,1782086399999999,119554.81881,567,20.36,22998.85954,0
1782086400000000,1123.88,1150.2,1120.84,1150.2,105.229,1782089999999999,119570.68744,557,25.616,29073.7308,0
1782090000000000,1150.48,1173.67,1149.26,1167.06,105.787,1782093599999999,123362.64772,650,52.593,61325.28264,0
1782093600000000,1163.93,1167.47,1160.92,1164.01,33.943,1782097199999999,39487.69718,165,25.656,29833.31855,0
1782097200000000,1162.05,1165.48,1156.47,1160.22,73.729,1782100799999999,85560.42806,185,60.322,69980.1331,0
1782100800000000,1161.27,1164.43,1147.04,1153.61,198.71,1782104399999999,228453.53945,498,46.496,53549.83581,0
1782104400000000,1155.06,1161.68,1153.78,1158.42,34.008,1782107999999999,39353.23214,299,20.259,23445.64353,0
1782108000000000,1159.03,1170.23,1158.55,1169.55,4.117,1782111599999999,4805.79677,90,3.188,3722.77902,0
1782111600000000,1170.18,1173.62,1166.05,1168.37,67.68,1782115199999999,79179.17345,517,53.176,62225.30941,0
1782115200000000,1167.03,1173.77,1163.87,1173.77,56.849,1782118799999999,66384.03514,537,41.339,48296.69637,0
1782118800000000,1172.17,1174.65,1170.36,1170.47,43.615,1782122399999999,51145.62247,224,33.169,38910.12423,0
1782122400000000,1171.43,1185.0,1171.43,1181.13,62.501,1782125999999999,73672.46918,385,26.59,31297.36906,0
1782126000000000,1181.93,1193.13,1180.02,1183.22,75.33,1782129599999999,89465.29299,613,52.436,62302.9414,0
1782129600000000,1184.42,1189.68,1180.0,1185.48,30.574,1782133199999999,36240.99818,268,12.155,14404.26088,0
1782133200000000,1185.15,1205.0,1168.91,1183.34,185.903,1782136799999999,220850.39095,1778,90.924,108062.24764,0
1782136800000000,1183.18,1196.23,1178.94,1189.47,158.785,1782140399999999,188549.21663,1513,91.753,109044.45229,0
1782140400000000,1191.36,1194.08,1172.4,1179.44,120.323,1782143999999999,142350.3838,1090,68.967,81645.99268,0
1782144000000000,1178.89,1201.49,1178.89,1192.01,44.851,1782147599999999,53522.49047,880,24.793,29599.24401,0
1782147600000000,1191.76,1201.39,1187.66,1199.01,22.934,1782151199999999,27412.06663,681,16.18,19346.2892,0
1782151200000000,1198.54,1201.72,1187.29,1190.01,19.097,1782154799999999,22802.2823,556,9.205,10979.45527,0
1782154800000000,1190.21,1213.01,1188.49,1213.01,69.88,1782158399999999,83491.02586,886,52.857,63197.34373,0
1782158400000000,1210.96,1246.0,1208.19,1245.0,87.656,1782161999999999,107904.18948,1123,28.995,35615.31127,0
1782162000000000,1245.0,1245.55,1230.27,1235.7,115.143,1782165599999999,142255.2172,1093,44.466,54837.69309,0
1782165600000000,1235.7,1240.35,1223.88,1230.4,38.672,1782169199999999,47568.89081,1022,27.737,34119.97891,0
1782169200000000,1230.3,1230.95,1224.64,1230.01,61.269,1782172799999999,75326.96424,985,14.107,17341.75525,0
1782172800000000,1230.0,1234.07,1166.49,1206.98,403.325,1782176399999999,481029.49266,1823,191.349,226996.15136,0
1782176400000000,1206.9,1207.71,1173.76,1177.22,108.102,1782179999999999,128255.24621,757,28.233,33640.17595,0
1782180000000000,1177.18,1186.97,1169.5,1173.31,195.995,1782183599999999,230852.29796,838,65.177,76661.01577,0
1782183600000000,1173.13,1174.86,1145.06,1173.81,284.35,1782187199999999,327584.14529,859,134.029,154125.51591,0
1782187200000000,1174.18,1180.3,1151.88,1158.62,107.314,1782190799999999,124648.32857,871,56.901,66039.53277,0
1782190800000000,1158.13,1161.59,1102.22,1105.77,357.717,1782194399999999,402202.28594,1233,250.003,280493.18706,0
1782194400000000,1104.51,1138.0,1102.44,1128.7,523.146,1782197999999999,586273.0207,1560,133.005,149059.40736,0
1782198000000000,1128.35,1156.63,1120.14,1121.65,305.661,1782201599999999,347804.52892,1277,195.015,221213.662,0
1782201600000000,1121.75,1127.31,1090.0,1108.89,386.13,1782205199999999,426757.68151,1210,225.527,249038.11244,0
1782205200000000,1110.12,1127.17,1110.12,1118.01,54.703,1782208799999999,61284.35466,411,23.667,26509.17227,0
1782208800000000,1121.08,1121.3,1098.55,1111.86,101.248,1782212399999999,111923.76121,466,60.715,67083.88456,0
1782212400000000,1113.1,1134.32,1113.1,1132.95,101.313,1782215999999999,113720.67633,540,75.037,84231.37226,0
1782216000000000,1137.41,1142.48,1095.45,1095.95,98.748,1782219599999999,110142.29983,508,40.147,44756.85815,0
1782219600000000,1096.8,1099.35,1054.78,1091.2,1036.438,1782223199999999,1120620.34581,3118,552.712,596712.21249,0
1782223200000000,1093.06,1125.0,1083.76,1089.46,399.554,1782226799999999,439656.86,1629,263.202,289089.22278,0
1782226800000000,1089.66,1094.92,1075.09,1084.37,63.364,1782230399999999,68525.05189,900,29.154,31542.04069,0
1782230400000000,1084.38,1098.46,1078.8,1080.82,82.834,1782233999999999,90271.3041,845,37.302,40741.24557,0
1782234000000000,1080.03,1081.5,1057.74,1057.74,44.476,1782237599999999,47748.47025,641,21.046,22658.26273,0
1782237600000000,1057.5,1062.56,1040.64,1047.17,130.173,1782241199999999,137010.5345,849,57.095,60227.49427,0
1782241200000000,1046.4,1061.92,1046.13,1051.66,298.065,1782244799999999,314301.94803,1747,269.478,284208.28586,0
1782244800000000,1052.41,1070.95,1050.6,1061.67,60.182,1782248399999999,64201.41686,968,17.002,18092.31853,0
1782248400000000,1061.3,1080.81,1059.96,1080.8,40.09,1782251999999999,42714.51952,853,38.085,40577.04798,0
1782252000000000,1079.33,1087.08,1064.85,1064.85,20.747,1782255599999999,22379.2956,715,10.554,11405.15067,0
1782255600000000,1065.9,1070.67,1053.0,1063.94,41.424,1782259199999999,44044.75157,738,23.422,24898.02844,0
1782259200000000,1066.92,1115.44,1066.92,1099.47,424.544,1782262799999999,464695.76785,1954,141.878,154853.22185,0
1782262800000000,1095.84,1105.22,1084.61,1103.5,83.728,1782266399999999,91682.49578,702,34.565,37730.29026,0
1782266400000000,1103.5,1103.5,1060.0,1060.01,92.626,1782269999999999,100016.06638,695,51.136,54971.36293,0
1782270000000000,1063.35,1081.63,1061.2,1075.99,228.182,1782273599999999,245559.42339,1235,79.531,85486.23133,0
1782273600000000,1075.99,1076.64,1059.81,1076.21,184.559,1782277199999999,196616.39042,1053,124.416,132340.45229,0
1782277200000000,1076.78,1099.64,1076.1,1086.49,172.081,1782280799999999,188222.30361,1366,153.084,167460.20913,0
1782280800000000,1086.49,1095.36,1083.74,1090.47,84.523,1782284399999999,92356.09665,1391,67.57,73844.90168,0
1782284400000000,1090.98,1092.22,1081.88,1081.99,136.545,1782287999999999,148791.91313,1307,63.648,69380.41438,0
1782288000000000,1082.87,1108.11,1082.87,1095.4,80.645,1782291599999999,88626.47943,888,44.746,49147.85045,0
1782291600000000,1095.4,1099.24,1088.17,1093.06,62.378,1782295199999999,68121.577,643,29.382,32071.71806,0
1782295200000000,1092.59,1096.73,1087.93,1088.38,72.133,1782298799999999,78624.91883,546,52.837,57586.74144,0
1782298800000000,1088.55,1103.98,1079.99,1102.58,145.532,1782302399999999,158435.13847,1022,75.648,82366.78224,0
1782302400000000,1099.11,1106.47,1088.82,1088.82,93.834,1782305999999999,103036.22162,849,37.946,41700.50695,0
1782306000000000,1090.8,1094.11,1034.27,1047.59,309.616,1782309599999999,329071.41953,2165,130.661,139193.31996,0
1782309600000000,1047.6,1059.06,1030.92,1052.14,304.958,1782313199999999,319564.24105,2230,139.648,146106.55227,0
1782313200000000,1052.4,1054.51,1030.99,1043.28,183.331,1782316799999999,191031.87919,1520,106.996,111469.59879,0
1782316800000000,1043.12,1050.44,1037.73,1038.64,55.679,1782320399999999,58054.29378,684,36.685,38284.761,0
1782320400000000,1037.85,1043.62,1015.58,1016.52,243.975,1782323999999999,251158.08453,1326,176.046,181415.57009,0
1782324000000000,1015.72,1034.01,1012.69,1012.79,87.034,1782327599999999,89097.4013,604,44.94,46021.97337,0
1782327600000000,1012.68,1050.0,992.39,1049.14,168.464,1782331199999999,169607.15814,1094,112.994,113684.62505,0
1782331200000000,1045.79,1216.12,1032.0,1199.41,1204.361,1782334799999999,1374733.52351,6864,550.186,631006.14537,0
1782334800000000,1200.73,1207.78,1162.1,1191.72,636.301,1782338399999999,752990.03454,2624,344.145,406580.72096,0
1782338400000000,1192.75,1208.84,1184.56,1200.0,96.554,1782341999999999,115627.46921,752,29.988,35931.41761,0
1782342000000000,1200.11,1219.69,1200.0,1214.91,135.933,1782345599999999,164947.87593,1096,60.448,73295.28433,0
1782345600000000,1214.91,1223.21,1182.5,1192.94,272.147,1782349199999999,325757.62624,1230,168.187,200755.1509,0
1782349200000000,1192.19,1208.69,1192.11,1204.74,155.427,1782352799999999,186637.93829,945,61.577,73866.32365,0
1782352800000000,1203.53,1210.76,1195.82,1208.32,67.262,1782356399999999,81124.18621,376,30.769,37100.9765,0
1782356400000000,1208.31,1216.1,1206.12,1213.78,177.537,1782359999999999,214813.29629,926,52.052,62992.15565,0
1782360000000000,1213.14,1236.82,1212.0,1235.87,193.429,1782363599999999,236991.94231,1167,113.049,138617.63248,0
1782363600000000,1235.92,1252.7,1232.16,1234.75,360.572,1782367199999999,447107.09601,1657,112.298,139280.16356,0
1782367200000000,1234.28,1243.21,1233.37,1239.69,76.902,1782370799999999,95271.89122,983,34.458,42688.55757,0
1782370800000000,1240.0,1247.36,1235.93,1239.5,189.905,1782374399999999,236045.75399,1266,90.559,112500.62009,0
1782374400000000,1239.55,1239.55,1214.68,1217.73,272.582,1782377999999999,335125.89063,2024,93.757,115370.83286,0
1782378000000000,1218.16,1233.0,1217.5,1222.93,240.302,1782381599999999,294804.9657,1995,108.564,133209.04474,0
1782381600000000,1222.94,1242.97,1222.93,1236.82,367.882,1782385199999999,454787.64433,2341,226.862,280381.22215,0
1782385200000000,1236.83,1248.97,1230.0,1234.86,229.694,1782388799999999,285150.69427,1986,121.288,150742.65775,0
1782388800000000,1235.69,1249.01,1228.09,1246.26,179.172,1782392399999999,222171.47852,2942,90.501,112139.36324,0
1782392400000000,1246.23,1256.52,1139.16,1139.67,1562.051,1782395999999999,1855972.07642,9887,874.893,1041092.417,0
1782396000000000,1141.4,1185.53,1139.85,1178.53,1329.376,1782399599999999,1544635.42464,8182,879.081,1021094.25507,0
1782399600000000,1179.87,1202.15,1165.8,1194.54,328.769,1782403199999999,390480.9503,3535,158.411,188697.81711,0
1782403200000000,1195.91,1222.7,1195.68,1216.15,285.865,1782406799999999,346485.05096,2445,150.949,183201.01542,0
1782406800000000,1216.85,1237.76,1213.88,1237.75,144.907,1782410399999999,178453.9134,1547,67.663,83274.87883,0
1782410400000000,1237.83,1238.52,1214.65,1229.2,194.671,1782413999999999,239588.60711,1668,75.585,92904.08629,0
1782414000000000,1227.1,1228.65,1196.24,1215.49,349.659,1782417599999999,422089.31678,2260,141.332,170957.36537,0
1782417600000000,1215.5,1226.49,1202.5,1208.25,138.061,1782421199999999,167506.10073,2521,45.142,54747.25706,0
1782421200000000,1208.61,1209.97,1196.0,1196.85,105.3,1782424799999999,126391.90749,830,82.25,98710.69154,0
1782424800000000,1198.58,1198.58,1171.0,1184.58,236.385,1782428399999999,279921.98174,1360,95.851,113640.68973,0
1782428400000000,1185.75,1200.34,1185.31,1189.09,50.786,1782431999999999,60616.37292,752,31.361,37415.84713,0
1782432000000000,1189.95,1198.04,1165.68,1175.36,200.18,1782435599999999,236142.70585,1912,90.885,107314.70929,0
1782435600000000,1174.63,1178.46,1160.72,1162.5,215.952,1782439199999999,252677.07764,1367,68.35,80116.84118,0
1782439200000000,1161.28,1166.3,1137.65,1147.8,324.347,1782442799999999,372675.08349,2474,130.71,150672.91913,0
1782442800000000,1147.16,1157.92,1110.0,1157.91,1030.808,1782446399999999,1165138.30417,4094,575.946,651869.00823,0
1782446400000000,1157.89,1166.34,1144.7,1146.64,259.937,1782449999999999,300812.08976,2915,137.049,158536.98483,0
1782450000000000,1146.93,1170.19,1144.85,1154.9,426.077,1782453599999999,494653.48642,3116,332.257,385971.77731,0
1782453600000000,1155.47,1177.85,1150.4,1175.58,134.783,1782457199999999,157189.71991,1751,87.705,102260.98842,0
1782457200000000,1175.42,1181.31,1167.81,1173.04,92.353,1782460799999999,108484.81241,1585,52.831,62026.92253,0
1782460800000000,1173.47,1173.47,1150.0,1161.25,319.426,1782464399999999,371479.55024,5344,180.72,210150.25839,0
1782464400000000,1162.07,1162.78,1148.94,1152.65,141.921,1782467999999999,163990.59449,3627,56.076,64808.92132,0
1782468000000000,1151.85,1153.44,1142.49,1149.93,80.041,1782471599999999,91930.34964,2713,35.668,40958.24608,0
1782471600000000,1150.09,1166.89,1150.09,1154.88,135.275,1782475199999999,156587.49856,3313,48.523,56174.75755,0
1782475200000000,1155.06,1160.01,1135.01,1139.38,321.008,1782478799999999,368507.96385,2857,155.732,179209.6665,0
1782478800000000,1139.1,1174.92,1121.27,1173.84,614.667,1782482399999999,701408.15064,6890,303.643,346369.83008,0
1782482400000000,1174.12,1198.97,1158.3,1164.35,587.083,1782485999999999,692695.42251,5309,262.63,309769.59887,0
1782486000000000,1164.23,1183.73,1152.0,1167.14,249.49,1782489599999999,291210.36154,2851,78.185,91151.80751,0
1782489600000000,1166.47,1191.01,1165.13,1179.29,208.136,1782493199999999,245514.17455,2321,135.467,159971.53172,0
1782493200000000,1178.53,1187.96,1160.0,1160.94,87.721,1782496799999999,102742.02256,2344,27.344,32106.53728,0
1782496800000000,1160.59,1163.58,1143.97,1147.24,161.102,1782500399999999,185709.65755,2107,42.399,48704.80823,0
1782500400000000,1147.5,1157.64,1126.97,1127.35,240.225,1782503999999999,274424.61435,2642,94.42,107880.13662,0
1782504000000000,1127.06,1140.61,1126.51,1132.8,68.731,1782507599999999,78002.08475,1179,30.848,35016.32448,0
1782507600000000,1132.67,1134.0,1124.69,1132.41,107.595,1782511199999999,121529.13996,1091,49.513,55937.6751,0
1782511200000000,1132.4,1133.87,1130.0,1131.74,30.106,1782514799999999,34070.41329,485,17.124,19378.73081,0
1782514800000000,1131.64,1139.07,1131.64,1135.85,21.679,1782518399999999,24610.64389,379,13.256,15045.58975,0
1782518400000000,1135.87,1141.06,1132.7,1138.55,92.384,1782521999999999,104952.99206,1033,38.766,44071.81164,0
1782522000000000,1138.3,1145.4,1135.52,1141.48,69.022,1782525599999999,78731.36584,658,36.889,42109.26983,0
1782525600000000,1141.29,1153.52,1137.76,1138.52,146.203,1782529199999999,167577.01682,1053,83.028,95251.55846,0
1782529200000000,1138.49,1143.42,1137.54,1139.07,31.579,1782532799999999,36015.05921,423,14.815,16899.27723,0
1782532800000000,1140.29,1142.26,1138.16,1138.16,22.057,1782536399999999,25155.28661,278,11.606,13240.05276,0
1782536400000000,1137.92,1139.67,1136.64,1137.46,21.446,1782539999999999,24411.24321,302,7.682,8744.94181,0
1782540000000000,1137.19,1139.7,1135.12,1139.56,17.339,1782543599999999,19728.27362,365,6.793,7731.5652,0
1782543600000000,1139.23,1140.65,1137.43,1140.5,17.471,1782547199999999,19893.6069,248,6.38,7265.51406,0
1782547200000000,1140.5,1140.73,1138.06,1138.06,27.366,1782550799999999,31154.67099,340,8.373,9532.24565,0
1782550800000000,1138.07,1138.26,1134.84,1136.83,72.916,1782554399999999,82872.20385,485,20.87,23704.84625,0
1782554400000000,1136.85,1138.42,1136.05,1138.02,49.299,1782557999999999,56074.84621,408,6.338,7209.71004,0
1782558000000000,1138.28,1139.64,1137.34,1139.63,12.227,1782561599999999,13921.96587,176,7.232,8234.3695,0
1782561600000000,1139.17,1139.82,1138.71,1139.39,17.915,1782565199999999,20408.63767,172,6.695,7626.95113,0
1782565200000000,1139.63,1145.1,1139.63,1144.33,24.868,1782568799999999,28440.24869,339,12.629,14442.54643,0
1782568800000000,1145.09,1145.09,1140.31,1140.96,10.606,1782572399999999,12108.546,114,5.653,6451.99836,0
1782572400000000,1140.4,1144.06,1140.4,1141.83,10.531,1782575999999999,12029.4277,183,6.226,7111.40723,0
1782576000000000,1141.36,1141.79,1139.29,1139.95,14.246,1782579599999999,16248.67955,219,6.265,7146.03152,0
1782579600000000,1140.1,1140.18,1137.5,1138.5,32.881,1782583199999999,37454.10956,353,11.002,12534.62095,0
1782583200000000,1138.95,1142.91,1138.95,1142.51,10.461,1782586799999999,11932.81537,176,6.722,7667.96681,0
1782586800000000,1143.0,1143.96,1132.7,1132.7,139.426,1782590399999999,158093.11401,714,25.806,29279.36176,0
1782590400000000,1132.71,1134.75,1131.46,1133.58,86.915,1782593999999999,98495.24101,554,38.684,43826.80943,0
1782594000000000,1133.41,1138.42,1132.98,1132.98,23.533,1782597599999999,26731.58163,283,11.366,12907.22591,0
1782597600000000,1132.92,1134.62,1127.71,1131.9,120.735,1782601199999999,136575.63847,973,53.2,60183.18774,0
1782601200000000,1131.39,1135.2,1130.45,1132.25,68.766,1782604799999999,77894.67728,538,22.138,25074.02902,0
1782604800000000,1132.31,1137.23,1122.6,1124.8,28.841,1782608399999999,32624.45071,986,17.364,19649.63332,0
1782608400000000,1124.37,1129.63,1120.97,1127.62,88.054,1782611999999999,99094.99225,1660,39.757,44769.9528,0
1782612000000000,1127.62,1130.22,1125.42,1129.19,41.398,1782615599999999,46683.68577,560,13.018,14679.92941,0
1782615600000000,1129.37,1131.2,1129.12,1129.44,13.564,1782619199999999,15327.99031,249,5.709,6451.61345,0
1782619200000000,1129.84,1133.06,1129.58,1130.7,7.967,1782622799999999,9009.89328,175,5.466,6182.2996,0
1782622800000000,1131.32,1131.53,1125.45,1126.77,13.302,1782626399999999,15003.53145,331,5.639,6359.49336,0
1782626400000000,1126.96,1129.03,1125.18,1127.46,9.172,1782629999999999,10343.70431,95,7.762,8755.14423,0
1782630000000000,1127.33,1135.26,1126.97,1132.39,14.169,1782633599999999,16043.6852,412,6.635,7511.59751,0
1782633600000000,1132.43,1142.94,1132.41,1140.65,56.681,1782637199999999,64375.16193,820,30.526,34675.93226,0
1782637200000000,1140.76,1144.28,1138.45,1140.36,60.779,1782640799999999,69378.21196,849,36.579,41780.0508,0
1782640800000000,1140.28,1141.37,1136.11,1138.63,36.626,1782644399999999,41691.42046,237,21.482,24451.24135,0
1782644400000000,1139.79,1144.71,1139.79,1140.37,38.88,1782647999999999,44413.76858,526,13.816,15774.89591,0
1782648000000000,1140.02,1142.7,1140.01,1141.1,8.231,1782651599999999,9393.96084,105,1.769,2019.50084,0
1782651600000000,1141.01,1144.72,1139.59,1143.81,13.043,1782655199999999,14884.80038,180,2.439,2788.78303,0
1782655200000000,1144.19,1149.66,1143.48,1147.77,30.285,1782658799999999,34782.5536,215,11.083,12721.35971,0
1782658800000000,1147.77,1149.44,1146.3,1146.32,32.717,1782662399999999,37554.31482,85,18.386,21108.50447,0
1782662400000000,1146.07,1150.62,1145.32,1146.04,23.733,1782665999999999,27243.29946,140,18.834,21621.73508,0
1782666000000000,1146.03,1147.46,1143.11,1147.25,3.617,1782669599999999,4139.99118,99,2.532,2897.43316,0
1782669600000000,1147.89,1149.43,1147.03,1147.03,6.341,1782673199999999,7277.53637,38,2.071,2378.30002,0
1782673200000000,1148.58,1150.08,1146.25,1146.25,2.054,1782676799999999,2359.55284,34,1.766,2029.16625,0
1782676800000000,1145.68,1156.68,1144.89,1156.68,14.767,1782680399999999,17032.9769,91,14.118,16288.75104,0
1782680400000000,1155.87,1158.0,1147.49,1147.88,10.621,1782683999999999,12257.6998,89,1.364,1575.30423,0
1782684000000000,1147.72,1157.13,1147.13,1154.27,38.35,1782687599999999,44312.40537,181,13.543,15641.73176,0
1782687600000000,1153.81,1162.01,1151.55,1155.18,31.826,1782691199999999,36737.13299,153,12.774,14756.54154,0
1782691200000000,1157.7,1164.41,1123.92,1142.28,503.68,1782694799999999,578753.01449,1267,235.828,271257.68394,0
1782694800000000,1141.06,1148.16,1135.12,1143.34,26.495,1782698399999999,30206.92318,246,13.392,15250.95118,0
1782698400000000,1141.76,1144.33,1137.92,1143.53,8.547,1782701999999999,9757.86183,101,5.038,5753.44768,0
1782702000000000,1143.55,1146.9,1134.28,1140.21,15.928,1782705599999999,18197.34978,102,11.147,12738.89035,0
1782705600000000,1139.57,1139.62,1125.0,1126.44,74.433,1782709199999999,84012.66658,294,29.958,33774.83126,0
1782709200000000,1125.68,1155.5,1122.11,1152.27,440.979,1782712799999999,503746.31474,1077,343.119,392249.79264,0
1782712800000000,1153.91,1161.0,1146.98,1154.89,107.766,1782716399999999,124416.99132,746,49.543,57182.50997,0
1782716400000000,1153.78,1161.28,1149.45,1158.98,70.881,1782719999999999,82115.40114,663,56.508,65468.32906,0
1782720000000000,1159.13,1166.02,1148.88,1152.08,84.438,1782723599999999,97745.38308,594,52.015,60282.93189,0
1782723600000000,1151.81,1151.81,1139.19,1141.34,96.128,1782727199999999,110112.32077,324,13.674,15645.94878,0
1782727200000000,1142.0,1152.57,1142.0,1145.86,59.874,1782730799999999,68675.76813,302,30.498,34965.7044,0
1782730800000000,1145.89,1148.16,1125.65,1129.72,129.762,1782734399999999,146841.03859,572,35.07,39631.16242,0
1782734400000000,1129.85,1138.29,1125.06,1130.82,233.692,1782737999999999,264868.53466,669,81.05,91766.61356,0
1782738000000000,1131.13,1136.81,1065.0,1066.0,1172.791,1782741599999999,1289048.51973,2834,674.3,739850.13006,0
1782741600000000,1065.06,1068.25,1027.78,1064.13,4175.539,1782745199999999,4384218.60254,5249,2045.51,2145951.11681,0
1782745200000000,1064.76,1098.25,1063.61,1095.57,476.22,1782748799999999,514006.43769,1622,246.109,265389.59945,0
1782748800000000,1095.0,1128.8,1094.39,1123.39,296.761,1782752399999999,330327.38163,1692,143.106,159148.01544,0
1782752400000000,1123.31,1129.34,1106.91,1115.4,195.943,1782755999999999,219421.91682,1344,111.079,124425.42679,0
1782756000000000,1115.16,1141.03,1114.85,1131.0,219.611,1782759599999999,247979.6903,1390,119.788,135181.79832,0
1782759600000000,1131.67,1147.74,1123.83,1145.1,329.391,1782763199999999,373291.37639,1228,212.535,240613.06095,0
1782763200000000,1144.44,1148.54,1135.9,1140.29,198.627,1782766799999999,226803.58882,966,63.784,72878.53784,0
1782766800000000,1139.31,1139.8,1130.8,1133.12,51.071,1782770399999999,58057.14289,393,30.237,34392.99855,0
1782770400000000,1133.04,1141.79,1129.84,1139.43,69.952,1782773999999999,79697.95176,420,26.05,29677.51417,0
1782774000000000,1140.0,1143.9,1137.53,1140.16,42.702,1782777599999999,48709.98263,234,26.085,29752.44483,0
1782777600000000,1138.86,1148.7,1125.48,1131.54,96.287,1782781199999999,109214.57772,661,34.511,39166.81915,0
1782781200000000,1131.54,1139.19,1126.74,1136.57,62.975,1782784799999999,71503.60718,269,25.208,28631.97562,0
1782784800000000,1138.52,1143.98,1133.05,1143.04,42.188,1782788399999999,48067.33469,218,16.892,19235.32728,0
1782788400000000,1143.03,1148.72,1141.29,1141.76,13.772,1782791999999999,15775.73467,124,4.832,5534.07191,0
1782792000000000,1143.63,1167.68,1142.91,1163.5,126.144,1782795599999999,146324.26669,682,73.377,85155.74542,0
1782795600000000,1162.44,1165.72,1153.27,1160.7,193.902,1782799199999999,224780.32294,727,86.689,100548.90613,0
1782799200000000,1160.7,1160.7,1149.57,1151.76,121.681,1782802799999999,140314.57154,677,52.202,60148.25497,0
1782802800000000,1151.82,1154.42,1148.51,1150.51,39.03,1782806399999999,44984.4653,214,20.115,23181.9307,0
1782806400000000,1150.44,1157.39,1138.92,1146.35,219.351,1782809999999999,250607.47718,597,150.057,171147.74472,0
1782810000000000,1146.35,1151.17,1142.99,1143.13,155.727,1782813599999999,179027.65249,271,7.109,8172.60136,0
1782813600000000,1145.72,1148.6,1136.42,1147.25,170.048,1782817199999999,193849.03171,487,108.525,123627.34688,0
1782817200000000,1146.88,1157.46,1141.51,1153.4,134.956,1782820799999999,154658.44595,889,67.874,77805.42285,0
1782820800000000,1155.1,1156.91,1137.14,1139.36,126.726,1782824399999999,145109.59715,1263,55.576,63676.79959,0
1782824400000000,1140.31,1164.63,1126.89,1156.25,442.39,1782827999999999,505553.1724,3228,218.228,249418.34486,0
1782828000000000,1156.72,1159.05,1139.15,1140.1,236.738,1782831599999999,272049.71919,1761,111.03,127702.8265,0
1782831600000000,1140.06,1151.94,1140.06,1148.55,200.764,1782835199999999,230420.32607,1491,114.25,131146.97909,0
1782835200000000,1149.1,1167.36,1147.94,1150.99,518.288,1782838799999999,599976.86973,2304,264.524,305930.66463,0
1782838800000000,1151.35,1164.0,1151.35,1157.32,122.731,1782842399999999,142205.29198,660,97.634,113116.66046,0
1782842400000000,1157.13,1162.43,1146.42,1161.07,125.753,1782845999999999,145207.66675,665,90.621,104665.82363,0
1782846000000000,1161.7,1170.0,1152.23,1153.85,133.859,1782849599999999,155757.25875,1229,52.726,61385.56712,0
1782849600000000,1153.21,1155.25,1144.49,1149.8,108.921,1782853199999999,125262.01431,744,40.286,46328.77224,0
1782853200000000,1150.06,1151.7,1147.83,1149.91,14.533,1782856799999999,16710.37183,312,6.83,7853.36,0
1782856800000000,1149.68,1155.45,1149.68,1155.35,30.898,1782860399999999,35612.61056,266,12.872,14828.51064,0
1782860400000000,1155.38,1160.83,1154.71,1158.09,22.449,1782863999999999,26013.41167,311,9.829,11387.7231,0
1782864000000000,1158.61,1162.29,1147.61,1149.44,28.008,1782867599999999,32250.57339,430,12.676,14603.92094,0
1782867600000000,1148.52,1149.89,1139.0,1141.65,37.637,1782871199999999,43030.36229,487,12.984,14832.05286,0
1782871200000000,1140.81,1140.81,1129.0,1140.02,55.539,1782874799999999,62948.44558,561,28.131,31858.51726,0
1782874800000000,1140.1,1143.46,1136.37,1141.53,89.311,1782878399999999,101690.63855,699,27.112,30860.05355,0
1782878400000000,1139.19,1141.76,1137.22,1140.64,32.523,1782881999999999,37083.35336,373,14.243,16239.65047,0
1782882000000000,1139.85,1140.33,1133.24,1133.93,66.078,1782885599999999,74994.24382,438,44.554,50534.36288,0
1782885600000000,1134.0,1134.38,1125.19,1127.77,112.758,1782889199999999,127485.92526,990,46.7,52738.63837,0
1782889200000000,1128.18,1128.18,1118.01,1121.99,148.045,1782892799999999,166243.62591,876,67.618,75924.74484,0
1782892800000000,1123.93,1124.72,1106.52,1123.0,128.064,1782896399999999,142938.30729,800,58.79,65604.86694,0
1782896400000000,1123.0,1123.0,1113.0,1116.0,33.376,1782899999999999,37260.12601,228,6.858,7671.85658,0
1782900000000000,1116.84,1118.54,1111.08,1117.76,35.741,1782903599999999,39815.46041,362,15.689,17481.8729,0
1782903600000000,1117.79,1132.35,1117.69,1123.62,91.398,1782907199999999,102807.09295,939,40.414,45441.50445,0
1782907200000000,1124.06,1126.37,1079.52,1084.38,580.812,1782910799999999,637114.02839,2866,342.978,375991.34515,0
1782910800000000,1084.25,1099.17,1067.0,1083.14,747.373,1782914399999999,812432.27186,3917,339.791,369539.60807,0
1782914400000000,1081.28,1090.74,1051.12,1056.17,918.376,1782917999999999,982711.41682,2326,579.23,620859.34119,0
1782918000000000,1056.6,1070.0,1052.24,1053.0,798.514,1782921599999999,848758.91643,1616,426.41,453328.13115,0
1782921600000000,1053.09,1063.75,1049.54,1053.0,308.652,1782925199999999,325627.51972,873,191.678,202180.86965,0
1782925200000000,1054.2,1059.65,1040.65,1040.65,179.064,1782928799999999,188061.32161,802,106.138,111394.79592,0
1782928800000000,1041.94,1049.4,1040.75,1046.39,58.829,1782932399999999,61448.30483,535,25.91,27049.33757,0
1782932400000000,1046.31,1068.11,1034.86,1035.45,147.974,1782935999999999,155622.93753,1102,57.893,61072.66326,0
1782936000000000,1036.08,1043.9,1023.0,1037.03,638.613,1782939599999999,659254.37356,2353,454.018,469063.46871,0
1782939600000000,1036.12,1041.29,1034.88,1040.58,181.264,1782943199999999,188389.03277,629,134.045,139328.32975,0
1782943200000000,1041.0,1041.0,1034.53,1038.32,135.46,1782946799999999,140597.02718,677,71.602,74318.04268,0
1782946800000000,1038.35,1038.35,1018.81,1020.54,175.221,1782950399999999,179669.6888,679,56.397,57805.23091,0
1782950400000000,1021.13,1024.55,1000.01,1020.48,362.16,1782953999999999,366838.54622,1809,179.42,181782.39729,0
1782954000000000,1020.79,1044.0,1020.16,1040.32,241.099,1782957599999999,249567.62324,878,93.802,97119.86166,0
1782957600000000,1040.62,1051.83,1037.97,1043.99,168.089,1782961199999999,175599.01017,577,98.65,103133.33602,0
1782961200000000,1042.78,1042.78,1028.64,1032.0,95.183,1782964799999999,98469.31753,555,40.108,41500.1707,0
1782964800000000,1032.59,1035.03,1017.06,1027.14,251.339,1782968399999999,257054.12909,1087,90.04,92038.34984,0
1782968400000000,1026.06,1030.87,1007.37,1007.64,369.447,1782971999999999,375080.91964,1447,231.124,234501.62187,0
1782972000000000,1007.7,1014.77,996.56,999.75,763.587,1782975599999999,767458.78471,2841,397.721,399732.4577,0
1782975600000000,1000.0,1006.92,990.0,1002.33,513.01,1782979199999999,511649.33297,1884,214.553,214109.01462,0
1782979200000000,1003.52,1027.99,989.62,1026.19,525.946,1782982799999999,531136.31221,2303,295.333,298194.72184,0
1782982800000000,1026.58,1026.58,1007.78,1009.44,276.887,1782986399999999,281224.39388,1827,152.771,155098.96926,0
1782986400000000,1008.8,1015.82,1002.69,1013.76,315.474,1782989999999999,318432.28127,2267,155.209,156769.94136,0
1782990000000000,1013.4,1026.0,1005.33,1022.17,287.419,1782993599999999,291174.283,2432,102.541,104086.08338,0
1782993600000000,1022.21,1075.35,1019.93,1046.73,902.772,1782997199999999,949975.16717,6125,564.913,593754.73602,0
1782997200000000,1047.24,1064.4,1029.1,1059.0,824.122,1783000799999999,862374.67655,6277,422.899,442136.28522,0
1783000800000000,1057.78,1066.43,989.4,996.49,1129.938,1783004399999999,1163737.34241,6381,373.071,382030.40076,0
1783004400000000,996.7,1015.58,980.0,993.55,428.545,1783007999999999,426220.94942,3342,196.384,195122.45128,0
1783008000000000,992.94,995.24,968.91,976.11,502.567,1783011599999999,494035.41515,2126,261.154,256884.61058,0
1783011600000000,975.26,980.8,957.17,958.96,331.396,1783015199999999,320378.32317,1560,189.453,182949.60331,0
1783015200000000,959.0,983.66,958.11,976.64,639.295,1783018799999999,622257.18134,5841,462.609,450224.47234,0
1783018800000000,977.07,979.29,953.0,978.83,613.999,1783022399999999,591955.06228,7254,371.754,358595.70763,0
1783022400000000,978.36,984.27,973.13,979.29,462.817,1783025999999999,452464.64531,6134,352.744,344767.92804,0
1783026000000000,978.36,983.11,974.68,983.0,95.866,1783029599999999,93792.27135,2440,54.321,53169.48878,0
1783029600000000,982.94,990.7,981.58,983.78,461.51,1783033199999999,454749.63585,26896,233.065,229665.12251,0
1783033200000000,983.73,985.1,975.02,978.74,497.416,1783036799999999,488079.39067,27066,270.478,265473.49209,0
1783036800000000,978.48,987.82,969.63,974.82,355.982,1783040399999999,348289.34485,25718,178.188,174366.69862,0
1783040400000000,975.08,1002.89,972.05,1001.75,521.687,1783043999999999,517798.38545,25286,214.645,212915.43171,0
1783044000000000,1002.3,1007.06,991.43,1001.72,352.212,1783047599999999,351249.03854,14224,171.462,171013.97001,0
1783047600000000,1001.94,1002.33,982.44,996.62,408.649,1783051199999999,405761.7509,13720,177.794,176323.38854,0
1783051200000000,996.2,1025.48,996.04,1020.0,344.638,1783054799999999,348216.09515,7236,157.286,158945.8496,0
1783054800000000,1020.43,1022.0,1009.1,1010.63,349.353,1783058399999999,354845.12903,2801,145.385,147643.83429,0
1783058400000000,1010.61,1021.86,1009.85,1019.25,133.368,1783061999999999,135573.45028,1279,46.508,47288.19362,0
1783062000000000,1019.26,1021.95,1011.1,1012.15,172.681,1783065599999999,175383.57881,1749,64.371,65358.56365,0
1783065600000000,1012.27,1021.42,1012.27,1017.89,176.623,1783069199999999,179776.93501,2497,86.628,88184.21598,0
1783069200000000,1017.89,1025.0,1011.71,1019.6,298.763,1783072799999999,304397.98286,2388,158.101,161144.52007,0
1783072800000000,1019.66,1035.73,1019.58,1035.71,204.019,1783076399999999,209730.31507,1997,94.469,97150.87885,0
1783076400000000,1035.49,1044.77,1033.68,1043.47,336.597,1783079999999999,349824.91555,2995,198.794,206500.61735,0
1783080000000000,1043.47,1050.58,1032.12,1037.92,418.294,1783083599999999,435085.78029,3307,180.183,187574.44452,0
1783083600000000,1037.97,1039.75,1031.22,1033.65,220.788,1783087199999999,228603.95455,2005,98.847,102383.8794,0
1783087200000000,1033.75,1035.18,1027.44,1032.0,393.112,1783090799999999,405499.34507,2111,191.649,197771.98449,0
1783090800000000,1032.27,1037.7,1032.0,1034.44,336.69,1783094399999999,348493.74395,2120,160.99,166618.88803,0
1783094400000000,1034.63,1035.65,1031.54,1033.36,166.308,1783097999999999,171814.31154,1148,62.055,64128.36319,0
1783098000000000,1032.66,1033.6,1031.52,1033.2,59.721,1783101599999999,61671.62441,606,29.277,30246.44204,0
1783101600000000,1032.99,1033.6,1031.54,1033.13,37.24,1783105199999999,38457.95265,484,16.647,17200.11419,0
1783105200000000,1033.14,1033.14,1030.0,1031.54,84.618,1783108799999999,87248.53138,1034,42.506,43831.72127,0
1783108800000000,1031.55,1031.55,1028.24,1029.01,152.547,1783112399999999,157062.11786,4900,80.458,82840.98953,0
1783112400000000,1029.0,1035.65,1029.0,1034.78,312.298,1783115999999999,322308.16606,8665,179.063,184830.04334,0
1783116000000000,1034.77,1036.72,1033.59,1035.64,143.96,1783119599999999,148998.7662,5425,83.102,86037.63605,0
1783119600000000,1035.65,1037.7,1029.0,1031.47,151.811,1783123199999999,156913.28975,1946,30.735,31836.69195,0
1783123200000000,1031.55,1035.56,1025.39,1033.96,242.789,1783126799999999,250117.21404,1527,137.646,141898.71609,0
1783126800000000,1033.59,1037.58,1031.86,1035.41,177.354,1783130399999999,183606.93753,2655,92.92,96213.38351,0
1783130400000000,1035.41,1037.32,1033.69,1036.29,38.711,1783133999999999,40079.40298,799,20.284,21002.01201,0
1783134000000000,1036.38,1037.7,1030.0,1031.57,131.311,1783137599999999,135741.72956,1970,29.026,30062.2769,0
1783137600000000,1031.92,1033.6,1031.54,1032.22,53.233,1783141199999999,54937.42289,1971,19.398,20027.56495,0
1783141200000000,1032.23,1035.65,1030.0,1035.12,78.21,1783144799999999,80807.71678,962,51.115,52837.26274,0
1783144800000000,1035.13,1036.27,1034.06,1035.64,72.685,1783148399999999,75254.42586,678,22.585,23386.16384,0
1783148400000000,1035.65,1036.07,1034.3,1035.64,39.406,1783151999999999,40809.2217,959,13.554,14037.19348,0
1783152000000000,1035.65,1036.5,1033.59,1033.75,49.758,1783155599999999,51514.6837,1246,21.37,22120.87983,0
1783155600000000,1033.74,1037.7,1033.59,1035.9,44.346,1783159199999999,45874.60886,868,18.323,18968.40535,0
1783159200000000,1035.91,1036.98,1035.65,1036.29,15.91,1783162799999999,16484.53442,669,5.869,6080.50499,0
1783162800000000,1036.09,1036.09,1035.07,1035.68,52.283,1783166399999999,54151.46294,681,25.463,26374.0442,0
1783166400000000,1035.8,1037.5,1035.64,1036.34,18.281,1783169999999999,18945.19954,704,11.247,11657.56158,0
1783170000000000,1036.34,1037.0,1035.64,1035.66,48.314,1783173599999999,50065.40482,706,23.586,24450.01779,0
1783173600000000,1035.66,1035.66,1033.75,1035.35,20.001,1783177199999999,20698.56586,552,7.648,7913.69137,0
1783177200000000,1035.36,1036.56,1033.59,1034.34,34.126,1783180799999999,35310.54216,726,14.09,14583.30309,0
1783180800000000,1034.64,1037.0,1033.0,1033.07,67.635,1783184399999999,69938.94293,2118,24.645,25489.95881,0
1783184400000000,1033.06,1033.6,1030.33,1032.87,126.457,1783187999999999,130445.01544,6298,59.265,61139.76989,0
1783188000000000,1032.87,1035.0,1031.98,1035.0,24.733,1783191599999999,25562.16643,676,16.994,17564.00866,0
1783191600000000,1034.99,1036.05,1034.28,1036.04,23.939,1783195199999999,24786.75886,415,17.88,18514.48942,0
1783195200000000,1036.05,1037.7,1035.64,1036.42,28.603,1783198799999999,29642.0435,614,13.587,14086.4244,0
1783198800000000,1036.23,1037.1,1035.86,1037.1,8.581,1783202399999999,8894.49637,219,6.764,7011.25021,0
1783202400000000,1037.11,1037.7,1035.65,1037.69,40.826,1783205999999999,42352.61586,526,32.291,33501.84228,0
1783206000000000,1037.69,1037.7,1035.64,1036.68,30.725,1783209599999999,31861.81389,655,11.496,11915.90566,0
1783209600000000,1036.5,1039.03,1035.3,1036.79,263.909,1783213199999999,273814.43301,2913,227.571,236137.8962,0
1783213200000000,1036.79,1039.54,1036.78,1039.06,113.369,1783216799999999,117720.72242,2234,72.159,74930.93044,0
1783216800000000,1039.07,1041.8,1037.59,1040.27,186.864,1783220399999999,194288.76994,2562,114.803,119370.59747,0
1783220400000000,1040.27,1043.41,1037.69,1043.3,113.89,1783223999999999,118564.81966,1608,61.972,64541.82182,0
1783224000000000,1043.31,1043.86,1040.6,1041.36,73.325,1783227599999999,76432.52225,1136,33.502,34924.94832,0
1783227600000000,1041.35,1042.0,1039.77,1041.79,51.589,1783231199999999,53733.04511,862,6.847,7128.93658,0
1783231200000000,1041.79,1041.79,1039.78,1039.85,25.999,1783234799999999,27056.41617,1053,10.675,11108.50244,0
1783234800000000,1039.88,1040.11,1037.19,1037.71,120.366,1783238399999999,125054.79858,1778,21.921,22778.78969,0
1783238400000000,1037.72,1039.31,1037.69,1039.07,33.301,1783241999999999,34566.03102,763,10.005,10385.54461,0
1783242000000000,1039.3,1039.5,1035.64,1038.08,112.961,1783245599999999,117172.88057,902,29.631,30724.89199,0
1783245600000000,1038.08,1041.77,1037.69,1040.66,168.276,1783249199999999,174881.39049,507,141.48,147030.88978,0
1783249200000000,1040.75,1043.33,1040.45,1042.77,89.214,1783252799999999,92969.64816,2473,62.06,64664.60698,0
1783252800000000,1042.89,1045.47,1042.37,1045.01,180.335,1783256399999999,188189.92781,2044,146.784,153183.07618,0
1783256400000000,1045.05,1047.16,1043.27,1045.35,123.708,1783259999999999,129399.56347,1784,69.939,73164.50659,0
1783260000000000,1045.01,1047.96,1039.89,1040.29,183.582,1783263599999999,191533.77916,2489,55.56,58037.22056,0
1783263600000000,1040.11,1041.85,1038.46,1039.0,43.347,1783267199999999,45082.10228,902,11.807,12283.44547,0
1783267200000000,1038.85,1041.22,1038.85,1039.87,38.083,1783270799999999,39604.15587,591,13.569,14112.92678,0
1783270800000000,1039.81,1041.01,1038.11,1039.15,47.785,1783274399999999,49682.98986,713,7.442,7739.57195,0
1783274400000000,1039.78,1041.8,1039.74,1041.79,4.594,1783277999999999,4782.2305,362,1.98,2061.53298,0
1783278000000000,1041.79,1041.8,1041.79,1041.8,37.75,1783281599999999,39327.87333,339,30.083,31340.4694,0
1783281600000000,1041.79,1043.16,1041.79,1042.87,16.051,1783285199999999,16724.81397,234,12.399,12918.77807,0
1783285200000000,1042.21,1043.88,1041.2,1043.85,18.615,1783288799999999,19400.13436,595,4.487,4677.11886,0
1783288800000000,1043.86,1047.96,1039.77,1040.32,165.947,1783292399999999,173305.03087,1206,102.718,107300.75497,0
1783292400000000,1040.32,1049.0,1025.52,1029.13,533.111,1783295999999999,553670.38828,5097,212.791,221042.41453,0
1783296000000000,1028.71,1049.72,1027.44,1035.91,1149.156,1783299599999999,1195731.18226,5723,581.433,605148.54017,0
1783299600000000,1036.75,1037.7,1019.24,1022.03,284.965,1783303199999999,293889.77965,3148,83.76,86331.75111,0
1783303200000000,1022.56,1025.49,1002.84,1004.45,512.115,1783306799999999,517957.75401,4234,290.224,293254.68203,0
1783306800000000,1004.03,1017.05,1004.03,1012.13,396.036,1783310399999999,400967.33924,2098,218.194,221000.46547,0
1783310400000000,1011.51,1019.75,1007.37,1018.0,266.994,1783313999999999,271136.04613,3055,144.722,146946.87633,0
1783314000000000,1017.99,1017.99,1008.99,1015.15,573.334,1783317599999999,581456.90478,3004,239.501,242927.5896,0
1783317600000000,1015.1,1017.05,1008.99,1016.05,463.403,1783321199999999,469966.96401,3734,168.952,171363.00725,0
1783321200000000,1015.94,1017.2,1006.95,1007.69,900.015,1783324799999999,910753.58271,10112,500.881,506695.86358,0
1783324800000000,1007.76,1014.86,1001.16,1007.76,1549.114,1783328399999999,1560820.36228,12283,1083.98,1091954.68054,0
1783328400000000,1007.76,1012.01,999.47,1005.4,1365.61,1783331999999999,1373872.53333,9220,1042.728,1049062.38907,0
1783332000000000,1005.39,1006.44,995.28,1004.9,1212.972,1783335599999999,1212137.05658,10708,934.228,933482.0393,0
1783335600000000,1004.88,1013.1,997.39,1009.1,1151.464,1783339199999999,1156465.07376,13031,761.351,764524.60308,0
1783339200000000,1009.02,1015.15,1006.81,1014.28,1675.642,1783342799999999,1694606.03738,14797,1195.001,1208584.36025,0
1783342800000000,1014.29,1014.99,991.23,997.1,1702.643,1783346399999999,1712236.34744,9687,928.13,934184.76826,0
1783346400000000,997.35,1020.22,995.52,1013.55,1401.849,1783349999999999,1420286.99264,8095,813.693,824358.70954,0
1783350000000000,1013.3,1014.58,995.79,1013.47,989.77,1783353599999999,995587.48437,6005,563.097,566267.30997,0
1783353600000000,1013.44,1016.42,1001.83,1003.09,356.76,1783357199999999,359858.59051,1769,142.57,143900.0818,0
1783357200000000,1003.41,1005.81,985.61,987.27,316.385,1783360799999999,314904.50451,1881,115.629,115076.54383,0
1783360800000000,987.28,1000.67,986.87,999.44,206.949,1783364399999999,205918.85539,1180,122.739,122194.11498,0
1783364400000000,1000.21,1008.0,984.42,986.84,281.807,1783367999999999,282092.47331,2258,133.171,133395.8275,0
1783368000000000,987.28,990.52,984.75,988.62,761.541,1783371599999999,751670.22245,2929,479.012,472607.03754,0
1783371600000000,988.46,991.38,987.4,989.65,404.098,1783375199999999,399823.02024,1541,218.585,216256.51514,0
1783375200000000,989.79,992.3,970.51,974.5,795.199,1783378799999999,783277.57581,3637,235.527,232717.73256,0
1783378800000000,974.5,981.68,960.32,963.37,575.547,1783382399999999,557800.85604,2604,258.927,251262.99176,0
1783382400000000,962.74,972.8,953.17,954.95,1509.035,1783385999999999,1451874.60919,6049,795.705,765382.4846,0
1783386000000000,955.48,958.81,936.37,945.78,2011.828,1783389599999999,1908163.30671,6940,1092.491,1036300.49481,0
1783389600000000,945.79,952.09,939.57,943.01,1364.259,1783393199999999,1290509.10932,5039,640.988,606115.74163,0
1783393200000000,943.1,949.92,930.0,934.59,1439.952,1783396799999999,1353588.18114,7704,817.82,768814.82113,0
1783396800000000,934.41,936.4,925.53,928.09,1940.928,1783400399999999,1805753.89687,9867,1072.43,997379.3825,0
1783400400000000,927.81,945.53,919.0,940.82,2128.703,1783403999999999,1975936.07283,10200,1179.462,1094322.6521,0
1783404000000000,942.08,951.59,933.03,951.23,734.16,1783407599999999,691771.54485,3926,373.378,351931.37201,0
1783407600000000,951.23,952.0,940.03,941.0,475.199,1783411199999999,449527.8897,3146,296.109,280144.77049,0
1783411200000000,940.94,944.01,930.69,930.83,1068.695,1783414799999999,1003199.87835,7066,840.068,788693.19492,0
1783414800000000,930.83,936.61,922.96,931.49,1058.744,1783418399999999,983545.42916,6371,736.429,684018.37752,0
1783418400000000,931.49,939.54,928.09,936.88,526.619,1783421999999999,491365.68715,4282,405.606,378437.0621,0
1783422000000000,936.79,937.67,922.7,932.04,746.32,1783425599999999,693917.38896,7402,518.251,481830.05504,0
1783425600000000,932.23,948.57,932.23,937.02,1187.782,1783429199999999,1116341.21197,6064,661.567,621617.90958,0
1783429200000000,936.97,937.97,913.12,921.08,2392.357,1783432799999999,2214048.19213,11351,1371.743,1269654.17497,0
1783432800000000,920.94,928.75,893.76,918.04,2047.806,1783436399999999,1858613.96223,8789,1121.808,1016900.74125,0
1783436400000000,918.18,930.8,905.93,920.06,3722.742,1783439999999999,3415181.68832,13932,2875.661,2637829.7368,0
1783440000000000,919.81,934.51,919.21,932.52,3395.535,1783443599999999,3146896.62644,15297,2354.47,2182166.66618,0
1783443600000000,932.52,941.5,930.59,937.8,1619.157,1783447199999999,1515187.1532,9527,980.789,917480.38677,0
1783447200000000,937.98,939.3,917.96,918.04,1416.395,1783450799999999,1316201.72547,8856,756.54,702737.63267,0
1783450800000000,918.04,943.19,910.0,941.13,1516.696,1783454399999999,1396930.78651,10135,1067.319,983129.02065,0
1783454400000000,941.15,947.52,934.01,939.35,866.055,1783457999999999,814141.5493,6473,569.243,535165.56393,0
1783458000000000,939.43,940.77,925.45,926.16,457.146,1783461599999999,426396.68012,2790,226.444,211082.04265,0
1783461600000000,926.1,929.72,922.72,926.14,615.983,1783465199999999,570965.49312,3383,362.963,336379.60816,0
1783465200000000,926.14,927.09,914.4,916.17,947.254,1783468799999999,870900.95607,4214,661.604,608153.48841,0
1783468800000000,916.17,963.25,913.31,959.74,1740.514,1783472399999999,1641307.76021,10484,980.867,923871.29569,0
1783472400000000,959.34,961.7,927.74,935.33,726.249,1783475999999999,683781.44497,4887,263.063,248493.41239,0
1783476000000000,935.33,940.95,928.23,938.41,421.256,1783479599999999,393273.87245,3903,266.876,249010.0386,0
1783479600000000,938.77,950.8,938.54,940.18,103.676,1783483199999999,97967.36551,1962,43.655,41250.23853,0
1783483200000000,940.53,941.12,921.75,930.43,276.477,1783486799999999,256688.91865,3250,173.001,160459.32115,0
1783486800000000,930.7,935.05,915.79,919.86,519.399,1783490399999999,478100.9071,4087,412.351,379303.6392,0
1783490400000000,919.95,921.52,902.02,906.82,1241.073,1783493999999999,1127193.50227,6629,897.454,814938.21666,0
1783494000000000,906.73,915.8,904.6,912.99,723.575,1783497599999999,658715.63218,3719,459.765,418358.60255,0
1783497600000000,913.41,917.35,882.0,887.83,3346.1,1783501199999999,2996621.15785,18450,2523.222,2261196.33243,0
1783501200000000,887.98,892.94,877.33,889.7,1108.635,1783504799999999,981513.6882,6025,692.634,613148.806,0
1783504800000000,889.7,907.77,889.4,899.92,975.411,1783508399999999,878432.34366,5346,478.576,430588.39988,0
1783508400000000,899.86,906.44,893.58,904.07,1142.787,1783511999999999,1026572.84675,5177,743.44,667717.0511,0
1783512000000000,903.44,916.1,902.03,908.85,743.639,1783515599999999,675217.4205,2979,362.258,328877.78012,0
1783515600000000,908.71,959.2,902.12,956.29,2482.439,1783519199999999,2311789.18166,12090,1196.595,1107940.77704,0
1783519200000000,956.64,960.0,929.87,938.08,1070.885,1783522799999999,1009983.41078,7906,396.113,374316.63108,0
1783522800000000,937.88,939.67,916.42,923.62,1369.627,1783526399999999,1264852.42091,8201,1092.434,1008606.57887,0
1783526400000000,923.09,948.43,921.27,944.27,1188.652,1783529999999999,1111809.87808,7123,855.842,800204.65472,0
1783530000000000,943.85,949.05,933.33,936.19,234.327,1783533599999999,220837.95659,2045,122.008,115083.83524,0
1783533600000000,935.23,946.51,934.59,942.87,135.175,1783537199999999,127452.21118,2155,66.79,62998.14556,0
1783537200000000,943.92,952.42,942.3,950.94,148.684,1783540799999999,141015.03028,1759,79.316,75246.80642,0
1783540800000000,951.13,951.13,939.0,941.32,332.088,1783544399999999,313742.73626,2184,295.727,279414.76444,0
1783544400000000,941.2,947.4,940.37,945.55,96.947,1783547999999999,91615.44056,1188,88.18,83334.52874,0
1783548000000000,945.73,948.35,942.71,948.35,379.462,1783551599999999,358989.3495,5231,326.585,308991.51038,0
1783551600000000,948.35,959.0,946.32,958.63,317.176,1783555199999999,302106.04594,4708,262.426,249976.8114,0
1783555200000000,958.91,980.88,958.68,959.49,452.057,1783558799999999,437568.56721,8263,236.561,228997.33945,0
1783558800000000,959.48,972.58,947.9,948.82,357.501,1783562399999999,344619.84159,4103,96.097,92414.4566,0
1783562400000000,949.19,959.3,938.08,939.0,233.819,1783565999999999,222226.49008,3774,160.03,152105.04876,0
1783566000000000,939.4,949.25,931.73,946.5,268.284,1783569599999999,252345.33081,4950,165.93,155898.44716,0
1783569600000000,946.5,948.64,937.25,946.17,145.733,1783573199999999,137595.74987,4333,77.952,73620.01435,0
1783573200000000,945.54,958.07,938.73,957.56,191.505,1783576799999999,181253.41616,4655,107.897,102231.52256,0
1783576800000000,957.67,975.53,953.16,971.32,411.309,1783580399999999,397786.6494,5675,154.204,149313.00701,0
1783580400000000,971.7,987.46,970.07,985.91,548.023,1783583999999999,537231.84711,10889,386.277,378538.39129,0
1783584000000000,985.9,996.08,981.73,985.53,1145.098,1783587599999999,1132624.65058,14742,336.326,332258.02717,0
1783587600000000,985.37,990.07,977.49,983.28,579.374,1783591199999999,570320.48264,8004,173.65,170894.01434,0
1783591200000000,983.27,990.21,980.68,982.04,297.829,1783594799999999,293259.34907,5745,129.371,127322.26322,0
1783594800000000,982.03,1004.92,978.01,998.88,584.645,1783598399999999,580270.4626,6641,225.393,223913.36437,0
1783598400000000,999.15,1015.18,998.01,1010.56,657.584,1783601999999999,662421.09365,7933,387.0,389846.8992,0
1783602000000000,1010.29,1035.94,1008.29,1028.12,1050.257,1783605599999999,1070535.35679,11660,536.035,545952.02125,0
1783605600000000,1028.54,1035.55,1005.0,1015.92,748.537,1783609199999999,764383.17019,8754,408.787,417980.20278,0
1783609200000000,1015.97,1025.0,1013.46,1016.74,262.137,1783612799999999,267336.2282,5002,123.235,125676.78016,0
1783612800000000,1016.74,1023.22,1010.82,1015.31,209.724,1783616399999999,213306.20753,1689,144.126,146545.88856,0
1783616400000000,1015.47,1028.38,1015.43,1023.24,159.449,1783619999999999,163226.27889,2776,56.972,58275.22815,0
1783620000000000,1024.23,1025.13,1007.46,1009.34,60.812,1783623599999999,61915.90583,1633,18.579,18912.68521,0
1783623600000000,1009.77,1010.54,989.86,992.42,176.815,1783627199999999,176273.6704,1485,77.074,76635.04074,0
1783627200000000,992.71,996.07,988.21,993.23,490.706,1783630799999999,486976.22139,7288,367.58,364838.45143,0
1783630800000000,993.66,997.36,991.9,996.64,55.755,1783634399999999,55504.52319,1523,25.11,25001.28111,0
1783634400000000,996.23,1002.35,995.19,1002.07,177.625,1783637999999999,177576.94693,3679,131.448,131419.50399,0
1783638000000000,1001.91,1004.99,997.55,1003.02,260.738,1783641599999999,261437.65209,4133,173.41,173903.04963,0
1783641600000000,1003.69,1004.7,980.43,995.95,574.593,1783645199999999,567931.37634,6194,265.734,262580.18634,0
1783645200000000,995.85,998.5,988.39,991.63,263.949,1783648799999999,262120.73945,4226,123.5,122692.39975,0
1783648800000000,991.87,995.0,986.58,994.99,452.463,1783652399999999,448704.73421,4976,89.18,88405.73942,0
1783652400000000,994.99,995.0,987.53,992.44,338.212,1783655999999999,335421.25052,4896,150.658,149391.66005,0
1783656000000000,992.44,995.05,987.59,988.91,366.952,1783659599999999,363856.02081,5430,228.118,226258.73391,0
1783659600000000,989.63,990.15,978.01,981.04,433.673,1783663199999999,427267.2839,6521,220.48,217352.43433,0
1783663200000000,981.05,981.2,962.0,971.67,456.116,1783666799999999,443302.35468,6640,222.811,216641.71795,0
1783666800000000,971.83,972.31,964.33,968.4,159.17,1783670399999999,154072.8119,4177,94.333,91321.47996,0
1783670400000000,968.83,971.83,960.16,966.51,238.903,1783673999999999,230842.49512,5848,135.268,130718.54189,0
1783674000000000,966.38,981.99,961.01,975.98,648.434,1783677599999999,631412.17961,14096,302.132,294080.77365,0
1783677600000000,976.65,981.98,972.08,979.57,504.752,1783681199999999,493511.93584,11222,242.639,237251.42455,0
1783681200000000,979.57,990.22,978.13,982.29,993.541,1783684799999999,978591.66143,20181,469.532,462479.2181,0
1783684800000000,982.29,983.97,969.0,969.01,801.77,1783688399999999,782470.28692,15758,400.781,391321.71955,0
1783688400000000,969.0,978.98,956.87,972.96,1052.617,1783691999999999,1019150.8441,12428,463.116,448439.24796,0
1783692000000000,973.28,983.99,968.57,970.79,797.112,1783695599999999,777723.02542,7748,316.542,309079.73269,0
1783695600000000,970.78,984.94,955.14,970.58,746.266,1783699199999999,724595.11491,7553,310.301,301492.36315,0
1783699200000000,970.58,984.76,970.35,982.3,398.06,1783702799999999,389658.5472,5882,198.893,194656.92427,0
1783702800000000,982.3,998.33,979.66,990.66,450.792,1783706399999999,446362.79946,5664,190.717,188689.79801,0
1783706400000000,991.01,994.02,985.67,991.73,253.236,1783709999999999,250680.8138,3662,112.611,111494.97006,0
1783710000000000,991.73,995.35,978.5,979.36,107.641,1783713599999999,106467.92094,1821,46.451,45932.54712,0
1783713600000000,979.6,982.14,976.13,980.5,66.182,1783717199999999,64790.71524,1047,42.919,42011.98458,0
1783717200000000,980.18,981.41,978.16,978.97,29.683,1783720799999999,29075.22983,825,8.495,8327.95316,0
1783720800000000,979.33,980.55,976.97,978.26,34.537,1783724399999999,33804.85503,782,18.47,18078.07027,0
1783724400000000,978.26,983.3,977.57,982.53,58.77,1783727999999999,57580.66714,1091,34.35,33643.91349,0
1783728000000000,982.53,983.38,979.54,980.3,62.588,1783731599999999,61417.44872,1349,25.594,25115.2133,0
1783731600000000,980.05,981.82,976.78,979.07,78.808,1783735199999999,77204.57484,1397,35.683,34955.53777,0
1783735200000000,979.13,983.12,977.77,982.14,82.287,1783738799999999,80796.24569,1645,31.848,31264.46311,0
1783738800000000,981.97,983.03,981.03,981.68,88.221,1783742399999999,86665.01725,1416,29.495,28978.34939,0
1783742400000000,981.69,982.98,981.4,982.27,103.513,1783745999999999,101684.80993,1493,25.96,25502.86831,0
1783746000000000,982.27,983.22,981.54,982.3,98.07,1783749599999999,96356.84339,1468,25.378,24936.50353,0
1783749600000000,982.31,985.89,981.37,984.16,186.604,1783753199999999,183510.45544,1950,65.009,63936.09181,0
1783753200000000,983.98,986.69,983.09,984.03,272.629,1783756799999999,268587.2889,3396,103.56,102012.82901,0
1783756800000000,984.11,986.31,983.31,984.85,202.307,1783760399999999,199327.7268,2465,73.022,71939.62371,0
1783760400000000,985.48,989.24,983.87,985.41,331.388,1783763999999999,326877.95234,3856,105.527,104089.9762,0
1783764000000000,985.42,987.12,983.81,986.96,140.043,1783767599999999,138030.53495,2591,50.129,49408.05161,0
1783767600000000,986.96,987.33,985.24,987.33,145.832,1783771199999999,143842.37398,2668,54.103,53371.1759,0
1783771200000000,987.32,989.35,985.76,986.34,251.783,1783774799999999,248703.69374,4720,104.369,103081.08749,0
1783774800000000,986.34,986.35,982.87,984.95,160.299,1783778399999999,157838.09534,2269,62.497,61533.35331,0
1783778400000000,984.8,984.81,981.97,982.97,186.344,1783781999999999,183250.1303,2298,76.625,75349.16301,0
1783782000000000,982.98,985.47,981.54,982.12,189.82,1783785599999999,186619.67855,2358,78.736,77405.5426,0
1783785600000000,982.11,985.03,981.54,983.08,194.933,1783789199999999,191594.82441,2973,81.688,80288.61183,0
1783789200000000,983.09,986.81,983.08,986.62,143.585,1783792799999999,141465.05178,2829,60.557,59651.38246,0
1783792800000000,986.51,986.51,983.72,984.89,116.795,1783796399999999,115066.78486,1964,47.532,46823.14833,0
1783796400000000,984.89,987.44,984.64,986.95,99.353,1783799999999999,97977.84252,1225,40.447,39885.05639,0
1783800000000000,986.95,986.95,985.01,985.52,123.889,1783803599999999,122162.95746,1306,41.787,41197.74012,0
1783803600000000,985.52,986.01,983.65,984.37,96.793,1783807199999999,95301.62666,936,29.895,29429.86831,0
1783807200000000,984.44,986.43,979.62,980.25,208.826,1783810799999999,205249.94395,1913,74.145,72860.72127,0
1783810800000000,980.26,980.81,972.8,977.43,345.686,1783814399999999,337531.7752,3066,126.32,123320.76921,0
1783814400000000,977.43,979.01,975.79,977.28,357.838,1783817999999999,349714.29904,3521,142.336,139104.5526,0
1783818000000000,977.27,978.9,974.67,976.14,255.881,1783821599999999,249821.09495,2966,83.85,81858.98235,0
1783821600000000,976.15,977.87,974.47,976.04,368.325,1783825199999999,359546.63699,3776,144.842,141399.96426,0
1783825200000000,975.95,977.58,975.5,976.95,205.303,1783828799999999,200489.94413,2281,84.88,82888.63938,0
1783828800000000,976.96,978.0,975.9,977.73,241.316,1783832399999999,235766.04459,2528,86.95,84947.78965,0
1783832400000000,977.76,978.25,976.06,977.75,238.599,1783835999999999,233145.62817,2732,86.908,84918.58244,0
1783836000000000,977.74,977.74,972.94,974.25,262.503,1783839599999999,255927.39847,3651,92.417,90095.29418,0
1783839600000000,974.26,974.57,972.33,974.25,527.47,1783843199999999,513417.45179,5196,234.899,228639.27626,0
1783843200000000,974.25,977.02,963.65,977.02,628.658,1783846799999999,612591.23682,4266,215.732,210318.02126,0
1783846800000000,977.02,979.62,976.28,977.69,582.877,1783850399999999,569947.45523,6573,274.583,268463.59866,0
1783850400000000,977.69,980.15,977.05,979.05,670.211,1783853999999999,655655.11422,5728,290.947,284592.30569,0
1783854000000000,979.06,982.34,979.0,981.84,457.2,1783857599999999,448432.69047,5026,202.608,198686.84544,0
1783857600000000,981.85,982.22,978.59,979.52,277.861,1783861199999999,272592.23241,3724,116.381,114161.59752,0
1783861200000000,979.53,981.48,978.86,980.25,293.973,1783864799999999,288207.16985,3264,129.521,126982.55954,0
1783864800000000,980.25,981.28,979.09,979.43,424.719,1783868399999999,416304.48316,4802,185.468,181770.89829,0
1783868400000000,979.43,980.88,978.69,979.94,383.246,1783871999999999,375514.80964,4504,179.041,175404.45308,0
1783872000000000,979.93,981.26,979.39,980.76,352.487,1783875599999999,345501.48377,4416,156.086,152970.47446,0
1783875600000000,980.75,981.56,978.21,978.38,366.265,1783879199999999,358984.532,4624,142.011,139185.13064,0
1783879200000000,978.38,979.55,977.73,978.16,311.207,1783882799999999,304523.86874,3893,144.364,141246.66943,0
1783882800000000,978.15,982.37,978.15,981.78,257.919,1783886399999999,253029.89722,3192,116.89,114659.32409,0
1783886400000000,981.77,981.77,980.0,980.14,207.841,1783889999999999,203854.47656,1940,86.235,84571.27213,0
1783890000000000,980.15,980.28,976.62,977.59,253.762,1783893599999999,248328.28168,2327,99.608,97454.54411,0
1783893600000000,977.31,977.84,968.49,974.64,682.096,1783897199999999,663358.98048,6569,307.419,298896.92047,0
1783897200000000,974.64,974.64,963.31,964.93,743.552,1783900799999999,720605.68316,6881,322.155,312112.52461,0
1783900800000000,964.71,987.44,958.64,960.77,7880.458,1783904399999999,7677881.4947,46936,1275.122,1243195.61839,0
1783904400000000,960.78,962.65,938.56,940.64,7738.408,1783907999999999,7344353.14347,61257,1401.026,1329330.07441,0
1783908000000000,941.03,944.29,928.68,928.99,7041.787,1783911599999999,6598941.59257,85982,1546.025,1449455.13713,0
1783911600000000,928.99,934.87,924.26,928.19,3054.182,1783915199999999,2837077.87712,31638,1021.53,948846.64246,0
1783915200000000,928.2,929.19,920.87,924.35,1014.34,1783918799999999,937839.27637,8159,507.683,469182.42463,0
1783918800000000,924.35,929.18,917.88,924.93,2948.032,1783922399999999,2723639.68643,21494,1469.563,1357493.98729,0
1783922400000000,925.11,927.03,915.02,916.6,1775.552,1783925999999999,1631796.11926,11918,798.112,733357.40652,0
1783926000000000,916.6,924.41,914.5,918.61,1572.856,1783929599999999,1445513.1268,10652,857.139,787373.38105,0
1783929600000000,918.62,932.0,912.67,929.07,2435.562,1783933199999999,2246080.79546,16311,1198.09,1104622.27693,0
1783933200000000,929.11,931.29,925.56,930.05,1213.683,1783936799999999,1127164.87061,8540,590.94,548654.57511,0
1783936800000000,930.05,930.74,923.12,926.96,1909.97,1783940399999999,1768199.19452,12765,954.929,883891.24831,0
1783940400000000,926.97,941.03,926.97,934.37,3114.916,1783943999999999,2911376.16824,24473,1542.608,1441468.65042,0
1783944000000000,934.36,936.12,922.36,926.31,1091.888,1783947599999999,1014117.57434,9217,468.646,435253.97664,0
1783947600000000,926.31,931.83,903.1,923.83,1950.877,1783951199999999,1796175.12748,16074,1045.532,961850.05026,0
1783951200000000,923.52,941.68,921.17,941.63,1150.693,1783954799999999,1074699.33955,11227,602.026,562299.14271,0
1783954800000000,941.68,943.13,928.0,931.48,803.905,1783958399999999,752381.73764,6878,367.667,344030.85148,0
1783958400000000,931.47,937.21,920.0,929.01,703.503,1783961999999999,653905.23385,6142,341.247,317148.48502,0
1783962000000000,929.06,934.95,925.53,928.78,410.713,1783965599999999,381977.2654,3744,228.768,212790.69849,0
1783965600000000,928.86,933.2,922.99,929.25,431.528,1783969199999999,400124.72,2935,106.144,98524.86699,0
1783969200000000,929.61,941.39,927.69,936.02,254.774,1783972799999999,237770.07672,2193,102.601,95680.37587,0
1783972800000000,936.46,938.27,926.09,929.8,316.469,1783976399999999,294364.74336,1507,101.351,94220.65378,0
1783976400000000,929.85,934.33,928.85,932.39,75.269,1783979999999999,70065.80149,548,34.082,31718.06791,0
1783980000000000,932.32,934.76,926.66,926.74,182.603,1783983599999999,169851.29711,1746,87.485,81371.92981,0
1783983600000000,927.05,927.05,913.76,920.8,691.153,1783987199999999,636253.29184,3077,193.009,177625.69677,0
1783987200000000,921.13,946.87,912.15,945.68,3198.556,1783990799999999,2981776.74168,31519,1630.086,1519322.55773,0
1783990800000000,945.68,949.35,931.89,933.8,1776.013,1783994399999999,1674987.95994,17406,845.582,797149.56146,0
1783994400000000,934.06,934.86,917.99,925.54,1796.051,1783997999999999,1663084.74163,18415,895.647,828948.40165,0
1783998000000000,925.75,926.69,910.27,925.27,964.043,1784001599999999,886218.40911,10597,438.863,403332.71234,0
1784001600000000,925.14,939.97,921.01,938.65,505.764,1784005199999999,471243.72574,5737,266.457,248336.44923,0
1784005200000000,938.37,954.96,935.89,948.59,616.486,1784008799999999,584425.31371,7785,299.006,283366.01591,0
1784008800000000,948.59,957.27,948.59,952.65,810.109,1784012399999999,773000.11104,7508,374.357,357089.64152,0
1784012400000000,952.66,963.52,952.0,957.14,1040.141,1784015999999999,996547.43722,8409,471.558,451655.92985,0
1784016000000000,957.39,977.99,957.37,967.51,1365.384,1784019599999999,1321293.70031,9846,683.779,661571.48755,0
1784019600000000,967.43,972.61,964.39,966.02,660.469,1784023199999999,639738.35837,4525,239.457,231782.62281,0
1784023200000000,966.08,971.45,964.45,968.08,610.096,1784026799999999,590065.31384,4808,285.688,276242.87932,0
1784026800000000,968.07,975.0,962.03,968.65,682.847,1784030399999999,661602.92284,5025,333.773,323431.61775,0
1784030400000000,968.65,990.03,964.27,983.31,1448.336,1784033999999999,1417642.11195,9826,656.796,641861.98348,0
1784034000000000,983.18,994.95,967.85,975.05,2829.205,1784037599999999,2775722.20462,23901,1417.18,1389996.02529,0
1784037600000000,975.04,977.12,951.5,964.85,1474.094,1784041199999999,1422675.90793,12224,749.454,722957.19277,0
1784041200000000,964.33,990.53,964.33,981.78,3496.545,1784044799999999,3428582.79472,27333,1770.879,1735682.444,0
1784044800000000,981.78,992.36,977.77,989.0,1484.291,1784048399999999,1459712.50808,23173,738.229,725827.41866,0
1784048400000000,989.01,989.63,982.02,987.04,1628.845,1784051999999999,1606010.98246,47599,761.688,750939.66297,0
1784052000000000,987.03,988.34,978.49,980.61,1140.009,1784055599999999,1121654.66472,28477,559.39,550236.97729,0
1784055600000000,980.61,985.65,975.0,983.52,1381.873,1784059199999999,1354626.56611,23174,682.694,669032.58737,0
1784059200000000,983.51,984.9,980.3,981.76,244.125,1784062799999999,239746.07715,3230,126.362,124057.04782,0
1784062800000000,981.76,981.76,978.06,978.23,205.391,1784066399999999,201244.74072,2340,91.319,89442.15299,0
1784066400000000,978.24,982.33,976.13,982.04,217.986,1784069999999999,213418.03627,2431,116.474,113995.49424,0
1784070000000000,982.04,990.04,981.71,989.86,159.113,1784073599999999,156960.54222,2234,75.495,74469.31607,0
1784073600000000,989.88,1006.4,988.11,1003.74,2745.125,1784077199999999,2742264.74671,25943,1390.101,1388365.13434,0
1784077200000000,1003.73,1004.58,988.73,996.52,3245.939,1784080799999999,3229549.93286,26106,1624.156,1615430.15348,0
1784080800000000,996.54,999.19,993.56,993.95,1753.71,1784084399999999,1748397.69834,18107,880.839,877967.10142,0
1784084400000000,993.96,1001.73,992.0,1000.91,1576.781,1784087999999999,1571625.46631,41701,779.602,776879.47536,0
1784088000000000,1000.9,1004.84,997.07,999.76,1671.875,1784091599999999,1672155.12753,29447,868.503,868580.52433,0
1784091600000000,1000.0,1003.03,990.47,996.5,3233.622,1784095199999999,3219296.11994,24676,1658.554,1650672.06545,0
1784095200000000,996.5,1001.34,994.1,995.7,2098.487,1784098799999999,2092095.58528,20871,998.131,994610.8335,0
1784098800000000,995.93,998.69,988.52,992.52,942.216,1784102399999999,935064.34404,10432,454.767,451154.16846,0
1784102400000000,992.52,992.99,970.15,974.82,2395.625,1784105999999999,2339261.09196,15360,1225.208,1195677.76606,0
1784106000000000,974.82,978.5,971.35,973.48,2732.733,1784109599999999,2664728.14422,33280,1395.36,1360524.41069,0
1784109600000000,973.34,975.73,966.47,974.72,4409.512,1784113199999999,4287243.80597,55569,2227.644,2165675.09955,0
1784113200000000,974.72,983.13,974.71,977.37,1930.682,1784116799999999,1890562.06418,16881,972.959,952543.68134,0
1784116800000000,976.99,982.75,972.51,981.26,2584.974,1784120399999999,2527234.69923,19926,1267.473,1238912.34406,0
1784120400000000,981.17,983.09,950.3,959.21,2536.639,1784123999999999,2459317.40691,20908,886.429,861512.65463,0
1784124000000000,958.92,959.76,906.18,918.94,2396.068,1784127599999999,2228677.35187,19516,675.751,626453.06951,0
1784127600000000,919.5,920.16,898.0,904.49,2142.26,1784131199999999,1941491.94408,12100,1060.423,961057.32458,0
1784131200000000,904.49,905.88,876.2,891.48,3029.717,1784134799999999,2686838.84506,9361,1534.098,1359894.76509,0
1784134800000000,890.79,917.21,890.56,908.79,842.437,1784138399999999,761370.60826,4381,451.52,408323.64243,0
1784138400000000,908.95,917.86,898.73,902.99,701.8,1784141999999999,639021.16664,7422,340.666,310230.19769,0
1784142000000000,902.48,915.87,897.35,905.0,587.63,1784145599999999,532466.91191,2461,355.261,321999.49471,0
1784145600000000,905.0,907.2,902.2,905.41,168.185,1784149199999999,152155.7432,762,97.627,88298.96754,0
1784149200000000,905.17,905.84,898.49,903.01,5439.382,1784152799999999,4909588.24783,45097,2805.09,2531580.3431,0
1784152800000000,903.01,906.55,893.8,897.93,1045.874,1784156399999999,944491.06776,6090,545.695,492604.9063,0
1784156400000000,897.74,904.21,896.49,896.87,218.178,1784159999999999,196394.0619,1985,117.866,106082.80822,0
1784160000000000,897.36,906.65,887.25,891.0,673.947,1784163599999999,603370.6895,4802,332.901,298124.36498,0
1784163600000000,891.0,903.44,887.12,897.0,220.029,1784167199999999,196273.62969,1544,108.306,96575.89628,0
1784167200000000,897.13,903.01,893.95,901.79,96.282,1784170799999999,86581.93822,971,52.236,46954.34718,0
1784170800000000,900.57,903.44,895.64,899.73,50.001,1784174399999999,45039.87225,523,29.814,26884.34846,0
1784174400000000,899.96,900.93,896.79,899.03,25.334,1784177999999999,22779.55893,352,8.055,7241.78921,0
1784178000000000,899.18,911.6,898.28,905.08,151.352,1784181599999999,137074.93109,1079,122.093,110595.98044,0
1784181600000000,906.43,908.53,895.35,897.42,476.641,1784185199999999,429125.91606,2350,160.975,145119.66523,0
1784185200000000,896.42,898.2,887.0,889.64,270.291,1784188799999999,241400.41066,1831,179.746,160537.80206,0
1784188800000000,890.34,891.54,873.39,885.9,419.751,1784192399999999,370162.51432,3967,181.849,160534.55262,0
1784192400000000,886.45,889.46,878.42,878.79,91.699,1784195999999999,81203.9288,657,31.756,28136.2148,0
1784196000000000,878.62,882.04,869.01,877.42,268.612,1784199599999999,235376.08843,2822,101.342,88835.92612,0
1784199600000000,878.3,878.3,860.0,863.2,546.257,1784203199999999,472699.61865,2311,282.489,244347.30687,0
1784203200000000,863.67,864.49,853.32,856.21,1273.115,1784206799999999,1093413.4574,3194,607.4,521717.60387,0
1784206800000000,855.76,888.09,853.4,867.99,1444.085,1784210399999999,1253072.1507,5740,832.504,722884.19829,0
1784210400000000,866.76,880.6,857.66,865.79,1181.627,1784213999999999,1033400.34192,4703,413.851,361167.25483,0
1784214000000000,866.2,870.92,849.52,854.74,765.428,1784217599999999,656451.96241,2338,341.988,293863.58199,0
1784217600000000,854.7,856.54,847.6,853.71,514.669,1784221199999999,438356.89548,1457,333.638,284368.23787,0
1784221200000000,853.78,855.53,842.4,847.41,444.615,1784224799999999,377529.68882,1210,226.601,192369.44198,0
1784224800000000,847.51,864.14,844.12,846.91,240.256,1784228399999999,205004.65471,923,153.805,131340.4416,0
1784228400000000,846.72,856.25,843.39,854.87,202.543,1784231999999999,172013.18224,866,120.951,102823.14565,0
1784232000000000,854.04,857.48,848.17,857.3,298.285,1784235599999999,253781.05949,928,223.392,190075.19271,0
1784235600000000,857.61,859.93,855.1,856.88,122.886,1784239199999999,105473.52947,1314,71.403,61241.3061,0
1784239200000000,857.28,858.17,837.55,841.57,419.48,1784242799999999,354474.26632,1344,209.727,177255.41789,0
1784242800000000,841.78,841.78,829.49,833.96,509.143,1784246399999999,424937.64991,2120,264.501,220633.50745,0
1784246400000000,833.82,836.55,817.2,828.89,448.219,1784249999999999,370192.87633,2026,159.488,131845.23546,0
1784250000000000,829.0,838.13,820.97,826.77,283.545,1784253599999999,234964.86955,1886,141.68,117471.54953,0
1784253600000000,826.7,830.45,820.99,826.54,340.492,1784257199999999,281223.36441,1695,130.989,108047.62351,0
1784257200000000,826.99,846.41,825.79,834.63,608.443,1784260799999999,511151.96219,5430,446.376,375190.90789,0
1784260800000000,834.26,836.81,826.22,827.57,451.464,1784264399999999,375628.99833,6331,304.134,253066.57767,0
1784264400000000,827.55,828.86,811.0,814.4,552.696,1784267999999999,452181.20278,2362,197.062,161086.5566,0
1784268000000000,814.45,823.52,812.66,815.06,1319.457,1784271599999999,1079043.3988,5818,990.984,810381.95955,0
1784271600000000,815.36,817.83,807.0,809.08,1111.493,1784275199999999,902992.28955,3579,767.128,623560.09199,0
1784275200000000,809.39,821.06,808.96,818.35,962.562,1784278799999999,785589.44814,2709,634.003,517370.42126,0
1784278800000000,817.47,837.26,816.9,837.26,1874.114,1784282399999999,1553077.66334,4842,1593.894,1321543.89864,0
1784282400000000,837.48,863.88,836.72,847.41,2055.491,1784285999999999,1749815.91467,8450,1271.838,1082514.47997,0
1784286000000000,847.8,850.88,832.6,836.92,2877.935,1784289599999999,2419393.57885,11452,1986.292,1669234.19574,0
1784289600000000,837.15,838.67,826.1,832.91,1690.164,1784293199999999,1403777.76359,3893,756.073,627998.0485,0
1784293200000000,832.61,846.72,806.52,845.12,5684.012,1784296799999999,4676742.12734,15542,3191.744,2626345.79968,0
1784296800000000,845.13,880.88,844.01,856.24,2159.682,1784300399999999,1865014.33977,8826,981.899,846034.69254,0
1784300400000000,856.3,885.57,846.9,884.11,642.196,1784303999999999,552271.33963,4168,402.802,347071.39381,0
1784304000000000,883.92,897.29,878.94,894.57,711.198,1784307599999999,631444.87311,4057,355.291,315444.6212,0
1784307600000000,893.28,903.0,882.99,884.56,438.011,1784311199999999,391936.06805,2379,265.492,237530.05275,0
1784311200000000,885.64,886.56,869.65,872.11,251.569,1784314799999999,220375.2391,2117,158.703,138986.61687,0
1784314800000000,871.92,872.48,850.1,850.1,351.794,1784318399999999,303476.15177,2136,183.806,158767.09989,0
1784318400000000,850.23,853.63,843.88,846.28,697.809,1784321999999999,591293.18394,2092,535.773,453913.43188,0
1784322000000000,845.84,847.24,840.0,841.02,159.048,1784325599999999,134257.74657,554,88.003,74294.01795,0
1784325600000000,840.13,842.37,836.81,840.28,137.598,1784329199999999,115535.8606,781,54.597,45820.46658,0
1784329200000000,840.19,846.91,840.18,845.78,178.86,1784332799999999,150889.7064,671,116.387,98171.34903,0
1784332800000000,844.9,848.01,843.26,847.16,73.133,1784336399999999,61837.27934,465,41.231,34865.35654,0
1784336400000000,846.52,848.67,846.43,847.19,41.174,1784339999999999,34894.73094,585,20.78,17614.57909,0
1784340000000000,847.54,848.39,845.89,846.82,37.066,1784343599999999,31402.50514,676,19.141,16220.57568,0
1784343600000000,846.49,847.91,846.26,847.68,87.372,1784347199999999,74014.02805,764,48.368,40977.25821,0
1784347200000000,847.68,848.28,845.93,847.06,33.276,1784350799999999,28172.9471,484,23.274,19703.43195,0
1784350800000000,846.77,848.14,845.9,846.73,71.43,1784354399999999,60495.66314,416,46.662,39522.90904,0
1784354400000000,846.36,846.81,844.31,845.5,31.899,1784357999999999,26973.29514,440,15.89,13436.06189,0
1784358000000000,845.45,846.55,844.52,845.99,11.548,1784361599999999,9765.67242,281,4.143,3505.03512,0
1784361600000000,846.25,846.31,844.83,845.68,27.609,1784365199999999,23347.66062,309,10.256,8674.77893,0
1784365200000000,846.36,846.36,843.0,843.45,96.511,1784368799999999,81457.09756,1364,22.931,19350.33402,0
1784368800000000,843.45,844.49,843.11,843.6,20.079,1784372399999999,16943.99064,204,8.013,6762.49761,0
1784372400000000,843.45,844.18,842.0,843.21,25.826,1784375999999999,21780.86619,373,4.176,3523.35804,0
1784376000000000,843.46,843.48,840.86,841.76,26.279,1784379599999999,22133.3759,386,10.428,8786.49742,0
1784379600000000,841.77,845.01,841.5,843.37,40.32,1784383199999999,34001.28914,339,16.899,14250.27561,0
1784383200000000,843.56,843.8,841.35,842.38,34.07,1784386799999999,28693.8462,361,20.56,17319.50078,0
1784386800000000,842.04,842.72,840.51,840.75,34.803,1784390399999999,29296.34894,316,10.772,9069.00399,0
1784390400000000,840.97,840.97,837.76,840.74,41.421,1784393999999999,34765.54085,723,14.883,12495.65157,0
1784394000000000,840.35,840.36,838.01,839.57,18.327,1784397599999999,15386.02272,244,10.322,8666.77733,0
1784397600000000,839.55,841.58,838.26,838.88,38.863,1784401199999999,32638.73028,390,28.238,23714.09633,0
1784401200000000,838.57,839.2,838.26,838.86,11.559,1784404799999999,9694.91191,205,7.215,6052.28338,0
1784404800000000,838.56,841.37,837.78,841.12,21.524,1784408399999999,18053.074,257,16.723,14029.24341,0
1784408400000000,840.13,842.7,839.34,842.32,30.614,1784411999999999,25717.84347,255,15.367,12913.09123,0
1784412000000000,842.37,842.37,839.44,840.0,38.413,1784415599999999,32290.56813,391,25.434,21382.94925,0
1784415600000000,840.0,841.43,839.58,840.31,16.667,1784419199999999,14008.30741,203,10.294,8653.94982,0
1784419200000000,840.0,843.56,839.69,843.3,80.776,1784422799999999,67875.4558,352,17.938,15091.1857,0
1784422800000000,843.65,845.25,842.03,845.01,25.159,1784426399999999,21223.01575,293,17.853,15059.80629,0
1784426400000000,845.36,846.77,843.13,844.84,86.541,1784429999999999,73121.99416,332,70.263,59366.96568,0
1784430000000000,844.84,845.65,843.55,845.24,11.31,1784433599999999,9553.5583,94,5.028,4247.79842,0
1784433600000000,845.41,847.03,844.66,845.51,30.532,1784437199999999,25830.13402,205,19.02,16093.01994,0
1784437200000000,846.22,846.35,845.08,845.8,16.698,1784440799999999,14122.58909,160,4.968,4203.39131,0
1784440800000000,846.12,846.81,845.54,846.18,22.929,1784444399999999,19400.6345,249,12.522,10597.01647,0
1784444400000000,846.17,848.17,846.05,846.77,47.151,1784447999999999,39953.55442,336,20.592,17446.38138,0
1784448000000000,847.11,852.97,847.11,852.45,91.279,1784451599999999,77573.66151,580,49.496,42059.49518,0
1784451600000000,852.39,852.39,847.68,850.91,35.233,1784455199999999,29967.22652,296,5.975,5079.05842,0
1784455200000000,850.62,851.48,848.6,850.35,97.367,1784458799999999,82737.32013,457,26.478,22508.86963,0
1784458800000000,850.47,851.39,846.93,847.75,49.051,1784462399999999,41624.26229,373,11.445,9719.1886,0
1784462400000000,848.24,851.28,847.24,850.3,52.124,1784465999999999,44294.86938,463,36.503,31037.05689,0
1784466000000000,850.3,853.3,850.0,852.86,71.981,1784469599999999,61329.72373,1046,63.94,54479.35338,0
1784469600000000,852.86,852.93,850.28,850.99,45.913,1784473199999999,39088.40827,328,8.915,7590.58762,0
1784473200000000,851.0,851.97,849.85,850.79,35.912,1784476799999999,30558.92293,205,27.519,23417.93631,0
1784476800000000,851.2,851.33,847.24,848.04,71.321,1784480399999999,60505.92667,2033,18.228,15466.49142,0
1784480400000000,848.06,854.44,847.68,852.2,95.034,1784483999999999,81000.32614,1315,68.324,58253.48644,0
1784484000000000,852.11,853.52,849.27,853.14,35.152,1784487599999999,29923.76225,270,25.834,21992.47745,0
1784487600000000,853.57,855.63,853.17,855.47,11.793,1784491199999999,10078.42725,244,10.295,8799.30462,0
1784491200000000,855.49,855.74,854.06,854.37,8.068,1784494799999999,6897.49314,70,2.634,2253.44653,0
1784494800000000,854.0,855.48,852.95,853.7,17.263,1784498399999999,14738.10198,226,2.792,2385.66509,0
1784498400000000,853.7,868.72,849.95,867.11,356.406,1784501999999999,306722.96585,4833,162.94,140208.09126,0
1784502000000000,867.16,868.17,856.81,862.1,516.259,1784505599999999,445146.03572,13478,305.252,263227.21338,0
1784505600000000,862.1,882.19,854.63,862.53,440.188,1784509199999999,381962.07769,3916,277.656,240440.45245,0
1784509200000000,864.22,871.45,848.0,852.01,214.713,1784512799999999,184365.5723,1598,118.551,101747.52376,0
1784512800000000,852.21,862.24,850.43,860.68,62.675,1784516399999999,53703.87656,654,30.767,26350.51363,0
1784516400000000,861.36,866.88,857.38,862.98,111.779,1784519999999999,96183.35149,974,68.714,59111.26424,0
1784520000000000,863.85,871.75,860.67,867.64,89.698,1784523599999999,77660.09372,1793,35.392,30688.83457,0
1784523600000000,868.55,868.81,857.69,859.48,71.576,1784527199999999,61821.10307,1302,33.353,28800.83417,0
1784527200000000,860.71,861.78,852.0,857.12,60.39,1784530799999999,51655.4762,763,28.425,24297.5975,0
1784530800000000,858.0,870.25,856.65,868.11,50.706,1784534399999999,43796.09969,397,29.568,25569.08082,0
1784534400000000,868.11,877.74,866.31,873.05,440.11,1784537999999999,383357.18199,2460,241.869,210887.67766,0
1784538000000000,872.25,884.53,871.29,882.32,147.428,1784541599999999,129328.89204,1193,81.474,71510.90119,0
1784541600000000,880.15,890.05,878.25,883.86,228.064,1784545199999999,201458.59971,3236,132.682,117221.17184,0
1784545200000000,884.16,896.79,884.16,896.45,423.225,1784548799999999,377092.53011,4406,267.617,238451.21839,0
1784548800000000,896.6,896.68,879.6,883.18,372.241,1784552399999999,330439.40616,2841,173.044,153635.29266,0
1784552400000000,883.32,900.0,878.06,882.36,1268.705,1784555999999999,1128147.07504,10813,840.53,747749.13219,0
1784556000000000,882.36,888.93,867.7,871.9,350.291,1784559599999999,307916.61668,2368,165.213,145327.44309,0
1784559600000000,871.27,895.47,869.55,894.07,151.367,1784563199999999,133853.99139,1088,95.652,84614.35919,0
1784563200000000,893.71,901.99,886.92,890.34,361.134,1784566799999999,323197.80434,1304,198.04,177271.27429,0
1784566800000000,890.88,893.05,884.64,887.31,74.512,1784570399999999,66228.34159,793,46.47,41314.32631,0
1784570400000000,888.54,889.2,872.01,873.82,113.965,1784573999999999,100290.42578,678,31.396,27585.76657,0
1784574000000000,873.82,874.72,860.56,867.16,236.433,1784577599999999,204819.64291,1129,78.363,67794.64764,0
1784577600000000,866.84,873.34,865.54,872.93,91.977,1784581199999999,79817.1809,615,32.895,28575.15765,0
1784581200000000,872.47,874.27,871.03,873.47,62.192,1784584799999999,54211.21059,190,51.282,44696.45132,0
1784584800000000,872.98,873.36,869.17,873.22,28.513,1784588399999999,24863.94451,178,13.707,11951.58385,0
1784588400000000,872.99,877.81,871.81,873.9,107.454,1784591999999999,94023.22361,310,72.174,63144.86533,0
1784592000000000,873.8,885.79,868.74,879.31,453.167,1784595599999999,399372.35847,3454,334.68,295246.43008,0
1784595600000000,878.91,891.16,878.79,886.11,1008.689,1784599199999999,894665.04076,8580,949.11,841837.78874,0
1784599200000000,886.55,890.59,881.71,890.53,396.691,1784602799999999,352172.51381,2250,336.566,298800.38592,0
1784602800000000,890.4,907.14,890.28,906.0,791.278,1784606399999999,711684.91726,4635,623.96,560986.28906,0
1784606400000000,906.01,911.0,900.51,900.87,379.034,1784609999999999,343622.1518,1859,272.085,246796.21596,0
1784610000000000,900.87,905.47,896.41,902.97,314.736,1784613599999999,283541.74247,1944,235.186,211889.48114,0
1784613600000000,902.95,913.83,902.95,913.67,492.174,1784617199999999,447329.78745,2545,422.494,384035.69004,0
1784617200000000,913.22,915.46,908.93,913.14,553.932,1784620799999999,504943.14279,2434,374.028,341097.08665,0
1784620800000000,912.4,923.45,912.3,918.16,301.274,1784624399999999,277333.16099,1904,232.395,213982.03698,0
1784624400000000,918.94,921.26,912.06,916.1,256.828,1784627999999999,235266.33023,1099,73.201,67202.75345,0
1784628000000000,917.44,927.28,917.44,920.28,160.786,1784631599999999,148326.31008,1095,102.598,94657.52696,0
1784631600000000,920.75,922.94,916.7,918.67,235.656,1784635199999999,216750.18994,859,76.599,70431.80561,0
1784635200000000,919.75,921.5,914.4,920.68,134.264,1784638799999999,123410.25605,915,45.66,41962.91621,0
1784638800000000,920.42,945.5,918.15,933.73,623.964,1784642399999999,582150.09233,3317,317.008,295472.53383,0
1784642400000000,934.2,948.61,918.32,946.22,820.195,1784645999999999,764568.33724,3094,219.237,203926.78176,0
1784646000000000,946.6,958.8,946.1,952.81,411.353,1784649599999999,392335.47516,1609,269.018,256627.18361,0
1784649600000000,952.81,981.0,952.03,977.63,599.843,1784653199999999,582164.73142,3237,413.197,400953.33307,0
1784653200000000,978.39,982.71,971.0,972.78,296.195,1784656799999999,289243.43272,1749,160.958,157242.58159,0
1784656800000000,973.4,979.44,968.78,973.39,162.5,1784660399999999,158264.8781,880,63.231,61522.20531,0
1784660400000000,973.49,974.77,961.94,970.87,174.405,1784663999999999,168904.70128,1190,53.479,51857.83891,0
1784664000000000,970.57,979.53,969.66,978.95,107.141,1784667599999999,104540.16593,660,30.088,29329.31917,0
1784667600000000,979.18,987.71,978.91,980.0,157.103,1784671199999999,154590.57991,1062,63.715,62672.84403,0
1784671200000000,979.32,984.99,976.69,982.89,252.945,1784674799999999,248163.71987,1394,160.199,157185.27392,0
1784674800000000,982.01,987.55,980.69,987.01,311.967,1784678399999999,306857.24118,1415,236.391,232484.19269,0
1784678400000000,986.14,995.0,975.0,977.96,337.736,1784681999999999,334368.45593,2201,121.694,120582.87362,0
1784682000000000,976.76,984.14,972.59,976.2,70.725,1784685599999999,69115.67044,702,37.225,36381.78284,0
1784685600000000,976.69,978.51,967.3,967.72,93.487,1784689199999999,91078.06125,565,41.408,40334.5872,0
1784689200000000,968.42,971.47,961.18,965.26,554.651,1784692799999999,535788.49329,3197,111.339,107642.74373,0
1784692800000000,965.26,970.8,960.31,963.9,571.83,1784696399999999,552142.12582,3797,48.338,46677.49691,0
1784696400000000,963.9,964.09,947.46,951.02,1266.806,1784699999999999,1208098.9317,8187,335.305,319496.21948,0
1784700000000000,951.83,954.07,937.78,951.98,812.916,1784703599999999,768682.86643,4331,210.229,198504.00305,0
1784703600000000,951.79,951.79,943.01,946.83,503.76,1784707199999999,477025.26873,2436,52.027,49244.41337,0
1784707200000000,947.01,952.75,941.68,945.45,802.326,1784710799999999,759442.86831,4190,250.322,236964.31084,0
1784710800000000,945.45,951.43,942.38,945.74,356.436,1784714399999999,337758.73015,2222,97.446,92314.53786,0
1784714400000000,945.75,948.73,940.96,944.36,186.921,1784717999999999,176629.58625,1362,50.384,47626.44896,0
1784718000000000,944.76,947.41,929.58,934.37,274.22,1784721599999999,257066.61514,1897,72.056,67493.94032,0
1784721600000000,934.7,935.57,924.89,929.63,319.905,1784725199999999,297467.09654,2054,140.082,130278.14373,0
1784725200000000,929.82,974.94,929.82,972.31,1128.692,1784728799999999,1077625.87129,5824,539.498,515465.11758,0
1784728800000000,972.41,979.5,963.58,968.0,380.347,1784732399999999,368883.22578,2434,210.007,203675.08936,0
1784732400000000,967.98,976.47,967.98,974.07,111.332,1784735999999999,108332.1855,917,68.307,66476.33059,0
1784736000000000,974.26,979.48,970.57,973.89,176.903,1784739599999999,172413.39305,1275,50.516,49237.14337,0
1784739600000000,974.01,982.51,971.28,973.49,324.77,1784743199999999,317138.78144,1711,235.747,230149.19565,0
1784743200000000,973.66,974.98,965.0,969.75,208.465,1784746799999999,202164.75697,1292,28.139,27297.96585,0
1784746800000000,969.66,980.03,959.63,960.91,274.236,1784750399999999,265782.00869,1599,58.528,56931.1842,0
1784750400000000,960.93,980.34,951.97,975.64,635.694,1784753999999999,613064.24645,6178,463.188,446652.55252,0
1784754000000000,976.37,988.13,975.66,979.85,263.179,1784757599999999,258477.06262,1713,149.777,147043.14028,0
1784757600000000,979.65,981.5,971.28,973.88,104.233,1784761199999999,101648.42079,836,65.214,63580.98713,0
1784761200000000,974.09,983.93,968.64,983.93,223.1,1784764799999999,217337.91122,1346,110.359,107359.79475,0
1784764800000000,983.97,993.76,981.16,987.2,443.183,1784768399999999,438298.99333,3598,344.661,341083.78655,0
1784768400000000,986.46,992.0,973.26,973.42,163.511,1784771999999999,160540.4494,870,25.015,24635.84443,0
1784772000000000,973.2,976.37,963.51,971.17,215.254,1784775599999999,208531.42285,1054,138.942,134562.42756,0
1784775600000000,971.72,977.59,964.59,974.46,57.34,1784779199999999,55663.64512,428,22.429,21805.77783,0
1784779200000000,973.73,981.18,969.35,977.48,167.054,1784782799999999,163568.58675,935,27.32,26711.07513,0
1784782800000000,977.56,983.54,970.45,972.46,45.908,1784786399999999,44895.64047,491,26.251,25703.18753,0
1784786400000000,972.81,978.62,970.99,974.4,25.628,1784789999999999,25000.85396,271,10.722,10463.104,0
1784790000000000,974.13,974.13,966.34,972.53,150.445,1784793599999999,146038.19468,1036,20.789,20173.66173,0
1784793600000000,972.84,990.0,965.01,989.41,420.485,1784797199999999,410468.17848,3669,174.594,171001.18254,0
1784797200000000,989.18,1000.0,986.21,990.36,725.077,1784800799999999,720301.63686,3317,398.306,396416.22277,0
1784800800000000,990.36,992.34,986.39,989.5,345.938,1784804399999999,342338.05768,1827,74.866,74067.7864,0
1784804400000000,989.65,992.16,970.15,977.73,458.902,1784807999999999,449582.69573,3091,76.63,74959.2146,0
1784808000000000,977.56,977.56,960.8,967.15,250.604,1784811599999999,242283.05547,2286,89.372,86299.47604,0
1784811600000000,967.27,1001.0,957.52,977.98,961.48,1784815199999999,944134.54055,8389,611.289,601028.06545,0
1784815200000000,978.76,999.0,978.45,990.96,690.624,1784818799999999,684609.25936,4998,459.978,455835.18141,0
1784818800000000,990.13,992.24,978.94,990.4,353.403,1784822399999999,348472.2087,3020,125.515,123810.87321,0
1784822400000000,990.72,1011.36,987.11,994.32,337.893,1784825999999999,338118.65708,2899,153.51,153565.53341,0
1784826000000000,993.92,1001.73,989.27,992.24,149.201,1784829599999999,148599.63171,1212,35.239,35138.60221,0
1784829600000000,992.0,995.2,981.54,983.2,137.235,1784833199999999,135953.56237,1157,33.133,32842.85783,0
1784833200000000,984.0,993.26,975.35,989.57,400.65,1784836799999999,395398.3657,2497,66.79,65748.49048,0
1784836800000000,989.44,1001.6,987.74,994.0,136.894,1784840399999999,136418.77382,946,28.771,28663.36123,0
1784840400000000,994.0,996.71,985.16,988.73,211.86,1784843999999999,209771.88887,1326,23.109,22894.7354,0
1784844000000000,988.73,989.05,981.23,988.34,154.88,1784847599999999,152778.00943,860,15.013,14802.42082,0
1784847600000000,988.84,988.95,984.8,987.33,34.353,1784851199999999,33880.72498,498,16.264,16039.50024,0
1784851200000000,987.68,991.16,975.23,979.36,613.33,1784854799999999,601382.2406,3457,47.348,46442.09849,0
1784854800000000,979.79,987.47,979.41,979.72,148.96,1784858399999999,146459.64781,950,9.838,9673.49353,0
1784858400000000,979.08,981.76,961.65,962.95,307.418,1784861999999999,298459.91862,1686,42.144,40958.94578,0
1784862000000000,963.59,973.05,961.15,962.53,409.414,1784865599999999,395743.12163,2073,33.25,32113.45355,0
1784865600000000,962.75,972.71,960.11,972.71,303.953,1784869199999999,293353.52646,1433,54.92,53047.29336,0
1784869200000000,972.52,978.69,969.77,972.05,127.702,1784872799999999,124619.32453,926,18.135,17679.00867,0
1784872800000000,970.32,972.79,962.81,971.24,808.845,1784876399999999,781888.60423,3171,79.281,76656.72766,0
1784876400000000,971.22,980.0,971.12,977.94,246.056,1784879999999999,240031.60945,1055,46.714,45589.79953,0
1784880000000000,977.56,978.49,968.21,969.58,89.894,1784883599999999,87402.97024,752,38.7,37634.1474,0
1784883600000000,970.75,977.41,969.54,977.41,199.495,1784887199999999,194199.1288,1481,42.661,41520.45379,0
1784887200000000,978.0,978.39,969.24,970.66,31.639,1784890799999999,30817.85164,329,17.64,17185.89648,0
1784890800000000,970.72,976.7,968.15,974.61,226.191,1784894399999999,219761.28226,949,136.656,132789.74291,0
1784894400000000,975.1,985.95,971.55,972.4,376.585,1784897999999999,368362.41127,2255,248.017,242390.57235,0
1784898000000000,971.67,975.71,931.2,934.12,748.792,1784901599999999,714356.92558,5642,272.411,258833.59272,0
1784901600000000,933.9,940.7,920.0,935.4,314.042,1784905199999999,291887.11785,4338,159.079,147942.92893,0
1784905200000000,934.8,947.0,928.02,945.62,245.805,1784908799999999,230786.6034,2752,181.116,170075.39479,0
1784908800000000,945.63,950.63,932.95,935.76,97.752,1784912399999999,92026.90587,964,58.208,54831.29269,0
1784912400000000,934.8,939.04,927.28,929.6,169.105,1784915999999999,157555.18973,942,115.901,108060.93867,0
1784916000000000,929.4,930.71,910.34,915.35,548.473,1784919599999999,502649.54123,2149,199.993,183599.11598,0
1784919600000000,915.68,923.57,904.8,920.7,328.632,1784923199999999,300028.16216,1724,225.524,205896.81866,0
1784923200000000,920.44,925.84,915.8,920.9,162.663,1784926799999999,149933.02697,659,72.373,66720.84373,0
1784926800000000,920.13,920.71,911.26,911.83,265.574,1784930399999999,243048.42012,1122,94.462,86444.10704,0
1784930400000000,912.68,916.03,911.64,913.2,48.801,1784933999999999,44583.3441,301,30.844,28186.98911,0
1784934000000000,912.66,914.48,907.14,911.42,177.163,1784937599999999,161125.65169,788,61.188,55653.89992,0
1784937600000000,911.34,923.24,911.34,918.71,428.297,1784941199999999,393092.02414,5563,178.194,163629.82045,0
1784941200000000,918.58,918.93,916.17,917.46,88.266,1784944799999999,80985.37215,357,50.688,46499.02712,0
1784944800000000,918.15,928.16,917.43,925.04,871.443,1784948399999999,805037.96094,6899,732.605,676798.55203,0
1784948400000000,924.77,929.62,922.73,925.24,715.055,1784951999999999,662530.52658,8775,417.824,387146.62246,0
1784952000000000,925.4,928.87,924.01,924.52,138.802,1784955599999999,128574.5783,2623,52.501,48636.23463,0
1784955600000000,924.49,925.13,923.14,923.57,99.753,1784959199999999,92165.53003,806,17.939,16575.13772,0
1784959200000000,923.88,926.74,923.61,926.16,38.766,1784962799999999,35865.20204,266,25.245,23366.52917,0
1784962800000000,926.15,926.22,923.9,923.99,24.584,1784966399999999,22739.21288,139,3.926,3629.82267,0
1784966400000000,924.28,926.03,923.56,925.76,2.264,1784969999999999,2095.01181,29,1.865,1726.00062,0
1784970000000000,925.98,926.37,920.26,922.74,70.921,1784973599999999,65368.98602,1434,30.513,28137.81717,0
1784973600000000,922.95,925.19,922.7,925.02,77.923,1784977199999999,71976.24098,715,19.023,17573.48517,0
1784977200000000,924.56,925.01,922.51,924.44,8.503,1784980799999999,7855.21202,78,4.293,3965.94476,0
1784980800000000,924.89,927.51,924.52,926.8,80.498,1784984399999999,74555.57863,2575,44.37,41090.21415,0
1784984400000000,926.1,927.37,924.83,924.83,14.473,1784987999999999,13393.09274,93,4.658,4310.43379,0
1784988000000000,924.83,926.15,923.71,926.0,166.839,1784991599999999,154363.76222,1067,24.333,22517.81551,0
1784991600000000,926.09,926.22,924.0,924.36,362.689,1784995199999999,335568.83716,2069,172.609,159693.77606,0
1784995200000000,924.52,928.42,924.44,926.75,274.523,1784998799999999,254216.92225,1504,158.76,147012.55299,0
1784998800000000,926.77,931.24,926.77,930.32,99.914,1785002399999999,92855.99393,431,60.464,56179.96501,0
1785002400000000,930.17,931.0,929.15,929.15,105.704,1785005999999999,98362.09118,303,68.365,63635.33682,0
1785006000000000,929.15,932.47,928.55,931.92,200.378,1785009599999999,186538.83169,330,192.494,179207.18729,0
1785009600000000,931.58,932.43,931.33,931.64,9.124,1785013199999999,8501.93191,77,3.496,3257.9643,0
1785013200000000,931.69,933.84,930.8,930.94,29.91,1785016799999999,27896.14165,116,22.538,21027.56772,0
1785016800000000,931.07,933.38,930.85,933.38,15.232,1785020399999999,14196.41225,122,4.601,4286.9567,0
1785020400000000,932.8,934.68,932.5,933.59,42.336,1785023999999999,39541.39781,155,18.427,17211.94419,0
1785024000000000,933.17,934.51,931.96,932.92,19.256,1785027599999999,17975.13258,79,3.485,3253.55093,0
1785027600000000,932.89,937.14,932.39,934.85,64.037,1785031199999999,59907.17313,255,16.436,15370.29163,0
1785031200000000,935.13,935.86,933.92,935.47,29.739,1785034799999999,27809.07947,107,27.846,26039.51787,0
1785034800000000,935.96,938.45,934.36,935.93,73.362,1785038399999999,68710.20365,269,37.775,35398.20849,0
1785038400000000,935.51,938.7,935.41,937.21,32.902,1785041999999999,30836.23675,276,19.706,18470.90739,0
1785042000000000,936.79,936.79,934.48,935.82,46.767,1785045599999999,43725.29778,175,37.192,34771.44882,0
1785045600000000,935.69,938.7,935.26,938.17,4.403,1785049199999999,4127.89437,69,1.39,1303.26862,0
1785049200000000,938.35,939.3,936.22,938.38,120.584,1785052799999999,113147.80643,377,68.173,63959.77345,0
1785052800000000,938.65,939.05,936.0,938.39,10.89,1785056399999999,10207.2953,63,3.864,3622.31476,0
1785056400000000,938.08,939.17,937.02,938.74,13.585,1785059999999999,12744.25037,347,2.996,2811.3597,0
1785060000000000,938.75,945.5,938.61,944.13,111.266,1785063599999999,104888.52079,3664,75.741,71433.56713,0
1785063600000000,944.34,946.41,942.6,945.35,60.731,1785067199999999,57379.51411,668,46.255,43696.17878,0
1785067200000000,944.05,945.08,940.66,941.29,83.333,1785070799999999,78568.32575,707,49.088,46292.02216,0
1785070800000000,941.32,945.61,940.56,944.22,58.732,1785074399999999,55427.39671,205,40.252,38016.78044,0
1785074400000000,944.22,946.82,942.42,942.46,59.211,1785077999999999,55961.22313,374,28.514,26950.58073,0
1785078000000000,942.46,944.83,941.8,943.29,21.541,1785081599999999,20305.75546,161,12.039,11347.40818,0
1785081600000000,942.9,944.66,941.68,943.18,6.165,1785085199999999,5816.83223,52,0.965,910.49365,0
1785085200000000,942.33,943.31,941.28,943.31,17.817,1785088799999999,16780.57413,135,5.786,5449.24367,0
1785088800000000,943.27,943.71,942.3,943.13,6.351,1785092399999999,5989.36484,56,4.645,4380.71569,0
1785092400000000,942.77,942.9,939.06,939.06,31.723,1785095999999999,29846.7653,214,5.814,5470.6562,0
1785096000000000,939.06,939.34,937.14,939.32,64.439,1785099599999999,60461.58662,1889,35.443,33254.8872,0
1785099600000000,939.37,941.74,938.84,941.42,83.595,1785103199999999,78640.44069,1045,52.212,49110.24155,0
1785103200000000,942.0,951.9,941.85,947.72,291.114,1785106799999999,276149.11698,8307,220.063,208828.14302,0
1785106800000000,948.28,953.99,946.93,953.59,100.674,1785110399999999,95679.44106,1010,42.08,40013.3136,0
1785110400000000,953.98,956.23,938.47,941.69,1030.371,1785113999999999,974226.27523,11807,848.362,801780.34989,0
1785114000000000,941.99,945.75,933.19,942.23,430.684,1785117599999999,404243.35931,9406,364.097,341828.11184,0
1785117600000000,943.11,947.98,940.28,942.52,31.69,1785121199999999,29894.44866,583,15.092,14243.69594,0
1785121200000000,942.84,947.69,941.16,942.48,48.825,1785124799999999,46083.39963,403,7.37,6967.53708,0
1785124800000000,943.65,948.88,942.15,948.64,18.767,1785128399999999,17751.91883,303,4.012,3793.02289,0
1785128400000000,947.93,957.5,947.93,954.02,65.893,1785131999999999,62833.54366,446,20.739,19764.44359,0
1785132000000000,954.92,961.97,954.92,960.41,40.591,1785135599999999,38926.18727,363,25.411,24366.57467,0
1785135600000000,960.47,962.05,955.0,955.41,47.216,1785139199999999,45318.84271,317,28.892,27744.70721,0
1785139200000000,955.34,958.75,947.87,953.62,107.689,1785142799999999,102688.34183,882,45.636,43529.98909,0
1785142800000000,952.9,956.3,951.24,953.82,40.975,1785146399999999,39075.20777,448,24.952,23790.65266,0
1785146400000000,953.72,953.73,948.03,949.88,76.83,1785149999999999,73053.68726,591,20.873,19836.84013,0
1785150000000000,949.38,949.77,935.4,940.06,80.014,1785153599999999,75387.31998,743,31.398,29606.24068,0
1785153600000000,940.53,944.12,931.89,942.15,45.653,1785157199999999,42812.15151,569,23.629,22169.39382,0
1785157200000000,942.45,944.38,907.0,909.45,427.702,1785160799999999,395300.64876,5453,120.432,111626.0923,0
1785160800000000,909.82,910.68,856.43,878.37,2066.349,1785164399999999,1812522.0241,22359,696.053,610566.61293,0
1785164400000000,878.56,881.79,864.87,877.77,278.08,1785167999999999,242887.89076,2968,167.098,145938.31896,0
1785168000000000,878.13,888.18,867.8,869.04,100.291,1785171599999999,88166.64194,2871,57.216,50314.6589,0
1785171600000000,869.13,882.58,866.8,882.58,77.723,1785175199999999,67820.54023,1298,59.379,51820.05196,0
1785175200000000,882.92,893.84,878.05,892.93,243.419,1785178799999999,215265.70881,8268,136.813,121078.16031,0
1785178800000000,892.93,901.92,885.93,901.04,173.732,1785182399999999,155199.01871,3621,64.844,57967.81763,0
1785182400000000,900.89,901.85,895.77,896.54,134.486,1785185999999999,120915.02542,1058,99.294,89304.48129,0
1785186000000000,896.54,898.98,891.57,892.06,33.125,1785189599999999,29670.93983,372,16.411,14704.96095,0
1785189600000000,892.14,892.4,881.56,882.43,53.516,1785193199999999,47411.25928,845,25.6,22669.35831,0
1785193200000000,882.27,885.83,876.77,884.62,71.447,1785196799999999,63038.4854,761,41.312,36480.33175,0
1785196800000000,885.46,892.08,869.44,870.14,187.443,1785200399999999,164828.39753,1490,119.213,104760.78973,0
1785200400000000,871.77,876.03,863.43,869.6,483.536,1785203999999999,419660.46444,2200,387.868,336268.48554,0
1785204000000000,868.24,873.46,864.21,867.99,105.574,1785207599999999,91637.75089,867,47.094,40912.75955,0
1785207600000000,867.06,871.63,859.0,869.32,106.717,1785211199999999,92156.6646,625,62.217,53767.66742,0
1785211200000000,867.95,868.39,861.8,862.83,85.823,1785214799999999,74200.5615,700,59.172,51159.87392,0
1785214800000000,862.32,865.44,851.0,851.57,303.209,1785218399999999,259420.0012,1322,60.862,52092.51596,0
1785218400000000,852.41,857.5,846.33,857.0,119.086,1785221999999999,101325.81874,1026,47.853,40795.78321,0
1785222000000000,856.58,860.56,852.59,855.39,43.932,1785225599999999,37658.44431,270,27.615,23680.13684,0
1785225600000000,855.34,865.98,850.14,859.62,241.921,1785229199999999,207615.21367,2148,148.118,127072.53383,0
1785229200000000,859.92,862.81,852.01,855.05,117.414,1785232799999999,100774.88857,1694,61.61,52880.48647,0
1785232800000000,855.07,857.38,847.74,851.32,178.968,1785236399999999,152356.93409,1238,52.176,44467.66683,0
1785236400000000,851.83,851.83,830.0,841.07,542.081,1785239999999999,454478.76081,4465,311.276,261019.6637,0
1785240000000000,841.22,847.73,835.5,840.58,252.334,1785243599999999,212403.53785,2269,148.647,125216.84327,0
1785243600000000,840.37,850.66,806.87,810.69,3043.218,1785247199999999,2499824.4831,12497,2216.847,1817086.58916,0
1785247200000000,810.5,826.84,791.29,814.19,3217.292,1785250799999999,2598031.91128,16493,2331.546,1884256.21093,0
1785250800000000,814.67,831.88,810.94,828.92,3021.542,1785254399999999,2483826.38821,13686,2314.182,1901983.751,0
1785254400000000,829.45,833.41,818.74,826.8,1349.131,1785257999999999,1113416.54631,5757,1083.496,894294.96445,0
1785258000000000,826.32,828.83,812.78,818.91,1170.286,1785261599999999,958691.91304,5340,934.809,765597.47649,0
1785261600000000,819.38,824.58,814.64,824.58,274.004,1785265199999999,224405.54847,1879,166.077,136064.02172,0
1785265200000000,824.34,832.82,819.91,821.84,514.166,1785268799999999,424677.54116,2879,392.061,323935.18816,0
1785268800000000,821.88,838.85,813.72,829.04,645.094,1785272399999999,533185.6339,4401,520.618,430330.5002,0
1785272400000000,828.73,834.75,827.87,833.08,143.922,1785275999999999,119631.98115,763,70.097,58249.9993,0
1785276000000000,833.15,836.18,772.3,776.03,1251.702,1785279599999999,998393.93606,5433,622.823,499265.32839,0
1785279600000000,775.91,834.0,774.4,832.0,2383.758,1785283199999999,1914806.17025,16939,1905.117,1529897.24349,0
1785283200000000,831.8,855.68,818.02,828.88,1747.378,1785286799999999,1467101.3911,10815,1001.036,838870.9832,0
1785286800000000,829.13,833.12,790.53,791.56,796.882,1785290399999999,647485.90708,4756,278.696,224991.93993,0
1785290400000000,792.13,806.66,786.66,794.16,682.402,1785293999999999,544803.7806,6551,440.323,351455.03777,0
1785294000000000,794.07,799.5,778.0,779.62,1018.673,1785297599999999,802617.32781,5205,646.594,508964.28496,0
1785297600000000,780.5,787.19,757.0,785.93,2915.117,1785301199999999,2242471.1606,14900,2026.69,1558329.28598,0
1785301200000000,785.94,811.21,782.31,800.03,4764.264,1785304799999999,3798570.79579,15567,3529.91,2814728.68381,0
1785304800000000,799.79,811.03,790.04,808.8,2599.575,1785308399999999,2076304.09002,8992,2123.307,1695707.00997,0
1785308400000000,808.48,814.0,803.74,810.1,1055.915,1785311999999999,854548.06674,3283,698.978,565663.6647,0
1785312000000000,810.17,816.22,799.0,809.12,1602.324,1785315599999999,1294326.61884,5304,1110.758,897912.23842,0
1785315600000000,809.72,842.84,809.72,835.69,750.778,1785319199999999,623364.99958,3193,511.787,425151.57696,0
1785319200000000,835.18,839.64,814.41,814.41,1051.438,1785322799999999,866287.90655,4132,734.226,604641.55999,0
1785322800000000,815.16,829.78,812.49,828.7,611.593,1785326399999999,501011.6999,2512,409.97,335685.61981,0
1785326400000000,828.79,830.05,814.32,822.44,595.94,1785329999999999,488846.23961,2942,354.352,290890.28142,0
1785330000000000,822.44,842.46,793.95,803.44,2326.376,1785333599999999,1895610.31838,10042,1398.718,1136735.22069,0
1785333600000000,803.7,813.39,778.0,788.28,3517.211,1785337199999999,2799976.99028,24847,2379.453,1894934.10713,0
1785337200000000,788.14,794.21,769.5,776.25,2361.428,1785340799999999,1849748.76375,8860,1400.162,1096943.72017,0
1785340800000000,776.53,779.43,760.4,773.87,2761.8,1785344399999999,2131527.00558,12327,2189.096,1689704.27014,0
1785344400000000,774.15,785.32,769.27,773.79,1586.656,1785347999999999,1231414.39986,11142,1245.434,966690.74754,0
1785348000000000,773.94,796.24,763.0,793.65,4204.96,1785351599999999,3290258.10675,11518,2481.878,1943438.99143,0
1785351600000000,793.65,795.78,739.63,739.63,2560.251,1785355199999999,1953555.78759,10178,1220.151,936416.54353,0
1785355200000000,740.08,741.43,716.24,718.04,5397.077,1785358799999999,3933819.09924,15800,3945.897,2876785.53006,0
1785358800000000,717.66,723.29,706.39,721.39,3792.929,1785362399999999,2708906.722,15357,2491.319,1779240.86758,0
1785362400000000,721.39,739.87,721.39,731.45,1895.999,1785365999999999,1385835.49999,5714,966.14,706717.25408,0
1785366000000000,731.61,737.43,727.79,734.99,701.519,1785369599999999,513791.51224,3640,493.432,361414.49553,0
1785369600000000,735.19,744.59,725.55,735.45,970.252,1785373199999999,713543.50544,3385,510.804,375804.94812,0
1785373200000000,735.64,768.22,734.18,757.15,1008.399,1785376799999999,759922.25606,3615,600.503,452888.43803,0
1785376800000000,757.88,761.0,730.52,730.85,729.669,1785380399999999,544023.88041,2907,381.52,285144.06753,0
1785380400000000,730.78,737.43,726.64,731.26,498.435,1785383999999999,365037.5731,1849,342.256,250780.24249,0
1785384000000000,732.01,733.92,721.47,721.86,730.616,1785387599999999,531105.16077,3025,353.432,256995.35868,0
1785387600000000,722.01,734.87,717.2,730.98,846.47,1785391199999999,614804.45321,3780,569.185,414079.32092,0
1785391200000000,731.17,733.42,723.35,724.13,560.754,1785394799999999,409250.25571,1842,351.989,256964.40719,0
1785394800000000,724.09,729.71,719.56,720.34,416.09,1785398399999999,300931.40255,2329,266.165,192646.2179,0
1785398400000000,720.61,733.74,716.17,728.4,873.808,1785401999999999,632316.93322,3117,556.874,402973.15197,0
1785402000000000,728.16,737.52,727.57,734.06,1782.26,1785405599999999,1307267.07695,8544,1418.23,1040271.01128,0
1785405600000000,733.84,754.86,732.58,747.3,4201.71,1785409199999999,3129378.47654,12646,3168.48,2359223.63535,0
1785409200000000,747.12,768.32,746.87,767.28,1603.6,1785412799999999,1209432.53733,4942,1265.34,953914.366,0
1785412800000000,767.02,790.0,763.16,787.97,1931.322,1785416399999999,1497011.91869,5144,1132.883,877674.2109,0
1785416400000000,787.52,839.97,779.92,834.69,10558.903,1785419999999999,8631036.39192,18774,2373.532,1930276.71571,0
1785420000000000,834.7,867.44,822.43,841.07,12325.77,1785423599999999,10461998.9543,58812,2787.987,2369682.90454,0
1785423600000000,841.53,858.55,837.68,853.58,1244.944,1785427199999999,1059511.29163,4008,424.075,360255.96148,0
1785427200000000,853.05,865.33,851.02,859.08,1631.945,1785430799999999,1401720.71648,6665,317.809,272534.6007,0
1785430800000000,859.78,876.96,859.65,871.92,768.929,1785434399999999,669961.10975,2667,356.361,310626.45535,0
1785434400000000,872.62,876.03,862.96,867.09,476.539,1785437999999999,413266.99425,1514,268.038,231901.48249,0
1785438000000000,867.15,882.36,867.15,875.07,900.085,1785441599999999,787029.44023,3401,361.604,316359.5015,0
1785441600000000,874.71,894.44,870.35,889.05,5059.392,1785445199999999,4493326.34373,18377,1098.852,974236.29813,0
1785445200000000,889.06,904.1,885.85,898.1,3544.008,1785448799999999,3174759.04741,19250,377.284,338545.19832,0
1785448800000000,897.08,911.02,895.0,904.0,1640.401,1785452399999999,1487771.92134,6867,427.308,387173.05371,0
1785452400000000,904.0,907.0,887.19,902.42,3995.246,1785455999999999,3586126.50278,18409,600.68,538268.37105,0
1785456000000000,902.42,931.81,893.26,919.19,5723.216,1785459599999999,5227322.70452,23211,901.168,824934.16926,0
1785459600000000,919.25,929.46,893.93,903.69,1877.004,1785463199999999,1722995.69116,9700,367.834,336268.55875,0
1785463200000000,904.96,907.37,888.25,897.33,1105.513,1785466799999999,989781.97197,5538,165.502,148052.35094,0
1785466800000000,896.99,901.65,890.17,897.13,995.739,1785470399999999,892111.26147,4382,109.878,98507.88923,0
1785470400000000,897.3,910.83,893.01,907.66,908.815,1785473999999999,823160.67212,3589,331.045,300457.52672,0
1785474000000000,907.69,919.92,905.35,917.26,1044.94,1785477599999999,954136.4465,3975,426.14,388920.8029,0
1785477600000000,917.12,923.0,881.69,896.97,2046.06,1785481199999999,1844687.10847,6226,821.244,739930.4776,0
1785481200000000,896.0,910.07,890.47,904.17,981.275,1785484799999999,881688.05217,3344,521.599,468851.6531,0
1785484800000000,903.58,906.89,890.31,905.46,426.132,1785488399999999,383060.26198,2192,264.2,237193.83072,0
1785488400000000,905.82,917.14,900.61,901.48,309.484,1785491999999999,281779.5384,1400,162.486,148078.53303,0
1785492000000000,901.69,912.76,900.26,908.93,214.941,1785495599999999,195023.47873,1116,102.33,92905.71188,0
1785495600000000,910.01,921.19,910.01,916.23,241.593,1785499199999999,221365.88651,1443,138.614,127016.42702,0
1785499200000000,915.5,915.5,899.73,904.38,322.019,1785502799999999,292303.34075,1674,131.127,119027.39488,0
1785502800000000,903.39,931.11,859.89,865.16,6323.332,1785506399999999,5625949.23373,12765,3489.735,3098836.71992,0
1785506400000000,865.28,868.0,829.98,846.4,6007.572,1785509999999999,5076650.40756,18618,3749.232,3167464.75577,0
1785510000000000,847.26,852.42,819.28,828.24,1344.49,1785513599999999,1120132.9363,10903,723.785,602508.3893,0
1785513600000000,828.33,840.43,824.2,837.93,495.205,1785517199999999,412290.42657,2836,316.96,263947.23385,0
1785517200000000,837.87,854.63,835.92,846.44,827.488,1785520799999999,701940.77691,7903,601.775,510450.4469,0
1785520800000000,846.79,849.74,833.4,836.93,317.024,1785524399999999,266261.57095,2464,124.38,104429.8867,0
1785524400000000,838.62,842.94,823.58,823.8,743.106,1785527999999999,619686.23464,3106,316.26,263851.51239,0
1785528000000000,824.27,826.39,817.3,819.56,825.127,1785531599999999,677985.37569,2000,529.486,435125.92372,0
1785531600000000,819.74,821.77,816.48,817.6,359.732,1785535199999999,294606.61342,778,278.112,227699.29666,0
1785535200000000,817.72,818.73,814.08,817.15,360.391,1785538799999999,294194.57592,804,214.572,175136.58338,0
1785538800000000,817.15,817.62,813.04,813.85,220.677,1785542399999999,179874.00108,750,95.981,78228.1145,0
1785542400000000,813.85,823.95,813.85,816.92,361.106,1785545999999999,295548.88603,1837,155.17,126998.32353,0
1785546000000000,816.91,819.91,815.92,818.53,200.518,1785549599999999,163934.69772,1017,138.592,113310.42067,0
1785549600000000,818.88,821.22,817.98,818.74,129.331,1785553199999999,105972.10856,710,68.442,56084.85563,0
1785553200000000,818.41,819.02,817.33,817.69,69.408,1785556799999999,56793.89126,386,42.682,34928.00517,0
1785556800000000,817.6,818.76,817.57,817.9,42.909,1785560399999999,35108.86294,245,29.673,24280.03894,0
1785560400000000,817.46,819.12,816.38,817.49,37.936,1785563999999999,31007.81983,187,16.802,13737.75249,0
1785564000000000,817.33,821.75,816.8,818.25,66.941,1785567599999999,54878.4501,273,46.622,38223.00436,0
1785567600000000,818.24,821.87,818.18,821.16,25.171,1785571199999999,20618.79604,125,9.082,7438.44247,0
1785571200000000,821.95,822.57,819.0,819.0,42.198,1785574799999999,34637.5289,174,16.303,13388.69984,0
1785574800000000,819.0,820.96,819.0,820.02,63.436,1785578399999999,52011.99398,283,30.577,25074.09174,0
1785578400000000,820.27,821.64,820.01,821.46,23.468,1785581999999999,19263.51884,150,14.014,11502.81659,0
1785582000000000,821.48,824.5,821.36,823.38,47.058,1785585599999999,38756.32395,565,17.836,14685.51302,0
1785585600000000,823.84,823.89,820.48,820.48,45.885,1785589199999999,37696.98485,387,28.835,23687.02663,0
1785589200000000,820.4,820.66,817.75,819.68,68.736,1785592799999999,56312.83253,525,27.407,22453.30417,0
1785592800000000,819.73,819.91,818.15,819.68,23.462,1785596399999999,19217.68594,171,9.975,8171.71936,0
1785596400000000,819.46,819.46,816.14,816.87,79.084,1785599999999999,64678.51138,346,15.347,12561.47957,0
1785600000000000,816.73,817.26,814.65,815.57,47.37,1785603599999999,38653.59605,321,15.704,12813.83639,0
1785603600000000,815.61,817.64,813.59,814.15,36.16,1785607199999999,29474.41118,247,12.388,10097.02269,0
1785607200000000,814.18,817.37,807.44,815.05,182.55,1785610799999999,148316.52883,960,82.96,67398.98618,0
1785610800000000,814.9,816.52,812.51,813.44,55.325,1785614399999999,45071.7463,329,30.305,24688.62012,0
1785614400000000,813.42,816.09,812.51,815.78,58.058,1785617999999999,47264.49401,311,24.716,20120.18591,0
1785618000000000,815.7,822.81,812.57,822.72,105.547,1785621599999999,86324.26828,728,54.976,44961.26176,0
1785621600000000,822.75,823.39,818.09,821.06,268.654,1785625199999999,220691.39954,8257,157.63,129536.24569,0
1785625200000000,820.98,822.63,819.88,822.23,65.036,1785628799999999,53394.53381,329,48.749,40025.66264,0
1785628800000000,822.23,826.42,822.23,824.27,68.807,1785632399999999,56719.9453,586,49.875,41116.21604,0
1785632400000000,824.39,824.5,821.7,822.61,52.3,1785635999999999,43050.36732,613,28.952,23834.61275,0
1785636000000000,822.45,849.99,821.94,843.06,1440.037,1785639599999999,1214802.41122,20763,708.489,597580.84289,0
1785639600000000,843.24,845.06,837.33,838.1,1582.719,1785643199999999,1328541.80598,41642,329.142,276265.7809,0
1785643200000000,838.23,841.68,837.75,838.88,176.029,1785646799999999,147738.56442,2051,49.464,41541.11113,0
1785646800000000,839.43,841.52,837.45,840.43,97.157,1785650399999999,81468.40156,1251,76.431,64076.37114,0
1785650400000000,840.53,843.1,838.94,839.42,43.394,1785653999999999,36481.65175,339,28.566,24019.08305,0
1785654000000000,839.42,846.04,838.44,845.59,157.544,1785657599999999,132709.39085,792,117.161,98656.99906,0
1785657600000000,846.03,854.65,846.03,848.47,541.273,1785661199999999,460033.70876,2607,423.402,359884.37455,0
1785661200000000,848.48,849.72,845.18,849.41,166.388,1785664799999999,141004.68502,1552,122.844,104106.18187,0
1785664800000000,848.86,850.84,845.59,845.99,88.282,1785668399999999,74895.78384,602,53.332,45253.87414,0
1785668400000000,845.8,846.23,836.55,838.98,295.997,1785671999999999,248729.48153,1318,137.925,115956.54882,0
1785672000000000,838.93,843.71,838.2,840.17,449.632,1785675599999999,378328.15401,4003,218.845,184143.1323,0
1785675600000000,840.17,841.23,838.48,840.82,291.996,1785679199999999,245288.4279,1336,216.243,181666.61704,0
1785679200000000,840.81,841.59,839.2,840.07,185.813,1785682799999999,156165.17374,836,135.749,114087.61349,0
1785682800000000,839.63,842.81,838.69,842.81,126.94,1785686399999999,106716.4391,565,78.258,65786.70779,0
1785686400000000,842.66,847.26,840.96,846.6,68.574,1785689999999999,57922.61211,399,35.042,29595.41445,0
1785690000000000,846.41,852.11,846.21,849.37,329.564,1785693599999999,279957.95136,3086,153.395,130281.12403,0
1785693600000000,849.6,851.7,848.35,849.98,257.451,1785697199999999,218795.42136,1406,152.936,129995.9303,0
1785697200000000,850.35,860.4,849.36,853.04,1584.659,1785700799999999,1358697.44392,4036,520.649,445058.45355,0
1785700800000000,853.15,856.4,852.33,852.55,39.285,1785704399999999,33549.02223,168,20.498,17507.73114,0
1785704400000000,852.59,858.25,851.78,855.07,60.329,1785707999999999,51595.85227,252,32.326,27665.60225,0
1785708000000000,855.95,859.2,850.0,854.26,154.224,1785711599999999,131712.04012,667,91.985,78573.92723,0
1785711600000000,855.95,864.93,851.39,855.84,330.201,1785715199999999,283480.14725,1689,196.688,168786.28394,0
1785715200000000,855.3,855.3,836.32,846.63,5709.947,1785718799999999,4814029.60452,23842,4912.331,4140985.06223,0
1785718800000000,846.55,847.18,837.36,845.05,342.233,1785722399999999,288431.46457,1279,175.508,147914.14442,0
1785722400000000,844.69,847.05,829.69,843.31,1782.856,1785725999999999,1490129.24836,4412,1028.247,856434.21482,0
1785726000000000,843.31,845.59,840.16,844.07,118.496,1785729599999999,99911.73355,407,38.379,32391.09299,0
1785729600000000,843.69,845.82,839.41,839.41,76.045,1785733199999999,64126.9884,288,54.899,46321.75019,0
1785733200000000,839.68,843.39,838.1,840.96,76.908,1785736799999999,64693.71835,292,50.096,42148.62278,0
1785736800000000,840.58,841.57,831.97,833.8,72.854,1785740399999999,61017.8615,259,25.954,21740.9365,0
1785740400000000,834.21,838.51,829.89,831.64,67.828,1785743999999999,56641.53992,323,27.671,23100.17963,0
1785744000000000,832.89,834.49,806.25,822.6,901.523,1785747599999999,736422.79473,2944,439.971,359144.10615,0
1785747600000000,823.4,823.4,808.7,813.8,577.87,1785751199999999,471111.89784,1461,289.316,235856.83755,0
1785751200000000,813.88,813.95,793.08,805.57,1212.169,1785754799999999,970487.41993,3510,475.482,380398.82933,0
1785754800000000,806.11,807.18,783.44,786.04,850.877,1785758399999999,675620.56361,2520,464.101,368568.14234,0
1785758400000000,785.59,795.0,781.76,787.88,676.711,1785761999999999,533677.43034,2507,376.443,296852.66701,0
1785762000000000,788.59,800.91,771.77,798.57,5474.944,1785765599999999,4294146.27488,20643,3812.299,2989703.405,0
1785765600000000,798.99,829.91,785.38,827.76,1605.999,1785769199999999,1293639.66093,6983,949.637,764694.73814,0
1785769200000000,828.11,828.56,804.71,814.88,661.48,1785772799999999,538691.58877,4443,341.232,277767.04309,0
1785772800000000,814.86,825.98,814.86,819.15,135.52,1785776399999999,111262.68583,650,57.142,46909.66174,0
1785776400000000,818.74,835.8,818.54,834.47,328.109,1785779999999999,271795.39712,1303,154.033,127359.49823,0
1785780000000000,834.84,837.21,823.79,824.71,255.402,1785783599999999,212349.13459,696,136.013,113121.04882,0
1785783600000000,825.74,836.61,821.72,828.22,345.225,1785787199999999,286620.84069,810,264.853,219908.46265,0
1785787200000000,828.33,831.08,825.43,828.78,419.237,1785790799999999,346636.13284,989,107.998,89355.23568,0
1785790800000000,828.95,835.86,828.34,833.95,106.388,1785794399999999,88397.66199,547,64.227,53344.02352,0
1785794400000000,833.76,839.45,833.76,837.83,136.491,1785797999999999,114258.05177,538,51.123,42773.24383,0
1785798000000000,836.27,842.14,835.25,841.78,115.287,1785801599999999,96745.46529,1679,62.896,52761.01164,0
1785801600000000,841.76,846.56,814.28,816.82,870.883,1785805199999999,721990.16782,2002,360.885,298714.36779,0
1785805200000000,816.89,839.89,812.63,837.83,383.892,1785808799999999,318422.633,1291,135.698,112288.59424,0
1785808800000000,838.07,838.07,823.22,826.39,451.105,1785812399999999,373606.02514,2425,82.687,68469.97151,0
1785812400000000,826.49,829.85,820.96,828.14,712.568,1785815999999999,589161.64132,2522,226.883,187750.85005,0
1785816000000000,828.27,832.61,821.46,829.31,306.859,1785819599999999,253477.12078,1145,71.86,59464.65364,0
1785819600000000,830.64,840.34,823.38,840.19,449.14,1785823199999999,373387.40439,1498,131.412,109594.27255,0
1785823200000000,839.95,849.84,838.71,849.84,610.399,1785826799999999,516079.05246,2600,241.988,204677.31556,0
1785826800000000,850.0,853.1,844.31,848.19,742.041,1785830399999999,630660.21982,2784,186.772,158709.54539,0
1785830400000000,847.73,865.54,847.29,855.48,1570.757,1785833999999999,1352390.57681,5179,557.877,479824.64818,0
1785834000000000,855.7,857.22,844.66,852.66,454.964,1785837599999999,387466.53204,1221,208.073,177271.3806,0
1785837600000000,853.49,864.18,852.49,860.56,374.846,1785841199999999,321811.40015,907,186.551,160127.48137,0
1785841200000000,860.7,872.03,860.0,871.06,732.242,1785844799999999,634625.85835,1838,377.965,327607.70682,0
1785844800000000,871.49,871.68,863.84,868.16,1491.817,1785848399999999,1293105.4377,2803,690.652,598802.25553,0
1785848400000000,868.28,888.84,858.94,876.78,3335.012,1785851999999999,2913932.69255,7540,1079.435,943523.52032,0
1785852000000000,876.84,885.78,868.55,883.72,1403.846,1785855599999999,1232421.51791,10240,428.689,376496.37664,0
1785855600000000,884.42,898.61,882.68,893.0,1784.895,1785859199999999,1590930.54636,4531,636.239,566505.86879,0
1785859200000000,893.27,899.3,890.84,895.63,485.827,1785862799999999,434699.63168,1059,276.553,247503.812,0
1785862800000000,896.07,902.04,892.94,896.13,1266.752,1785866399999999,1136037.65762,7547,724.678,650179.31824,0
1785866400000000,895.69,898.1,889.35,895.35,334.432,1785869999999999,299077.76484,1603,143.936,128788.82578,0
1785870000000000,895.35,900.16,888.41,891.98,1194.227,1785873599999999,1066531.68934,8853,605.94,541420.94451,0
1785873600000000,891.72,897.69,874.16,880.79,1353.225,1785877199999999,1199634.3651,5696,289.613,256117.61069,0
1785877200000000,880.51,888.34,880.06,883.84,402.262,1785880799999999,355547.26174,1233,151.359,133782.71727,0
1785880800000000,884.93,887.26,881.02,885.89,129.836,1785884399999999,114803.51316,274,45.615,40349.46774,0
1785884400000000,885.08,895.09,883.4,891.36,571.562,1785887999999999,507541.52575,1326,131.854,117225.50993,0
1785888000000000,891.36,896.86,886.5,890.71,647.083,1785891599999999,577069.49375,2634,51.422,45924.34332,0
1785891600000000,890.71,890.71,875.82,886.74,480.028,1785895199999999,424064.94264,2221,80.121,70709.16267,0
1785895200000000,886.86,889.02,881.46,884.42,350.006,1785898799999999,309347.44347,4229,45.743,40458.53854,0
1785898800000000,884.42,891.66,884.02,890.99,280.727,1785902399999999,249832.0829,1493,101.133,89991.66148,0
1785902400000000,890.99,899.82,890.69,899.1,94.847,1785905999999999,84955.21319,322,59.414,53238.73744,0
1785906000000000,898.67,910.43,898.67,909.34,867.178,1785909599999999,785697.13465,2554,437.635,396711.79851,0
1785909600000000,909.32,912.85,897.91,902.7,480.998,1785913199999999,435320.24636,3221,62.989,56963.40846,0
1785913200000000,902.31,905.06,888.63,894.52,394.192,1785916799999999,353319.86315,1835,70.56,63266.92771,0
1785916800000000,893.78,900.19,867.99,878.01,1053.888,1785920399999999,931289.05666,3329,446.048,393799.82718,0
1785920400000000,877.43,883.58,873.62,880.67,451.457,1785923999999999,396641.98623,1427,229.926,202068.89998,0
1785924000000000,880.0,881.42,871.06,875.56,326.699,1785927599999999,286421.67413,1148,147.065,128904.53286,0
1785927600000000,876.21,886.99,875.31,878.3,443.855,1785931199999999,391167.42486,1763,195.023,171919.5016,0
1785931200000000,877.78,881.96,872.45,877.52,266.124,1785934799999999,233458.19634,1338,140.671,123404.67977,0
1785934800000000,878.0,925.71,870.15,919.0,4712.126,1785938399999999,4240330.48958,19510,1669.474,1501250.26369,0
1785938400000000,917.73,924.87,896.68,911.41,1475.201,1785941999999999,1345618.03815,5178,656.008,599167.9946,0
1785942000000000,911.45,922.76,908.86,915.22,722.245,1785945599999999,661909.20271,3317,226.711,207864.39621,0
1785945600000000,914.61,928.86,914.4,925.23,539.581,1785949199999999,497526.13189,2812,266.154,245517.19797,0
1785949200000000,925.0,926.07,917.11,920.79,1030.46,1785952799999999,948046.13835,6305,279.737,257415.65703,0
1785952800000000,920.89,922.13,915.86,917.15,579.199,1785956399999999,532411.98618,3428,180.251,165636.22959,0
1785956400000000,917.17,923.13,892.48,893.57,884.92,1785959999999999,808764.03435,2883,409.582,375761.46263,0
1785960000000000,894.12,908.81,871.16,897.28,4027.808,1785963599999999,3586109.47757,7404,2260.597,2012203.83187,0
1785963600000000,896.84,904.3,881.7,885.02,620.718,1785967199999999,554113.44355,1740,335.976,299963.71558,0
1785967200000000,885.64,893.37,880.11,886.35,433.709,1785970799999999,385075.7049,1489,223.322,198187.90221,0
1785970800000000,886.15,889.69,876.19,877.27,274.109,1785974399999999,242208.91056,850,151.489,133758.56359,0
1785974400000000,877.52,887.48,872.99,875.39,777.027,1785977999999999,682580.62978,2192,465.596,409360.75125,0
1785978000000000,874.73,876.48,861.36,871.04,1027.874,1785981599999999,893219.20763,3641,791.469,688143.67418,0
1785981600000000,870.64,878.54,867.95,874.68,319.125,1785985199999999,279211.63194,966,158.424,138535.43288,0
1785985200000000,874.54,876.49,868.6,873.68,130.31,1785988799999999,113599.33915,462,59.205,51624.76669,0
1785988800000000,871.4,876.55,869.43,872.4,143.039,1785992399999999,124852.5245,510,45.274,39571.09857,0
1785992400000000,874.54,877.46,870.64,873.09,419.433,1785995999999999,367267.56324,981,279.934,245439.75656,0
1785996000000000,872.44,872.44,865.01,868.79,233.995,1785999599999999,203255.03037,744,172.249,149677.75425,0
1785999600000000,869.3,873.34,867.01,867.5,76.737,1786003199999999,66798.44856,445,34.44,29989.94461,0
1786003200000000,868.03,870.47,854.86,866.74,683.721,1786006799999999,590042.9548,1910,337.52,291077.29065,0
1786006800000000,866.33,866.59,859.04,864.03,244.148,1786010399999999,210497.28201,588,123.911,106808.36415,0
1786010400000000,864.22,866.44,850.37,853.01,176.176,1786013999999999,151223.23232,465,79.661,68377.13738,0
1786014000000000,853.14,859.29,839.21,856.99,1068.723,1786017599999999,907766.4996,2432,521.296,441717.68425,0
1786017600000000,856.75,857.72,846.31,853.43,350.975,1786021199999999,299177.2503,832,149.689,127670.40516,0
1786021200000000,853.05,878.33,828.25,877.32,2081.381,1786024799999999,1769939.34675,5901,1126.474,960787.9011,0
1786024800000000,878.71,905.22,871.92,901.55,4119.721,1786028399999999,3687757.9099,12309,1306.422,1169259.57571,0
1786028400000000,901.83,912.97,897.89,898.36,952.62,1786031999999999,865093.94557,4449,264.191,239953.50068,0
1786032000000000,899.11,901.17,885.0,898.56,593.226,1786035599999999,529331.82087,1241,133.981,119650.42293,0
1786035600000000,898.2,899.26,887.41,889.36,180.593,1786039199999999,161094.79342,1045,36.576,32675.45028,0
1786039200000000,890.03,898.69,887.57,891.59,512.298,1786042799999999,456986.60779,1031,244.855,218525.67744,0
1786042800000000,891.28,899.0,881.22,882.47,1082.756,1786046399999999,966107.69295,2171,77.955,69415.11291,0
1786046400000000,881.6,886.83,878.48,886.83,597.792,1786049999999999,526961.07758,999,384.755,339345.86189,0
1786050000000000,887.13,889.82,885.46,886.68,164.769,1786053599999999,146220.60792,569,126.839,112561.31619,0
1786053600000000,886.27,891.93,884.61,891.6,117.436,1786057199999999,104311.32881,400,77.334,68705.60779,0
1786057200000000,891.39,891.7,886.77,890.86,52.786,1786060799999999,46946.01729,335,42.843,38111.43504,0
1786060800000000,891.01,898.26,883.63,891.35,425.088,1786064399999999,378857.65879,1265,151.135,134754.23139,0
1786064400000000,892.0,892.0,876.67,880.46,214.682,1786067999999999,189041.60989,965,84.778,74681.72556,0
1786068000000000,879.3,890.35,878.4,889.64,1219.714,1786071599999999,1077613.05901,2814,654.374,577903.72646,0
1786071600000000,889.5,892.39,883.96,883.96,261.573,1786075199999999,232319.52137,693,113.174,100530.32931,0
1786075200000000,884.03,887.88,881.98,884.51,263.029,1786078799999999,232662.85118,704,153.235,135552.82253,0
1786078800000000,884.73,890.87,884.5,890.5,314.396,1786082399999999,279229.39987,766,209.488,186078.34138,0
1786082400000000,890.44,893.0,880.66,881.1,201.097,1786085999999999,178358.96026,742,66.092,58721.81086,0
1786086000000000,881.08,891.32,880.79,891.31,165.997,1786089599999999,147308.1561,550,110.949,98444.42762,0
1786089600000000,890.97,904.27,890.97,900.95,280.725,1786093199999999,252038.50498,674,143.392,128623.79104,0
1786093200000000,901.06,902.42,897.85,898.26,314.664,1786096799999999,283172.98504,633,92.392,83203.61323,0
1786096800000000,898.4,899.0,889.02,889.59,310.848,1786100399999999,277819.33278,822,130.661,116779.82595,0
1786100400000000,889.97,901.09,889.58,896.66,403.696,1786103999999999,361939.96213,912,258.916,232087.15778,0
1786104000000000,896.21,917.44,895.95,911.85,1070.354,1786107599999999,969542.32579,2293,693.226,628157.69434,0
1786107600000000,912.73,913.32,864.11,866.88,2731.707,1786111199999999,2422792.16447,3936,1319.548,1167771.35802,0
1786111200000000,866.86,867.62,847.77,858.62,1737.098,1786114799999999,1488201.56476,6868,1230.174,1053748.86743,0
1786114800000000,858.38,879.42,858.16,875.95,322.461,1786118399999999,280481.01799,4499,182.549,158856.18808,0
1786118400000000,875.9,879.28,860.69,870.92,473.188,1786121999999999,411767.79862,3396,238.715,207598.59745,0
1786122000000000,870.68,874.16,867.67,871.68,189.636,1786125599999999,165247.46392,2356,77.883,67870.99616,0
1786125600000000,871.51,873.81,867.68,873.75,59.461,1786129199999999,51806.19272,1109,29.993,26137.72136,0
1786129200000000,874.06,881.69,872.48,878.27,313.819,1786132799999999,274752.94258,1118,195.808,171356.92987,0
1786132800000000,877.62,878.97,873.78,876.55,313.866,1786136399999999,274697.71399,1315,57.635,50482.49083,0
1786136400000000,876.2,876.64,874.07,875.74,167.303,1786139999999999,146374.26089,468,36.901,32290.73919,0
1786140000000000,875.71,876.19,874.43,875.07,306.674,1786143599999999,268389.17275,819,45.264,39610.01896,0
1786143600000000,874.96,879.38,873.93,879.38,352.708,1786147199999999,308826.41058,1885,54.57,47801.36263,0
1786147200000000,879.38,880.62,877.46,878.42,80.984,1786150799999999,71186.96893,788,58.404,51330.10708,0
1786150800000000,878.61,880.32,877.59,879.86,51.427,1786154399999999,45188.35788,369,46.468,40827.39348,0
1786154400000000,879.84,880.59,877.97,877.97,16.24,1786157999999999,14287.67149,231,11.746,10336.06489,0
1786158000000000,877.9,879.07,876.5,878.01,47.601,1786161599999999,41794.08078,372,38.455,33767.91103,0
1786161600000000,877.72,878.42,875.85,876.26,240.27,1786165199999999,210734.19815,1088,127.326,111687.30251,0
1786165200000000,876.42,876.49,875.28,875.61,21.107,1786168799999999,18488.01055,270,8.95,7839.80827,0
1786168800000000,875.61,876.79,875.32,876.21,14.722,1786172399999999,12897.38551,266,8.681,7605.24435,0
1786172400000000,876.22,876.65,874.79,876.23,26.055,1786175999999999,22819.45471,329,11.353,9942.60968,0
1786176000000000,875.86,876.79,875.17,876.43,12.326,1786179599999999,10797.60919,213,8.17,7157.39456,0
1786179600000000,876.43,877.29,876.15,876.81,10.404,1786183199999999,9121.88625,217,6.376,5590.08195,0
1786183200000000,876.63,878.67,876.44,877.74,10.314,1786186799999999,9053.12817,250,7.128,6256.12465,0
1786186800000000,877.74,879.3,877.46,878.48,23.653,1786190399999999,20773.14257,251,18.206,15986.63195,0
1786190400000000,878.55,878.82,877.46,878.5,147.958,1786193999999999,129964.55415,482,22.962,20166.46771,0
1786194000000000,878.51,884.64,878.09,881.02,120.88,1786197599999999,106611.24956,1528,71.714,63239.59267,0
1786197600000000,880.97,883.42,880.84,883.35,35.543,1786201199999999,31362.42012,415,19.088,16843.81651,0
1786201200000000,883.1,885.95,882.52,883.97,27.648,1786204799999999,24424.38792,450,16.254,14362.04641,0
1786204800000000,883.89,884.33,882.76,883.33,24.482,1786208399999999,21630.62956,321,19.094,16871.84355,0
1786208400000000,883.5,884.76,882.15,882.53,65.69,1786211999999999,58012.20799,521,39.418,34811.51809,0
1786212000000000,882.52,882.79,882.15,882.33,6.685,1786215599999999,5898.97836,189,5.098,4498.70479,0
1786215600000000,882.42,883.96,881.97,882.75,23.476,1786219199999999,20722.36757,170,8.876,7838.86847,0
1786219200000000,882.76,884.14,882.73,883.86,15.054,1786222799999999,13302.22192,159,9.046,7993.31282,0
1786222800000000,884.0,884.28,881.03,882.2,197.039,1786226399999999,173779.96237,523,68.186,60132.20334,0
1786226400000000,882.36,883.42,882.2,883.18,20.184,1786229999999999,17820.00998,174,19.129,16888.70261,0
1786230000000000,883.18,883.89,882.39,883.55,5.251,1786233599999999,4637.03833,217,3.537,3123.50766,0
1786233600000000,883.64,884.94,882.53,884.11,12.233,1786237199999999,10810.67039,222,9.148,8084.61943,0
1786237200000000,884.27,884.88,881.68,882.03,17.996,1786240799999999,15894.7402,169,12.614,11137.85157,0
1786240800000000,882.16,883.47,882.03,882.78,11.311,1786244399999999,9985.42572,89,6.138,5419.2163,0
1786244400000000,882.79,883.77,882.74,883.42,8.989,1786247999999999,7940.65335,49,7.148,6315.2102,0
1786248000000000,883.44,883.73,882.01,882.3,18.854,1786251599999999,16638.42693,100,6.236,5506.59233,0
1786251600000000,882.96,884.29,882.51,883.97,7.436,1786255199999999,6569.14513,107,5.113,4517.76505,0
1786255200000000,884.42,884.53,883.83,883.91,1.092,1786258799999999,965.48078,47,0.494,436.84106,0
1786258800000000,883.91,883.91,881.92,881.92,115.444,1786262399999999,101972.43453,626,14.862,13129.05793,0
1786262400000000,882.26,882.49,879.52,880.07,43.543,1786265999999999,38378.38457,317,34.943,30805.51262,0
1786266000000000,879.82,880.24,879.49,879.91,8.094,1786269599999999,7122.27342,92,5.954,5239.41805,0
1786269600000000,880.15,881.34,879.96,880.93,35.046,1786273199999999,30854.57153,297,28.987,25518.92983,0
1786273200000000,880.86,881.52,880.54,880.78,6.263,1786276799999999,5518.23966,53,2.74,2414.47927,0
1786276800000000,880.96,881.3,880.26,881.02,18.133,1786280399999999,15971.74355,130,4.734,4170.59203,0
1786280400000000,881.02,881.78,880.48,880.77,41.356,1786283999999999,36434.97707,387,38.072,33541.80768,0
1786284000000000,880.77,881.03,879.67,880.07,22.042,1786287599999999,19410.51239,219,16.047,14133.13556,0
1786287600000000,880.32,881.58,880.31,880.93,4.872,1786291199999999,4292.34164,96,2.445,2154.02628,0
1786291200000000,880.88,881.23,879.78,881.01,19.202,1786294799999999,16906.51384,178,3.178,2797.931,0
1786294800000000,881.02,882.38,880.73,881.91,12.104,1786298399999999,10672.48152,93,6.339,5589.6771,0
1786298400000000,882.17,882.72,881.43,881.5,4.065,1786301999999999,3587.01487,45,1.347,1188.5849,0
1786302000000000,881.37,881.88,880.65,881.8,5.724,1786305599999999,5041.88558,46,3.373,2970.98123,0
1786305600000000,881.49,881.77,880.99,881.45,6.29,1786309199999999,5544.58689,31,2.319,2043.57451,0
1786309200000000,880.98,881.27,876.63,879.72,35.348,1786312799999999,31070.71299,186,6.474,5682.1815,0
1786312800000000,880.04,880.86,875.17,877.18,53.89,1786316399999999,47340.4135,641,31.211,27422.73486,0
1786316400000000,878.08,880.73,876.9,879.51,24.725,1786319999999999,21734.67381,155,16.762,14738.21554,0
1786320000000000,878.84,890.01,871.45,875.02,1508.277,1786323599999999,1327361.18566,5261,561.95,495231.50067,0
1786323600000000,874.97,881.8,872.54,879.87,461.633,1786327199999999,404949.99784,1322,243.538,213644.53098,0
1786327200000000,880.09,880.32,873.9,878.23,501.101,1786330799999999,439692.08657,1086,278.275,244167.41862,0
1786330800000000,878.54,880.53,876.79,878.71,120.004,1786334399999999,105441.84291,325,50.024,43952.2653,0
1786334400000000,878.88,880.79,874.16,875.17,284.503,1786337999999999,250039.80712,580,154.85,136138.01157,0
1786338000000000,874.96,879.36,874.96,878.94,304.179,1786341599999999,266983.08311,823,152.846,134141.7832,0
1786341600000000,878.64,882.0,878.38,879.89,250.399,1786345199999999,220353.89942,684,133.274,117269.04493,0
1786345200000000,879.89,886.31,879.8,885.4,296.097,1786348799999999,261469.45659,605,140.709,124210.24684,0
1786348800000000,884.3,890.96,881.71,884.94,437.057,1786352399999999,386909.33702,1091,144.715,128110.80185,0
1786352400000000,884.77,884.77,876.07,878.02,371.425,1786355999999999,326847.43573,891,197.058,173336.36569,0
1786356000000000,877.71,879.58,875.59,876.9,123.275,1786359599999999,108197.47782,401,41.284,36233.91695,0
1786359600000000,876.66,877.91,862.38,871.52,1303.036,1786363199999999,1130802.61765,4271,704.022,610858.58127,0
1786363200000000,871.63,871.63,860.6,860.91,347.172,1786366799999999,300835.12997,544,117.969,102276.21102,0
1786366800000000,861.16,882.36,854.43,880.9,2189.927,1786370399999999,1903230.42579,3965,884.597,768697.84072,0
1786370400000000,881.06,895.76,867.72,869.12,1298.113,1786373999999999,1142895.37352,3013,665.202,586091.37709,0
1786374000000000,869.17,880.27,867.44,877.52,828.142,1786377599999999,722604.72635,2073,504.931,440704.39136,0
1786377600000000,877.43,882.46,874.72,877.94,649.006,1786381199999999,570100.65158,1415,292.681,257082.90496,0
1786381200000000,877.86,884.15,877.12,880.37,352.35,1786384799999999,310561.06152,878,198.249,174643.14505,0
1786384800000000,880.55,882.04,878.16,880.19,234.366,1786388399999999,206208.89288,699,90.268,79408.41584,0
1786388400000000,879.99,880.83,860.79,862.81,346.412,1786391999999999,302219.58327,902,142.475,124176.18793,0
1786392000000000,862.27,868.27,860.35,867.79,230.949,1786395599999999,199724.071,603,176.177,152330.4377,0
1786395600000000,866.28,866.28,864.17,864.61,101.383,1786399199999999,87740.6037,416,56.121,48560.49038,0
1786399200000000,864.69,867.2,864.69,866.31,47.158,1786402799999999,40843.40984,117,23.296,20167.30998,0
1786402800000000,865.03,865.37,861.91,862.6,146.465,1786406399999999,126417.00328,371,59.525,51394.54448,0
1786406400000000,862.6,868.35,860.87,866.55,424.387,1786409999999999,366893.64394,1101,150.583,130283.08125,0
1786410000000000,866.48,874.93,864.27,870.62,592.661,1786413599999999,515087.79575,1198,406.983,353840.56386,0
1786413600000000,870.62,872.48,867.55,870.65,182.734,1786417199999999,158968.2992,329,89.325,77709.07185,0
1786417200000000,871.26,876.83,870.2,874.64,150.744,1786420799999999,131708.25939,388,74.672,65205.72536,0
1786420800000000,874.64,879.2,874.64,875.19,84.316,1786424399999999,73954.83171,316,52.624,46155.91442,0
1786424400000000,875.55,876.66,871.04,871.43,161.473,1786427999999999,140942.39571,573,14.934,13047.56787,0
1786428000000000,871.43,873.96,865.88,867.74,171.353,1786431599999999,149150.82582,442,52.704,45853.33625,0
1786431600000000,868.15,871.04,866.9,870.18,108.254,1786435199999999,94108.13708,462,67.455,58631.2493,0
1786435200000000,870.51,875.0,861.66,864.22,244.65,1786438799999999,212309.95226,564,122.816,106717.32188,0
1786438800000000,864.23,865.89,858.65,864.72,206.019,1786442399999999,177848.56332,687,133.932,115660.97055,0
1786442400000000,864.82,869.0,862.36,866.41,424.445,1786445999999999,367462.12209,2151,264.712,229208.20446,0
1786446000000000,866.65,871.76,865.79,868.15,368.832,1786449599999999,320452.68863,1395,261.785,227471.87854,0
1786449600000000,868.21,878.19,866.94,873.66,759.984,1786453199999999,664705.79001,1577,463.583,405490.58381,0
1786453200000000,873.29,876.96,852.97,858.23,2931.511,1786456799999999,2540170.84881,5885,1444.975,1254043.98515,0
1786456800000000,858.0,868.23,845.54,861.7,2292.735,1786460399999999,1964733.13431,4802,1125.225,963974.41043,0
1786460400000000,861.77,865.76,854.44,855.86,1029.987,1786463999999999,883940.3274,2100,330.689,283811.45315,0
1786464000000000,855.47,857.71,850.85,851.7,359.156,1786467599999999,306914.27136,2021,281.048,240190.14908,0
1786467600000000,851.97,854.99,846.9,854.74,423.2,1786471199999999,360300.01732,1233,163.891,139578.9154,0
1786471200000000,854.18,859.48,853.89,857.5,203.557,1786474799999999,174442.18939,432,136.598,117166.48567,0
1786474800000000,857.14,868.79,856.9,868.11,246.08,1786478399999999,212239.64963,768,139.765,120473.33971,0
1786478400000000,868.31,869.71,865.46,866.22,267.726,1786481999999999,232185.44149,579,117.316,101721.73022,0
1786482000000000,865.72,866.87,865.24,866.3,66.148,1786485599999999,57290.85622,254,18.014,15603.5128,0
1786485600000000,866.19,868.15,865.13,867.29,61.842,1786489199999999,53581.21014,150,37.332,32335.92032,0
1786489200000000,866.95,867.44,866.02,866.95,6.062,1786492799999999,5254.32466,66,3.509,3042.34473,0
1786492800000000,866.92,872.12,864.0,865.95,210.84,1786496399999999,182922.77891,554,87.506,76001.53222,0
1786496400000000,866.37,872.15,865.46,871.54,192.971,1786499999999999,167944.01313,613,79.836,69506.58066,0
1786500000000000,871.54,883.52,871.33,881.04,373.583,1786503599999999,327941.61651,1064,141.806,124541.6304,0
1786503600000000,881.44,888.0,881.44,883.18,482.367,1786507199999999,426719.49829,1274,231.452,204743.51235,0
1786507200000000,883.18,885.53,881.03,881.5,163.923,1786510799999999,144789.71801,680,32.557,28752.41516,0
1786510800000000,881.26,882.6,875.64,881.22,57.744,1786514399999999,50785.86911,265,41.39,36393.70738,0
1786514400000000,881.42,882.58,878.54,881.63,66.469,1786517999999999,58498.3344,242,30.829,27127.7038,0
1786518000000000,882.0,884.94,882.0,884.94,151.769,1786521599999999,134036.11248,349,98.09,86631.91026,0
1786521600000000,885.0,898.7,883.08,895.85,1062.576,1786525199999999,952084.14953,2629,375.189,335804.63179,0
1786525200000000,895.89,900.38,893.09,895.0,580.706,1786528799999999,519997.37062,1528,205.169,183882.40988,0
1786528800000000,894.64,895.41,890.13,891.29,253.204,1786532399999999,226092.90135,627,134.524,120129.42936,0
1786532400000000,891.37,894.67,887.35,894.15,143.221,1786535999999999,127599.3653,430,101.128,90090.69478,0
1786536000000000,894.21,904.52,889.46,903.92,1180.183,1786539599999999,1058698.57617,2285,572.649,513764.12299,0
1786539600000000,904.5,931.03,900.05,921.58,2539.348,1786543199999999,2320188.09695,4528,961.988,879744.88459,0
1786543200000000,921.75,930.11,915.25,921.24,1856.673,1786546799999999,1715959.71642,3047,503.666,465623.0056,0
1786546800000000,920.99,928.2,918.36,923.29,311.939,1786550399999999,288073.57673,900,140.626,129853.18731,0
1786550400000000,923.7,927.42,921.31,926.64,1106.345,1786553999999999,1022788.4732,2055,532.324,492108.23147,0
1786554000000000,926.64,936.95,926.64,935.2,1151.497,1786557599999999,1071585.71912,2374,833.258,775626.82459,0
1786557600000000,934.33,935.19,921.29,923.45,1101.58,1786561199999999,1021286.88277,1947,551.237,511451.96193,0
1786561200000000,923.48,924.09,909.79,912.14,1801.045,1786564799999999,1653710.27866,3284,964.972,885709.35151,0
1786564800000000,912.08,915.85,911.68,914.1,638.744,1786568399999999,583711.59382,2008,453.933,414859.99339,0
1786568400000000,914.1,918.84,912.91,917.27,229.247,1786571999999999,210071.33757,788,141.818,129858.49919,0
1786572000000000,917.27,917.27,914.1,916.04,138.234,1786575599999999,126608.76183,474,97.114,88931.60066,0
1786575600000000,915.69,921.95,915.69,920.94,173.789,1786579199999999,159872.33658,1025,138.431,127319.34732,0
1786579200000000,920.8,927.98,918.71,924.0,508.074,1786582799999999,469221.99283,1842,206.336,190465.13273,0
1786582800000000,924.3,926.46,922.23,926.22,102.891,1786586399999999,95122.41293,475,84.882,78460.9666,0
1786586400000000,926.11,926.59,921.85,923.91,44.228,1786589999999999,40880.62316,114,7.204,6661.45323,0
1786590000000000,923.05,923.9,921.35,923.75,53.621,1786593599999999,49480.67638,161,18.375,16953.16946,0
1786593600000000,923.4,925.94,922.6,924.86,29.428,1786597199999999,27191.22635,101,7.595,7022.98536,0
1786597200000000,923.44,927.95,919.69,919.69,112.974,1786600799999999,104317.6695,399,42.846,39580.57687,0
1786600800000000,919.06,921.12,914.51,916.61,944.26,1786604399999999,867244.03641,2323,635.203,583278.12645,0
1786604400000000,917.0,917.39,908.6,912.2,439.641,1786607999999999,401136.9535,2149,203.841,185937.67171,0
1786608000000000,912.73,914.03,901.4,908.05,426.457,1786611599999999,386530.57311,2928,256.221,232041.27502,0
1786611600000000,907.8,910.53,902.75,910.53,181.918,1786615199999999,164871.6339,1203,125.253,113531.9008,0
1786615200000000,910.57,912.54,906.83,911.84,153.689,1786618799999999,139939.20504,822,61.596,56085.03967,0
1786618800000000,912.0,916.24,911.32,911.39,300.384,1786622399999999,274356.21329,991,123.945,113215.82593,0
1786622400000000,911.3,912.97,903.94,910.44,821.724,1786625999999999,746580.20885,2151,397.681,361338.25059,0
1786626000000000,910.55,941.7,906.86,939.46,3598.546,1786629599999999,3319513.1969,6195,1587.171,1465577.16083,0
1786629600000000,939.27,960.88,933.15,955.07,2780.88,1786633199999999,2638291.85929,6319,1302.548,1231883.10369,0
1786633200000000,955.13,977.89,952.09,959.51,2464.914,1786636799999999,2378651.39036,5614,1087.331,1048640.30942,0
1786636800000000,959.48,970.5,959.15,968.9,1701.524,1786640399999999,1643722.16447,3426,417.617,403570.76794,0
1786640400000000,969.71,975.16,968.34,971.05,959.505,1786643999999999,933112.96299,2319,350.472,340917.41574,0
1786644000000000,971.05,972.08,962.12,964.46,455.956,1786647599999999,440803.09756,924,119.242,115275.52782,0
1786647600000000,963.24,965.83,947.15,950.97,305.222,1786651199999999,291473.9928,989,123.503,118067.27956,0
1786651200000000,950.67,963.46,950.0,961.27,615.108,1786654799999999,590552.38961,5053,226.354,217320.09826,0
1786654800000000,961.27,962.7,958.25,961.65,135.524,1786658399999999,130122.07784,759,81.464,78178.55261,0
1786658400000000,961.65,964.07,961.26,962.36,100.873,1786661999999999,97111.39358,412,50.783,48879.79833,0
1786662000000000,962.35,965.63,960.58,965.63,112.209,1786665599999999,108046.35111,476,65.73,63286.00442,0
1786665600000000,966.21,968.38,955.81,955.81,160.904,1786669199999999,154863.93605,611,47.218,45430.56794,0
1786669200000000,955.11,957.84,952.51,955.03,265.12,1786672799999999,253201.52213,846,160.976,153742.13542,0
1786672800000000,955.12,959.96,953.87,954.34,242.75,1786676399999999,232374.99778,741,128.771,123239.48984,0
1786676400000000,954.22,957.1,953.26,956.06,197.411,1786679999999999,188663.17255,599,109.123,104289.84443,0
1786680000000000,955.63,959.55,953.52,956.28,348.339,1786683599999999,333248.48336,946,197.565,188985.39761,0
1786683600000000,956.31,961.27,953.46,960.55,198.355,1786687199999999,189722.32229,631,98.027,93733.32164,0
1786687200000000,960.27,961.37,957.09,961.17,169.432,1786690799999999,162457.21051,491,79.214,75946.93584,0
1786690800000000,960.86,962.07,959.11,960.93,133.237,1786694399999999,128029.91598,376,53.554,51455.35345,0
1786694400000000,961.21,968.4,957.34,965.71,291.684,1786697999999999,281475.51679,910,181.185,174856.08844,0
1786698000000000,965.66,976.2,964.03,973.88,356.417,1786701599999999,345465.82582,863,239.123,232027.99661,0
1786701600000000,974.56,979.35,972.97,977.37,417.823,1786705199999999,408388.13994,999,181.445,177213.57273,0
1786705200000000,977.54,983.28,977.51,979.11,366.811,1786708799999999,359488.90806,1342,249.793,244773.36693,0
1786708800000000,979.38,981.77,975.12,981.77,856.98,1786712399999999,838293.88313,1434,335.841,328584.73695,0
1786712400000000,981.54,987.94,957.11,968.83,2219.216,1786715999999999,2162655.34326,4055,1000.1,973840.92318,0
1786716000000000,969.26,983.62,965.98,969.36,1428.385,1786719599999999,1388975.73757,2660,521.582,507253.40923,0
1786719600000000,969.0,972.46,956.72,961.55,1586.271,1786723199999999,1530944.70421,2562,750.702,725175.21374,0
1786723200000000,961.64,966.89,960.25,963.53,317.183,1786726799999999,305504.52802,1236,116.917,112608.91908,0
1786726800000000,963.74,965.97,960.82,962.99,148.352,1786730399999999,142907.572,332,42.537,41011.09226,0
1786730400000000,963.92,964.96,960.33,964.91,16.126,1786733999999999,15514.73154,74,5.962,5737.91324,0
1786734000000000,964.6,974.25,964.19,972.43,678.453,1786737599999999,656794.6812,1583,132.009,128045.96862,0
1786737600000000,972.8,972.97,969.83,971.09,105.09,1786741199999999,102113.45952,298,27.698,26908.16778,0
1786741200000000,971.03,974.49,970.89,973.91,25.733,1786744799999999,25016.02604,179,10.289,9998.35115,0
1786744800000000,974.48,975.24,972.51,972.64,45.212,1786748399999999,44061.09764,105,31.667,30865.10872,0
1786748400000000,972.81,973.5,972.59,973.44,23.75,1786751999999999,23109.19288,53,4.017,3908.18702,0
1786752000000000,972.28,974.35,971.43,973.59,172.472,1786755599999999,167775.91562,872,73.784,71765.61279,0
1786755600000000,973.47,974.03,972.43,973.7,64.639,1786759199999999,62920.30334,363,29.353,28576.75214,0
1786759200000000,973.48,973.56,972.28,973.09,47.822,1786762799999999,46524.40629,322,20.016,19473.09075,0
1786762800000000,973.1,974.15,972.92,973.71,42.317,1786766399999999,41185.88959,250,17.667,17194.47947,0
1786766400000000,973.67,973.67,972.2,972.49,42.138,1786769999999999,40990.68025,256,16.936,16476.03335,0
1786770000000000,972.49,972.74,971.83,971.83,26.442,1786773599999999,25714.94142,221,10.117,9839.26114,0
1786773600000000,971.84,974.17,971.64,973.71,48.701,1786777199999999,47362.19741,396,22.147,21539.75243,0
1786777200000000,973.82,976.6,973.82,976.23,61.678,1786780799999999,60127.7782,364,38.483,37518.47769,0
1786780800000000,976.22,978.24,975.1,976.12,31.391,1786784399999999,30666.54578,130,21.832,21333.1788,0
1786784400000000,975.83,975.83,974.36,975.1,76.242,1786787999999999,74332.52789,453,28.715,27998.56728,0
1786788000000000,974.79,974.92,973.95,974.75,7.144,1786791599999999,6961.41904,100,3.255,3172.09968,0
1786791600000000,974.76,974.76,973.87,974.07,12.608,1786795199999999,12282.76087,101,6.349,6185.00083,0
1786795200000000,973.98,975.1,973.98,975.1,13.027,1786798799999999,12692.17949,106,6.691,6518.8776,0
1786798800000000,975.13,977.81,974.68,977.18,10.337,1786802399999999,10097.72642,88,7.572,7397.45648,0
1786802400000000,977.14,977.62,975.61,976.11,25.338,1786805999999999,24743.37128,165,9.74,9513.3061,0
1786806000000000,976.1,977.0,976.1,976.63,8.535,1786809599999999,8335.93267,48,2.315,2261.65263,0
1786809600000000,976.57,976.57,975.43,975.88,11.566,1786813199999999,11287.77579,71,1.591,1552.65014,0
1786813200000000,975.88,977.27,975.72,977.0,18.165,1786816799999999,17733.24529,130,6.721,6561.83461,0
1786816800000000,976.87,978.03,976.77,976.77,13.258,1786820399999999,12959.18972,42,11.576,11315.85766,0
1786820400000000,977.01,977.62,976.86,977.21,3.411,1786823999999999,3333.6137,40,1.512,1477.93156,0
1786824000000000,977.31,978.22,976.03,978.01,11.194,1786827599999999,10937.87549,69,4.275,4176.57825,0
1786827600000000,978.09,979.0,977.88,978.9,2.324,1786831199999999,2273.77185,32,1.633,1597.88396,0
1786831200000000,978.89,978.89,977.3,977.3,1.996,1786834799999999,1951.67089,18,0.552,539.73587,0
1786834800000000,977.29,978.08,976.64,977.0,1.472,1786838399999999,1438.67862,25,1.025,1001.77608,0
1786838400000000,976.75,978.19,976.75,977.78,3.409,1786841999999999,3331.22635,46,0.575,562.2302,0
1786842000000000,978.09,978.58,977.86,978.58,7.344,1786845599999999,7183.53788,39,5.905,5775.74565,0
1786845600000000,978.58,981.57,978.58,981.04,43.944,1786849199999999,43046.48846,190,31.501,30848.6031,0
1786849200000000,980.81,987.62,980.81,985.17,75.257,1786852799999999,74125.24151,423,32.347,31872.60234,0
1786852800000000,985.35,985.73,983.72,983.72,14.413,1786856399999999,14188.2393,178,6.24,6142.98798,0
1786856400000000,984.11,985.46,983.41,984.45,7.709,1786859999999999,7588.54462,75,2.258,2223.02074,0
1786860000000000,983.99,985.3,983.66,984.99,2.926,1786863599999999,2880.70915,85,1.247,1227.85241,0
1786863600000000,985.08,985.08,982.19,983.39,16.542,1786867199999999,16262.7728,155,9.165,9010.83571,0
1786867200000000,983.11,984.18,982.81,983.29,9.345,1786870799999999,9191.37903,151,4.551,4476.05116,0
1786870800000000,983.4,983.4,980.67,981.79,5.542,1786874399999999,5439.26739,106,2.42,2375.70874,0
1786874400000000,981.65,982.1,980.43,981.98,40.881,1786877999999999,40111.65892,174,25.77,25286.90428,0
1786878000000000,981.85,982.78,981.04,982.09,21.146,1786881599999999,20764.13394,219,10.243,10058.12925,0
1786881600000000,981.21,981.8,976.41,976.86,65.487,1786885199999999,64037.65989,453,34.634,33872.21927,0
1786885200000000,976.86,978.51,975.7,977.67,43.871,1786888799999999,42860.06812,249,23.894,23343.44853,0
1786888800000000,977.41,978.02,976.26,977.24,7.468,1786892399999999,7298.33566,83,2.236,2184.9738,0
1786892400000000,977.28,980.23,977.18,979.85,24.306,1786895999999999,23800.02327,127,15.313,14996.9877,0
1786896000000000,979.36,981.37,979.09,980.74,12.404,1786899599999999,12156.29569,99,6.237,6112.18745,0
1786899600000000,980.29,981.13,980.0,980.84,5.734,1786903199999999,5622.87796,60,0.979,959.98207,0
1786903200000000,980.99,981.0,979.42,979.47,13.937,1786906799999999,13662.99731,82,8.773,8599.85446,0
1786906800000000,979.41,979.61,977.26,977.92,21.715,1786910399999999,21237.1298,95,6.818,6671.56702,0
1786910400000000,978.06,978.18,976.65,976.86,7.482,1786913999999999,7310.0078,71,5.893,5756.65038,0
1786914000000000,976.67,977.81,976.67,976.78,65.224,1786917599999999,63753.99005,199,17.116,16728.45381,0
1786917600000000,976.76,977.79,975.28,975.49,61.275,1786921199999999,59843.90781,275,29.324,28635.36785,0
1786921200000000,975.0,976.43,974.05,975.89,33.451,1786924799999999,32632.50999,168,26.971,26310.00912,0
1786924800000000,975.44,985.8,975.31,984.22,279.776,1786928399999999,274954.16784,1049,190.825,187505.16936,0
1786928400000000,983.44,986.13,982.67,983.11,129.437,1786931999999999,127423.8329,425,96.32,94818.60654,0
1786932000000000,982.7,995.79,982.59,993.01,641.514,1786935599999999,635214.57774,1092,615.463,609461.19937,0
1786935600000000,992.0,994.83,990.8,992.82,304.902,1786939199999999,302678.14921,591,192.752,191419.14355,0
1786939200000000,992.82,997.76,990.46,993.45,284.718,1786942799999999,283352.37545,590,213.139,212137.20867,0
1786942800000000,993.75,1006.85,993.75,1006.08,593.92,1786946399999999,595047.55998,1596,508.679,509595.13304,0
1786946400000000,1006.12,1007.51,1002.21,1006.01,148.375,1786949999999999,149132.86493,423,110.213,110770.61432,0
1786950000000000,1005.71,1007.33,1000.76,1006.91,596.385,1786953599999999,599933.65171,993,161.238,162029.54878,0
1786953600000000,1007.0,1011.87,1002.4,1005.13,788.418,1786957199999999,793950.07168,1313,473.918,476902.41629,0
1786957200000000,1005.38,1006.35,999.87,1004.49,210.809,1786960799999999,211688.96224,491,143.3,143972.55428,0
1786960800000000,1004.1,1009.01,1004.1,1006.31,161.403,1786964399999999,162423.73139,381,97.582,98222.4872,0
1786964400000000,1006.14,1007.58,999.94,1002.3,76.076,1786967999999999,76321.86466,328,41.164,41315.75743,0
1786968000000000,1001.77,1003.14,993.45,998.59,659.682,1786971599999999,657752.97684,905,363.034,361801.18566,0
1786971600000000,998.69,1023.9,994.07,1022.79,1893.663,1786975199999999,1909317.51092,3933,904.252,910613.25384,0
1786975200000000,1022.65,1028.58,1010.88,1026.57,840.681,1786978799999999,858345.35094,1880,280.848,286748.36755,0
1786978800000000,1026.7,1035.95,1025.7,1027.32,2847.841,1786982399999999,2938042.59415,5454,720.356,742981.18239,0
1786982400000000,1027.5,1031.75,1025.76,1031.47,313.599,1786985999999999,322875.3698,1177,174.421,179536.39933,0
1786986000000000,1031.42,1032.78,1017.47,1020.72,197.427,1786989599999999,202166.88103,1077,127.513,130516.22389,0
1786989600000000,1020.47,1021.48,1015.89,1017.17,152.607,1786993199999999,155497.37811,636,97.278,99105.7243,0
1786993200000000,1017.07,1018.18,1008.54,1012.38,474.75,1786996799999999,481081.10685,1113,124.936,126711.26567,0
1786996800000000,1012.5,1013.7,1009.2,1010.92,146.203,1787000399999999,147965.13527,506,58.222,58913.53784,0
1787000400000000,1010.55,1013.61,1010.36,1013.61,52.23,1787003999999999,52826.68712,201,42.965,43454.72086,0
1787004000000000,1014.1,1020.85,1014.1,1020.64,137.949,1787007599999999,140530.0231,482,96.881,98710.32359,0
1787007600000000,1020.37,1020.37,1016.71,1018.14,419.561,1787011199999999,427270.48794,1392,135.955,138409.12011,0
1787011200000000,1018.51,1026.4,1016.25,1018.7,306.476,1787014799999999,312882.91271,939,194.852,198981.74301,0
1787014800000000,1018.02,1018.72,995.34,1000.1,601.323,1787018399999999,604660.90095,2261,321.981,323991.69217,0
1787018400000000,1000.11,1001.75,981.32,984.76,982.559,1787021999999999,971834.07892,3575,570.976,564540.76628,0
1787022000000000,984.53,990.31,980.96,988.86,350.293,1787025599999999,345323.98832,1271,211.038,208135.09259,0
1787025600000000,986.87,995.95,983.91,994.06,286.603,1787029199999999,283681.33903,909,149.636,148026.53175,0
1787029200000000,993.94,993.94,981.59,981.63,155.763,1787032799999999,153749.287,600,39.952,39408.46826,0
1787032800000000,981.45,991.7,980.02,991.6,150.022,1787036399999999,148070.79062,630,88.673,87553.79482,0
1787036400000000,991.53,992.74,984.47,984.59,99.943,1787039999999999,98754.89707,439,62.898,62142.80105,0
1787040000000000,984.77,985.81,966.72,966.83,1364.288,1787043599999999,1326255.15424,2486,951.375,925373.03583,0
1787043600000000,967.16,968.33,957.43,961.93,708.814,1787047199999999,682198.66227,1401,518.23,498663.72074,0
1787047200000000,962.06,965.14,957.36,964.4,188.67,1787050799999999,181349.18163,615,111.959,107581.54314,0
1787050800000000,964.87,972.1,963.91,971.4,140.643,1787054399999999,136358.00704,617,87.5,84873.81686,0
1787054400000000,971.37,974.16,963.48,965.12,171.657,1787057999999999,166094.79436,500,60.092,58115.53461,0
1787058000000000,964.88,978.75,953.82,960.52,1675.583,1787061599999999,1615809.46824,3060,828.144,797796.11923,0
1787061600000000,961.62,965.51,936.49,937.76,558.859,1787065199999999,532240.9053,1985,357.054,340219.96697,0
1787065200000000,937.18,948.48,933.45,946.08,448.006,1787068799999999,421985.09453,1456,280.275,264071.03156,0
1787068800000000,946.79,946.81,938.43,940.36,224.074,1787072399999999,211159.18382,630,172.802,162833.98115,0
1787072400000000,940.17,941.33,933.66,934.16,427.011,1787075999999999,400621.10661,792,379.593,356161.04136,0
1787076000000000,934.14,937.41,928.0,934.82,265.395,1787079599999999,247744.10438,585,193.36,180538.28967,0
1787079600000000,935.38,943.16,934.47,941.19,579.049,1787083199999999,544136.59794,928,238.92,224772.81703,0
1787083200000000,941.58,941.58,937.56,939.43,234.489,1787086799999999,220275.44036,390,139.905,131452.42532,0
1787086800000000,938.97,939.35,936.98,937.38,108.285,1787090399999999,101586.98425,183,54.195,50880.2891,0
1787090400000000,937.18,941.38,930.29,930.29,215.216,1787093999999999,201943.08869,408,108.702,101949.64782,0
1787094000000000,930.19,936.77,929.05,933.0,805.753,1787097599999999,751316.52275,1403,757.812,706628.00308,0
1787097600000000,933.0,940.54,921.36,933.55,1110.683,1787101199999999,1030485.94143,2232,776.868,721434.82061,0
1787101200000000,933.69,944.35,933.31,939.65,555.893,1787104799999999,522059.01365,1392,401.682,377216.37804,0
1787104800000000,938.96,938.96,926.89,930.35,448.924,1787108399999999,417894.25483,1623,355.219,330620.07768,0
1787108400000000,930.63,934.24,928.29,929.9,281.975,1787111999999999,262554.81909,3922,199.345,185612.76027,0
1787112000000000,929.96,930.87,922.23,924.95,558.437,1787115599999999,516677.67015,1576,428.489,396277.62677,0
1787115600000000,924.97,930.52,919.22,920.48,1097.239,1787119199999999,1014750.14935,2179,1006.31,930651.52445,0
1787119200000000,920.31,942.9,917.52,941.66,1559.008,1787122799999999,1446198.46251,3256,1403.895,1302610.49165,0
1787122800000000,941.48,961.22,937.64,958.1,1482.003,1787126399999999,1404893.18687,2659,923.785,875162.01687,0
1787126400000000,958.74,965.86,950.44,955.83,1365.54,1787129999999999,1308420.29107,2147,922.62,884030.51253,0
1787130000000000,955.83,958.72,935.76,937.24,925.676,1787133599999999,872191.04158,1273,720.983,678810.99343,0
1787133600000000,937.28,939.11,926.55,931.7,1006.445,1787137199999999,939600.09334,3523,651.429,608014.3561,0
1787137200000000,932.1,944.71,929.27,936.67,948.142,1787140799999999,887940.76129,2163,740.204,693409.36823,0
1787140800000000,936.66,969.13,935.49,969.0,597.291,1787144399999999,568895.04354,2050,433.867,413087.98114,0
1787144400000000,968.45,968.45,920.0,930.67,1816.717,1787147999999999,1714961.70474,4361,813.807,765101.20448,0
1787148000000000,929.52,937.77,916.28,933.57,616.078,1787151599999999,571183.34764,2560,294.869,273554.94863,0
1787151600000000,933.55,939.49,927.06,934.27,390.119,1787155199999999,364404.00811,1798,173.624,162156.71677,0
1787155200000000,934.38,941.32,932.4,937.13,134.899,1787158799999999,126612.8733,803,95.25,89426.26977,0
1787158800000000,936.82,938.16,927.05,929.5,88.565,1787162399999999,82716.13803,526,31.373,29232.35855,0
1787162400000000,929.49,933.23,919.52,930.96,75.538,1787165999999999,69961.95067,533,36.172,33576.66412,0
1787166000000000,931.66,938.19,928.5,937.14,255.172,1787169599999999,237868.28996,656,146.155,136346.09543,0
1787169600000000,937.99,940.76,935.69,940.59,490.375,1787173199999999,460114.47945,805,452.673,424739.86128,0
1787173200000000,940.48,943.55,938.31,938.54,573.899,1787176799999999,540220.81807,1538,467.921,440591.86158,0
1787176800000000,938.66,948.06,938.29,947.28,117.936,1787180399999999,111318.82951,295,43.273,40747.01658,0
1787180400000000,947.45,949.19,943.39,947.03,260.48,1787183999999999,246542.0846,707,54.103,51187.38807,0
1787184000000000,947.11,953.96,937.34,953.66,801.901,1787187599999999,758689.26118,2226,325.109,307829.87474,0
1787187600000000,953.21,955.87,947.44,951.11,566.288,1787191199999999,538911.37552,1505,258.87,246421.24754,0
1787191200000000,952.94,955.66,947.69,949.49,281.993,1787194799999999,268433.01286,548,91.189,86721.88482,0
1787194800000000,950.02,953.17,947.74,951.68,168.897,1787198399999999,160544.07261,457,80.48,76511.69832,0
1787198400000000,952.14,957.4,950.46,950.98,262.508,1787201999999999,250428.4297,575,125.63,119905.5786,0
1787202000000000,951.24,955.06,949.48,949.89,106.858,1787205599999999,101675.37499,322,20.942,19913.66667,0
1787205600000000,951.73,960.17,951.73,959.52,340.471,1787209199999999,325374.21877,709,134.164,128258.31486,0
1787209200000000,958.88,958.88,953.69,953.78,119.452,1787212799999999,114262.1146,339,45.52,43537.57402,0
1787212800000000,953.24,955.56,940.0,941.46,383.001,1787216399999999,361946.72715,1896,250.807,237059.56061,0
1787216400000000,941.9,947.14,940.79,946.51,79.413,1787219999999999,75050.56522,265,47.666,45043.69707,0
1787220000000000,945.89,950.16,944.41,947.58,227.06,1787223599999999,215078.02096,429,148.949,141131.80205,0
1787223600000000,948.15,948.15,931.0,931.8,473.183,1787227199999999,442649.0335,1343,278.107,259988.854,0
1787227200000000,931.8,932.95,920.39,929.76,590.251,1787230799999999,546747.89918,1376,256.961,237871.25233,0
1787230800000000,929.76,954.73,928.55,940.77,1363.723,1787234399999999,1285910.15075,3170,818.695,771672.50534,0
1787234400000000,941.65,962.82,938.78,956.08,840.785,1787237999999999,803439.8851,2550,449.164,429595.51612,0
1787238000000000,956.8,964.22,951.61,959.04,377.696,1787241599999999,361723.79138,861,187.586,179911.3373,0
1787241600000000,959.78,961.26,953.12,957.97,123.112,1787245199999999,118062.74884,331,76.909,73827.80257,0
1787245200000000,958.01,959.02,952.6,956.02,161.445,1787248799999999,154184.14576,351,50.227,48016.0267,0
1787248800000000,954.6,958.0,946.81,956.72,211.973,1787252399999999,202258.36286,524,32.568,31019.84879,0
1787252400000000,957.24,977.12,957.24,973.9,914.131,1787255999999999,883202.90276,1667,201.978,195002.29534,0
1787256000000000,973.57,974.62,970.02,972.78,396.04,1787259599999999,385041.08452,687,34.185,33239.36721,0
1787259600000000,972.74,973.13,970.18,971.8,512.73,1787263199999999,498150.32249,774,9.165,8906.42984,0
1787263200000000,972.11,973.67,968.39,972.44,373.213,1787266799999999,362107.66669,501,130.964,127044.85532,0
1787266800000000,972.35,973.67,966.87,966.87,205.976,1787270399999999,199879.1883,473,51.105,49643.41317,0
1787270400000000,966.8,981.89,966.56,976.31,636.1,1787273999999999,620046.38208,1511,326.456,318047.8912,0
1787274000000000,975.34,982.18,972.28,978.91,331.165,1787277599999999,324004.82472,751,185.682,181724.20368,0
1787277600000000,979.64,982.76,978.34,981.24,214.786,1787281199999999,210675.41971,417,141.685,139026.84329,0
1787281200000000,981.29,981.29,975.14,976.19,224.164,1787284799999999,219173.93188,584,60.547,59180.25245,0
1787284800000000,975.92,977.73,972.45,976.58,202.07,1787288399999999,197244.11213,537,93.304,91128.65076,0
1787288400000000,976.53,979.45,974.57,975.57,90.405,1787291999999999,88385.68997,307,31.222,30540.9116,0
1787292000000000,975.25,979.28,973.97,979.1,125.908,1787295599999999,123062.01315,486,64.715,63263.18258,0
1787295600000000,979.31,987.41,978.99,983.74,217.163,1787299199999999,213678.67009,982,124.747,122739.4135,0
1787299200000000,983.81,986.15,969.51,977.24,613.586,1787302799999999,598946.52867,2187,399.733,390282.41624,0
1787302800000000,977.46,984.02,973.63,982.89,202.014,1787306399999999,197677.4065,1550,108.67,106370.28196,0
1787306400000000,983.21,985.09,978.03,980.54,826.502,1787309999999999,809136.50731,2546,573.06,560889.7739,0
1787310000000000,980.35,989.01,976.64,984.13,278.249,1787313599999999,273268.80814,1227,145.876,143176.21745,0
1787313600000000,984.35,988.0,982.4,987.18,872.339,1787317199999999,860211.84377,1373,99.618,98200.78412,0
1787317200000000,987.07,989.68,971.46,977.13,1453.928,1787320799999999,1427125.67773,3756,739.822,725428.19099,0
1787320800000000,976.63,979.64,958.82,962.61,823.441,1787324399999999,794559.83775,3442,647.733,624944.4979,0
1787324400000000,963.47,972.66,961.68,968.01,196.683,1787327999999999,190116.26618,1168,100.641,97280.95691,0
1787328000000000,968.14,969.35,960.69,964.88,89.744,1787331599999999,86608.12426,552,52.284,50463.31414,0
1787331600000000,965.34,968.04,961.74,967.66,87.287,1787335199999999,84245.95967,399,61.228,59102.25085,0
1787335200000000,967.77,969.2,965.7,968.84,23.72,1787338799999999,22951.87198,194,15.452,14952.29768,0
1787338800000000,969.2,969.59,961.0,966.13,445.001,1787342399999999,429121.49837,905,404.683,390263.9746,0
1787342400000000,965.8,966.27,963.83,964.92,114.821,1787345999999999,110796.10074,264,31.958,30839.57677,0
1787346000000000,964.97,965.16,963.16,963.36,635.542,1787349599999999,612790.53664,691,214.024,206383.03796,0
1787349600000000,963.36,964.27,962.37,963.86,82.925,1787353199999999,79902.80402,266,18.469,17793.39476,0
1787353200000000,963.64,963.89,962.3,962.55,447.973,1787356799999999,431244.1959,1050,345.319,332407.89497,0
1787356800000000,962.55,964.39,962.54,963.44,311.536,1787360399999999,299956.22484,713,245.016,235861.29562,0
1787360400000000,963.44,963.69,962.29,962.88,51.309,1787363999999999,49426.66045,315,1.958,1886.29234,0
1787364000000000,962.88,963.7,962.63,963.17,74.358,1787367599999999,71636.14217,446,28.322,27292.59431,0
1787367600000000,963.26,963.44,961.56,961.73,94.78,1787371199999999,91201.1382,373,44.622,42933.9587,0
1787371200000000,962.08,962.37,961.01,961.01,44.452,1787374799999999,42745.77596,320,20.672,19877.34001,0
1787374800000000,961.01,961.38,946.01,958.81,649.334,1787378399999999,618718.86511,7286,246.44,234801.53054,0
1787378400000000,958.82,961.06,957.85,960.21,64.167,1787381999999999,61538.97739,333,19.214,18438.26257,0
1787382000000000,959.96,962.17,959.96,961.33,50.292,1787385599999999,48339.01468,422,38.812,37306.15654,0
1787385600000000,961.45,961.79,960.05,961.34,38.499,1787389199999999,36994.57532,211,19.828,19056.02823,0
1787389200000000,961.28,962.07,960.86,961.66,9.886,1787392799999999,9507.03256,152,6.053,5822.2843,0
1787392800000000,962.0,962.78,960.06,962.27,65.104,1787396399999999,62578.01971,305,47.655,45804.78059,0
1787396400000000,962.3,962.46,961.03,961.47,33.629,1787399999999999,32341.21956,229,24.735,23787.60772,0
1787400000000000,961.47,962.17,960.27,960.79,42.067,1787403599999999,40432.76973,288,26.82,25783.47933,0
1787403600000000,960.53,960.64,958.92,959.34,20.151,1787407199999999,19340.08498,215,8.856,8500.93331,0
1787407200000000,958.82,959.42,956.41,956.7,37.316,1787410799999999,35755.37725,186,21.368,20474.83705,0
1787410800000000,956.66,956.84,955.0,955.28,51.522,1787414399999999,49251.26241,399,41.527,39698.67751,0
1787414400000000,955.09,956.99,954.68,955.83,34.913,1787417999999999,33382.21168,206,10.917,10437.76559,0
1787418000000000,956.11,957.45,955.96,956.94,44.82,1787421599999999,42876.83957,223,29.164,27900.74934,0
1787421600000000,956.97,957.78,956.97,957.6,9.831,1787425199999999,9412.57461,122,8.596,8230.35985,0
1787425200000000,958.11,958.59,957.94,958.44,11.566,1787428799999999,11083.24444,97,9.068,8689.82712,0
1787428800000000,958.44,959.46,958.2,959.15,28.175,1787432399999999,27014.66518,179,24.707,23689.15148,0
1787432400000000,959.19,959.31,957.93,958.54,68.0,1787435999999999,65188.419,492,44.963,43104.12426,0
1787436000000000,958.56,959.45,957.94,957.95,20.003,1787439599999999,19174.72736,243,16.698,16006.81904,0
1787439600000000,958.34,960.51,958.14,960.51,25.865,1787443199999999,24827.23374,316,22.237,21344.946,0
1787443200000000,960.68,961.89,960.24,961.58,78.191,1787446799999999,75117.79341,411,24.418,23460.40667,0
1787446800000000,961.37,961.95,960.41,961.59,9.896,1787450399999999,9508.81913,50,6.187,5945.9319,0
1787450400000000,961.87,963.32,961.62,962.68,13.383,1787453999999999,12881.16091,82,8.16,7852.72785,0
1787454000000000,962.47,963.14,961.19,962.82,27.739,1787457599999999,26691.98757,153,14.31,13767.9363,0
1787457600000000,963.36,964.22,961.92,963.33,28.97,1787461199999999,27891.20823,145,14.373,13840.78922,0
1787461200000000,963.31,963.43,960.51,960.63,14.41,1787464799999999,13859.0985,136,4.015,3860.94584,0
1787464800000000,960.73,960.92,958.34,959.81,5.798,1787468399999999,5563.49111,61,3.991,3828.50007,0
1787468400000000,959.83,961.65,959.77,961.42,23.651,1787471999999999,22716.98876,201,20.626,19811.48823,0
1787472000000000,961.91,963.25,961.21,962.49,14.062,1787475599999999,13526.27329,87,10.64,10235.44649,0
1787475600000000,962.52,963.52,962.24,963.04,17.297,1787479199999999,16657.32769,143,11.637,11206.99466,0
1787479200000000,963.26,963.68,962.38,962.38,5.547,1787482799999999,5344.39982,47,4.743,4569.79094,0
1787482800000000,962.64,963.37,962.64,963.36,11.607,1787486399999999,11178.75491,66,10.164,9789.07905,0
1787486400000000,963.45,963.58,962.57,963.39,24.698,1787489999999999,23783.13116,141,11.181,10768.80163,0
1787490000000000,963.23,964.06,958.93,963.08,124.976,1787493599999999,120227.91197,376,32.37,31175.16853,0
1787493600000000,963.16,964.38,962.14,963.62,129.987,1787497199999999,125235.98719,549,71.971,69346.53443,0
1787497200000000,964.07,970.32,964.07,967.19,52.88,1787500799999999,51200.43719,272,35.676,34551.82288,0
1787500800000000,968.07,969.44,967.34,968.8,10.233,1787504399999999,9906.58346,70,4.465,4322.30343,0
1787504400000000,968.07,969.51,967.58,969.51,3.629,1787507999999999,3514.25514,42,2.297,2224.82483,0
1787508000000000,969.7,971.62,969.45,971.43,50.25,1787511599999999,48753.11625,172,19.78,19194.40426,0
1787511600000000,971.65,971.85,959.59,968.59,183.363,1787515199999999,177298.66528,2379,92.872,89745.90458,0
1787515200000000,968.77,969.72,964.1,964.58,72.668,1787518799999999,70234.25157,1147,19.298,18664.79526,0
1787518800000000,964.58,964.58,961.89,962.95,58.923,1787522399999999,56766.7789,1349,24.063,23176.90183,0
1787522400000000,963.35,964.56,960.99,962.23,40.934,1787525999999999,39409.64424,299,21.717,20912.58813,0
1787526000000000,962.25,968.85,961.8,967.59,67.728,1787529599999999,65438.32172,431,27.724,26778.05973,0
1787529600000000,967.16,969.09,951.87,963.0,1369.306,1787533199999999,1317999.151,3798,140.157,134512.61176,0
1787533200000000,962.95,962.95,950.54,950.92,890.776,1787536799999999,850607.22245,1976,56.371,53939.31748,0
1787536800000000,950.92,953.75,944.86,947.39,557.803,1787540399999999,529765.97251,1548,76.636,72846.92592,0
1787540400000000,947.38,947.38,935.79,936.83,976.513,1787543999999999,918832.35898,2988,68.638,64544.89706,0
1787544000000000,936.96,942.12,936.53,938.96,59.801,1787547599999999,56158.40572,526,28.578,26845.53439,0
1787547600000000,938.57,942.7,934.83,935.83,71.071,1787551199999999,66634.34669,387,33.71,31637.64077,0
1787551200000000,935.76,938.03,933.35,936.42,227.24,1787554799999999,212651.73535,1131,173.244,162153.2949,0
1787554800000000,936.77,939.56,933.0,933.11,147.737,1787558399999999,138247.64024,846,74.159,69446.6791,0
1787558400000000,933.23,937.24,927.48,936.83,293.93,1787561999999999,274170.96731,1539,111.677,104158.21259,0
1787562000000000,935.93,938.79,933.09,935.49,96.604,1787565599999999,90529.79783,367,62.283,58374.74252,0
1787565600000000,935.96,937.57,932.62,933.77,57.135,1787569199999999,53378.56094,306,20.281,18943.73496,0
1787569200000000,934.06,942.62,929.76,938.97,122.098,1787572799999999,114122.85315,769,41.395,38702.16082,0
1787572800000000,938.46,938.79,932.39,932.41,183.449,1787576399999999,171485.61809,866,43.386,40548.7605,0
1787576400000000,931.98,936.46,894.51,898.63,1438.745,1787579999999999,1310545.28998,6742,678.366,614291.51379,0
1787580000000000,898.51,905.53,888.32,903.18,494.292,1787583599999999,442420.04194,9390,321.261,287589.69818,0
1787583600000000,903.38,912.76,895.62,912.47,660.417,1787587199999999,598972.94197,2773,441.132,400297.11578,0
1787587200000000,912.8,920.63,910.06,912.21,104.793,1787590799999999,95853.61029,1571,74.785,68376.68647,0
1787590800000000,912.18,917.8,907.37,910.04,49.71,1787594399999999,45334.84309,1274,27.371,24967.53334,0
1787594400000000,910.36,921.75,910.36,914.71,72.593,1787597999999999,66664.31864,922,53.136,48841.93507,0
1787598000000000,914.62,915.4,907.81,910.39,322.681,1787601599999999,293881.88201,1537,87.943,80124.4847,0
1787601600000000,910.4,911.61,907.59,909.7,167.755,1787605199999999,152455.78547,508,98.637,89632.52997,0
1787605200000000,909.5,910.59,909.41,910.17,39.563,1787608799999999,36011.63254,216,33.684,30660.98551,0
1787608800000000,910.22,910.69,905.77,905.95,51.643,1787612399999999,46935.12574,261,30.531,27762.92937,0
1787612400000000,906.31,907.55,902.28,903.38,231.425,1787615999999999,209261.13561,932,125.568,113523.09387,0
1787616000000000,903.25,907.18,893.39,906.08,1628.916,1787619599999999,1465003.44148,2517,1341.389,1206209.50708,0
1787619600000000,905.64,914.25,900.29,910.42,579.593,1787623199999999,526609.77391,1870,416.774,378958.78395,0
1787623200000000,910.38,914.74,906.65,907.84,67.581,1787626799999999,61572.23986,1597,36.845,33577.21616,0
1787626800000000,908.04,917.0,908.04,915.33,99.794,1787630399999999,91081.29471,782,24.002,21927.06091,0
1787630400000000,915.2,924.4,914.74,922.24,82.638,1787633999999999,76074.00358,922,52.913,48691.83329,0
1787634000000000,922.08,930.36,921.11,926.23,99.694,1787637599999999,92397.94839,2281,41.069,38068.9213,0
1787637600000000,926.06,930.28,924.19,926.17,479.642,1787641199999999,444294.75161,2786,130.897,121267.21152,0
1787641200000000,926.18,929.56,920.11,922.0,356.702,1787644799999999,329603.95458,2692,134.612,124367.17941,0
1787644800000000,922.02,929.53,918.9,927.67,475.748,1787648399999999,439455.3734,2480,202.547,187237.56449,0
1787648400000000,928.15,936.47,926.75,934.79,159.58,1787651999999999,148697.99885,944,81.395,75816.61059,0
1787652000000000,934.53,940.0,930.24,930.93,328.526,1787655599999999,307102.67814,2121,210.372,196719.89499,0
1787655600000000,931.16,934.74,927.5,933.0,143.864,1787659199999999,133977.12376,837,50.714,47236.69281,0
1787659200000000,932.77,936.36,929.0,931.27,121.869,1787662799999999,113588.03577,580,50.713,47280.83612,0
1787662800000000,930.84,946.67,923.59,930.24,2869.397,1787666399999999,2675706.96783,14142,1980.218,1847478.57056,0
1787666400000000,930.16,933.67,916.67,929.33,1176.067,1787669999999999,1090167.16243,6551,805.89,747517.45938,0
1787670000000000,929.27,935.0,924.76,926.29,133.494,1787673599999999,124301.04278,1069,80.347,74886.13114,0
1787673600000000,926.36,931.73,922.83,924.92,270.199,1787677199999999,250362.37759,1788,191.286,177150.06204,0
1787677200000000,924.66,926.18,922.7,924.12,300.684,1787680799999999,277950.14243,1860,244.187,225729.3117,0
1787680800000000,923.93,928.64,920.75,927.31,45.322,1787684399999999,41879.945,635,19.415,17938.15686,0
1787684400000000,927.06,933.68,924.82,932.21,96.409,1787687999999999,89479.44056,819,52.052,48280.77283,0
1787688000000000,932.31,935.52,931.23,932.29,321.175,1787691599999999,299775.38473,925,18.511,17281.77625,0
1787691600000000,932.3,934.84,930.77,934.71,273.156,1787695199999999,254632.81426,633,16.75,15618.99397,0
1787695200000000,934.61,935.88,933.63,935.07,53.423,1787698799999999,49956.5281,236,8.878,8302.32002,0
1787698800000000,935.07,935.48,929.72,929.72,734.049,1787702399999999,683248.98466,1357,25.129,23390.11245,0
1787702400000000,929.72,936.0,923.96,923.96,120.748,1787705999999999,112315.75054,744,35.391,32961.59299,0
1787706000000000,923.22,928.99,922.51,924.94,203.796,1787709599999999,188431.26379,981,24.032,22227.57664,0
1787709600000000,925.41,935.47,923.82,933.56,55.289,1787713199999999,51361.80182,502,32.577,30267.70635,0
1787713200000000,932.86,935.31,930.8,935.31,29.178,1787716799999999,27219.73023,260,11.057,10324.86952,0
1787716800000000,935.33,936.61,932.26,932.26,27.078,1787720399999999,25333.64061,190,9.803,9170.00871,0
1787720400000000,932.68,934.52,930.0,931.12,14.977,1787723999999999,13961.27127,219,9.321,8691.55518,0
1787724000000000,931.0,931.79,926.51,930.02,23.107,1787727599999999,21463.90295,197,9.616,8939.98935,0
1787727600000000,930.02,930.51,925.89,927.31,18.668,1787731199999999,17320.25694,226,16.474,15284.64163,0
1787731200000000,927.71,930.5,924.6,927.85,238.711,1787734799999999,221434.59257,830,98.223,91071.05526,0
1787734800000000,927.74,927.74,925.13,927.17,38.641,1787738399999999,35794.76607,238,15.083,13975.08973,0
1787738400000000,926.52,928.9,924.51,928.62,55.964,1787741999999999,51845.75159,396,26.196,24268.32014,0
1787742000000000,928.29,932.39,926.53,927.35,44.654,1787745599999999,41492.17773,396,25.303,23508.24003,0
1787745600000000,927.97,928.83,920.21,921.13,123.918,1787749199999999,114560.23792,690,45.313,41923.96619,0
1787749200000000,920.95,942.41,918.43,937.05,1716.276,1787752799999999,1597542.40643,5848,1152.003,1072109.00615,0
1787752800000000,936.52,939.6,926.6,936.61,189.316,1787756399999999,176852.75876,1422,83.168,77712.37818,0
1787756400000000,936.56,945.09,933.24,939.03,336.613,1787759999999999,316846.28046,1329,174.881,164612.98463,0
1787760000000000,939.11,940.15,935.44,938.74,58.897,1787763599999999,55209.7056,440,14.32,13426.12035,0
1787763600000000,938.57,942.69,938.57,941.97,42.322,1787767199999999,39836.36616,404,27.021,25441.59024,0
1787767200000000,941.64,941.64,938.28,939.46,109.805,1787770799999999,103139.18689,640,14.994,14092.22043,0
1787770800000000,939.95,942.33,932.81,936.54,379.178,1787774399999999,354643.41643,1411,257.869,241054.96473,0
1787774400000000,936.54,952.73,930.74,952.35,2653.921,1787777999999999,2497812.31084,5131,1350.015,1276087.68561,0
1787778000000000,952.21,978.05,948.53,974.78,2925.764,1787781599999999,2822259.21584,7285,1119.529,1075947.62957,0
1787781600000000,974.86,976.9,969.36,972.01,377.42,1787785199999999,367223.23446,1408,137.566,133844.13161,0
1787785200000000,971.72,974.28,970.17,974.21,414.164,1787788799999999,402747.26747,1188,234.479,228048.56966,0
1787788800000000,973.8,976.48,955.05,957.3,415.196,1787792399999999,402312.25032,1464,114.012,110325.18608,0
1787792400000000,957.21,970.65,956.75,969.41,73.507,1787795999999999,70876.07405,667,40.403,38971.93797,0
1787796000000000,969.58,971.33,968.1,970.76,87.446,1787799599999999,84839.99968,527,60.895,59091.95303,0
1787799600000000,969.58,970.6,966.44,967.94,287.812,1787803199999999,279034.49649,1035,219.921,213224.56523,0
1787803200000000,968.68,968.97,966.89,967.99,48.031,1787806799999999,46485.01431,445,29.226,28289.49842,0
1787806800000000,967.56,968.36,964.4,965.39,65.688,1787810399999999,63462.37141,870,40.217,38861.19932,0
1787810400000000,965.26,971.73,963.47,970.21,75.691,1787813999999999,73337.76496,660,51.563,49964.3524,0
1787814000000000,970.26,973.9,969.88,972.94,56.37,1787817599999999,54817.90779,441,42.006,40847.22728,0
1787817600000000,972.83,983.6,972.06,980.47,405.962,1787821199999999,397130.47668,1828,216.484,211703.08822,0
1787821200000000,980.41,981.13,975.9,976.83,167.295,1787824799999999,163598.00932,1217,91.237,89235.17036,0
1787824800000000,976.85,978.65,975.23,977.31,73.337,1787828399999999,71630.37667,799,47.808,46695.99134,0
1787828400000000,977.71,981.08,972.24,975.73,83.691,1787831999999999,81745.73036,853,48.271,47150.21046,0
1787832000000000,975.12,979.63,971.49,971.49,144.573,1787835599999999,141217.05959,1037,56.332,55101.69742,0
1787835600000000,971.97,974.78,920.0,925.48,1799.891,1787839199999999,1717709.18428,5615,1250.894,1195122.80257,0
1787839200000000,926.53,936.05,920.16,921.8,1139.926,1787842799999999,1057039.87303,3642,808.296,749497.93947,0
1787842800000000,921.88,925.63,906.73,914.78,630.823,1787846399999999,578631.58757,3308,306.531,281492.3344,0
1787846400000000,914.74,917.83,910.0,912.84,145.768,1787849999999999,133274.8644,1233,85.08,77826.99745,0
1787850000000000,912.44,916.56,910.9,913.91,90.75,1787853599999999,82899.43641,789,57.531,52556.18412,0
1787853600000000,914.0,916.46,908.33,914.9,454.164,1787857199999999,414539.44326,2065,362.433,330768.81401,0
1787857200000000,914.84,937.69,914.63,929.78,1020.009,1787860799999999,947046.39886,2927,655.412,608198.85734,0
1787860800000000,929.65,934.49,924.95,927.57,617.772,1787864399999999,574171.41322,1911,384.909,357485.65335,0
1787864400000000,927.57,927.77,921.02,924.02,438.524,1787867999999999,404957.83634,1207,323.046,298391.01989,0
1787868000000000,924.22,925.16,922.88,923.93,165.379,1787871599999999,152836.39277,442,72.005,66546.61561,0
1787871600000000,924.0,924.57,918.92,919.04,257.626,1787875199999999,237485.20815,614,68.902,63554.43299,0
1787875200000000,919.65,926.84,918.81,923.17,73.278,1787878799999999,67651.24629,553,50.553,46693.41141,0
1787878800000000,923.28,924.84,920.6,922.6,40.241,1787882399999999,37133.45283,318,21.737,20065.93367,0
1787882400000000,923.02,924.56,919.42,920.87,40.591,1787885999999999,37443.93531,338,13.362,12321.53978,0
1787886000000000,920.56,921.32,916.7,920.12,35.16,1787889599999999,32309.96524,189,14.326,13165.81236,0
1787889600000000,919.29,919.65,916.74,917.3,21.338,1787893199999999,19588.88324,128,1.913,1755.92593,0
1787893200000000,917.64,917.96,911.76,913.52,106.495,1787896799999999,97383.46566,320,24.768,22653.69313,0
1787896800000000,913.6,917.6,913.37,917.27,89.888,1787900399999999,82364.22229,505,67.276,61654.84421,0
1787900400000000,917.57,917.57,914.67,916.73,39.304,1787903999999999,36003.6814,210,25.897,23722.77477,0
1787904000000000,916.68,916.99,910.13,916.32,249.997,1787907599999999,228493.46685,1108,96.807,88495.40052,0
1787907600000000,916.31,916.31,914.01,915.43,31.17,1787911199999999,28525.35728,241,15.898,14548.83539,0
1787911200000000,915.62,918.73,913.4,918.54,54.804,1787914799999999,50211.57285,290,30.407,27873.04495,0
1787914800000000,918.7,921.94,916.47,917.41,184.705,1787918399999999,169619.05074,517,29.101,26745.1515,0
1787918400000000,917.53,924.84,915.59,923.22,201.935,1787921999999999,185902.72195,972,111.817,103045.3081,0
1787922000000000,923.19,936.99,909.28,932.03,1509.789,1787925599999999,1393721.04054,6240,729.869,674575.15399,0
1787925600000000,932.27,946.2,925.37,940.22,621.415,1787929199999999,582226.33144,5321,272.998,256130.99001,0
1787929200000000,940.29,942.3,920.05,921.14,529.725,1787932799999999,494432.96008,4418,312.123,291266.92319,0
1787932800000000,920.95,924.09,916.39,922.94,481.244,1787936399999999,442868.04123,5121,208.632,192166.25203,0
1787936400000000,922.69,930.2,918.99,929.14,318.6,1787939999999999,294461.40665,2334,156.065,144274.76844,0
1787940000000000,929.36,933.65,927.42,928.03,161.983,1787943599999999,150783.75568,1449,73.692,68592.09508,0
1787943600000000,927.99,935.52,925.88,933.08,496.632,1787947199999999,462686.76446,1801,385.873,359560.3442,0
1787947200000000,932.97,933.27,929.2,931.41,66.346,1787950799999999,61771.8384,497,31.051,28914.38285,0
1787950800000000,931.42,931.96,930.24,930.9,44.253,1787954399999999,41194.53335,181,24.189,22517.19216,0
1787954400000000,930.89,930.89,928.92,928.92,103.972,1787957999999999,96616.23738,468,14.306,13302.49617,0
1787958000000000,928.9,930.99,928.9,930.8,34.797,1787961599999999,32348.80589,300,11.308,10509.68273,0
1787961600000000,930.87,931.37,929.74,930.35,38.759,1787965199999999,36062.43011,229,10.276,9561.5736,0
1787965200000000,930.49,932.03,930.49,931.42,12.775,1787968799999999,11900.24121,134,6.839,6370.37684,0
1787968800000000,931.52,932.01,930.56,931.85,27.802,1787972399999999,25888.00435,238,9.19,8561.2961,0
1787972400000000,931.88,931.99,931.7,931.94,4.789,1787975999999999,4462.36628,109,2.39,2226.7985,0
1787976000000000,931.94,933.37,931.94,932.94,15.801,1787979599999999,14738.9197,217,8.631,8049.39432,0
1787979600000000,932.94,933.06,932.67,932.99,18.817,1787983199999999,17552.99176,329,3.585,3344.23358,0
1787983200000000,932.99,933.29,932.53,933.04,18.08,1787986799999999,16866.31242,273,4.168,3888.55653,0
1787986800000000,933.05,934.03,933.04,933.57,20.92,1787990399999999,19529.04313,385,8.607,8033.54985,0
1787990400000000,933.61,933.61,931.97,932.36,11.932,1787993999999999,11132.33507,264,0.985,919.42641,0
1787994000000000,932.36,933.5,932.15,933.31,8.055,1787997599999999,7513.61998,285,2.523,2353.42023,0
1787997600000000,933.55,933.92,933.27,933.42,6.66,1788001199999999,6217.63696,146,1.0,933.63901,0
1788001200000000,933.27,934.35,933.22,933.88,19.423,1788004799999999,18141.90335,217,4.414,4123.00937,0
1788004800000000,933.88,933.88,933.14,933.47,5.32,1788008399999999,4965.38497,72,3.756,3505.3924,0
1788008400000000,933.47,933.62,932.43,932.73,14.085,1788011999999999,13139.95115,160,6.518,6081.32983,0
1788012000000000,932.74,933.24,932.72,932.73,21.698,1788015599999999,20242.87543,177,3.843,3585.56303,0
1788015600000000,932.81,933.46,932.39,933.2,31.557,1788019199999999,29436.17491,334,7.895,7366.12341,0
1788019200000000,933.23,933.78,933.04,933.38,13.509,1788022799999999,12608.11234,132,5.506,5138.48239,0
1788022800000000,933.38,933.55,931.56,932.2,31.339,1788026399999999,29225.41675,181,0.314,293.10882,0
1788026400000000,932.18,932.77,931.95,932.48,3.352,1788029999999999,3125.56549,104,0.911,849.43849,0
1788030000000000,932.68,935.11,932.68,934.6,37.228,1788033599999999,34755.48868,472,15.223,14210.9474,0
1788033600000000,934.67,936.65,934.63,935.97,9.67,1788037199999999,9047.48175,131,7.971,7457.17674,0
1788037200000000,935.97,937.55,935.49,937.14,29.893,1788040799999999,27995.52071,203,20.205,18923.63595,0
1788040800000000,936.9,938.56,936.64,937.9,38.849,1788044399999999,36430.16518,488,24.807,23263.536,0
1788044400000000,937.9,938.46,937.69,938.46,11.014,1788047999999999,10331.32434,140,7.561,7092.61784,0
1788048000000000,938.46,938.57,935.84,936.02,38.174,1788051599999999,35767.62387,295,24.323,22791.1443,0
1788051600000000,935.93,937.25,935.02,936.73,23.692,1788055199999999,22176.68155,165,17.6,16475.65351,0
1788055200000000,936.74,938.39,936.74,937.11,15.464,1788058799999999,14494.2841,217,12.009,11255.71521,0
1788058800000000,937.11,937.74,936.39,936.39,12.115,1788062399999999,11353.64369,165,4.511,4227.81994,0
1788062400000000,936.34,936.47,935.97,936.29,16.226,1788065999999999,15192.58302,127,8.384,7849.93933,0
1788066000000000,936.29,937.01,935.93,936.51,11.327,1788069599999999,10607.37699,174,6.385,5978.91718,0
1788069600000000,936.53,937.56,936.31,937.15,20.198,1788073199999999,18921.33845,205,16.311,15280.55607,0
1788073200000000,937.39,937.41,935.5,935.5,10.262,1788076799999999,9607.55387,149,4.463,4178.76697,0
1788076800000000,935.59,935.71,935.0,935.3,8.52,1788080399999999,7969.76354,68,0.393,367.61617,0
1788080400000000,935.56,935.79,934.84,935.31,9.847,1788083999999999,9208.97639,72,7.002,6548.06409,0
1788084000000000,935.15,935.93,935.15,935.81,4.398,1788087599999999,4114.48876,59,3.265,3054.27076,0
1788087600000000,935.88,936.09,935.24,935.96,4.086,1788091199999999,3823.7166,88,2.095,1960.57072,0
1788091200000000,935.95,936.38,934.08,934.15,8.454,1788094799999999,7901.24942,127,3.593,3357.9729,0
1788094800000000,934.08,934.5,933.63,934.45,4.112,1788098399999999,3840.43729,57,1.254,1171.30915,0
1788098400000000,934.2,934.8,933.92,934.36,24.739,1788101999999999,23110.87381,114,15.702,14668.14837,0
1788102000000000,934.09,934.14,933.57,933.7,3.915,1788105599999999,3655.86023,98,1.807,1687.35776,0
1788105600000000,933.79,936.63,933.65,936.4,18.573,1788109199999999,17368.25366,169,13.748,12854.74333,0
1788109200000000,936.4,936.4,935.28,935.62,28.63,1788112799999999,26789.28278,115,6.184,5786.55262,0
1788112800000000,935.56,935.56,934.08,934.14,27.209,1788116399999999,25427.34636,165,13.8,12895.41166,0
1788116400000000,934.26,934.45,933.64,933.8,3.69,1788119999999999,3446.40226,31,2.253,2103.93034,0
1788120000000000,933.68,933.68,932.1,932.7,11.066,1788123599999999,10324.61212,156,6.033,5630.02576,0
1788123600000000,932.1,934.64,931.37,931.71,32.652,1788127199999999,30439.68417,379,16.317,15217.5672,0
1788127200000000,931.42,932.44,927.05,928.54,173.957,1788130799999999,161548.21303,3034,74.006,68722.23576,0
1788130800000000,928.45,928.89,913.84,915.07,3991.721,1788134399999999,3668542.258,18145,1278.886,1175621.45781,0
1788134400000000,915.03,925.16,912.76,918.91,800.131,1788137999999999,733686.64954,4226,320.172,293905.17701,0
1788138000000000,919.37,920.39,915.61,918.9,256.478,1788141599999999,235478.0166,1853,118.491,108775.18452,0
1788141600000000,918.96,921.83,916.53,920.21,200.672,1788145199999999,184348.00332,822,80.611,74077.76943,0
1788145200000000,920.72,922.43,918.8,919.48,338.08,1788148799999999,311183.892,1910,115.346,106205.77511,0
1788148800000000,919.55,924.17,918.47,923.56,203.523,1788152399999999,187338.7919,1138,64.753,59576.12124,0
1788152400000000,923.42,929.09,923.32,926.19,104.585,1788155999999999,96875.15248,927,45.801,42442.95647,0
1788156000000000,926.52,934.68,925.82,933.47,169.787,1788159599999999,158212.88831,1092,51.299,47822.743,0
1788159600000000,933.21,933.24,929.91,931.99,58.289,1788163199999999,54316.57801,337,15.946,14855.01751,0
1788163200000000,931.97,939.25,931.49,932.19,230.917,1788166799999999,215786.16733,1558,91.007,85058.64767,0
1788166800000000,932.29,934.47,927.52,927.52,68.413,1788170399999999,63658.41015,503,22.117,20587.90613,0
1788170400000000,927.65,930.92,926.6,929.87,75.188,1788173999999999,69832.62153,530,32.32,30014.43166,0
1788174000000000,929.8,931.76,927.79,929.74,101.615,1788177599999999,94490.60574,572,35.607,33098.82695,0
1788177600000000,929.95,933.48,926.37,926.94,299.172,1788181199999999,278115.51358,1107,47.74,44407.32802,0
1788181200000000,927.12,950.29,921.14,949.7,1488.129,1788184799999999,1389189.57132,6150,605.189,565979.76718,0
1788184800000000,949.62,952.86,936.58,943.12,590.446,1788188399999999,557933.2211,3099,216.911,204810.9196,0
1788188400000000,943.78,943.79,936.76,937.0,148.597,1788191999999999,139668.78877,1092,58.813,55282.55143,0
1788192000000000,937.34,947.41,936.06,947.41,167.459,1788195599999999,157766.33387,825,111.644,105259.36079,0
1788195600000000,947.26,950.44,946.03,946.18,123.465,1788199199999999,117056.35698,749,69.105,65528.55324,0
1788199200000000,946.53,949.14,939.02,939.67,66.214,1788202799999999,62689.22605,611,25.032,23703.59558,0
1788202800000000,940.29,959.44,938.28,957.35,334.644,1788206399999999,318818.21912,1432,108.578,103255.26505,0
1788206400000000,957.36,958.67,953.51,954.02,560.526,1788209999999999,535671.89507,1077,36.904,35271.51871,0
1788210000000000,954.19,958.21,953.52,958.21,217.159,1788213599999999,207540.52904,429,43.557,41651.43337,0
1788213600000000,958.24,958.46,955.68,956.02,146.605,1788217199999999,140349.59295,332,19.032,18209.50451,0
1788217200000000,956.02,957.03,954.16,956.1,376.819,1788220799999999,360120.11951,580,22.393,21405.81738,0
1788220800000000,956.08,959.97,953.6,959.5,70.953,1788224399999999,67857.59177,513,24.875,23806.29159,0
1788224400000000,959.66,963.59,955.96,957.36,147.374,1788227999999999,141365.06527,605,39.543,37957.56535,0
1788228000000000,956.99,958.01,950.98,955.03,169.316,1788231599999999,161586.8245,487,45.654,43599.93864,0
1788231600000000,954.98,957.31,952.9,956.89,290.541,1788235199999999,277897.14336,536,18.244,17436.37769,0
1788235200000000,957.07,958.34,956.31,956.73,24.427,1788238799999999,23379.21437,92,19.127,18307.0125,0
1788238800000000,956.9,960.52,955.42,959.51,35.203,1788242399999999,33752.35746,165,21.329,20458.98608,0
1788242400000000,959.51,961.26,958.86,958.86,57.353,1788245999999999,55062.60764,318,13.877,13324.26215,0
1788246000000000,959.24,961.64,955.22,955.22,66.919,1788249599999999,64090.68349,197,34.275,32838.74903,0
1788249600000000,955.19,956.03,938.58,940.65,666.937,1788253199999999,630048.19932,1969,323.839,305874.33431,0
1788253200000000,940.54,942.69,936.72,942.68,263.511,1788256799999999,247685.4585,800,110.144,103536.38512,0
1788256800000000,942.57,943.57,939.38,940.66,103.064,1788260399999999,96996.11169,471,39.913,37580.03513,0
1788260400000000,940.49,943.1,937.96,939.02,184.508,1788263999999999,173631.95162,520,112.979,106363.02219,0
1788264000000000,939.38,940.04,935.16,938.4,96.156,1788267599999999,90098.41384,444,44.707,41896.36922,0
1788267600000000,938.0,949.33,930.22,939.17,916.695,1788271199999999,861903.31394,3754,257.265,241929.29238,0
1788271200000000,939.15,955.1,934.56,954.86,356.715,1788274799999999,336968.12763,3859,202.482,191080.1139,0
1788274800000000,955.26,969.09,952.35,962.75,515.239,1788278399999999,493927.12467,5221,243.375,233278.00351,0
1788278400000000,962.7,963.51,938.76,944.45,516.04,1788281999999999,491514.48477,3141,76.839,73037.93136,0
1788282000000000,944.27,944.5,934.91,937.19,324.103,1788285599999999,304643.12209,1313,184.473,173454.93277,0
1788285600000000,937.54,937.75,922.5,929.38,242.235,1788289199999999,224642.61564,1412,75.561,70016.9879,0
1788289200000000,929.41,936.59,928.29,933.04,384.748,1788292799999999,359019.69716,1398,228.971,213747.30776,0
1788292800000000,932.96,934.23,931.02,932.16,309.129,1788296399999999,288377.1977,1003,44.707,41697.14016,0
1788296400000000,932.0,932.0,930.14,930.45,52.825,1788299999999999,49194.6497,175,6.673,6208.7577,0
1788300000000000,930.39,930.7,927.19,928.3,131.028,1788303599999999,121655.15934,729,43.846,40705.77903,0
1788303600000000,928.19,930.16,928.13,929.61,79.902,1788307199999999,74226.93449,240,23.248,21603.79038,0
1788307200000000,929.52,935.0,928.66,929.51,93.174,1788310799999999,86866.09255,956,49.331,46000.89362,0
1788310800000000,929.2,931.98,926.3,928.44,76.436,1788314399999999,70952.1173,439,52.623,48843.01484,0
1788314400000000,928.21,930.06,926.67,928.91,36.652,1788317999999999,34042.5092,183,21.308,19789.146,0
1788318000000000,928.89,929.77,926.68,927.0,27.856,1788321599999999,25845.64356,160,14.218,13196.59252,0
1788321600000000,927.0,927.85,926.55,926.83,10.073,1788325199999999,9337.84243,98,2.158,2000.42045,0
1788325200000000,927.03,932.46,925.69,930.62,29.086,1788328799999999,27034.49252,263,7.68,7138.8776,0
1788328800000000,930.08,930.89,927.43,928.81,40.026,1788332399999999,37193.44334,276,23.047,21408.3648,0
1788332400000000,928.83,931.27,928.83,929.26,17.491,1788335999999999,16265.40688,134,8.068,7501.18776,0
1788336000000000,929.43,929.81,920.4,922.94,341.901,1788339599999999,316640.70448,1568,116.444,107838.99026,0
1788339600000000,922.86,924.32,918.47,920.34,199.24,1788343199999999,183585.86894,904,100.672,92824.52328,0
1788343200000000,920.16,922.4,918.85,922.4,75.569,1788346799999999,69589.90667,642,38.569,35515.81123,0
1788346800000000,922.16,929.3,919.07,929.27,133.162,1788350399999999,123207.70812,1026,106.992,99034.03792,0
1788350400000000,929.18,934.31,928.64,931.19,272.079,1788353999999999,253530.49898,1450,180.778,168542.36779,0
1788354000000000,931.29,957.39,928.33,939.0,972.304,1788357599999999,915740.00283,6785,578.554,544528.73594,0
1788357600000000,939.4,950.24,936.06,937.31,249.064,1788361199999999,234922.28537,4908,127.948,120724.28445,0
1788361200000000,937.27,945.96,936.34,944.95,43.194,1788364799999999,40668.22277,721,27.286,25687.95971,0
1788364800000000,944.69,948.0,941.47,943.77,90.716,1788368399999999,85781.41639,751,42.272,40005.04745,0
1788368400000000,944.17,949.55,942.42,946.44,108.913,1788371999999999,103245.39725,538,92.971,88170.46613,0
1788372000000000,946.09,955.31,942.72,954.57,331.452,1788375599999999,314089.03941,1331,159.562,151354.91774,0
1788375600000000,954.03,957.65,950.73,955.14,362.471,1788379199999999,345658.58677,1228,151.631,144736.08461,0
1788379200000000,955.14,956.53,947.56,950.06,199.126,1788382799999999,189689.29301,914,22.18,21076.23475,0
1788382800000000,949.55,956.93,948.05,953.94,116.654,1788386399999999,111286.10116,1198,77.283,73751.8899,0
1788386400000000,953.9,954.68,952.1,952.77,35.122,1788389999999999,33478.10922,292,11.114,10595.6888,0
1788390000000000,952.75,954.99,951.77,954.94,38.665,1788393599999999,36831.44663,234,20.404,19429.79867,0
1788393600000000,954.75,955.17,950.06,950.51,78.068,1788397199999999,74362.36882,652,26.14,24900.18521,0
1788397200000000,950.42,955.99,950.42,952.19,51.355,1788400799999999,48951.33508,298,19.477,18568.85249,0
1788400800000000,952.71,955.72,952.71,954.66,19.959,1788404399999999,19057.13353,116,3.395,3241.23167,0
1788404400000000,954.82,957.58,954.78,957.58,51.214,1788407999999999,48966.25536,219,17.536,16759.00026,0
1788408000000000,957.51,958.84,954.55,954.55,14.334,1788411599999999,13726.5489,108,4.54,4345.51206,0
1788411600000000,953.9,953.9,944.15,953.74,199.778,1788415199999999,189214.21462,1147,54.788,51940.82923,0
1788415200000000,953.31,954.86,951.71,952.8,25.319,1788418799999999,24137.68649,224,18.193,17346.23782,0
1788418800000000,952.8,956.63,952.41,955.74,47.901,1788422399999999,45775.60811,357,14.442,13801.76076,0
1788422400000000,955.7,957.0,950.0,950.94,80.73,1788425999999999,77012.04984,454,36.584,34900.72144,0
1788426000000000,950.55,951.52,947.5,948.23,20.266,1788429599999999,19246.50513,93,7.521,7148.92217,0
1788429600000000,948.46,950.52,947.5,949.92,47.253,1788433199999999,44849.18102,150,23.719,22513.89613,0
1788433200000000,949.94,951.87,948.03,948.55,83.081,1788436799999999,78910.12508,359,41.523,39444.65704,0
1788436800000000,948.76,959.98,948.04,957.76,162.64,1788440399999999,155279.58715,609,142.066,135633.33434,0
1788440400000000,957.02,960.29,920.21,945.62,1494.763,1788443999999999,1412858.91148,5415,438.963,414293.26304,0
1788444000000000,945.74,947.76,930.53,947.76,278.913,1788447599999999,261850.25202,2098,75.618,70813.44936,0
1788447600000000,947.1,956.0,942.06,945.07,389.785,1788451199999999,369778.1783,1700,85.09,80721.67174,0
1788451200000000,945.03,953.55,941.36,950.78,61.957,1788454799999999,58616.95193,669,25.588,24193.02572,0
1788454800000000,950.72,953.66,940.48,945.44,73.076,1788458399999999,69027.95466,698,33.305,31450.54072,0
1788458400000000,945.92,959.22,945.92,955.9,167.136,1788461999999999,159635.89326,1029,137.51,131437.96832,0
1788462000000000,956.11,958.58,947.4,957.96,381.55,1788465599999999,364100.3109,1762,136.624,130317.55468,0
1788465600000000,958.21,958.57,953.39,954.17,51.903,1788469199999999,49577.48742,429,18.833,18003.90843,0
1788469200000000,954.27,955.01,953.58,954.54,45.737,1788472799999999,43648.03371,261,16.743,15980.0909,0
1788472800000000,954.08,954.84,953.47,954.84,30.29,1788476399999999,28888.80265,116,5.355,5107.44266,0
1788476400000000,954.81,954.89,953.04,953.36,17.365,1788479999999999,16565.33353,274,5.247,5005.69867,0
1788480000000000,953.17,962.09,953.17,959.3,532.525,1788483599999999,510417.63271,1029,492.731,472287.31622,0
1788483600000000,959.25,962.19,956.7,958.57,22.852,1788487199999999,21920.87173,345,8.647,8299.72269,0
1788487200000000,958.75,962.39,957.69,962.39,547.542,1788490799999999,525497.17869,540,295.392,283806.84786,0
1788490800000000,962.3,962.36,959.99,961.59,25.643,1788494399999999,24654.93863,185,12.861,12365.21979,0
1788494400000000,961.61,969.76,960.63,969.0,406.728,1788497999999999,393468.75345,968,336.947,325894.37905,0
1788498000000000,968.81,973.23,967.26,969.56,298.848,1788501599999999,290220.86332,1601,119.628,116204.34603,0
1788501600000000,969.01,969.38,962.69,963.18,37.899,1788505199999999,36629.90627,315,12.292,11882.72837,0
1788505200000000,963.17,971.33,963.12,970.95,38.013,1788508799999999,36791.6134,499,23.81,23047.71207,0
1788508800000000,971.08,979.57,969.75,975.48,472.945,1788512399999999,461790.52986,1736,288.255,281513.86119,0
1788512400000000,975.28,977.63,972.72,977.22,131.584,1788515999999999,128302.87954,377,35.301,34443.4456,0
1788516000000000,977.43,979.62,975.24,977.23,57.321,1788519599999999,56027.29043,443,39.719,38823.75926,0
1788519600000000,977.16,977.16,974.03,976.3,48.049,1788523199999999,46844.66989,401,26.069,25410.3725,0
1788523200000000,976.38,979.56,961.94,967.6,1487.584,1788526799999999,1438040.49554,2416,560.212,540641.08775,0
1788526800000000,966.52,1000.0,964.55,999.35,2038.058,1788530399999999,2005869.57018,5826,1067.216,1052464.08235,0
1788530400000000,999.51,1003.06,990.76,1000.33,1042.029,1788533999999999,1040227.14408,4341,440.257,439709.11799,0
1788534000000000,1000.73,1003.0,996.15,998.9,309.687,1788537599999999,309663.31307,1679,191.711,191814.17575,0
1788537600000000,999.15,1007.2,997.64,1005.95,776.678,1788541199999999,779367.52056,1646,149.471,149892.31325,0
1788541200000000,1005.65,1005.9,996.8,999.35,173.6,1788544799999999,173500.55483,995,98.016,97959.85613,0
1788544800000000,999.11,1004.88,996.8,1004.43,185.091,1788548399999999,185222.43167,738,136.841,136926.46385,0
1788548400000000,1004.31,1017.1,1000.33,1014.63,959.85,1788551999999999,967007.1069,2006,678.326,682088.99699,0
1788552000000000,1014.63,1015.5,1011.79,1012.88,273.967,1788555599999999,277675.89794,992,73.347,74334.52912,0
1788555600000000,1012.83,1017.28,1012.62,1013.47,337.148,1788559199999999,342177.19516,1134,51.272,52031.77225,0
1788559200000000,1013.38,1013.97,1012.82,1013.18,139.783,1788562799999999,141635.62057,432,15.353,15557.93724,0
1788562800000000,1013.18,1014.51,1012.25,1013.98,75.106,1788566399999999,76094.35528,497,33.484,33927.26803,0
1788566400000000,1013.83,1013.83,1009.01,1009.11,71.047,1788569999999999,71886.48364,533,39.776,40254.1602,0
1788570000000000,1009.09,1010.86,1008.33,1010.16,32.827,1788573599999999,33142.54584,245,11.362,11470.63765,0
1788573600000000,1009.94,1012.62,1009.91,1011.65,43.372,1788577199999999,43854.7696,234,29.742,30073.61909,0
1788577200000000,1011.65,1011.7,1010.02,1011.09,13.981,1788580799999999,14132.58292,96,5.313,5370.5124,0
1788580800000000,1011.14,1013.96,1010.5,1013.88,30.776,1788584399999999,31144.42681,191,21.252,21507.24697,0
1788584400000000,1013.73,1021.5,1009.59,1017.92,964.998,1788587999999999,979779.21768,3075,268.136,272775.23448,0
1788588000000000,1017.81,1018.36,1016.4,1018.36,53.177,1788591599999999,54100.28391,349,18.51,18835.05527,0
1788591600000000,1018.49,1018.49,1013.21,1014.28,62.805,1788595199999999,63801.68132,313,18.712,19010.33062,0
1788595200000000,1014.14,1014.51,1012.87,1013.38,82.948,1788598799999999,84034.18449,501,8.689,8806.68588,0
1788598800000000,1013.38,1015.53,1013.17,1015.18,20.653,1788602399999999,20953.77028,189,13.101,13293.41614,0
1788602400000000,1015.18,1016.0,1014.73,1016.0,13.576,1788605999999999,13784.47302,126,6.099,6193.26346,0
1788606000000000,1015.99,1017.0,1015.96,1016.74,92.48,1788609599999999,94048.28931,209,80.239,81602.22485,0
1788609600000000,1016.66,1017.74,1013.0,1015.89,129.101,1788613199999999,131067.70479,296,11.122,11307.5444,0
1788613200000000,1016.01,1016.06,1013.53,1014.0,47.206,1788616799999999,47932.3975,266,32.005,32500.88069,0
1788616800000000,1014.0,1014.66,1013.68,1014.08,87.009,1788620399999999,88228.40952,534,10.289,10433.4455,0
1788620400000000,1014.08,1014.71,1012.65,1013.85,51.677,1788623999999999,52387.81115,402,33.41,33872.78921,0
1788624000000000,1014.32,1015.95,1013.59,1015.21,38.537,1788627599999999,39110.36944,299,28.877,29307.41865,0
1788627600000000,1015.21,1015.21,1014.19,1014.74,18.592,1788631199999999,18868.20186,180,7.024,7128.73633,0
1788631200000000,1014.97,1015.64,1013.96,1014.68,9.899,1788634799999999,10048.52486,90,6.124,6217.82612,0
1788634800000000,1014.7,1016.28,1014.68,1016.28,7.533,1788638399999999,7651.49073,91,6.849,6957.13284,0
1788638400000000,1016.73,1017.4,1015.99,1016.64,80.232,1788641999999999,81591.42,239,73.379,74625.11526,0
1788642000000000,1016.32,1016.46,1016.01,1016.13,2.379,1788645599999999,2417.70407,34,0.909,923.72775,0
1788645600000000,1016.12,1016.12,1015.15,1015.15,4.487,1788649199999999,4557.10065,45,2.379,2416.07713,0
1788649200000000,1015.35,1015.65,1014.83,1015.07,4.59,1788652799999999,4660.49389,82,1.346,1366.6174,0
1788652800000000,1015.06,1015.33,1014.77,1015.33,21.999,1788656399999999,22329.54954,193,4.492,4560.10725,0
1788656400000000,1015.56,1016.88,1015.56,1015.94,15.043,1788659999999999,15290.52132,168,9.403,9557.34165,0
1788660000000000,1016.0,1018.63,1015.52,1018.63,47.429,1788663599999999,48220.82509,404,22.309,22690.05391,0
1788663600000000,1018.63,1020.65,1018.49,1019.58,50.375,1788667199999999,51355.52871,299,34.093,34758.97633,0
1788667200000000,1019.5,1020.42,1019.19,1019.42,25.719,1788670799999999,26225.63112,204,12.822,13076.62711,0
1788670800000000,1019.43,1024.65,1019.41,1024.28,75.108,1788674399999999,76840.56756,404,54.531,55788.25267,0
1788674400000000,1024.29,1026.52,1023.41,1025.98,33.947,1788677999999999,34787.5731,315,14.432,14795.94568,0
1788678000000000,1025.8,1026.77,1023.24,1026.68,27.781,1788681599999999,28492.31713,478,9.952,10207.26227,0
1788681600000000,1026.67,1027.38,1025.99,1027.32,16.971,1788685199999999,17424.33961,202,5.179,5317.23341,0
1788685200000000,1027.31,1028.97,1026.4,1028.93,21.055,1788688799999999,21637.67156,284,11.748,12073.94432,0
1788688800000000,1028.94,1030.86,1028.64,1029.96,25.886,1788692399999999,26660.12127,236,11.16,11494.58722,0
1788692400000000,1029.77,1033.31,1029.77,1032.96,71.968,1788695999999999,74300.22568,434,11.883,12260.49833,0
1788696000000000,1032.96,1034.84,1030.82,1032.65,59.848,1788699599999999,61805.12876,591,16.362,16904.40197,0
1788699600000000,1032.6,1033.01,1022.22,1022.5,230.738,1788703199999999,236649.76996,2210,83.104,85279.81841,0
1788703200000000,1022.4,1022.78,1013.08,1015.66,467.814,1788706799999999,475479.73082,2945,284.876,289385.62012,0
1788706800000000,1015.63,1019.29,1013.76,1018.85,48.072,1788710399999999,48898.66215,304,14.702,14952.75012,0
1788710400000000,1018.84,1019.26,1016.93,1017.17,54.643,1788713999999999,55648.73724,494,24.939,25395.44626,0
1788714000000000,1017.73,1019.3,1016.56,1019.3,35.441,1788717599999999,36076.30693,305,17.98,18305.30711,0
1788717600000000,1018.86,1019.75,1018.07,1019.24,26.283,1788721199999999,26779.60383,220,15.739,16037.23604,0
1788721200000000,1019.13,1021.5,1018.72,1020.87,25.893,1788724799999999,26426.70579,224,10.342,10555.31419,0
1788724800000000,1021.06,1021.82,1020.65,1021.45,6.474,1788728399999999,6612.15019,79,2.525,2578.91979,0
1788728400000000,1021.37,1022.0,1019.37,1021.33,27.633,1788731999999999,28196.31205,147,16.46,16795.86965,0
1788732000000000,1021.76,1021.76,1019.02,1020.14,33.624,1788735599999999,34321.99212,188,21.553,22001.1229,0
1788735600000000,1019.23,1023.37,1018.05,1023.22,20.651,1788739199999999,21078.02478,225,12.369,12623.77258,0
1788739200000000,1023.49,1029.81,1022.73,1024.11,114.007,1788742799999999,117096.40133,1324,72.21,74208.74471,0
1788742800000000,1024.0,1028.78,1022.29,1027.2,182.569,1788746399999999,186961.75319,1220,41.095,42127.25903,0
1788746400000000,1027.49,1032.24,1025.12,1030.42,60.49,1788749999999999,62284.01638,753,41.664,42909.29974,0
1788750000000000,1030.43,1034.06,1029.54,1034.06,36.872,1788753599999999,38040.73033,426,26.57,27402.65711,0
1788753600000000,1034.05,1043.11,1034.05,1039.55,882.744,1788757199999999,918365.4641,11128,577.884,601050.30039,0
1788757200000000,1039.55,1043.53,1038.21,1041.5,240.769,1788760799999999,250781.57307,1239,128.629,133975.26969,0
1788760800000000,1041.45,1045.62,1041.09,1045.33,137.753,1788764399999999,143671.03751,714,108.455,113116.38202,0
1788764400000000,1045.16,1045.38,1041.99,1044.02,422.908,1788767999999999,441211.46366,3518,261.326,272614.48185,0
1788768000000000,1044.02,1045.5,1043.13,1044.87,120.095,1788771599999999,125363.06341,767,30.801,32158.1204,0
1788771600000000,1045.0,1045.85,1040.69,1040.69,439.172,1788775199999999,458327.93889,946,25.699,26806.01003,0
1788775200000000,1040.7,1042.79,1040.12,1040.45,129.712,1788778799999999,135080.2371,654,31.283,32584.89304,0
1788778800000000,1040.25,1040.74,1036.31,1037.5,115.303,1788782399999999,119705.55408,3441,28.782,29879.61717,0
1788782400000000,1037.44,1038.96,1033.24,1035.72,96.916,1788785999999999,100409.55137,1673,43.446,45019.27614,0
1788786000000000,1035.72,1040.13,1034.5,1036.71,115.373,1788789599999999,119651.6825,1153,66.976,69464.32902,0
1788789600000000,1036.64,1040.03,1034.09,1038.92,125.62,1788793199999999,130358.08751,712,90.903,94353.40303,0
1788793200000000,1039.06,1039.75,1037.18,1037.8,58.62,1788796799999999,60871.53066,522,36.64,38042.53349,0
1788796800000000,1038.04,1040.9,1037.83,1040.36,46.924,1788800399999999,48762.09382,521,21.87,22726.599,0
1788800400000000,1040.36,1044.33,1040.28,1043.05,168.674,1788803999999999,175861.67021,724,129.174,134694.77143,0
1788804000000000,1042.78,1043.17,1041.53,1042.73,85.346,1788807599999999,88961.51166,471,41.823,43591.29111,0
1788807600000000,1042.49,1044.04,1042.35,1043.05,25.986,1788811199999999,27106.57618,262,9.37,9775.12003,0
1788811200000000,1043.19,1043.38,1036.98,1037.88,137.306,1788814799999999,142613.15962,1202,46.645,48420.49226,0
1788814800000000,1037.93,1040.24,1037.92,1039.3,17.816,1788818399999999,18511.56357,140,7.098,7373.99433,0
1788818400000000,1039.29,1039.29,1035.63,1036.25,21.37,1788821999999999,22167.87559,183,6.926,7182.14717,0
1788822000000000,1036.2,1037.31,1033.39,1035.38,787.397,1788825599999999,815000.66204,838,750.826,777155.31574,0
1788825600000000,1034.78,1054.61,1025.34,1047.41,575.709,1788829199999999,600406.67717,4460,215.891,225221.62704,0
1788829200000000,1047.47,1049.32,1042.55,1047.74,138.862,1788832799999999,145199.6618,1622,73.762,77124.24822,0
1788832800000000,1047.75,1047.98,1043.94,1045.22,94.507,1788836399999999,98888.8993,1524,49.214,51494.47303,0
1788836400000000,1045.32,1054.39,1045.28,1054.07,185.571,1788839999999999,195104.45805,1801,73.364,77096.08775,0
1788840000000000,1053.95,1057.09,1049.18,1049.18,291.111,1788843599999999,306639.38626,1971,209.181,220439.66876,0
1788843600000000,1049.15,1049.15,1038.23,1038.5,131.496,1788847199999999,137304.69212,1303,43.006,44887.09096,0
1788847200000000,1038.33,1039.78,1029.26,1033.33,249.062,1788850799999999,257566.98273,2067,69.376,71722.74509,0
1788850800000000,1033.29,1038.54,1029.9,1029.93,48.713,1788854399999999,50403.31502,794,16.811,17406.9202,0
1788854400000000,1030.29,1030.38,1016.85,1025.56,311.64,1788857999999999,318756.91971,1590,168.971,172729.53525,0
1788858000000000,1025.32,1034.75,1023.41,1034.22,111.13,1788861599999999,114588.48466,517,41.505,42758.34378,0
1788861600000000,1034.09,1037.44,1032.34,1035.68,58.43,1788865199999999,60477.06893,286,35.726,36982.92349,0
1788865200000000,1033.76,1036.81,1023.57,1024.99,80.864,1788868799999999,83472.68136,435,41.256,42584.58191,0
1788868800000000,1024.98,1034.06,1020.66,1033.09,186.523,1788872399999999,191510.34546,606,59.856,61515.76821,0
1788872400000000,1032.63,1041.2,1009.86,1022.66,2212.053,1788875999999999,2273906.71956,9210,1111.456,1141635.37377,0
1788876000000000,1022.94,1024.15,1013.56,1016.89,287.999,1788879599999999,293399.95223,2490,113.972,116141.73903,0
1788879600000000,1017.08,1028.07,1014.82,1024.25,294.155,1788883199999999,300678.91368,2209,114.63,117242.68729,0
1788883200000000,1024.76,1026.8,1014.8,1015.58,150.521,1788886799999999,153883.43879,1028,41.233,42132.9694,0
1788886800000000,1016.16,1020.46,1015.8,1016.89,24.711,1788890399999999,25161.57926,410,9.854,10033.24151,0
1788890400000000,1016.62,1020.81,1010.6,1014.09,82.645,1788893999999999,83958.63873,760,27.204,27635.86418,0
1788894000000000,1014.43,1014.43,998.0,1000.6,259.943,1788897599999999,261241.47944,1278,72.265,72757.84574,0
1788897600000000,1000.58,1004.38,999.1,1003.77,59.522,1788901199999999,59657.19966,291,20.51,20565.92164,0
1788901200000000,1004.05,1007.0,1003.92,1003.95,176.826,1788904799999999,177838.08822,409,9.044,9094.2429,0
1788904800000000,1003.97,1005.8,1002.76,1005.67,85.089,1788908399999999,85430.31499,242,12.75,12801.33647,0
1788908400000000,1006.04,1006.72,999.05,1000.79,229.815,1788911999999999,230776.96097,1284,157.06,157786.13411,0
1788912000000000,1000.74,1006.3,1000.12,1006.16,143.021,1788915599999999,143522.23587,843,58.147,58342.94798,0
1788915600000000,1006.11,1009.6,1005.8,1006.98,43.237,1788919199999999,43593.84337,412,9.953,10037.054,0
1788919200000000,1006.89,1011.95,1006.75,1010.13,14.203,1788922799999999,14335.811,195,3.058,3089.70153,0
1788922800000000,1009.95,1010.41,1005.2,1005.57,26.858,1788926399999999,27053.26912,214,10.873,10954.78443,0
1788926400000000,1005.38,1008.68,1003.7,1008.43,23.336,1788929999999999,23499.78671,249,18.519,18649.75,0
1788930000000000,1008.06,1008.92,1004.81,1007.74,53.548,1788933599999999,53878.12639,303,39.201,39441.77261,0
1788933600000000,1008.16,1010.49,1007.42,1007.86,81.017,1788937199999999,81764.62516,321,63.338,63929.77209,0
1788937200000000,1007.66,1009.8,1006.18,1007.9,61.122,1788940799999999,61607.05264,194,30.488,30734.06079,0
1788940800000000,1007.85,1010.6,1006.09,1007.83,99.536,1788944399999999,100330.29455,579,51.034,51438.65198,0
1788944400000000,1007.55,1007.89,993.0,994.12,504.572,1788947999999999,504298.1113,1438,360.78,360501.25666,0
1788948000000000,994.29,997.31,990.32,996.74,221.906,1788951599999999,220618.03258,1109,92.407,91823.53591,0
1788951600000000,996.73,999.8,994.0,997.26,155.212,1788955199999999,154725.28805,764,79.084,78846.27416,0
1788955200000000,997.25,998.5,994.1,996.19,94.831,1788958799999999,94439.28178,659,38.311,38159.42684,0
1788958800000000,996.52,1034.22,993.23,1034.08,1700.196,1788962399999999,1712701.86298,6153,972.429,981114.98706,0
1788962400000000,1033.68,1042.1,1029.06,1034.11,1978.383,1788965999999999,2043931.90768,4997,1048.145,1082158.78405,0
1788966000000000,1034.31,1035.74,1018.2,1024.01,598.11,1788969599999999,613461.74828,2340,199.839,204932.01404,0
1788969600000000,1023.85,1025.14,1016.86,1021.81,491.504,1788973199999999,502869.90291,912,40.47,41352.36511,0
1788973200000000,1021.7,1025.68,1020.12,1023.53,120.204,1788976799999999,123101.24235,605,96.98,99333.13562,0
1788976800000000,1023.52,1027.17,1022.68,1024.05,67.515,1788980399999999,69218.24758,408,18.58,19037.04657,0
1788980400000000,1023.66,1029.59,1020.45,1027.43,411.995,1788983999999999,422804.04127,1199,141.904,145766.75918,0
1788984000000000,1027.66,1028.28,1026.25,1026.96,66.368,1788987599999999,68150.95688,172,17.434,17904.69196,0
1788987600000000,1027.08,1027.08,1024.98,1025.28,118.027,1788991199999999,121102.57256,203,9.707,9956.54053,0
1788991200000000,1025.18,1025.54,1022.91,1023.26,311.095,1788994799999999,318566.73052,663,22.591,23126.97031,0
1788994800000000,1023.38,1026.43,1022.54,1026.42,348.822,1788998399999999,356986.63889,700,3.544,3633.03236,0
1788998400000000,1026.26,1028.53,1018.8,1018.83,156.559,1789001999999999,160367.5512,462,17.381,17800.19208,0
1789002000000000,1018.92,1021.15,1015.15,1020.87,303.464,1789005599999999,308521.79489,793,282.21,286882.02253,0
1789005600000000,1020.2,1023.46,1018.85,1021.44,21.549,1789009199999999,21998.08756,247,5.675,5793.49805,0
1789009200000000,1021.92,1024.0,1020.58,1022.42,25.491,1789012799999999,26061.89381,233,7.248,7406.13938,0
1789012800000000,1022.53,1027.39,1022.5,1027.32,12.341,1789016399999999,12655.95597,109,8.852,9079.16232,0
1789016400000000,1027.52,1030.0,1024.63,1026.21,37.195,1789019999999999,38180.53524,255,25.202,25861.57815,0
1789020000000000,1026.97,1028.15,1023.48,1024.67,43.299,1789023599999999,44391.61072,347,28.252,28969.31521,0
1789023600000000,1025.06,1025.06,1020.0,1022.51,35.417,1789027199999999,36190.72865,307,8.162,8351.232,0
1789027200000000,1022.47,1023.28,1017.59,1018.63,559.816,1789030799999999,570136.85583,910,446.286,454381.50919,0
1789030800000000,1018.4,1020.39,1011.37,1014.83,43.062,1789034399999999,43722.97542,392,17.512,17783.33573,0
1789034400000000,1014.78,1016.7,1013.11,1014.42,71.804,1789037999999999,72875.77865,701,31.918,32393.09657,0
1789038000000000,1014.29,1014.3,1008.33,1008.6,96.866,1789041599999999,97899.00895,1002,45.505,45986.65982,0
1789041600000000,1008.63,1010.11,995.58,998.27,346.648,1789045199999999,347141.55377,2354,128.443,128683.8148,0
1789045200000000,997.94,1000.59,982.69,985.46,1254.77,1789048799999999,1246889.76002,9529,301.884,299918.36626,0
1789048800000000,985.45,995.59,983.28,985.95,631.46,1789052399999999,623186.63951,5447,424.596,419020.03289,0
1789052400000000,986.05,988.3,981.0,984.03,67.622,1789055999999999,66623.85068,1735,25.559,25184.49892,0
1789056000000000,984.31,984.64,973.98,980.59,241.066,1789059599999999,235910.88551,2347,49.32,48261.54744,0
1789059600000000,980.39,984.47,977.44,981.12,53.107,1789063199999999,52101.97842,1102,30.68,30102.55303,0
1789063200000000,981.09,984.65,980.27,983.24,92.596,1789066799999999,90970.56375,1408,45.007,44221.44344,0
1789066800000000,983.09,983.93,976.88,980.19,374.056,1789070399999999,366516.16173,1829,253.444,248242.02519,0
1789070400000000,980.38,980.58,976.16,977.34,110.609,1789073999999999,108244.51301,528,46.25,45265.0787,0
1789074000000000,977.46,980.88,976.6,978.59,245.41,1789077599999999,240476.30435,621,41.065,40222.68292,0
1789077600000000,978.6,979.0,973.06,975.18,92.694,1789081199999999,90406.58716,542,35.703,34787.74221,0
1789081200000000,975.46,975.63,971.33,971.42,190.917,1789084799999999,185777.11006,446,22.681,22105.28348,0
1789084800000000,971.57,979.38,971.0,979.38,101.688,1789088399999999,99133.26561,1057,72.573,70804.93257,0
1789088400000000,979.36,980.74,974.8,977.17,147.446,1789091999999999,144019.35613,721,34.301,33529.43145,0
1789092000000000,977.45,978.73,973.04,973.93,25.925,1789095599999999,25301.20422,334,7.301,7129.49545,0
1789095600000000,973.74,974.31,969.76,972.01,232.583,1789099199999999,226011.93858,604,208.282,202393.71703,0
1789099200000000,972.15,984.54,970.95,980.54,67.384,1789102799999999,65990.90558,754,38.721,37900.98086,0
1789102800000000,980.65,987.04,980.56,985.49,50.154,1789106399999999,49281.12411,564,7.246,7123.97365,0
1789106400000000,985.58,986.71,983.55,985.61,30.589,1789109999999999,30147.08063,391,10.955,10797.68228,0
1789110000000000,985.71,987.95,985.27,986.41,19.102,1789113599999999,18852.56113,192,11.337,11192.8708,0
1789113600000000,986.55,990.26,983.85,989.74,89.787,1789117199999999,88630.36947,796,40.527,40017.36644,0
1789117200000000,989.99,990.53,986.38,987.46,60.002,1789120799999999,59255.7996,547,35.456,35011.32436,0
1789120800000000,987.12,988.6,985.27,985.53,39.738,1789124399999999,39235.63401,427,15.54,15346.05212,0
1789124400000000,985.53,989.98,982.99,988.2,48.445,1789127999999999,47782.10732,731,17.064,16837.58221,0
1789128000000000,988.38,998.31,981.44,994.91,598.654,1789131599999999,592528.22871,4247,114.68,113530.14075,0
1789131600000000,994.82,998.66,970.11,975.95,892.368,1789135199999999,880664.08007,9002,511.167,505467.67395,0
1789135200000000,976.14,983.72,968.11,974.33,630.021,1789138799999999,615505.37107,4558,330.44,323047.10182,0
1789138800000000,974.0,982.86,970.34,979.57,193.303,1789142399999999,188997.98638,1790,106.581,104100.79992,0
1789142400000000,979.69,980.04,971.69,976.9,158.225,1789145999999999,154324.19972,1113,61.315,59821.8626,0
1789146000000000,976.75,980.76,976.55,977.48,50.048,1789149599999999,48979.4214,1113,25.154,24616.50559,0
1789149600000000,977.45,977.73,974.34,974.71,33.715,1789153199999999,32900.98544,774,15.106,14743.82482,0
1789153200000000,974.78,977.45,973.26,975.43,98.469,1789156799999999,96082.88206,1360,68.313,66670.00129,0
1789156800000000,975.42,975.94,973.95,974.73,18.302,1789160399999999,17839.21142,248,9.858,9609.32829,0
1789160400000000,974.72,975.4,974.17,974.28,50.425,1789163999999999,49149.15553,216,8.598,8382.70986,0
1789164000000000,974.2,975.09,974.0,974.38,71.845,1789167599999999,70026.57871,191,3.126,3046.02226,0
1789167600000000,974.38,975.18,974.22,975.11,53.732,1789171199999999,52359.4594,138,5.033,4905.25368,0
1789171200000000,975.19,975.3,974.51,974.66,14.429,1789174799999999,14067.99246,272,2.519,2455.86434,0
1789174800000000,974.61,974.61,973.77,974.01,43.073,1789178399999999,41954.71535,127,5.368,5228.20383,0
1789178400000000,974.01,974.72,974.0,974.53,16.959,1789181999999999,16519.46159,114,9.57,9322.5087,0
1789182000000000,974.69,974.69,973.78,974.5,37.276,1789185599999999,36312.42578,266,11.547,11248.77786,0
1789185600000000,974.53,974.85,974.06,974.13,5.14,1789189199999999,5008.89678,183,3.447,3359.29681,0
1789189200000000,974.32,974.84,974.32,974.65,4.007,1789192799999999,3905.55866,209,2.005,1954.28145,0
1789192800000000,974.6,974.63,973.48,973.56,47.354,1789196399999999,46119.55324,223,3.504,3412.48722,0
1789196400000000,973.56,974.07,973.29,973.85,7.212,1789199999999999,7022.48056,228,4.507,4388.41346,0
1789200000000000,973.98,974.07,973.29,973.59,37.638,1789203599999999,36648.83403,229,11.205,10909.65812,0
1789203600000000,973.53,973.74,971.92,972.25,8.416,1789207199999999,8186.53224,227,1.713,1666.15705,0
1789207200000000,972.25,973.38,972.23,973.3,2.975,1789210799999999,2894.74558,187,1.659,1614.23204,0
1789210800000000,973.36,973.9,973.29,973.83,4.69,1789214399999999,4566.43473,177,1.365,1329.04147,0
1789214400000000,973.82,973.92,973.31,973.45,8.37,1789217999999999,8149.52636,326,3.59,3495.46223,0
1789218000000000,973.38,973.42,972.45,972.46,5.068,1789221599999999,4930.31693,237,2.382,2317.31364,0
1789221600000000,972.47,975.1,972.47,974.25,11.416,1789225199999999,11117.14785,314,7.459,7263.198,0
1789225200000000,974.32,975.57,974.29,975.43,5.601,1789228799999999,5460.70108,231,3.054,2977.77119,0
1789228800000000,975.49,976.24,974.76,976.07,10.852,1789232399999999,10586.4167,188,5.842,5698.96583,0
1789232400000000,976.08,976.19,973.24,974.77,8.384,1789235999999999,8171.00893,289,1.147,1117.9761,0
1789236000000000,974.82,975.45,974.19,974.43,5.963,1789239599999999,5811.83497,122,4.289,4180.31077,0
1789239600000000,974.42,974.42,969.65,969.92,24.725,1789243199999999,24014.56291,787,6.481,6291.70285,0
1789243200000000,969.78,969.78,963.33,966.4,47.569,1789246799999999,45966.10493,474,15.428,14901.64995,0
1789246800000000,966.19,967.77,966.02,966.85,19.316,1789250399999999,18678.8026,205,1.415,1368.21714,0
1789250400000000,966.93,967.39,966.53,966.63,20.706,1789253999999999,20022.40852,175,5.775,5584.24662,0
1789254000000000,966.64,968.13,966.63,967.02,11.341,1789257599999999,10972.79546,155,1.417,1370.92968,0
1789257600000000,966.79,968.76,966.64,967.97,140.52,1789261199999999,135867.22548,518,17.943,17359.51615,0
1789261200000000,968.02,969.09,967.51,968.19,21.389,1789264799999999,20709.54093,274,3.257,3154.06591,0
1789264800000000,968.16,968.16,967.34,967.38,22.397,1789268399999999,21676.93208,94,0.495,478.94791,0
1789268400000000,967.32,967.46,966.21,966.39,29.175,1789271999999999,28216.79395,211,2.513,2429.75182,0
1789272000000000,966.43,966.56,965.63,965.64,9.991,1789275599999999,9651.58452,295,3.11,3004.22314,0
1789275600000000,965.62,965.82,961.0,961.0,82.758,1789279199999999,79667.2205,665,30.414,29277.42515,0
1789279200000000,961.0,962.06,956.47,957.77,164.581,1789282799999999,157793.53938,1178,60.834,58300.30527,0
1789282800000000,957.72,958.61,955.87,956.41,518.515,1789286399999999,496304.43633,3813,184.898,176979.84184,0
1789286400000000,956.59,956.73,939.58,940.31,667.815,1789289999999999,632241.58104,3409,249.347,235772.84944,0
1789290000000000,940.49,945.53,933.58,938.46,442.408,1789293599999999,415563.38269,3018,269.455,253102.12002,0
1789293600000000,938.46,938.75,934.37,934.87,249.465,1789297199999999,233830.09905,1548,65.46,61349.15685,0
1789297200000000,934.87,936.2,932.66,933.38,217.455,1789300799999999,203176.88641,1570,127.0,118629.19636,0
1789300800000000,933.39,936.07,930.62,930.84,163.036,1789304399999999,152119.0532,1287,98.243,91676.57497,0
1789304400000000,930.83,936.24,923.81,932.07,256.654,1789307999999999,238746.75617,2803,166.779,155127.56457,0
1789308000000000,931.97,936.95,931.63,935.38,229.246,1789311599999999,214342.62099,2156,119.294,111559.90547,0
1789311600000000,935.43,939.41,934.49,934.74,167.551,1789315199999999,156931.16837,1419,33.985,31834.76196,0
1789315200000000,935.03,944.16,934.78,940.89,233.919,1789318799999999,220282.5291,1970,95.356,89709.36137,0
1789318800000000,941.21,943.08,940.45,941.73,183.722,1789322399999999,173045.33163,1161,114.307,107657.70924,0
1789322400000000,941.84,941.98,940.01,941.49,98.631,1789325999999999,92820.95145,674,8.107,7630.71723,0
1789326000000000,941.47,941.95,938.07,938.72,76.733,1789329599999999,72130.11045,326,24.277,22811.03584,0
1789329600000000,938.57,940.43,937.51,940.08,38.566,1789333199999999,36206.91349,244,14.425,13546.36078,0
1789333200000000,940.0,941.44,939.16,941.15,34.091,1789336799999999,32067.85049,152,12.863,12102.27317,0
1789336800000000,940.77,941.0,933.7,936.51,253.84,1789340399999999,238004.47354,1474,128.208,120239.62522,0
1789340400000000,936.3,940.51,931.15,931.18,157.926,1789343999999999,148001.05637,1000,97.717,91628.89934,0
1789344000000000,931.22,946.23,931.22,935.58,484.312,1789347599999999,454676.40814,4202,175.156,164424.75138,0
1789347600000000,935.64,941.71,933.0,941.48,81.934,1789351199999999,76662.25757,914,20.704,19385.77297,0
1789351200000000,941.44,944.42,939.72,942.69,77.336,1789354799999999,72904.03307,936,34.486,32511.23074,0
1789354800000000,942.48,943.34,938.38,939.09,54.306,1789358399999999,51059.54323,801,24.166,22725.95965,0
1789358400000000,939.15,941.44,937.99,941.13,54.302,1789361999999999,51013.46417,904,32.431,30468.31079,0
1789362000000000,941.16,941.22,935.25,936.19,58.058,1789365599999999,54478.66438,924,18.138,17033.281,0
1789365600000000,936.22,937.93,935.03,935.51,84.263,1789369199999999,78890.08872,1055,35.61,33333.32521,0
1789369200000000,935.64,936.16,931.53,932.79,88.557,1789372799999999,82682.32982,1219,27.457,25627.17052,0
1789372800000000,932.87,934.05,926.27,928.38,159.385,1789376399999999,148136.52302,1395,57.447,53404.62825,0
1789376400000000,928.45,929.22,923.43,925.06,85.57,1789379999999999,79225.16298,479,24.277,22496.04063,0
1789380000000000,925.33,928.36,923.65,927.97,60.503,1789383599999999,56043.27615,590,30.348,28115.29427,0
1789383600000000,928.1,928.44,920.17,920.21,212.342,1789387199999999,196247.65393,1059,81.768,75572.73583,0
1789387200000000,920.01,920.01,912.67,914.04,192.373,1789390799999999,176350.59553,1507,99.616,91329.55807,0
1789390800000000,913.88,918.88,903.4,906.86,930.417,1789394399999999,846448.01934,6588,509.581,463770.5369,0
1789394400000000,906.59,922.14,906.59,915.21,790.888,1789397999999999,725410.04433,3987,178.989,164183.20091,0
1789398000000000,915.73,926.9,912.2,920.22,879.198,1789401599999999,808984.29262,3194,333.956,306708.91112,0
1789401600000000,920.35,925.59,916.29,924.66,582.061,1789405199999999,535108.87112,1920,312.934,288112.62426,0
1789405200000000,924.42,931.53,924.1,930.17,310.586,1789408799999999,288127.52069,1831,120.586,111775.65396,0
1789408800000000,930.36,931.67,928.33,930.09,210.803,1789412399999999,196141.4079,1351,58.853,54732.85104,0
1789412400000000,930.17,931.92,923.56,923.93,322.32,1789415999999999,298656.80238,1999,247.791,229570.06198,0
1789416000000000,924.2,928.31,921.61,927.0,623.746,1789419599999999,578435.42036,1713,543.885,504419.7986,0
1789419600000000,926.9,927.54,926.4,926.82,41.517,1789423199999999,38476.6678,193,31.123,28844.57556,0
1789423200000000,926.99,927.01,926.03,926.96,39.333,1789426799999999,36438.27186,262,30.058,27846.45418,0
1789426800000000,926.59,932.24,926.48,932.24,966.133,1789430399999999,897713.71965,1882,925.105,859535.08742,0
1789430400000000,932.3,938.7,929.32,935.4,109.546,1789433999999999,102322.28296,1438,72.76,67966.84433,0
1789434000000000,935.24,938.42,931.65,935.38,64.93,1789437599999999,60722.37033,806,27.224,25479.21208,0
1789437600000000,935.59,938.5,934.69,937.25,71.312,1789441199999999,66767.56913,585,21.215,19870.58453,0
1789441200000000,937.07,937.26,932.52,932.52,67.995,1789444799999999,63569.35666,400,26.539,24820.714,0
1789444800000000,932.5,933.86,926.63,926.95,263.733,1789448399999999,245439.14458,1250,50.143,46682.48632,0
1789448400000000,926.81,931.63,923.55,929.66,196.445,1789451999999999,181807.56527,1041,77.741,71902.10988,0
1789452000000000,929.96,931.26,928.4,930.82,65.11,1789455599999999,60531.55255,540,12.879,11978.20076,0
1789455600000000,930.33,933.54,930.01,930.31,64.469,1789459199999999,60073.28431,571,21.263,19822.97538,0
1789459200000000,930.32,930.82,923.35,925.03,125.521,1789462799999999,116243.53515,797,63.722,59040.24863,0
1789462800000000,924.83,931.03,923.49,930.17,40.011,1789466399999999,37041.28334,397,10.134,9380.81647,0
1789466400000000,930.25,933.47,930.25,932.12,61.25,1789469999999999,57093.12992,574,26.299,24515.84008,0
1789470000000000,932.22,936.78,932.22,935.88,186.6,1789473599999999,174536.00087,840,23.712,22181.56615,0
1789473600000000,935.76,937.5,933.6,935.35,359.048,1789477199999999,336058.32423,1055,63.151,59093.30208,0
1789477200000000,935.41,942.0,928.74,937.07,1252.943,1789480799999999,1171980.57698,5542,504.714,471886.83873,0
1789480800000000,936.81,945.0,929.31,931.31,865.183,1789484399999999,812460.89748,3184,348.684,327938.48118,0
1789484400000000,931.16,934.45,924.65,925.41,99.303,1789487999999999,92344.38579,1164,32.092,29847.7702,0
1789488000000000,925.32,928.06,921.26,925.28,65.62,1789491599999999,60640.84351,917,21.478,19858.70468,0
1789491600000000,925.19,927.79,923.64,925.48,89.761,1789495199999999,83105.82702,808,43.119,39921.46287,0
1789495200000000,925.36,925.79,920.65,922.89,63.24,1789498799999999,58360.16362,817,35.126,32406.11619,0
1789498800000000,922.92,928.26,921.91,927.87,177.416,1789502399999999,164254.88256,863,91.524,84768.72085,0
1789502400000000,928.03,928.54,927.0,928.26,18.18,1789505999999999,16865.00276,120,12.77,11847.30546,0
1789506000000000,927.9,927.9,925.0,925.5,66.469,1789509599999999,61565.62657,209,17.254,15998.49996,0
1789509600000000,925.65,927.26,925.65,926.55,66.726,1789513199999999,61815.63837,156,64.649,59890.88471,0
1789513200000000,926.3,926.59,925.29,925.92,60.631,1789516799999999,56134.63814,219,3.432,3177.25064,0
1789516800000000,926.26,929.5,925.48,928.02,60.894,1789520399999999,56516.18821,655,42.469,39430.78037,0
1789520400000000,928.28,928.54,922.66,922.66,16.829,1789523999999999,15588.95181,274,5.014,4646.75888,0
1789524000000000,922.57,930.25,922.54,929.77,11.201,1789527599999999,10380.12676,280,7.502,6954.48173,0
1789527600000000,929.76,932.29,929.17,931.86,89.234,1789531199999999,83090.3418,365,70.589,65734.50913,0
1789531200000000,931.95,933.82,931.82,932.35,151.599,1789534799999999,141411.35825,449,111.61,104115.75933,0
1789534800000000,932.03,936.32,930.64,935.79,117.939,1789538399999999,110112.25866,355,106.8,99727.49544,0
1789538400000000,935.94,938.37,935.37,938.37,18.214,1789541999999999,17076.97998,359,11.956,11210.46875,0
1789542000000000,938.3,939.73,937.49,938.27,52.365,1789545599999999,49156.89208,414,25.705,24127.11724,0
1789545600000000,938.37,939.12,929.96,934.33,228.997,1789549199999999,214241.33155,1481,78.385,73375.05635,0
1789549200000000,934.29,936.66,932.98,935.65,112.469,1789552799999999,105156.52585,717,35.458,33143.95875,0
1789552800000000,935.66,936.11,933.74,935.21,162.367,1789556399999999,151828.76276,746,72.452,67756.91257,0
1789556400000000,935.37,938.87,933.76,937.8,169.026,1789559999999999,158430.67575,1248,14.339,13430.3696,0
1789560000000000,937.71,939.0,934.06,936.47,123.065,1789563599999999,115352.46215,1309,47.979,44972.26104,0
1789563600000000,936.36,939.99,924.55,935.35,586.62,1789567199999999,546557.97228,4068,298.777,278039.73661,0
1789567200000000,935.05,935.2,927.85,932.24,175.212,1789570799999999,163272.60847,1373,83.215,77557.74298,0
1789570800000000,932.29,934.34,928.26,928.27,271.782,1789574399999999,253109.57356,1055,201.424,187598.14555,0
1789574400000000,928.17,932.6,927.94,931.38,30.834,1789577999999999,28683.40599,337,8.063,7501.88136,0
1789578000000000,931.32,934.86,929.44,933.71,134.525,1789581599999999,125240.54949,689,92.325,85917.98046,0
1789581600000000,934.01,942.08,922.5,924.6,612.188,1789585199999999,570571.8113,3328,230.136,214553.61864,0
1789585200000000,924.66,928.12,919.36,928.12,280.646,1789588799999999,259217.42917,1679,194.214,179407.12982,0
1789588800000000,927.0,930.81,927.0,930.22,68.438,1789592399999999,63593.77008,316,48.676,45224.61614,0
1789592400000000,930.1,931.92,929.96,931.0,138.113,1789595999999999,128574.45006,293,81.708,76059.98999,0
1789596000000000,931.0,935.0,929.96,933.65,527.414,1789599599999999,492058.41664,1154,465.156,433920.11242,0
1789599600000000,933.66,936.31,933.44,934.87,1410.023,1789603199999999,1318673.11832,3250,1365.559,1277078.60734,0
1789603200000000,935.31,937.34,932.61,935.65,295.106,1789606799999999,275978.10535,969,259.688,242853.02184,0
1789606800000000,935.61,938.19,933.56,934.25,36.427,1789610399999999,34092.19847,275,18.891,17686.36561,0
1789610400000000,934.51,935.24,933.06,933.37,77.617,1789613999999999,72501.10936,379,54.423,50841.41757,0
1789614000000000,933.38,936.15,933.23,936.03,141.511,1789617599999999,132345.95257,488,125.944,117783.21593,0
1789617600000000,936.22,937.67,935.22,936.34,113.198,1789621199999999,105983.3207,494,84.774,79368.32665,0
1789621200000000,936.22,936.32,932.5,932.5,63.576,1789624799999999,59375.56207,265,19.968,18650.71894,0
1789624800000000,932.5,935.52,932.41,935.52,497.606,1789628399999999,464346.52854,828,404.859,377779.62974,0
1789628400000000,935.51,938.2,935.09,938.11,198.902,1789631999999999,186396.32951,568,123.915,116144.05683,0
1789632000000000,937.89,942.41,937.58,941.91,57.534,1789635599999999,54069.78499,486,25.614,24068.62846,0
1789635600000000,941.91,944.44,941.34,943.01,166.701,1789639199999999,157154.72671,554,100.354,94597.84868,0
1789639200000000,942.89,945.94,942.49,944.57,54.125,1789642799999999,51101.53902,251,32.933,31086.22636,0
1789642800000000,944.65,947.96,944.03,945.56,128.239,1789646399999999,121260.21538,422,75.218,71092.74636,0
1789646400000000,945.68,954.25,944.95,953.22,178.568,1789649999999999,169774.8141,729,99.008,94134.05016,0
1789650000000000,953.39,986.55,953.18,983.49,1180.001,1789653599999999,1145255.45578,6869,566.177,551572.60855,0
1789653600000000,983.99,984.66,974.67,977.76,439.432,1789657199999999,429650.56529,1731,154.915,151495.00843,0
1789657200000000,978.03,983.68,976.8,977.03,130.246,1789660799999999,127649.87718,735,36.144,35455.13179,0
1789660800000000,977.17,978.37,973.99,976.02,180.904,1789664399999999,176677.13685,659,47.043,45968.85725,0
1789664400000000,976.14,978.31,973.58,976.51,145.142,1789667999999999,141616.18518,549,31.049,30294.46602,0
1789668000000000,976.86,979.68,975.71,976.6,115.351,1789671599999999,112746.22544,499,18.114,17709.81083,0
1789671600000000,976.49,981.33,975.34,977.78,336.482,1789675199999999,329395.42196,1196,86.185,84428.90415,0
1789675200000000,977.84,983.04,977.01,980.99,101.936,1789678799999999,99905.49824,394,78.529,76953.43148,0
1789678800000000,980.93,982.39,980.41,982.17,31.868,1789682399999999,31284.93605,111,2.867,2813.80819,0
1789682400000000,982.01,982.01,979.73,980.01,6.135,1789685999999999,6015.83987,99,4.184,4102.58066,0
1789686000000000,980.26,983.59,980.16,983.33,55.814,1789689599999999,54763.41999,173,11.88,11659.59961,0
1789689600000000,983.45,984.0,976.4,977.45,97.654,1789693199999999,95829.19291,476,13.381,13100.97527,0
1789693200000000,977.2,979.1,975.04,978.31,47.492,1789696799999999,46392.22993,298,14.052,13732.60779,0
1789696800000000,978.44,982.64,978.0,982.14,131.828,1789700399999999,128995.73489,255,14.248,13952.51144,0
1789700400000000,982.02,985.31,982.0,984.72,65.481,1789703999999999,64463.98833,314,56.1,55226.15949,0
1789704000000000,985.1,988.24,984.69,988.24,74.004,1789707599999999,73001.57334,297,43.362,42775.95648,0
1789707600000000,988.02,991.14,987.32,987.68,107.951,1789711199999999,106751.36797,515,49.46,48917.17209,0
1789711200000000,987.69,992.5,987.69,991.93,55.927,1789714799999999,55405.68951,597,17.017,16858.83594,0
1789714800000000,991.88,995.0,991.19,991.56,67.103,1789718399999999,66610.32713,333,22.976,22820.0432,0
1789718400000000,991.46,994.0,990.1,990.7,59.564,1789721999999999,59110.3131,542,28.697,28481.38612,0
1789722000000000,990.69,990.69,985.78,986.83,322.103,1789725599999999,318694.18017,775,50.578,50025.43052,0
1789725600000000,986.78,991.88,986.78,990.13,104.579,1789729199999999,103560.04653,318,38.569,38188.35411,0
1789729200000000,990.09,992.22,986.05,987.42,49.605,1789732799999999,49051.75506,466,21.858,21606.42743,0
1789732800000000,987.38,987.76,980.37,980.64,113.835,1789736399999999,111989.20648,612,39.973,39350.89454,0
1789736400000000,980.32,995.62,979.0,994.6,815.599,1789739999999999,805253.50539,4314,436.6,431249.22395,0
1789740000000000,994.25,999.14,989.34,994.06,455.245,1789743599999999,451781.85254,1956,294.609,292174.72117,0
1789743600000000,994.56,994.56,988.21,988.33,236.609,1789747199999999,234434.49992,1184,90.975,90130.12749,0
1789747200000000,988.71,995.51,988.26,995.09,147.2,1789750799999999,145945.6361,1051,67.03,66413.54968,0
1789750800000000,995.18,999.97,994.88,999.66,102.289,1789754399999999,102097.57031,755,9.908,9891.42098,0
1789754400000000,999.88,1009.29,999.88,1008.65,306.014,1789757999999999,307513.59603,1332,191.108,192033.80473,0
1789758000000000,1008.65,1016.32,1005.72,1015.63,626.961,1789761599999999,634171.67446,2304,405.586,410120.14994,0
1789761600000000,1015.3,1018.84,1011.8,1014.22,174.89,1789765199999999,177514.77877,851,66.205,67187.1242,0
1789765200000000,1014.45,1016.34,1013.82,1016.32,433.588,1789768799999999,440304.00509,966,350.3,355767.77712,0
1789768800000000,1016.25,1016.46,1014.85,1015.58,209.779,1789772399999999,213173.67015,660,180.753,183686.48513,0
1789772400000000,1015.64,1017.88,1015.64,1017.85,48.221,1789775999999999,49027.45669,180,33.22,33774.03882,0
1789776000000000,1017.85,1018.74,1016.42,1016.42,27.106,1789779599999999,27586.46575,174,9.145,9309.37893,0
1789779600000000,1016.43,1016.7,1007.33,1007.47,110.365,1789783199999999,111507.17243,1077,42.73,43144.92606,0
1789783200000000,1007.51,1009.12,1005.4,1008.69,286.769,1789786799999999,288811.78073,508,200.66,202068.60977,0
1789786800000000,1008.32,1009.22,1006.99,1007.39,395.939,1789790399999999,398748.89043,439,286.044,288053.13012,0
1789790400000000,1007.56,1008.72,1006.84,1007.55,48.584,1789793999999999,48967.88469,157,5.748,5794.88367,0
1789794000000000,1007.6,1008.32,1006.25,1006.45,23.435,1789797599999999,23613.31429,128,2.048,2061.77873,0
1789797600000000,1006.63,1006.64,1004.57,1006.53,28.796,1789801199999999,28957.65312,211,13.057,13130.50218,0
1789801200000000,1006.59,1009.26,1006.45,1007.71,20.761,1789804799999999,20921.51804,163,17.825,17964.12353,0
1789804800000000,1007.31,1008.13,1006.09,1006.26,8.131,1789808399999999,8188.03051,204,4.164,4193.08952,0
1789808400000000,1006.05,1007.85,1004.95,1007.44,56.216,1789811999999999,56563.40699,251,24.702,24847.159,0
1789812000000000,1007.37,1008.43,1007.36,1007.76,42.048,1789815599999999,42388.36903,210,9.925,10005.04453,0
1789815600000000,1007.74,1007.77,1006.63,1007.25,8.813,1789819199999999,8878.6859,145,1.903,1916.55052,0
1789819200000000,1007.31,1007.72,1006.75,1006.79,9.315,1789822799999999,9382.56524,76,2.279,2294.76678,0
1789822800000000,1006.8,1008.19,1006.29,1007.77,10.504,1789826399999999,10583.64106,98,5.278,5317.12616,0
1789826400000000,1007.72,1007.72,1006.57,1006.57,3.57,1789829999999999,3594.79334,96,2.088,2102.38002,0
1789830000000000,1006.71,1007.22,1006.43,1006.57,2.508,1789833599999999,2525.1545,71,1.023,1029.9497,0
1789833600000000,1006.57,1006.59,1005.68,1005.95,5.395,1789837199999999,5428.22844,155,2.533,2548.53025,0
1789837200000000,1005.96,1006.46,1005.11,1006.46,26.46,1789840799999999,26615.11781,190,9.62,9676.7517,0
1789840800000000,1006.48,1007.1,1006.15,1007.1,17.212,1789844399999999,17329.82053,129,10.171,10241.1759,0
1789844400000000,1007.21,1009.12,1006.95,1009.0,14.124,1789847999999999,14243.8314,103,4.055,4088.63903,0
1789848000000000,1008.86,1012.05,1008.86,1011.76,31.611,1789851599999999,31945.57224,216,17.56,17740.95037,0
1789851600000000,1011.88,1013.53,1011.08,1013.38,19.126,1789855199999999,19360.35965,161,12.763,12919.0202,0
1789855200000000,1013.39,1013.39,1011.46,1011.46,17.3,1789858799999999,17515.4191,235,4.504,4558.48271,0
1789858800000000,1011.64,1012.01,1009.45,1010.04,38.808,1789862399999999,39221.41527,270,6.879,6955.51915,0
1789862400000000,1010.05,1011.87,1010.04,1011.76,26.271,1789865999999999,26559.51903,278,18.061,18255.83622,0
1789866000000000,1011.85,1012.71,1010.79,1012.11,20.314,1789869599999999,20558.46529,226,6.764,6845.0865,0
1789869600000000,1012.43,1013.59,1000.5,1000.59,90.708,1789873199999999,91408.21681,698,26.993,27209.51711,0
1789873200000000,1000.51,1004.56,998.88,1004.56,60.198,1789876799999999,60275.12423,563,31.029,31071.86583,0
1789876800000000,1004.63,1004.63,1002.52,1003.26,94.604,1789880399999999,94902.17527,260,60.596,60780.68648,0
1789880400000000,1003.24,1005.11,1002.74,1005.11,20.642,1789883999999999,20717.75163,255,7.424,7450.65401,0
1789884000000000,1004.96,1005.32,1003.79,1004.96,9.861,1789887599999999,9906.64699,117,1.836,1844.99551,0
1789887600000000,1004.93,1005.31,1003.97,1003.97,9.252,1789891199999999,9296.12106,126,1.668,1676.06122,0
1789891200000000,1004.13,1005.08,1003.75,1003.85,18.296,1789894799999999,18374.36388,161,6.343,6370.6226,0
1789894800000000,1004.07,1005.03,1003.9,1003.9,17.48,1789898399999999,17559.68932,115,0.504,506.16489,0
1789898400000000,1003.94,1003.94,1002.74,1003.48,5.814,1789901999999999,5832.38876,101,4.701,4715.56446,0
1789902000000000,1003.08,1004.29,1002.17,1003.9,71.699,1789905599999999,71904.76449,208,8.856,8886.80241,0
1789905600000000,1003.6,1004.49,1003.05,1003.09,12.337,1789909199999999,12383.15658,275,3.672,3683.89543,0
1789909200000000,1003.32,1003.32,1001.41,1001.48,38.344,1789912799999999,38458.45545,86,28.468,28552.86962,0
1789912800000000,1001.48,1001.91,1000.56,1001.75,46.29,1789916399999999,46358.79318,307,30.188,30232.38552,0
1789916400000000,1001.91,1007.03,1001.91,1007.03,24.23,1789919999999999,24326.02744,289,14.295,14349.17452,0
1789920000000000,1007.11,1008.49,1006.3,1008.48,111.596,1789923599999999,112432.30302,745,56.473,56893.77123,0
1789923600000000,1008.48,1008.73,1006.96,1007.07,64.201,1789927199999999,64720.67698,469,4.746,4784.19945,0
1789927200000000,1007.14,1007.15,1005.8,1005.98,29.106,1789930799999999,29299.38209,408,5.261,5295.41242,0
1789930800000000,1006.06,1007.72,1006.06,1007.21,37.359,1789934399999999,37625.05818,369,23.196,23360.96217,0
1789934400000000,1007.6,1008.01,1007.45,1007.7,18.761,1789937999999999,18906.47484,290,5.229,5269.45452,0
1789938000000000,1007.78,1007.98,1006.45,1007.77,32.362,1789941599999999,32603.57505,282,21.287,21446.38976,0
1789941600000000,1007.79,1012.42,1007.54,1012.42,74.762,1789945199999999,75464.4775,569,28.948,29216.80856,0
1789945200000000,1012.23,1016.44,1011.72,1015.61,93.528,1789948799999999,94848.80442,713,65.677,66596.90941,0
1789948800000000,1015.4,1027.78,1015.26,1027.71,509.945,1789952399999999,522140.46059,2625,184.921,189309.80312,0
1789952400000000,1027.56,1030.97,1023.31,1023.65,321.277,1789955999999999,330004.57702,1167,39.593,40702.37806,0
1789956000000000,1023.53,1028.15,1022.7,1026.83,175.275,1789959599999999,179926.62035,816,28.728,29480.84876,0
1789959600000000,1026.92,1028.46,1026.44,1027.61,47.24,1789963199999999,48539.40546,337,29.826,30647.7662,0
1789963200000000,1027.66,1028.93,1026.45,1028.39,47.154,1789966799999999,48481.67087,294,30.614,31483.26282,0
1789966800000000,1028.4,1028.4,1020.54,1024.94,49.029,1789970399999999,50213.77144,401,6.845,7010.57328,0
1789970400000000,1025.21,1027.26,1024.22,1027.26,64.365,1789973999999999,66030.08489,430,37.797,38782.59251,0
1789974000000000,1027.28,1029.56,1026.02,1029.56,50.084,1789977599999999,51454.37823,449,22.61,23231.22941,0
1789977600000000,1029.43,1038.26,1028.91,1038.26,87.221,1789981199999999,90234.20093,809,48.32,50008.62529,0
1789981200000000,1038.11,1040.54,1037.47,1037.47,79.359,1789984799999999,82483.98561,457,51.453,53475.02186,0
1789984800000000,1037.46,1039.95,1036.37,1036.37,63.9,1789988399999999,66368.80531,328,26.191,27204.64206,0
1789988400000000,1036.36,1038.24,1029.0,1032.24,92.813,1789991999999999,95852.18766,655,60.263,62214.78861,0
1789992000000000,1032.61,1037.16,1032.61,1034.48,139.729,1789995599999999,144670.52384,456,26.765,27704.53201,0
1789995600000000,1034.34,1063.85,1033.95,1046.6,1084.628,1789999199999999,1137221.00234,4621,505.597,529151.86004,0
1789999200000000,1046.4,1047.87,1030.87,1039.36,425.498,1790002799999999,441278.97842,4156,170.883,177190.81507,0
1790002800000000,1039.43,1047.04,1034.35,1035.31,469.099,1790006399999999,488224.17248,2339,109.248,113727.87762,0
1790006400000000,1035.75,1044.77,1035.37,1040.57,640.05,1790009999999999,666093.86715,1810,117.798,122559.82841,0
1790010000000000,1040.51,1041.94,1037.65,1039.08,254.107,1790013599999999,264202.79937,976,37.214,38700.73279,0
1790013600000000,1038.64,1048.31,1038.64,1048.31,271.559,1790017199999999,283463.20906,770,93.11,97240.26475,0
1790017200000000,1048.37,1049.94,1043.0,1043.22,342.062,1790020799999999,358063.04459,1380,101.561,106231.86986,0
1790020800000000,1043.38,1043.77,1041.05,1041.53,71.744,1790024399999999,74788.9964,321,61.616,64233.00371,0
1790024400000000,1041.84,1043.5,1041.61,1041.88,54.02,1790027999999999,56331.53281,164,34.061,35519.72748,0
1790028000000000,1042.29,1043.69,1042.29,1043.36,57.45,1790031599999999,59936.0241,331,36.401,37972.3455,0
1790031600000000,1043.22,1045.62,1043.21,1044.85,94.018,1790035199999999,98184.49633,505,50.418,52634.08391,0
1790035200000000,1044.62,1052.75,1043.7,1049.97,92.646,1790038799999999,97194.79486,736,43.103,45215.72126,0
1790038800000000,1049.68,1050.75,1047.42,1048.82,104.535,1790042399999999,109635.32633,427,10.787,11318.03232,0
1790042400000000,1048.76,1051.72,1048.74,1051.59,33.169,1790045999999999,34839.12034,165,7.438,7817.2546,0
1790046000000000,1051.78,1052.5,1049.12,1049.12,37.019,1790049599999999,38912.87214,218,7.353,7734.01827,0
1790049600000000,1049.32,1049.97,1039.09,1039.23,252.134,1790053199999999,263439.43398,977,13.94,14576.33531,0
1790053200000000,1039.72,1043.43,1033.09,1039.77,169.634,1790056799999999,175983.77305,925,27.618,28673.87179,0
1790056800000000,1039.78,1040.58,1035.0,1035.87,313.513,1790060399999999,325216.02968,753,72.745,75452.31667,0
1790060400000000,1035.68,1038.31,1034.61,1037.31,77.837,1790063999999999,80691.55723,276,35.314,36595.11715,0
1790064000000000,1037.46,1037.83,1023.28,1032.51,306.546,1790067599999999,316544.79878,1990,92.851,95556.66357,0
1790067600000000,1032.18,1039.76,1030.56,1039.46,133.898,1790071199999999,138363.46527,885,43.796,45298.9201,0
1790071200000000,1039.56,1040.23,1036.96,1039.57,55.754,1790074799999999,57913.544,339,19.492,20243.76172,0
1790074800000000,1039.61,1040.89,1032.14,1032.35,60.663,1790078399999999,62803.2025,618,24.254,25114.15583,0
1790078400000000,1032.31,1033.44,1028.75,1030.3,95.989,1790081999999999,98987.68051,690,55.801,57554.39376,0
1790082000000000,1030.42,1074.97,1029.36,1070.61,884.24,1790085599999999,928572.3949,4661,464.979,488201.33332,0
1790085600000000,1070.44,1082.5,1069.12,1073.61,301.416,1790089199999999,324157.6807,2407,140.696,151301.89945,0
1790089200000000,1074.13,1077.87,1067.9,1076.86,1218.868,1790092799999999,1309216.75061,2599,138.497,148738.65786,0
1790092800000000,1076.97,1082.78,1076.55,1081.24,354.865,1790096399999999,383183.7446,1263,76.749,82905.2422,0
1790096400000000,1080.98,1085.21,1079.78,1080.91,449.924,1790099999999999,487213.22099,972,188.19,203956.21323,0
1790100000000000,1081.25,1090.01,1079.81,1089.48,2182.984,1790103599999999,2372759.86732,3565,2026.274,2202526.12168,0
1790103600000000,1089.39,1096.64,1089.39,1095.21,1249.231,1790107199999999,1366674.21132,1709,981.388,1073654.87292,0
1790107200000000,1094.97,1096.16,1090.35,1091.78,201.608,1790110799999999,220363.1915,602,96.979,106059.25092,0
1790110800000000,1091.8,1092.18,1089.77,1091.24,77.613,1790114399999999,84677.9992,267,33.022,36033.19513,0
1790114400000000,1091.17,1094.99,1091.17,1094.8,84.738,1790117999999999,92698.56818,291,26.397,28880.68971,0
1790118000000000,1094.58,1098.17,1093.69,1097.45,182.391,1790121599999999,200063.32213,755,68.814,75484.06194,0
1790121600000000,1097.54,1098.17,1088.09,1088.64,85.733,1790125199999999,93851.70575,758,27.113,29678.90902,0
1790125200000000,1088.92,1094.2,1087.22,1089.21,212.502,1790128799999999,231849.73297,625,43.719,47706.93999,0
1790128800000000,1088.94,1093.08,1087.23,1093.08,93.162,1790132399999999,101603.03465,365,66.04,72092.17825,0
1790132400000000,1092.91,1093.52,1090.87,1092.55,52.354,1790135999999999,57204.66571,225,34.661,37870.13147,0
1790136000000000,1092.39,1096.76,1092.34,1093.4,13.155,1790139599999999,14399.97267,210,8.709,9536.57194,0
1790139600000000,1093.56,1096.48,1091.84,1095.89,38.773,1790143199999999,42387.99358,348,8.874,9703.62413,0
1790143200000000,1095.9,1099.78,1095.53,1097.76,57.64,1790146799999999,63322.87325,355,32.777,36031.70884,0
1790146800000000,1097.74,1098.73,1096.21,1097.03,234.429,1790150399999999,257174.0284,482,34.171,37498.38564,0
1790150400000000,1097.45,1098.43,1089.87,1091.43,106.675,1790153999999999,116744.80549,882,38.892,42514.41186,0
1790154000000000,1091.75,1094.05,1091.08,1093.0,20.512,1790157599999999,22416.19201,314,8.098,8849.06018,0
1790157600000000,1093.06,1095.9,1092.42,1095.76,38.753,1790161199999999,42373.74107,402,22.19,24267.72669,0
1790161200000000,1095.73,1095.87,1081.83,1085.64,206.729,1790164799999999,224601.81587,1363,106.639,115825.31387,0
1790164800000000,1085.98,1091.62,1081.56,1089.52,122.118,1790168399999999,132852.77423,1233,84.186,91595.55601,0
1790168400000000,1089.6,1104.89,1083.57,1089.62,982.82,1790171999999999,1074839.59948,5006,519.384,568478.05028,0
1790172000000000,1090.02,1092.5,1071.03,1080.14,754.442,1790175599999999,813778.64092,7491,451.408,486723.98198,0
1790175600000000,1079.98,1082.85,1073.13,1076.19,227.726,1790179199999999,245672.48401,2058,125.308,135219.91959,0
1790179200000000,1076.27,1076.57,1064.44,1065.61,2368.08,1790182799999999,2537510.34262,4734,116.902,125161.35105,0
1790182800000000,1065.42,1075.07,1063.72,1075.07,2719.423,1790186399999999,2896779.50239,5271,65.113,69455.34907,0
1790186400000000,1075.25,1075.49,1070.83,1071.16,181.49,1790189999999999,194563.61798,792,9.322,10010.6314,0
1790190000000000,1071.01,1073.39,1066.56,1071.39,189.999,1790193599999999,203492.91737,979,72.632,77809.07998,0
1790193600000000,1071.39,1071.73,1069.01,1070.89,122.227,1790197199999999,130830.86108,369,42.462,45459.28018,0
1790197200000000,1071.01,1072.87,1071.01,1072.76,40.108,1790200799999999,42979.50403,178,9.003,9653.49013,0
1790200800000000,1072.75,1075.79,1072.75,1074.6,72.568,1790204399999999,78010.51103,265,13.383,14386.57705,0
1790204400000000,1074.9,1075.8,1072.62,1072.62,244.568,1790207999999999,262831.67882,441,16.419,17632.77012,0
1790208000000000,1072.62,1073.9,1065.83,1068.05,212.118,1790211599999999,226891.12058,644,126.962,135858.46786,0
1790211600000000,1068.24,1070.49,1067.09,1068.68,84.337,1790215199999999,90163.9947,371,9.249,9882.53361,0
1790215200000000,1068.74,1069.85,1066.91,1069.05,126.193,1790218799999999,134755.59602,431,111.033,118572.52042,0
1790218800000000,1068.75,1068.75,1063.43,1064.19,86.23,1790222399999999,91801.06841,427,6.513,6943.01519,0
1790222400000000,1064.09,1064.09,1059.36,1063.05,97.343,1790225999999999,103358.77437,453,12.12,12854.47846,0
1790226000000000,1063.12,1065.94,1060.97,1061.01,41.898,1790229599999999,44601.22121,330,28.449,30301.63417,0
1790229600000000,1060.84,1061.32,1055.42,1055.42,65.323,1790233199999999,69060.52642,420,30.269,31990.64649,0
1790233200000000,1055.37,1063.25,1054.8,1060.2,42.119,1790236799999999,44561.13455,441,20.154,21327.5929,0
1790236800000000,1060.1,1063.26,1040.02,1044.61,510.81,1790240399999999,536022.22483,1745,338.017,354576.49674,0
1790240400000000,1044.82,1045.74,1041.0,1044.99,391.244,1790243999999999,408537.10983,816,170.314,177980.05724,0
1790244000000000,1044.92,1048.62,1041.82,1048.2,74.071,1790247599999999,77387.56012,415,43.264,45198.93283,0
1790247600000000,1048.55,1056.44,1048.55,1053.14,218.245,1790251199999999,229725.95027,965,136.723,143892.27437,0
1790251200000000,1053.11,1056.62,1045.49,1048.13,312.884,1790254799999999,328675.99073,1518,80.321,84460.64546,0
1790254800000000,1048.09,1061.14,1044.49,1049.24,368.249,1790258399999999,386713.34521,3894,153.281,160972.76139,0
1790258400000000,1049.41,1061.34,1048.94,1052.56,181.928,1790261999999999,191864.90525,3409,83.466,88040.65523,0
1790262000000000,1052.81,1059.49,1050.17,1058.32,171.651,1790265599999999,181042.26429,1235,41.765,44062.6286,0
1790265600000000,1058.07,1076.62,1053.92,1073.5,501.84,1790269199999999,533136.19113,2705,153.312,162993.64218,0
1790269200000000,1073.5,1076.32,1066.35,1068.45,165.408,1790272799999999,177295.34571,2176,43.928,47094.6702,0
1790272800000000,1068.44,1075.64,1063.25,1075.53,444.236,1790276399999999,473962.92613,1323,155.306,165742.52241,0
1790276400000000,1075.34,1081.39,1070.01,1079.78,600.896,1790279999999999,647372.1116,1678,133.991,144528.05285,0
1790280000000000,1078.89,1081.52,1075.56,1078.27,73.897,1790283599999999,79654.66993,579,39.75,42862.09525,0
1790283600000000,1078.3,1079.65,1077.85,1078.68,148.228,1790287199999999,159883.85678,307,7.339,7916.38908,0
1790287200000000,1078.72,1079.42,1076.8,1078.56,594.968,1790290799999999,641330.03823,920,60.802,65529.83168,0
1790290800000000,1078.69,1078.69,1075.58,1075.58,448.357,1790294399999999,483061.29368,994,19.275,20763.42456,0
1790294400000000,1075.59,1078.97,1073.95,1077.14,68.858,1790297999999999,74131.74586,1456,17.411,18744.13504,0
1790298000000000,1077.02,1087.21,1076.18,1084.38,95.704,1790301599999999,103711.77269,1175,42.475,46027.57682,0
1790301600000000,1084.62,1086.15,1082.18,1084.52,39.576,1790305199999999,42902.30321,569,24.654,26724.22197,0
1790305200000000,1084.66,1086.61,1084.34,1086.22,34.918,1790308799999999,37912.14106,233,19.13,20768.27479,0
1790308800000000,1086.38,1086.6,1084.96,1084.96,48.02,1790312399999999,52139.13216,405,16.666,18098.55345,0
1790312400000000,1085.4,1088.61,1085.39,1088.38,17.99,1790315999999999,19553.71134,229,12.956,14078.7059,0
1790316000000000,1088.49,1091.8,1088.49,1089.53,22.549,1790319599999999,24575.28958,408,8.44,9197.16885,0
1790319600000000,1089.79,1092.26,1089.3,1092.14,27.414,1790323199999999,29899.80811,278,15.003,16364.37174,0
1790323200000000,1092.0,1097.88,1090.4,1097.83,193.216,1790326799999999,211346.16207,1345,75.757,82939.22946,0
1790326800000000,1097.72,1099.44,1092.47,1093.19,84.641,1790330399999999,92775.49969,686,48.001,52622.91398,0
1790330400000000,1093.23,1095.14,1092.03,1092.77,138.11,1790333999999999,151020.13876,611,86.588,94685.41946,0
1790334000000000,1092.81,1096.29,1091.32,1094.04,135.623,1790337599999999,148392.29087,781,69.418,75946.61628,0
1790337600000000,1093.6,1096.03,1090.85,1091.78,87.951,1790341199999999,96151.15699,989,32.725,35772.86131,0
1790341200000000,1091.79,1108.28,1085.97,1091.04,839.352,1790344799999999,921859.4443,5291,547.303,600383.31742,0
1790344800000000,1091.04,1093.29,1075.68,1084.87,486.1,1790348399999999,526737.90632,3611,232.705,252762.4243,0
1790348400000000,1084.67,1087.58,1073.2,1077.92,316.162,1790351999999999,342565.84429,1730,236.034,255967.79737,0
1790352000000000,1078.14,1082.81,1077.04,1080.84,274.781,1790355599999999,296636.07087,1918,191.364,206586.35431,0
1790355600000000,1080.81,1084.67,1080.55,1082.35,130.54,1790359199999999,141275.00693,995,98.842,106958.30891,0
1790359200000000,1082.31,1085.5,1081.17,1082.96,117.471,1790362799999999,127202.85524,689,76.122,82430.78936,0
1790362800000000,1082.74,1086.22,1080.5,1082.24,326.215,1790366399999999,353763.36495,1160,64.507,69860.93933,0
1790366400000000,1082.21,1083.72,1081.84,1082.73,63.912,1790369999999999,69200.40824,535,45.281,49026.92177,0
1790370000000000,1082.79,1085.79,1081.87,1084.36,315.255,1790373599999999,341510.24311,810,183.428,198671.69061,0
1790373600000000,1084.27,1085.08,1084.26,1084.85,53.436,1790377199999999,57955.31372,143,8.9,9652.28757,0
1790377200000000,1084.86,1086.64,1084.83,1084.96,41.713,1790380799999999,45295.00607,277,4.103,4454.74579,0
1790380800000000,1084.99,1084.99,1077.93,1080.12,75.918,1790384399999999,82091.37478,718,38.261,41328.8808,0
1790384400000000,1080.12,1081.66,1079.85,1081.66,17.576,1790387999999999,18994.964,241,13.463,14549.71925,0
1790388000000000,1081.67,1082.27,1081.06,1081.85,10.178,1790391599999999,11011.41938,158,3.641,3939.06403,0
1790391600000000,1081.83,1081.85,1079.84,1080.4,15.835,1790395199999999,17116.92149,172,3.467,3747.50425,0
1790395200000000,1080.54,1082.53,1079.76,1081.98,38.296,1790398799999999,41388.32153,228,12.39,13398.97165,0
1790398800000000,1082.09,1082.54,1080.47,1081.01,7.303,1790402399999999,7897.47797,140,2.232,2413.30634,0
1790402400000000,1081.17,1081.17,1080.03,1080.44,8.13,1790405999999999,8784.4866,61,3.077,3324.15248,0
1790406000000000,1080.47,1081.82,1079.65,1080.75,40.224,1790409599999999,43477.67457,281,16.705,18057.94588,0
1790409600000000,1080.74,1081.75,1080.55,1081.07,28.443,1790413199999999,30751.44049,410,22.182,23981.33521,0
1790413200000000,1081.08,1081.82,1080.35,1080.85,17.128,1790416799999999,18510.39514,218,8.669,9367.20006,0
1790416800000000,1081.01,1081.64,1080.9,1081.32,6.851,1790420399999999,7406.67422,184,3.124,3377.44507,0
1790420400000000,1081.32,1082.41,1081.12,1081.95,20.984,1790423999999999,22704.09611,121,14.027,15177.11751,0
1790424000000000,1082.0,1083.0,1082.0,1082.53,34.083,1790427599999999,36893.23072,194,11.776,12745.8405,0
1790427600000000,1082.67,1083.23,1082.18,1083.22,15.76,1790431199999999,17064.13425,135,11.933,12921.92334,0
1790431200000000,1083.23,1086.59,1082.79,1086.3,40.762,1790434799999999,44225.30454,308,16.157,17536.9175,0
1790434800000000,1086.3,1086.86,1084.54,1086.52,29.198,1790438399999999,31713.97245,241,8.529,9262.18998,0
1790438400000000,1086.52,1087.09,1085.35,1085.36,17.054,1790441999999999,18529.22769,259,4.329,4703.45227,0
1790442000000000,1085.46,1085.46,1084.06,1084.06,36.808,1790445599999999,39919.45004,498,15.656,16978.28543,0
1790445600000000,1084.03,1084.17,1083.51,1083.73,35.115,1790449199999999,38057.30695,395,20.74,22478.14066,0
1790449200000000,1083.75,1084.37,1083.16,1084.37,12.513,1790452799999999,13556.23029,63,3.989,4321.75616,0
1790452800000000,1084.36,1084.86,1083.29,1084.09,4.13,1790456399999999,4475.11401,57,3.284,3558.35532,0
1790456400000000,1084.38,1086.87,1084.38,1086.74,26.381,1790459999999999,28657.10541,141,9.758,10599.4266,0
1790460000000000,1086.75,1087.18,1085.99,1086.26,17.443,1790463599999999,18955.39285,123,3.629,3943.08535,0
1790463600000000,1086.1,1088.08,1085.96,1088.0,23.956,1790467199999999,26033.5973,222,17.049,18526.33761,0
1790467200000000,1088.03,1090.28,1087.99,1089.54,67.813,1790470799999999,73882.48313,319,44.872,48883.56267,0
1790470800000000,1089.54,1089.54,1086.94,1087.6,73.672,1790474399999999,80154.07723,410,3.794,4127.19746,0
1790474400000000,1087.51,1090.14,1087.5,1089.3,43.954,1790477999999999,47890.92336,195,9.596,10449.53498,0
1790478000000000,1089.5,1090.28,1088.79,1089.35,4.183,1790481599999999,4556.42869,65,1.385,1509.0216,0
1790481600000000,1089.39,1090.52,1088.64,1088.76,9.931,1790485199999999,10821.40907,286,4.943,5385.79947,0
1790485200000000,1088.79,1090.87,1088.75,1090.75,9.338,1790488799999999,10180.94135,188,3.316,3615.0456,0
1790488800000000,1090.54,1091.34,1089.61,1090.37,27.428,1790492399999999,29918.31464,294,19.966,21779.33088,0
1790492400000000,1090.35,1093.06,1090.09,1093.05,25.359,1790495999999999,27691.20914,219,14.519,15853.27965,0
1790496000000000,1092.86,1093.04,1089.65,1090.36,44.58,1790499599999999,48641.35666,456,25.124,27410.21996,0
1790499600000000,1090.35,1093.06,1090.2,1092.92,20.338,1790503199999999,22199.77357,186,16.83,18372.23283,0
1790503200000000,1092.88,1092.95,1092.03,1092.5,8.929,1790506799999999,9755.27722,172,4.005,4375.71935,0
1790506800000000,1092.42,1093.32,1092.42,1092.97,3.948,1790510399999999,4314.9004,48,1.744,1906.11345,0
1790510400000000,1093.09,1093.29,1092.81,1092.91,0.5,1790513999999999,546.55682,30,0.372,406.65818,0
1790514000000000,1092.63,1092.63,1088.86,1091.49,18.212,1790517599999999,19854.47413,171,10.158,11077.61385,0
1790517600000000,1091.61,1092.25,1090.0,1091.61,23.21,1790521199999999,25332.61659,217,8.553,9334.26742,0
1790521200000000,1091.2,1092.68,1089.72,1092.16,17.231,1790524799999999,18807.49739,175,7.501,8189.48579,0
1790524800000000,1092.34,1096.97,1092.34,1096.79,64.236,1790528399999999,70385.04925,493,48.511,53156.71002,0
1790528400000000,1096.8,1100.29,1096.67,1100.18,19.48,1790531999999999,21395.77565,184,12.99,14260.00929,0
1790532000000000,1100.2,1100.2,1096.21,1097.03,25.298,1790535599999999,27772.74053,206,4.338,4760.64117,0
1790535600000000,1097.04,1097.46,1096.14,1096.14,15.133,1790539199999999,16598.76398,157,4.486,4920.69936,0
1790539200000000,1096.12,1096.32,1094.39,1095.26,29.352,1790542799999999,32146.60273,271,10.432,11421.91016,0
1790542800000000,1095.46,1097.39,1094.91,1095.41,15.007,1790546399999999,16451.88176,92,7.047,7724.41921,0
1790546400000000,1094.9,1095.19,1088.45,1089.13,40.375,1790549999999999,44030.03116,410,13.168,14361.99309,0
1790550000000000,1089.11,1090.85,1088.02,1089.08,24.508,1790553599999999,26712.67808,264,10.313,11240.86084,0
1790553600000000,1089.38,1090.44,1079.36,1079.36,187.819,1790557199999999,203534.27086,1003,48.027,52059.92599,0
1790557200000000,1079.32,1079.32,1070.13,1070.54,260.723,1790560799999999,280598.93752,1288,176.576,190118.97198,0
1790560800000000,1070.13,1073.36,1062.75,1063.76,97.85,1790564399999999,104526.51805,925,31.096,33222.99518,0
1790564400000000,1063.83,1068.45,1063.42,1064.31,79.683,1790567999999999,84987.53377,601,63.794,68056.84804,0
1790568000000000,1064.26,1069.0,1063.3,1066.66,38.307,1790571599999999,40866.83546,309,24.451,26101.0342,0
1790571600000000,1066.99,1067.16,1061.34,1062.94,87.314,1790575199999999,92873.12765,340,59.664,63448.57344,0
1790575200000000,1062.81,1063.61,1055.34,1063.1,246.938,1790578799999999,261729.16944,710,163.573,173345.33769,0
1790578800000000,1062.97,1062.97,1058.18,1059.28,92.975,1790582399999999,98668.02455,460,16.748,17764.84767,0
1790582400000000,1059.42,1062.27,1056.51,1057.44,109.876,1790585999999999,116379.16742,879,27.433,29051.27236,0
1790586000000000,1057.36,1060.02,1053.6,1059.39,87.447,1790589599999999,92454.28877,516,59.447,62881.15598,0
1790589600000000,1059.64,1060.7,1056.23,1059.82,60.856,1790593199999999,64402.72096,351,18.1,19156.75421,0
1790593200000000,1059.95,1065.16,1056.74,1064.85,119.643,1790596799999999,126915.12534,780,45.859,48737.70347,0
1790596800000000,1064.99,1074.04,1062.85,1073.07,295.979,1790600399999999,315893.90769,1172,201.579,215024.65053,0
1790600400000000,1073.07,1084.67,1056.6,1059.41,405.73,1790603999999999,434440.62502,3589,161.384,173102.50173,0
1790604000000000,1059.43,1059.94,1032.93,1040.4,168.499,1790607599999999,175819.34863,2253,85.242,88948.18627,0
1790607600000000,1040.63,1046.1,1038.92,1045.06,282.544,1790611199999999,294533.3165,881,260.038,271104.35078,0
1790611200000000,1044.95,1059.0,1043.26,1054.12,702.573,1790614799999999,741499.07182,1494,397.482,418705.42396,0
1790614800000000,1053.77,1060.02,1052.7,1057.09,71.644,1790618399999999,75617.41841,522,41.581,43916.14796,0
1790618400000000,1056.8,1057.07,1052.46,1056.72,71.909,1790621999999999,75897.36632,286,67.933,71698.83348,0
1790622000000000,1056.5,1057.29,1051.7,1054.66,292.126,1790625599999999,307801.97378,712,200.824,211678.91608,0
1790625600000000,1054.57,1054.92,1052.07,1053.1,178.477,1790629199999999,188005.63434,311,149.756,157763.69433,0
1790629200000000,1053.19,1054.88,1053.19,1053.84,341.672,1790632799999999,360135.75649,1393,228.614,240976.57548,0
1790632800000000,1053.85,1056.55,1052.83,1056.05,100.809,1790636399999999,106281.30963,286,79.092,83387.82146,0
1790636400000000,1056.04,1058.15,1055.8,1055.94,645.786,1790639999999999,682344.39152,2034,610.967,645546.20018,0
1790640000000000,1055.81,1058.72,1049.55,1049.9,107.555,1790643599999999,113611.18586,902,55.022,58150.24442,0
1790643600000000,1049.56,1054.53,1043.14,1051.82,132.364,1790647199999999,138835.38254,804,41.316,43307.6494,0
1790647200000000,1051.74,1054.37,1048.5,1050.5,99.392,1790650799999999,104538.52895,365,27.881,29312.45497,0
1790650800000000,1050.39,1054.97,1047.74,1050.94,162.735,1790654399999999,171194.49183,452,13.236,13904.55193,0
1790654400000000,1051.41,1052.24,1050.12,1050.54,46.947,1790657999999999,49332.74963,204,1.48,1556.14572,0
1790658000000000,1050.7,1052.81,1046.28,1051.56,95.666,1790661599999999,100477.30465,299,13.911,14584.44114,0
1790661600000000,1051.78,1070.04,1051.78,1068.3,204.641,1790665199999999,217342.24066,841,135.045,143023.92522,0
1790665200000000,1068.45,1075.07,1067.32,1071.58,42.779,1790668799999999,45851.34881,440,10.315,11067.2299,0
1790668800000000,1071.3,1075.97,1069.29,1070.24,190.765,1790672399999999,204677.65256,1040,121.751,130660.05254,0
1790672400000000,1069.97,1070.78,1066.53,1069.1,43.325,1790675999999999,46321.31492,524,21.495,22988.68962,0
1790676000000000,1069.05,1072.85,1069.05,1072.85,62.008,1790679599999999,66382.63929,390,31.105,33295.88216,0
1790679600000000,1072.93,1074.41,1069.85,1072.43,118.718,1790683199999999,127215.16371,389,83.909,89910.12105,0
1790683200000000,1072.2,1072.43,1067.1,1069.02,31.83,1790686799999999,34068.84638,327,16.121,17262.8199,0
1790686800000000,1069.35,1079.16,1058.5,1072.5,343.764,1790690399999999,368362.49495,3260,211.001,226032.56455,0
1790690400000000,1072.78,1082.48,1069.69,1079.37,193.095,1790693999999999,208265.59859,2096,82.496,88950.19834,0
1790694000000000,1078.93,1079.36,1063.46,1069.13,691.329,1790697599999999,738655.37347,2403,596.934,637786.03745,0
1790697600000000,1069.11,1072.0,1064.78,1068.85,299.103,1790701199999999,319605.36075,1230,243.29,259932.27724,0
1790701200000000,1068.52,1073.06,1067.62,1069.03,121.675,1790704799999999,130194.03638,672,103.824,111094.77968,0
1790704800000000,1069.16,1073.91,1069.16,1072.46,43.853,1790708399999999,46997.34455,659,28.487,30523.90318,0
1790708400000000,1072.43,1073.83,1065.07,1065.61,182.918,1790711999999999,195331.90417,1345,69.11,73808.59007,0
1790712000000000,1065.76,1070.01,1065.73,1068.3,37.245,1790715599999999,39790.78435,219,31.473,33625.89996,0
1790715600000000,1068.31,1071.99,1068.31,1071.22,64.532,1790719199999999,69123.39112,204,43.488,46580.18107,0
1790719200000000,1071.02,1072.63,1070.74,1071.01,32.375,1790722799999999,34700.16489,206,24.557,26323.07604,0
1790722800000000,1071.01,1072.51,1070.8,1072.27,32.822,1790726399999999,35180.02855,259,16.18,17346.10267,0
1790726400000000,1072.43,1075.5,1069.58,1070.78,109.775,1790729999999999,117734.944,560,57.497,61643.32435,0
1790730000000000,1070.9,1073.29,1069.88,1070.92,68.37,1790733599999999,73273.40483,350,42.517,45570.89395,0
1790733600000000,1071.05,1071.9,1067.5,1069.64,343.359,1790737199999999,367067.87065,670,163.909,175320.06904,0
1790737200000000,1069.88,1072.96,1069.51,1072.3,101.499,1790740799999999,108687.38594,342,3.496,3745.10406,0
1790740800000000,1072.31,1073.83,1071.13,1071.83,69.058,1790744399999999,74042.28328,253,10.93,11725.97603,0
1790744400000000,1071.84,1073.46,1068.19,1071.41,106.652,1790747999999999,114077.22854,505,15.146,16220.96412,0
1790748000000000,1071.48,1072.26,1068.18,1069.88,38.488,1790751599999999,41189.52379,220,7.131,7634.76469,0
1790751600000000,1069.73,1074.18,1069.65,1073.64,104.394,1790755199999999,112006.94362,323,57.655,61866.14412,0
1790755200000000,1073.68,1074.81,1069.24,1069.31,59.272,1790758799999999,63529.23292,439,37.988,40733.6687,0
1790758800000000,1069.29,1071.62,1067.81,1069.59,43.274,1790762399999999,46291.78657,310,17.396,18616.13182,0
1790762400000000,1069.6,1070.92,1068.28,1070.82,108.652,1790765999999999,116239.95939,359,56.91,60866.08396,0
1790766000000000,1070.65,1070.65,1064.8,1069.78,224.331,1790769599999999,239524.81327,871,107.538,114817.85647,0
1790769600000000,1069.64,1082.79,1065.09,1079.69,339.222,1790773199999999,364559.93965,1417,173.328,186221.26987,0
1790773200000000,1079.68,1083.73,1065.64,1070.09,1599.092,1790776799999999,1720900.27424,4620,617.623,665487.81592,0
1790776800000000,1070.17,1077.62,1067.42,1076.91,670.519,1790780399999999,719532.17232,2948,382.376,410622.78331,0
1790780400000000,1076.9,1078.59,1072.2,1074.71,323.848,1790783999999999,348461.89449,1448,119.123,128272.67015,0
1790784000000000,1074.94,1075.96,1071.43,1073.78,113.521,1790787599999999,121868.66422,570,27.486,29485.47144,0
1790787600000000,1073.99,1073.99,1067.33,1070.09,270.91,1790791199999999,289835.60604,830,165.55,176948.26681,0
1790791200000000,1070.09,1071.45,1065.05,1069.88,211.957,1790794799999999,226500.4189,665,187.029,199858.1742,0
1790794800000000,1069.78,1073.8,1063.39,1069.34,594.001,1790798399999999,635098.90757,1778,422.089,451686.23107,0
1790798400000000,1068.62,1088.81,1041.68,1075.44,3521.48,1790801999999999,3783853.4458,14117,1026.894,1101393.35941,0
1790802000000000,1075.48,1076.0,1043.91,1058.37,1437.854,1790805599999999,1516989.4192,4913,700.061,738747.37193,0
1790805600000000,1058.36,1069.57,1056.72,1067.03,219.338,1790809199999999,233325.16867,1004,137.298,145989.44696,0
1790809200000000,1066.93,1069.68,1059.27,1069.15,247.954,1790812799999999,264152.97952,762,39.548,42221.71512,0
1790812800000000,1069.16,1071.09,1061.46,1068.15,813.414,1790816399999999,867165.41928,2633,684.102,729215.32806,0
1790816400000000,1068.18,1068.88,1063.62,1064.54,547.496,1790819999999999,584194.99058,1168,489.306,522156.24142,0
1790820000000000,1064.38,1067.87,1064.2,1064.7,567.924,1790823599999999,605285.75068,1111,514.061,547868.29141,0
1790823600000000,1064.76,1070.7,1063.9,1069.74,1025.031,1790827199999999,1094212.76992,2199,964.25,1029331.77133,0
1790827200000000,1069.73,1072.46,1068.49,1071.54,523.707,1790830799999999,560786.78365,1953,456.375,488704.11673,0
1790830800000000,1071.59,1079.26,1071.49,1078.54,457.264,1790834399999999,491690.67946,2181,393.671,423228.39357,0
1790834400000000,1078.54,1081.67,1074.12,1076.88,74.049,1790837999999999,79906.95427,765,39.947,43126.48512,0
1790838000000000,1076.71,1078.57,1068.29,1072.2,340.109,1790841599999999,364754.59025,1811,157.912,169284.66483,0
1790841600000000,1072.19,1074.61,1052.93,1061.12,767.842,1790845199999999,817428.87223,3166,425.552,453128.18833,0
1790845200000000,1061.04,1065.84,1060.21,1063.22,115.0,1790848799999999,122198.15242,767,87.965,93461.30027,0
1790848800000000,1063.12,1071.51,1056.51,1071.22,213.104,1790852399999999,226900.447,1770,133.915,142738.86706,0
1790852400000000,1071.12,1071.12,1053.3,1059.35,477.173,1790855999999999,505077.60676,2574,216.644,229058.16329,0
1790856000000000,1059.2,1061.46,1054.05,1054.14,165.077,1790859599999999,174523.21207,1673,70.112,74162.74356,0
1790859600000000,1054.52,1075.0,1036.85,1044.72,1789.568,1790863199999999,1889734.54885,9799,861.096,909726.60153,0
1790863200000000,1045.04,1052.07,1023.91,1043.81,1702.721,1790866799999999,1768212.05907,6863,674.299,701235.03079,0
1790866800000000,1044.03,1056.47,1037.77,1050.25,1276.522,1790870399999999,1336268.70594,6101,814.23,852520.59244,0
1790870400000000,1050.2,1063.73,1043.83,1061.46,348.841,1790873999999999,367224.00145,2922,230.135,242393.82456,0
1790874000000000,1061.45,1095.53,1059.81,1091.57,899.3,1790877599999999,975099.23396,5071,480.877,521175.24511,0
1790877600000000,1092.03,1092.28,1069.26,1090.4,741.979,1790881199999999,802525.3169,4168,296.105,320264.37462,0
1790881200000000,1090.27,1098.33,1083.28,1097.49,1876.443,1790884799999999,2044028.18558,8998,312.849,341218.61053,0
1790884800000000,1097.49,1098.05,1090.19,1090.58,296.749,1790888399999999,324270.23064,1796,45.91,50199.33093,0
1790888400000000,1090.79,1092.04,1087.42,1089.34,90.567,1790891999999999,98642.42433,434,57.143,62238.40511,0
1790892000000000,1089.22,1091.4,1088.29,1090.89,219.473,1790895599999999,239098.66556,671,25.344,27592.65938,0
1790895600000000,1090.84,1093.42,1090.63,1090.63,305.039,1790899199999999,333067.13212,602,84.309,92136.60353,0
1790899200000000,1091.0,1096.29,1089.0,1093.29,321.731,1790902799999999,351198.1146,1189,129.842,141834.99461,0
1790902800000000,1093.37,1093.37,1086.42,1091.65,295.044,1790906399999999,321583.58308,698,29.477,32095.90858,0
1790906400000000,1091.62,1092.77,1089.88,1090.97,92.519,1790909999999999,100966.33159,377,29.216,31881.03483,0
1790910000000000,1091.2,1093.19,1089.98,1091.09,35.017,1790913599999999,38205.59199,260,5.618,6131.20386,0
1790913600000000,1091.06,1094.63,1091.06,1094.62,100.237,1790917199999999,109555.76083,344,11.901,13018.40582,0
1790917200000000,1094.62,1095.46,1090.68,1091.19,23.408,1790920799999999,25607.59355,212,15.769,17256.92505,0
1790920800000000,1091.18,1094.33,1090.78,1094.33,25.944,1790924399999999,28341.80453,246,6.473,7073.30305,0
1790924400000000,1094.33,1096.84,1092.91,1095.89,105.607,1790927999999999,115673.99425,295,82.932,90862.14716,0
1790928000000000,1096.17,1109.12,1093.89,1108.52,313.945,1790931599999999,345660.88373,1548,125.269,138012.56562,0
1790931600000000,1108.42,1114.04,1105.53,1113.48,111.841,1790935199999999,124107.6923,919,54.739,60767.85817,0
1790935200000000,1113.49,1113.5,1103.5,1104.86,165.644,1790938799999999,183643.7631,868,33.376,36931.8107,0
1790938800000000,1104.58,1106.28,1091.47,1096.72,2013.592,1790942399999999,2207283.4632,3473,1546.743,1694507.0543,0
1790942400000000,1096.33,1111.44,1093.19,1111.32,261.068,1790945999999999,287674.54347,1510,160.719,176989.27123,0
1790946000000000,1111.11,1113.09,1083.26,1088.87,894.423,1790949599999999,982530.81677,4225,292.119,320753.68131,0
1790949600000000,1089.21,1098.1,1079.81,1083.33,798.738,1790953199999999,866303.41744,2648,611.94,663257.78166,0
1790953200000000,1083.24,1085.61,1073.5,1081.21,232.816,1790956799999999,251215.67654,1857,119.822,129242.47466,0
1790956800000000,1080.92,1084.66,1077.06,1078.56,124.541,1790960399999999,134601.15363,850,75.951,82088.93016,0
1790960400000000,1078.73,1082.45,1077.87,1078.65,203.405,1790963999999999,219514.96463,698,174.629,188451.00438,0
1790964000000000,1078.5,1078.65,1072.25,1076.33,172.807,1790967599999999,185929.37725,860,114.016,122713.79322,0
1790967600000000,1076.29,1077.26,1072.86,1074.52,416.982,1790971199999999,448125.44848,907,203.518,218779.89482,0
1790971200000000,1074.86,1076.11,1072.27,1072.6,188.173,1790974799999999,202050.92062,406,162.068,174001.90296,0
1790974800000000,1072.62,1073.14,1071.57,1071.82,112.117,1790978399999999,120254.94899,401,70.568,75695.20822,0
1790978400000000,1071.83,1071.99,1068.79,1070.17,132.896,1790981999999999,142273.31658,502,105.838,113302.36271,0
1790982000000000,1070.25,1071.37,1069.97,1069.97,104.29,1790985599999999,111686.52105,403,82.821,88699.14074,0
1790985600000000,1069.99,1072.1,1068.68,1069.59,31.674,1790989199999999,33905.30826,259,24.62,26359.7895,0
1790989200000000,1069.55,1069.8,1065.73,1066.99,85.721,1790992799999999,91526.58229,577,3.091,3298.02494,0
1790992800000000,1067.0,1068.95,1066.72,1067.86,19.23,1790996399999999,20534.67111,167,10.833,11569.6031,0
1790996400000000,1067.89,1068.0,1067.44,1067.63,40.619,1790999999999999,43379.23435,222,31.783,33943.88369,0
1791000000000000,1067.64,1068.16,1067.32,1068.07,31.492,1791003599999999,33623.89805,108,0.816,871.22042,0
1791003600000000,1068.07,1068.07,1067.19,1067.23,13.908,1791007199999999,14849.95189,108,12.104,12923.69039,0
1791007200000000,1067.11,1068.73,1066.7,1068.34,2.454,1791010799999999,2621.01907,79,1.569,1675.6918,0
1791010800000000,1068.36,1069.62,1067.41,1068.5,5.9,1791014399999999,6305.11794,128,3.029,3236.97237,0
1791014400000000,1068.47,1068.96,1068.09,1068.6,87.584,1791017999999999,93580.50503,597,63.993,68368.37139,0
1791018000000000,1068.56,1070.43,1068.55,1070.43,3.36,1791021599999999,3593.58493,108,2.246,2402.13169,0
1791021600000000,1070.44,1071.77,1070.44,1070.89,3.195,1791025199999999,3422.87415,66,1.374,1472.06646,0
1791025200000000,1070.73,1070.73,1069.58,1069.72,2.531,1791028799999999,2709.29319,69,0.465,497.79634,0
1791028800000000,1069.59,1070.23,1068.95,1069.58,1.459,1791032399999999,1560.44165,78,0.787,841.75095,0
1791032400000000,1069.39,1070.03,1069.39,1069.61,1.457,1791035999999999,1558.73814,58,0.516,552.0435,0
1791036000000000,1069.53,1070.17,1069.14,1070.17,5.902,1791039599999999,6312.91538,51,1.451,1552.01471,0
1791039600000000,1070.18,1071.57,1069.49,1070.85,6.65,1791043199999999,7116.98162,70,3.087,3304.53824,0
1791043200000000,1070.76,1071.39,1070.02,1070.73,5.859,1791046799999999,6271.86543,125,1.196,1280.76779,0
1791046800000000,1070.89,1072.57,1070.75,1071.55,5.158,1791050399999999,5527.96752,91,1.967,2108.32513,0
1791050400000000,1071.55,1072.15,1070.44,1070.72,3.563,1791053999999999,3817.57655,89,0.603,646.08244,0
1791054000000000,1070.53,1071.14,1070.35,1070.64,3.206,1791057599999999,3433.31192,39,1.242,1330.05798,0
1791057600000000,1070.72,1071.29,1070.32,1070.33,10.757,1791061199999999,11517.56309,100,1.47,1573.91435,0
1791061200000000,1070.33,1071.02,1070.05,1070.36,8.664,1791064799999999,9273.76699,61,2.78,2976.3242,0
1791064800000000,1070.37,1070.45,1069.7,1070.17,4.205,1791068399999999,4499.9215,65,1.66,1776.58477,0
1791068400000000,1070.17,1070.6,1069.38,1069.38,11.295,1791071999999999,12086.61288,92,8.992,9622.25273,0
