open_time,open,high,low,close,volume,close_time,quote_volume,trades,taker_buy_base,taker_buy_quote,ignore
1781200800000000,200.0,204.3,199.11,202.54,1377.661,1781204399999999,278952.96802,2081,883.722,179393.50746,0
1781204400000000,202.58,206.3,201.94,205.25,1209.395,1781207999999999,245763.59135,818,252.049,51367.17763,0
1781208000000000,205.25,205.35,204.34,205.22,200.152,1781211599999999,41048.34069,327,33.939,6960.5216,0
1781211600000000,205.2,205.4,204.78,204.98,20.815,1781215199999999,4267.00908,122,7.847,1609.54109,0
1781215200000000,204.86,207.32,204.81,206.81,126.268,1781218799999999,26060.06665,200,113.091,23350.43028,0
1781218800000000,206.81,206.81,205.58,205.61,30.342,1781222399999999,6251.00948,223,12.027,2478.69436,0
1781222400000000,205.58,206.86,205.58,206.31,83.857,1781225999999999,17297.69162,496,43.916,9060.85075,0
1781226000000000,206.5,206.72,205.1,205.64,132.041,1781229599999999,27212.5791,161,12.51,2577.62567,0
1781229600000000,206.1,206.3,205.1,205.9,56.959,1781233199999999,11704.21401,115,34.882,7167.72866,0
1781233200000000,205.9,206.18,205.02,205.42,54.113,1781236799999999,11125.32381,119,8.977,1846.05791,0
1781236800000000,205.64,206.02,205.08,205.77,154.01,1781240399999999,31677.67868,639,75.889,15614.80292,0
1781240400000000,205.55,205.93,204.18,204.36,297.12,1781243999999999,61014.91867,1744,126.05,25893.85167,0
1781244000000000,204.36,205.47,204.01,204.11,203.692,1781247599999999,41658.02598,962,93.048,19039.49334,0
1781247600000000,204.15,204.75,203.03,204.74,700.008,1781251199999999,142782.45825,1343,159.354,32504.06896,0
1781251200000000,204.57,206.36,204.57,205.82,286.964,1781254799999999,59057.35241,1110,124.414,25602.93066,0
1781254800000000,205.82,206.78,205.8,206.77,296.436,1781258399999999,61191.18919,1542,143.856,29700.46341,0
1781258400000000,206.77,207.32,205.59,205.82,229.378,1781261999999999,47336.33214,1762,103.905,21455.28598,0
1781262000000000,206.11,206.88,205.8,206.21,198.637,1781265599999999,40959.47084,1597,98.59,20337.49728,0
1781265600000000,206.23,206.6,205.16,205.41,387.886,1781269199999999,79983.15524,1773,126.367,26053.43424,0
1781269200000000,205.4,206.4,203.5,204.0,262.984,1781272799999999,53850.60021,1578,112.766,23110.27589,0
1781272800000000,204.0,206.55,203.65,205.43,249.069,1781276399999999,51129.38257,1521,93.656,19235.32847,0
1781276400000000,205.43,206.98,204.0,204.09,229.146,1781279999999999,47139.0544,1407,71.017,14618.98332,0
1781280000000000,204.07,206.04,203.93,204.88,232.912,1781283599999999,47686.69279,1122,125.004,25608.2118,0
1781283600000000,204.89,205.36,204.41,205.1,263.791,1781287199999999,54016.66673,2013,114.139,23378.62782,0
1781287200000000,205.13,205.57,204.31,204.84,332.406,1781290799999999,68147.35889,3832,164.164,33669.89233,0
1781290800000000,204.8,205.25,204.01,205.18,109.02,1781294399999999,22313.84832,480,58.669,12007.66345,0
1781294400000000,205.18,205.53,204.89,205.1,86.074,1781297999999999,17660.15041,519,36.813,7554.70089,0
1781298000000000,205.11,205.4,205.1,205.4,38.603,1781301599999999,7923.11987,142,20.429,4193.44738,0
1781301600000000,205.38,205.51,205.21,205.48,13.582,1781305199999999,2789.45971,65,7.009,1439.65193,0
1781305200000000,205.54,206.08,205.38,206.08,59.551,1781308799999999,12251.7049,101,44.423,9142.51474,0
1781308800000000,205.51,205.8,205.48,205.51,39.001,1781312399999999,8018.39933,348,16.508,3394.25268,0
1781312400000000,205.52,205.82,205.48,205.73,70.417,1781315999999999,14481.24102,206,49.96,10275.84853,0
1781316000000000,205.8,206.27,205.71,205.99,92.366,1781319599999999,19035.15573,290,50.616,10432.43087,0
1781319600000000,206.13,206.13,205.48,205.49,76.012,1781323199999999,15643.98566,256,27.8,5723.39915,0
1781323200000000,205.49,205.77,205.3,205.5,38.964,1781326799999999,8008.25467,143,19.463,4000.92683,0
1781326800000000,205.51,205.57,205.16,205.44,83.6,1781330399999999,17171.66046,284,38.102,7827.88529,0
1781330400000000,205.44,205.8,205.22,205.31,77.705,1781333999999999,15962.27316,377,30.505,6266.84742,0
1781334000000000,205.32,205.99,205.21,205.81,156.819,1781337599999999,32241.19088,283,102.681,21118.20274,0
1781337600000000,205.85,206.0,205.64,205.66,40.952,1781341199999999,8428.46851,205,22.27,4583.7645,0
1781341200000000,205.69,205.87,205.61,205.85,109.981,1781344799999999,22634.80041,681,61.654,12689.40212,0
1781344800000000,205.86,206.02,205.81,205.88,52.573,1781348399999999,10824.50272,175,31.419,6469.10485,0
1781348400000000,205.91,206.03,205.72,205.81,70.652,1781351999999999,14549.37174,378,34.844,7175.14913,0
1781352000000000,205.82,206.02,205.68,205.96,54.918,1781355599999999,11303.52006,290,24.886,5122.59928,0
1781355600000000,205.9,205.96,205.18,205.25,124.851,1781359199999999,25691.39181,247,29.152,5995.09718,0
1781359200000000,205.27,205.97,205.1,205.78,88.582,1781362799999999,18201.39899,394,42.414,8717.79795,0
1781362800000000,205.81,206.1,205.79,205.86,46.475,1781366399999999,9569.12949,293,26.489,5454.42963,0
1781366400000000,205.85,205.88,205.54,205.81,45.111,1781369999999999,9282.79354,110,25.065,5157.46945,0
1781370000000000,205.67,205.86,205.5,205.78,47.803,1781373599999999,9835.43164,228,24.565,5055.31301,0
1781373600000000,205.71,206.0,205.55,205.56,36.251,1781377199999999,7458.37431,303,14.369,2956.67469,0
1781377200000000,205.59,205.81,205.42,205.81,11.711,1781380799999999,2406.8175,65,3.053,627.62924,0
1781380800000000,205.79,206.58,205.62,206.24,68.032,1781384399999999,14032.96583,199,59.305,12235.27611,0
1781384400000000,206.24,206.24,205.71,205.9,29.273,1781387999999999,6024.62422,60,5.376,1106.92752,0
1781388000000000,205.9,205.92,205.81,205.89,5.817,1781391599999999,1197.46956,32,2.174,447.63225,0
1781391600000000,205.89,206.56,205.79,206.31,16.762,1781395199999999,3455.54029,36,12.214,2517.43988,0
1781395200000000,206.27,206.37,206.0,206.15,16.185,1781398799999999,3336.73851,101,7.767,1601.94585,0
1781398800000000,206.04,206.34,206.04,206.26,19.577,1781402399999999,4036.63292,122,11.922,2458.57432,0
1781402400000000,206.24,206.24,205.57,205.83,18.512,1781405999999999,3812.79525,58,4.226,870.13394,0
1781406000000000,205.87,206.56,205.77,206.37,21.127,1781409599999999,4356.71994,41,17.843,3680.75901,0
1781409600000000,206.06,206.29,205.86,206.01,12.37,1781413199999999,2548.05317,181,6.74,1388.53763,0
1781413200000000,206.06,206.19,205.88,206.18,11.261,1781416799999999,2320.18991,113,5.841,1203.5941,0
1781416800000000,206.15,206.83,205.98,206.37,123.305,1781420399999999,25446.96611,196,84.566,17455.95824,0
1781420400000000,206.4,206.95,206.28,206.9,16.63,1781423999999999,3435.05855,142,8.038,1660.6654,0
1781424000000000,206.95,207.4,206.78,207.02,35.701,1781427599999999,7389.91155,260,21.586,4468.26822,0
1781427600000000,207.02,207.27,207.02,207.13,34.975,1781431199999999,7246.80713,249,15.056,3119.65638,0
1781431200000000,207.13,208.52,207.13,208.15,85.645,1781434799999999,17787.01916,459,53.25,11057.62932,0
1781434800000000,207.98,208.65,207.53,208.04,80.523,1781438399999999,16772.50411,780,38.817,8086.56499,0
1781438400000000,208.17,208.2,207.55,207.63,56.881,1781441999999999,11819.14665,176,38.955,8095.97567,0
1781442000000000,208.03,208.35,207.43,207.67,49.407,1781445599999999,10278.01863,173,15.361,3192.64807,0
1781445600000000,207.68,208.48,207.52,208.39,62.23,1781449199999999,12944.85693,270,36.746,7645.16838,0
1781449200000000,208.4,209.0,207.72,208.8,42.937,1781452799999999,8958.07549,462,27.119,5659.10223,0
1781452800000000,208.81,208.93,208.25,208.55,34.423,1781456399999999,7176.75897,322,14.196,2958.3997,0
1781456400000000,208.54,208.93,208.5,208.85,24.989,1781459999999999,5214.98562,226,10.757,2244.40044,0
1781460000000000,208.84,208.84,208.49,208.55,10.133,1781463599999999,2113.46251,54,6.466,1348.53266,0
1781463600000000,208.52,208.91,208.52,208.87,17.285,1781467199999999,3608.1714,46,15.409,3216.53645,0
1781467200000000,208.86,209.04,208.86,208.87,10.634,1781470799999999,2221.9532,56,4.843,1011.89189,0
1781470800000000,208.91,210.26,208.86,210.23,19.293,1781474399999999,4039.55663,87,12.732,2666.00718,0
1781474400000000,210.26,210.79,210.23,210.63,27.218,1781477999999999,5732.03991,138,13.661,2876.57978,0
1781478000000000,210.63,211.95,210.5,211.95,16.066,1781481599999999,3395.20094,187,13.085,2764.85624,0
1781481600000000,211.94,212.35,209.09,209.43,862.745,1781485199999999,180925.70243,707,527.811,110594.46822,0
1781485200000000,209.44,210.14,209.38,210.14,1316.274,1781488799999999,276092.22968,443,1253.95,263023.18317,0
1781488800000000,210.1,210.5,209.62,210.49,48.684,1781492399999999,10229.12703,283,27.784,5838.24937,0
1781492400000000,210.5,210.8,210.17,210.76,66.268,1781495999999999,13948.57944,529,29.363,6181.75019,0
1781496000000000,210.82,211.46,210.62,211.32,32.184,1781499599999999,6786.28989,251,22.331,4708.6977,0
1781499600000000,211.37,211.57,210.74,210.9,49.754,1781503199999999,10510.41693,446,21.126,4464.28759,0
1781503200000000,210.97,211.0,210.52,210.8,51.414,1781506799999999,10837.96353,350,38.283,8069.95809,0
1781506800000000,210.8,210.8,210.0,210.25,596.097,1781510399999999,125476.74579,455,53.302,11219.12468,0
1781510400000000,210.01,210.82,210.0,210.2,435.501,1781513999999999,91655.36387,329,422.894,89004.66091,0
1781514000000000,210.05,210.28,209.23,209.65,95.479,1781517599999999,20037.95193,316,60.288,12662.09997,0
1781517600000000,210.12,210.24,209.36,209.36,57.722,1781521199999999,12111.20635,493,25.708,5397.75409,0
1781521200000000,209.69,210.15,208.44,209.17,147.306,1781524799999999,30845.05037,581,60.901,12774.1763,0
1781524800000000,208.58,209.28,208.01,208.29,94.589,1781528399999999,19729.05487,219,13.069,2725.67077,0
1781528400000000,208.3,210.36,208.27,208.99,583.561,1781531999999999,122543.93495,488,399.892,84036.57621,0
1781532000000000,208.84,210.21,208.5,210.21,162.921,1781535599999999,34109.64554,273,40.133,8404.60519,0
1781535600000000,210.21,212.7,210.21,212.44,403.95,1781539199999999,85397.65104,460,221.381,46822.59764,0
1781539200000000,212.46,212.89,211.98,212.23,143.299,1781542799999999,30435.38378,197,52.439,11145.65065,0
1781542800000000,212.41,212.69,212.01,212.15,103.866,1781546399999999,22056.01396,193,23.383,4968.20188,0
1781546400000000,211.9,212.44,211.64,212.32,99.091,1781549999999999,20998.49541,200,78.117,16553.60736,0
1781550000000000,212.32,212.32,211.62,212.19,60.738,1781553599999999,12876.25419,104,24.436,5182.88225,0
1781553600000000,212.2,212.5,212.13,212.14,34.101,1781557199999999,7242.62696,39,27.069,5750.478,0
1781557200000000,212.28,212.55,211.91,212.52,54.061,1781560799999999,11476.33018,76,35.968,7638.92333,0
1781560800000000,212.4,212.4,211.51,211.6,28.085,1781564399999999,5957.54559,42,3.341,709.04652,0
1781564400000000,211.61,211.97,211.4,211.84,6.964,1781567999999999,1474.43496,21,2.982,631.6935,0
1781568000000000,211.84,212.15,210.97,211.1,41.349,1781571599999999,8749.23053,75,10.054,2127.44394,0
1781571600000000,211.13,211.27,210.48,210.93,18.751,1781575199999999,3956.65948,62,6.536,1379.59974,0
1781575200000000,210.98,211.2,210.69,211.01,14.113,1781578799999999,2976.98346,88,6.811,1437.22871,0
1781578800000000,211.01,211.78,210.78,211.28,42.636,1781582399999999,9012.18588,211,31.049,6564.09309,0
1781582400000000,211.24,211.57,211.02,211.35,36.055,1781585999999999,7618.44348,254,18.733,3958.61408,0
1781586000000000,211.35,211.7,211.02,211.27,60.092,1781589599999999,12702.78886,418,42.286,8941.86378,0
1781589600000000,211.4,211.64,211.15,211.39,34.098,1781593199999999,7209.26597,216,23.47,4962.77555,0
1781593200000000,211.43,211.64,211.2,211.64,53.942,1781596799999999,11407.8146,236,25.849,5467.7035,0
1781596800000000,211.64,212.3,211.62,211.71,59.474,1781600399999999,12611.35734,245,24.495,5195.3038,0
1781600400000000,211.97,212.06,211.57,211.95,75.667,1781603999999999,16032.20985,892,40.864,8661.43827,0
1781604000000000,211.97,212.18,211.94,212.18,26.373,1781607599999999,5591.28805,165,12.597,2671.26419,0
1781607600000000,212.17,212.8,211.78,212.54,44.631,1781611199999999,9471.24092,178,25.085,5327.75851,0
1781611200000000,212.55,212.56,211.17,211.39,83.221,1781614799999999,17622.44537,436,30.909,6552.44746,0
1781614800000000,211.58,211.8,208.99,208.99,288.113,1781618399999999,60480.17254,432,107.192,22504.35796,0
1781618400000000,208.99,210.34,208.66,209.35,170.075,1781621999999999,35578.41697,399,124.935,26135.14592,0
1781622000000000,209.43,210.25,208.88,209.51,143.406,1781625599999999,30013.95995,237,113.722,23796.31955,0
1781625600000000,209.69,209.83,208.91,209.25,141.276,1781629199999999,29599.5467,271,35.347,7397.7419,0
1781629200000000,209.21,209.81,209.21,209.7,20.485,1781632799999999,4290.08805,61,5.457,1143.2329,0
1781632800000000,209.72,209.94,209.18,209.25,35.767,1781636399999999,7493.3927,63,21.284,4460.97414,0
1781636400000000,209.55,209.56,208.0,208.0,76.041,1781639999999999,15881.53487,142,21.847,4561.37956,0
1781640000000000,208.0,208.0,207.51,207.75,38.954,1781643599999999,8098.14419,64,7.454,1548.54963,0
1781643600000000,208.2,208.51,207.89,208.34,9.116,1781647199999999,1898.69535,24,5.833,1215.32565,0
1781647200000000,208.35,208.73,208.34,208.73,4.929,1781650799999999,1027.22984,19,1.99,414.91858,0
1781650800000000,208.73,208.73,207.86,207.86,21.829,1781654399999999,4548.15137,26,1.447,301.99336,0
1781654400000000,207.98,208.32,207.72,207.8,267.348,1781657999999999,55565.02258,106,148.354,30830.0559,0
1781658000000000,207.8,208.73,207.79,208.57,19.806,1781661599999999,4124.2251,55,3.383,705.41663,0
1781661600000000,208.61,208.76,208.57,208.6,32.728,1781665199999999,6829.15707,131,16.713,3487.71205,0
1781665200000000,208.65,209.11,208.59,208.95,14.785,1781668799999999,3086.41009,111,6.799,1419.62847,0
1781668800000000,208.95,209.18,208.91,209.18,36.376,1781672399999999,7602.10771,282,18.984,3968.13843,0
1781672400000000,209.14,209.19,208.92,208.92,8.871,1781675999999999,1854.53945,79,4.893,1023.15428,0
1781676000000000,208.89,209.17,208.86,208.96,30.619,1781679599999999,6397.88929,120,16.62,3473.62209,0
1781679600000000,209.06,209.29,208.87,209.11,66.644,1781683199999999,13937.67565,151,56.434,11802.52909,0
1781683200000000,209.1,209.28,208.35,208.82,146.804,1781686799999999,30662.15914,390,89.388,18670.70728,0
1781686800000000,208.52,208.76,208.31,208.71,28.086,1781690399999999,5858.19544,63,16.121,3364.13037,0
1781690400000000,208.52,208.72,208.31,208.53,18.531,1781693999999999,3863.28759,56,9.71,2024.87865,0
1781694000000000,208.2,208.28,208.01,208.01,51.217,1781697599999999,10662.262,164,21.433,4462.29063,0
1781697600000000,208.23,208.94,208.23,208.69,31.578,1781701199999999,6584.6388,191,16.647,3472.48857,0
1781701200000000,208.62,209.31,208.0,208.0,151.142,1781704799999999,31538.62672,364,71.267,14871.20789,0
1781704800000000,207.88,208.34,207.0,207.01,143.179,1781708399999999,29727.73634,324,59.182,12291.0683,0
1781708400000000,207.0,207.18,206.47,206.48,253.037,1781711999999999,52303.1112,363,196.728,40663.01968,0
1781712000000000,206.49,207.77,206.49,207.35,1126.709,1781715599999999,232839.56561,554,1033.146,213443.43776,0
1781715600000000,207.35,208.05,206.91,207.96,125.003,1781719199999999,25909.70301,261,23.142,4800.70216,0
1781719200000000,207.91,207.91,205.66,206.03,449.116,1781722799999999,92735.55627,563,126.47,26078.47081,0
1781722800000000,206.31,206.56,203.98,204.61,368.674,1781726399999999,75520.97689,424,110.761,22627.64843,0
1781726400000000,204.84,205.3,204.63,205.3,46.726,1781729999999999,9579.25214,258,33.903,6950.26219,0
1781730000000000,205.38,205.63,205.33,205.63,7.3,1781733599999999,1499.19338,83,7.044,1446.59818,0
1781733600000000,205.5,205.94,205.5,205.7,35.08,1781737199999999,7219.29112,119,15.931,3279.44789,0
1781737200000000,205.7,206.43,205.7,206.43,8.11,1781740799999999,1670.74519,39,6.122,1261.43451,0
1781740800000000,206.47,207.69,206.47,207.28,334.553,1781744399999999,69251.80139,480,198.011,40988.27308,0
1781744400000000,207.28,207.53,206.96,206.96,42.804,1781747999999999,8873.7303,121,13.091,2715.22224,0
1781748000000000,206.97,207.25,206.62,206.96,49.956,1781751599999999,10339.12174,261,20.166,4174.44778,0
1781751600000000,206.92,207.1,206.5,206.75,59.016,1781755199999999,12207.37359,602,32.572,6738.06586,0
1781755200000000,206.75,206.88,205.33,205.98,63.121,1781758799999999,13015.84956,316,22.054,4548.70872,0
1781758800000000,205.89,206.28,205.78,206.18,78.481,1781762399999999,16172.78793,251,20.98,4324.45071,0
1781762400000000,206.3,206.6,206.02,206.5,60.434,1781765999999999,12468.63011,238,36.919,7618.61816,0
1781766000000000,206.52,207.01,206.51,206.89,102.442,1781769599999999,21202.22113,155,31.961,6613.5821,0
1781769600000000,206.9,207.54,206.74,207.19,34.405,1781773199999999,7129.45584,180,22.662,4696.37041,0
1781773200000000,207.19,207.42,207.14,207.19,23.804,1781776799999999,4931.86997,60,10.923,2263.32422,0
1781776800000000,207.39,207.55,207.2,207.28,157.312,1781780399999999,32617.20851,622,101.853,21121.38072,0
1781780400000000,207.34,207.52,207.15,207.17,21.891,1781783999999999,4538.2371,109,7.254,1504.04143,0
1781784000000000,207.17,208.15,207.16,207.81,41.259,1781787599999999,8576.95259,150,22.17,4609.74858,0
1781787600000000,208.0,208.48,207.27,208.3,134.018,1781791199999999,27859.09715,434,87.988,18294.15636,0
1781791200000000,208.3,210.08,208.11,209.78,216.265,1781794799999999,45253.79474,388,136.849,28638.38393,0
1781794800000000,209.71,209.87,208.35,209.15,178.498,1781798399999999,37344.14458,469,100.488,21042.59162,0
1781798400000000,209.15,211.42,209.08,210.42,213.271,1781801999999999,44848.7052,512,111.639,23473.43378,0
1781802000000000,210.41,210.72,210.22,210.26,63.23,1781805599999999,13309.38957,231,46.317,9749.75223,0
1781805600000000,210.26,210.71,210.09,210.22,148.105,1781809199999999,31150.20894,264,124.256,26134.98774,0
1781809200000000,210.22,211.53,210.2,211.01,173.245,1781812799999999,36477.43698,471,138.528,29160.41172,0
1781812800000000,211.0,211.0,210.5,210.55,176.333,1781816399999999,37127.73428,192,115.298,24275.59571,0
1781816400000000,210.54,211.08,210.47,210.96,54.91,1781819999999999,11572.02846,245,37.666,7939.70052,0
1781820000000000,210.97,210.97,210.26,210.33,10.158,1781823599999999,2138.71124,75,6.294,1324.55125,0
1781823600000000,210.43,210.74,210.33,210.74,8.255,1781827199999999,1736.79906,28,3.962,833.76795,0
1781827200000000,210.77,210.91,210.11,210.51,12.558,1781830799999999,2642.39603,78,5.538,1165.57369,0
1781830800000000,210.58,210.73,210.38,210.47,15.357,1781834399999999,3232.48521,240,5.864,1234.63197,0
1781834400000000,210.47,210.94,210.39,210.94,54.19,1781837999999999,11417.59993,137,47.177,9941.03595,0
1781838000000000,210.93,210.99,209.65,210.05,70.053,1781841599999999,14726.02549,363,26.622,5603.16382,0
1781841600000000,210.16,210.2,209.32,209.33,34.915,1781845199999999,7322.65114,210,13.682,2870.98594,0
1781845200000000,209.28,209.54,208.77,209.17,35.505,1781848799999999,7422.84746,256,16.082,3362.86052,0
1781848800000000,209.17,209.47,209.11,209.4,19.872,1781852399999999,4157.75788,130,8.945,1872.05162,0
1781852400000000,209.42,209.73,209.28,209.65,10.211,1781855999999999,2139.06871,105,8.131,1703.53406,0
1781856000000000,209.65,209.95,209.42,209.77,26.015,1781859599999999,5452.8713,108,7.818,1640.45591,0
1781859600000000,209.79,210.25,209.72,210.18,32.119,1781863199999999,6745.80565,225,21.449,4506.16008,0
1781863200000000,210.18,210.26,208.89,209.1,67.214,1781866799999999,14082.50127,209,15.459,3237.98253,0
1781866800000000,209.1,209.63,208.88,209.62,72.161,1781870399999999,15087.20324,307,22.687,4747.10568,0
1781870400000000,209.63,210.04,209.52,210.04,172.727,1781873999999999,36234.11115,225,52.747,11068.24952,0
1781874000000000,210.05,210.54,209.82,209.82,42.315,1781877599999999,8895.1376,142,22.677,4767.99392,0
1781877600000000,210.05,210.34,209.59,210.05,44.584,1781881199999999,9350.11904,79,9.866,2071.00351,0
1781881200000000,209.89,210.12,209.54,210.1,23.367,1781884799999999,4903.31664,39,17.764,3727.72762,0
1781884800000000,210.1,210.3,209.8,209.99,18.006,1781888399999999,3781.85974,53,4.108,862.87034,0
1781888400000000,209.65,210.13,209.53,210.13,43.175,1781891999999999,9064.08028,92,39.916,8381.05273,0
1781892000000000,210.06,210.12,209.62,209.62,13.057,1781895599999999,2741.53738,23,6.708,1409.42592,0
1781895600000000,209.93,210.09,209.66,209.94,3.919,1781899199999999,822.33982,25,2.44,512.22848,0
1781899200000000,209.91,209.91,209.33,209.61,25.844,1781902799999999,5414.44589,43,3.841,805.41748,0
1781902800000000,209.28,209.45,209.11,209.31,1.874,1781906399999999,392.16156,10,1.255,262.69047,0
1781906400000000,209.45,209.71,209.36,209.66,6.177,1781909999999999,1293.98827,30,5.137,1076.12127,0
1781910000000000,209.69,209.72,209.66,209.72,3.765,1781913599999999,789.55049,29,3.367,706.10581,0
1781913600000000,209.66,210.07,209.61,209.85,10.997,1781917199999999,2307.07775,77,3.19,670.03191,0
1781917200000000,209.99,210.01,209.85,209.97,45.129,1781920799999999,9476.1295,45,24.272,5096.06863,0
1781920800000000,209.73,210.09,209.57,209.95,13.925,1781924399999999,2921.85869,107,7.015,1472.34819,0
1781924400000000,210.07,210.23,209.52,209.71,17.511,1781927999999999,3676.43734,125,6.723,1412.30723,0
1781928000000000,209.94,210.23,209.86,210.09,11.924,1781931599999999,2504.73152,52,7.119,1495.61457,0
1781931600000000,210.08,210.09,209.95,210.03,24.104,1781935199999999,5062.95232,174,12.57,2640.71346,0
1781935200000000,210.08,210.52,209.98,210.52,21.984,1781938799999999,4619.15007,73,18.97,3985.77525,0
1781938800000000,210.51,210.54,210.26,210.32,25.789,1781942399999999,5425.45319,235,19.008,3999.34734,0
1781942400000000,210.3,210.55,210.09,210.1,20.748,1781945999999999,4364.57852,144,7.915,1666.11777,0
1781946000000000,210.13,210.54,210.1,210.33,11.253,1781949599999999,2366.90873,120,5.04,1060.50117,0
1781949600000000,210.33,210.33,210.09,210.09,248.757,1781953199999999,52270.64931,156,33.262,6991.87968,0
1781953200000000,210.09,210.32,210.09,210.21,14.582,1781956799999999,3064.23472,117,2.899,609.50659,0
1781956800000000,210.25,210.32,210.1,210.23,5.155,1781960399999999,1083.90056,45,3.166,665.79375,0
1781960400000000,210.23,210.32,209.44,209.97,163.252,1781963999999999,34294.53048,134,13.045,2737.32484,0
1781964000000000,209.73,210.55,209.33,210.04,76.681,1781967599999999,16095.61142,525,52.966,11114.38954,0
1781967600000000,209.99,210.36,209.72,209.94,16.152,1781971199999999,3392.28501,95,11.7,2457.82533,0
1781971200000000,209.98,209.99,209.33,209.7,67.533,1781974799999999,14160.67216,196,21.479,4507.13606,0
1781974800000000,209.64,209.64,209.02,209.32,99.871,1781978399999999,20899.11138,111,32.145,6729.75745,0
1781978400000000,209.32,209.32,209.08,209.22,18.62,1781981999999999,3895.73367,70,13.315,2786.09952,0
1781982000000000,209.24,209.33,209.03,209.32,3.859,1781985599999999,807.32339,48,2.149,449.73011,0
1781985600000000,209.27,209.67,209.27,209.42,18.548,1781989199999999,3884.84976,46,12.718,2663.60411,0
1781989200000000,209.37,209.66,209.33,209.62,2.533,1781992799999999,530.46581,26,0.931,195.10941,0
1781992800000000,209.65,209.81,209.51,209.78,9.036,1781996399999999,1895.47348,38,5.801,1216.98979,0
1781996400000000,209.76,209.8,209.51,209.75,2.549,1781999999999999,534.60726,28,1.961,411.32247,0
1782000000000000,209.69,209.8,209.69,209.77,19.988,1782003599999999,4192.69109,108,13.953,2927.02295,0
1782003600000000,209.8,209.81,209.52,209.72,17.425,1782007199999999,3654.16773,126,8.852,1856.61705,0
1782007200000000,209.72,209.72,209.59,209.69,5.692,1782010799999999,1193.3744,55,3.614,757.80836,0
1782010800000000,209.69,210.01,209.58,209.97,30.98,1782014399999999,6501.10103,200,21.577,4529.2912,0
1782014400000000,209.77,210.18,209.77,209.97,29.993,1782017999999999,6300.98,174,22.798,4790.50785,0
1782018000000000,209.98,210.18,209.93,209.99,26.454,1782021599999999,5557.1412,249,11.272,2368.46846,0
1782021600000000,210.05,210.05,209.89,209.9,16.451,1782025199999999,3453.66694,154,6.391,1341.96559,0
1782025200000000,209.91,210.21,209.82,209.82,10.186,1782028799999999,2138.60842,140,3.845,807.44723,0
1782028800000000,209.82,210.12,209.81,209.86,11.853,1782032399999999,2488.32103,140,6.636,1393.59158,0
1782032400000000,209.89,210.22,209.86,209.96,9.342,1782035999999999,1962.17343,81,5.416,1137.9572,0
1782036000000000,209.96,210.07,209.44,209.67,37.548,1782039599999999,7872.09833,140,8.694,1823.06044,0
1782039600000000,209.65,209.98,209.39,209.68,48.651,1782043199999999,10204.03191,392,25.179,5282.40466,0
1782043200000000,209.7,210.17,209.33,210.12,89.281,1782046799999999,18733.2118,223,79.118,16602.19375,0
1782046800000000,209.96,210.25,209.66,210.25,44.564,1782050399999999,9358.62047,265,26.598,5588.58088,0
1782050400000000,210.11,210.3,209.88,210.07,18.996,1782053999999999,3989.77539,68,5.915,1243.3445,0
1782054000000000,210.06,210.34,209.67,210.2,37.395,1782057599999999,7853.83678,64,20.037,4211.43826,0
1782057600000000,209.96,210.22,209.75,209.76,18.348,1782061199999999,3853.14407,104,2.469,518.66904,0
1782061200000000,209.92,210.06,209.76,209.78,5.585,1782064799999999,1172.59396,24,4.399,923.71802,0
1782064800000000,209.99,210.45,209.72,210.2,9.761,1782068399999999,2050.90003,85,2.902,609.85587,0
1782068400000000,210.2,210.29,210.01,210.1,3.645,1782071999999999,765.86613,32,1.037,217.97115,0
1782072000000000,210.19,210.19,209.88,209.88,24.259,1782075599999999,5094.81085,73,0.813,170.86217,0
1782075600000000,210.0,210.4,209.74,210.29,31.254,1782079199999999,6568.94702,70,11.055,2323.64708,0
1782079200000000,210.16,210.23,209.85,209.88,6.279,1782082799999999,1318.11856,23,0.062,13.02519,0
1782082800000000,209.88,209.98,208.88,208.89,37.701,1782086399999999,7881.36305,58,0.927,194.00697,0
1782086400000000,208.9,209.26,208.12,208.24,1110.352,1782089999999999,231722.78447,568,736.414,153651.96698,0
1782090000000000,208.27,209.41,208.27,209.16,69.642,1782093599999999,14555.4325,144,49.478,10344.74405,0
1782093600000000,208.72,209.14,208.67,208.78,13.255,1782097199999999,2770.61534,29,3.505,732.09904,0
1782097200000000,208.67,209.14,208.54,208.64,28.963,1782100799999999,6049.18089,176,10.859,2268.91394,0
1782100800000000,208.64,209.18,208.5,209.13,34.065,1782104399999999,7110.63908,297,24.544,5124.17748,0
1782104400000000,209.12,209.56,209.12,209.39,25.809,1782107999999999,5403.45128,150,10.079,2110.38242,0
1782108000000000,209.39,210.08,209.29,209.95,61.743,1782111599999999,12950.23183,360,36.415,7637.36395,0
1782111600000000,209.96,210.3,209.87,209.91,38.785,1782115199999999,8148.77055,297,31.528,6624.86627,0
1782115200000000,210.17,210.29,209.51,209.95,79.102,1782118799999999,16591.15255,154,15.276,3205.8884,0
1782118800000000,209.95,209.96,209.65,209.68,44.137,1782122399999999,9258.99214,77,16.876,3539.89903,0
1782122400000000,209.63,210.19,209.31,209.48,322.043,1782125999999999,67473.75624,532,80.172,16803.68175,0
1782126000000000,209.48,210.66,209.46,210.38,93.753,1782129599999999,19698.22615,507,75.804,15922.06203,0
1782129600000000,210.35,211.14,210.17,211.02,37.518,1782133199999999,7900.81112,229,26.225,5521.59395,0
1782133200000000,211.14,214.01,211.07,213.19,327.293,1782136799999999,69594.98733,702,264.092,56156.44664,0
1782136800000000,213.27,214.0,209.12,209.16,112.852,1782140399999999,23888.84427,381,41.424,8755.0861,0
1782140400000000,209.44,210.93,209.44,209.76,184.284,1782143999999999,38693.42316,348,75.295,15804.08791,0
1782144000000000,209.6,210.04,209.43,209.54,39.855,1782147599999999,8356.61089,149,28.68,6013.70156,0
1782147600000000,209.48,209.67,208.62,208.74,45.136,1782151199999999,9438.93842,146,18.182,3801.84693,0
1782151200000000,208.84,209.41,208.65,208.85,24.751,1782154799999999,5171.74873,151,12.109,2530.78442,0
1782154800000000,208.86,209.04,208.17,209.04,128.391,1782158399999999,26771.6347,178,29.635,6179.85918,0
1782158400000000,208.84,209.13,208.3,208.35,8.255,1782161999999999,1722.5369,22,2.027,423.39818,0
1782162000000000,208.21,208.21,208.17,208.19,20.305,1782165599999999,4227.67249,142,19.501,4060.27321,0
1782165600000000,208.2,208.48,208.0,208.08,36.165,1782169199999999,7533.62179,94,13.751,2863.84467,0
1782169200000000,208.06,208.2,207.89,208.2,11.799,1782172799999999,2454.70826,38,3.416,710.73003,0
1782172800000000,207.94,208.67,207.55,208.56,83.416,1782176399999999,17383.08654,100,10.339,2148.18008,0
1782176400000000,208.56,208.57,207.0,207.01,60.781,1782179999999999,12627.12735,65,2.722,563.90245,0
1782180000000000,207.0,207.07,206.54,206.62,106.25,1782183599999999,21981.8497,115,16.894,3493.45422,0
1782183600000000,206.74,206.74,206.16,206.18,85.465,1782187199999999,17646.99705,106,6.882,1419.87423,0
1782187200000000,206.39,206.58,205.6,205.74,137.088,1782190799999999,28230.2167,112,85.698,17649.957,0
1782190800000000,205.73,205.73,204.0,204.53,3880.696,1782194399999999,792847.78621,1114,2349.376,479352.67355,0
1782194400000000,204.59,204.59,202.85,203.3,903.789,1782197999999999,183740.47567,486,453.844,92192.28484,0
1782198000000000,203.01,203.27,202.18,202.19,184.664,1782201599999999,37407.65172,217,23.833,4826.5057,0
1782201600000000,202.25,202.55,201.61,202.25,78.159,1782205199999999,15807.30194,144,58.524,11837.9574,0
1782205200000000,202.2,202.86,202.2,202.42,31.892,1782208799999999,6458.17743,78,27.969,5663.58004,0
1782208800000000,202.42,202.54,202.01,202.44,30.871,1782212399999999,6242.9579,60,12.157,2459.36413,0
1782212400000000,202.73,203.98,202.4,203.69,108.51,1782215999999999,22071.27413,152,87.268,17760.4922,0
1782216000000000,204.02,204.03,202.69,202.91,20.731,1782219599999999,4218.01827,48,7.338,1492.89496,0
1782219600000000,202.93,203.61,200.33,203.45,232.746,1782223199999999,46981.65527,244,48.165,9736.39556,0
1782223200000000,203.49,203.49,202.0,202.0,152.665,1782226799999999,30984.70767,257,79.944,16232.57261,0
1782226800000000,202.0,202.38,200.66,201.89,109.981,1782230399999999,22122.00663,199,55.734,11211.99751,0
1782230400000000,202.23,202.94,202.01,202.29,162.365,1782233999999999,32869.35131,206,43.098,8725.10905,0
1782234000000000,202.33,202.84,201.88,201.88,81.484,1782237599999999,16493.3206,162,55.685,11274.85565,0
1782237600000000,201.76,201.99,200.33,200.33,39.573,1782241199999999,7960.09682,75,5.132,1034.98299,0
1782241200000000,200.69,201.49,200.11,200.14,46.612,1782244799999999,9362.52943,76,16.517,3317.69138,0
1782244800000000,200.29,200.82,200.0,200.73,31.827,1782248399999999,6376.45723,81,13.372,2682.94126,0
1782248400000000,200.75,201.23,200.65,201.23,8.308,1782251999999999,1667.88003,23,1.887,379.17273,0
1782252000000000,200.97,201.29,200.32,200.78,4.496,1782255599999999,903.04931,26,3.991,801.76421,0
1782255600000000,200.78,200.98,200.33,200.61,27.448,1782259199999999,5506.90503,62,1.235,247.83828,0
1782259200000000,201.17,201.85,200.95,201.47,13.662,1782262799999999,2751.56869,73,4.799,966.91811,0
1782262800000000,201.71,201.82,201.43,201.64,10.943,1782266399999999,2206.87512,78,7.179,1447.94346,0
1782266400000000,201.64,201.64,200.8,200.8,21.019,1782269999999999,4230.88284,78,11.088,2233.57737,0
1782270000000000,200.89,201.32,200.75,201.15,25.865,1782273599999999,5204.46129,36,7.838,1576.28976,0
1782273600000000,201.11,201.28,200.73,201.22,22.912,1782277199999999,4605.98574,40,11.096,2230.53784,0
1782277200000000,201.22,202.0,201.22,201.53,27.426,1782280799999999,5524.84989,100,24.857,5007.13511,0
1782280800000000,201.53,201.67,201.39,201.43,76.733,1782284399999999,15456.44802,93,36.529,7359.48577,0
1782284400000000,201.41,201.44,200.9,200.9,9.246,1782287999999999,1859.79417,53,7.48,1504.5,0
1782288000000000,201.01,201.64,200.89,201.47,116.285,1782291599999999,23408.54714,191,83.23,16751.9551,0
1782291600000000,201.46,201.63,201.38,201.57,52.792,1782295199999999,10639.89812,163,33.402,6732.3924,0
1782295200000000,201.57,201.72,201.42,201.63,11.977,1782298799999999,2414.52088,147,6.141,1238.05971,0
1782298800000000,201.63,201.71,201.06,201.65,66.444,1782302399999999,13387.58641,162,50.745,10224.77333,0
1782302400000000,201.61,201.61,201.01,201.05,46.108,1782305999999999,9286.66336,113,17.187,3462.8186,0
1782306000000000,201.01,201.56,199.32,200.6,237.943,1782309599999999,47660.70061,458,91.777,18387.19252,0
1782309600000000,200.44,201.21,198.59,200.96,226.803,1782313199999999,45376.02866,295,116.346,23283.5434,0
1782313200000000,201.06,201.4,200.3,201.13,46.141,1782316799999999,9272.02227,193,30.015,6032.78788,0
1782316800000000,200.87,201.14,199.2,199.2,86.808,1782320399999999,17382.12963,102,31.825,6362.34069,0
1782320400000000,199.46,199.57,197.49,197.55,140.715,1782323999999999,27871.74082,204,46.358,9189.97111,0
1782324000000000,197.48,198.68,197.27,197.85,36.394,1782327599999999,7198.89465,61,4.63,915.97989,0
1782327600000000,197.35,198.9,196.8,198.9,84.069,1782331199999999,16589.63477,107,11.164,2206.72917,0
1782331200000000,198.65,201.23,198.4,200.11,13.739,1782334799999999,2745.07885,51,8.199,1635.91961,0
1782334800000000,200.55,200.75,200.12,200.22,14.83,1782338399999999,2972.37297,24,13.304,2666.93891,0
1782338400000000,200.21,200.89,200.21,200.45,627.0,1782341999999999,125682.40205,193,10.59,2123.20023,0
1782342000000000,200.45,201.5,200.45,201.1,1489.92,1782345599999999,299709.00738,309,1401.009,281823.64861,0
1782345600000000,201.12,201.12,200.42,200.5,89.01,1782349199999999,17874.97175,85,72.569,14575.95661,0
1782349200000000,200.45,200.68,200.21,200.45,118.497,1782352799999999,23746.21734,63,76.058,15239.78261,0
1782352800000000,200.55,200.6,199.81,200.46,140.546,1782356399999999,28112.25807,172,86.088,17213.46253,0
1782356400000000,200.22,200.5,200.22,200.48,26.939,1782359999999999,5397.69285,267,22.374,4483.50942,0
1782360000000000,200.49,200.61,200.27,200.33,49.541,1782363599999999,9928.34446,269,15.465,3099.50765,0
1782363600000000,200.4,201.02,200.29,200.95,57.558,1782367199999999,11542.27767,101,36.347,7283.92435,0
1782367200000000,201.2,201.31,200.67,200.67,54.706,1782370799999999,10989.18181,72,5.715,1148.68651,0
1782370800000000,200.89,201.39,200.68,201.26,18.72,1782374399999999,3766.38925,33,14.678,2953.9064,0
1782374400000000,201.4,202.48,201.4,202.14,150.177,1782377999999999,30343.55626,117,103.5,20913.2245,0
1782378000000000,202.44,203.0,202.01,202.03,181.68,1782381599999999,36747.29251,110,39.365,7974.28952,0
1782381600000000,202.26,202.5,201.52,201.63,72.522,1782385199999999,14665.84614,76,44.994,9103.68666,0
1782385200000000,201.99,201.99,201.03,201.45,80.079,1782388799999999,16142.3345,114,11.291,2277.71895,0
1782388800000000,201.45,201.98,201.08,201.98,270.546,1782392399999999,54537.08248,274,265.684,53556.52015,0
1782392400000000,201.98,201.99,192.88,192.88,572.941,1782395999999999,112939.30854,538,221.527,43761.08258,0
1782396000000000,193.19,196.81,193.19,195.94,244.188,1782399599999999,47750.58158,276,183.256,35837.98428,0
1782399600000000,195.84,197.0,195.3,196.15,494.983,1782403199999999,96943.07039,192,139.765,27365.85013,0
1782403200000000,196.29,197.36,195.23,195.34,429.623,1782406799999999,84192.67186,156,144.829,28394.20685,0
1782406800000000,195.16,196.01,194.89,195.29,115.431,1782410399999999,22568.79768,109,24.096,4704.89382,0
1782410400000000,194.94,195.9,194.25,194.49,116.426,1782413999999999,22677.7222,153,58.516,11374.36178,0
1782414000000000,194.66,196.11,194.37,196.11,157.512,1782417599999999,30703.22516,105,84.257,16430.13513,0
1782417600000000,196.2,196.95,195.58,195.77,27.29,1782421199999999,5350.32544,44,6.887,1352.35642,0
1782421200000000,195.86,195.99,195.56,195.99,21.967,1782424799999999,4301.8186,22,6.793,1330.31262,0
1782424800000000,195.67,195.76,194.61,194.91,27.222,1782428399999999,5319.2607,49,1.524,296.74101,0
1782428400000000,194.86,195.91,194.86,194.98,12.611,1782431999999999,2460.92248,69,2.787,544.65489,0
1782432000000000,195.26,195.51,194.87,194.97,68.398,1782435599999999,13353.75223,122,28.904,5642.4958,0
1782435600000000,195.0,195.0,193.03,193.28,81.041,1782439199999999,15693.29752,61,61.527,11910.04042,0
1782439200000000,193.07,193.4,191.59,191.84,107.264,1782442799999999,20649.26157,116,50.793,9775.92589,0
1782442800000000,191.84,193.16,191.63,193.16,97.218,1782446399999999,18653.88457,83,80.225,15393.77934,0
1782446400000000,193.38,193.59,191.75,191.75,22.208,1782449999999999,4277.49068,37,7.654,1476.74559,0
1782450000000000,191.84,193.21,191.84,192.77,42.679,1782453599999999,8211.27047,52,23.974,4612.20552,0
1782453600000000,192.59,193.35,192.03,193.35,60.664,1782457199999999,11683.87922,44,50.006,9634.93538,0
1782457200000000,193.27,194.31,192.99,194.0,95.081,1782460799999999,18437.02095,78,67.05,13004.92072,0
1782460800000000,194.01,194.37,193.01,193.02,24.998,1782464399999999,4837.69517,47,5.562,1079.92839,0
1782464400000000,193.49,194.08,193.02,193.73,59.124,1782467999999999,11448.65641,57,16.64,3221.70094,0
1782468000000000,193.95,194.16,193.78,193.94,15.342,1782471599999999,2975.33778,117,7.905,1533.42905,0
1782471600000000,193.96,194.21,193.44,193.61,24.638,1782475199999999,4778.99468,124,11.321,2197.2855,0
1782475200000000,193.5,194.17,192.59,193.08,20.622,1782478799999999,3995.16133,167,4.293,830.83612,0
1782478800000000,192.9,194.19,191.73,193.89,243.811,1782482399999999,47170.72234,296,137.245,26579.41931,0
1782482400000000,194.16,194.64,193.01,193.55,164.209,1782485999999999,31863.53992,322,46.737,9067.54322,0
1782486000000000,193.55,195.36,192.89,194.43,167.391,1782489599999999,32480.21606,320,38.139,7384.53163,0
1782489600000000,194.57,194.75,193.63,194.48,358.275,1782493199999999,69515.67731,299,200.545,38918.61076,0
1782493200000000,194.64,195.68,194.37,194.87,112.301,1782496799999999,21902.316,173,64.626,12605.00973,0
1782496800000000,194.8,195.42,193.77,193.77,91.191,1782500399999999,17727.34423,93,13.683,2659.37559,0
1782500400000000,193.97,195.32,192.09,192.09,228.875,1782503999999999,44348.76986,218,116.645,22604.48732,0
1782504000000000,192.09,192.92,192.09,192.49,104.282,1782507599999999,20071.7523,156,8.888,1711.6439,0
1782507600000000,192.37,192.56,192.24,192.38,9.735,1782511199999999,1873.69264,18,6.394,1231.07208,0
1782511200000000,192.62,193.11,192.47,193.11,27.041,1782514799999999,5209.76532,32,8.29,1597.71142,0
1782514800000000,193.27,193.27,193.03,193.22,5.431,1782518399999999,1049.29744,18,3.779,730.26305,0
1782518400000000,193.26,193.38,193.01,193.11,20.031,1782521999999999,3872.4893,36,18.331,3543.85943,0
1782522000000000,193.11,193.38,193.03,193.15,65.93,1782525599999999,12742.57746,102,5.982,1156.54722,0
1782525600000000,193.2,193.81,193.2,193.81,31.436,1782529199999999,6081.00492,223,21.417,4141.99637,0
1782529200000000,193.76,193.85,193.59,193.66,127.476,1782532799999999,24686.39944,126,9.212,1785.12259,0
1782532800000000,193.75,193.84,193.62,193.65,26.89,1782536399999999,5209.15642,156,7.91,1533.04746,0
1782536400000000,193.66,193.67,193.43,193.59,23.383,1782539999999999,4524.20893,78,17.076,3303.9462,0
1782540000000000,193.59,193.82,193.43,193.82,17.29,1782543599999999,3348.03474,102,16.839,3260.72773,0
1782543600000000,193.77,193.85,193.77,193.85,24.006,1782547199999999,4652.38977,43,9.96,1930.50404,0
1782547200000000,193.82,193.85,193.41,193.43,41.129,1782550799999999,7968.78687,148,22.073,4277.65313,0
1782550800000000,193.43,193.82,193.23,193.54,20.279,1782554399999999,3924.66475,114,8.185,1584.53034,0
1782554400000000,193.54,193.75,193.46,193.74,17.962,1782557999999999,3478.07244,50,11.41,2209.59341,0
1782558000000000,193.69,193.84,193.57,193.81,20.99,1782561599999999,4065.23467,59,9.544,1848.8097,0
1782561600000000,193.6,193.81,193.56,193.76,35.637,1782565199999999,6901.79785,61,20.798,4028.40804,0
1782565200000000,193.77,194.26,193.76,194.17,51.178,1782568799999999,9925.61364,80,36.246,7029.02742,0
1782568800000000,194.2,194.28,193.94,193.96,27.187,1782572399999999,5277.03052,166,12.201,2369.29549,0
1782572400000000,193.97,193.97,193.78,193.8,52.149,1782575999999999,10114.49133,65,43.29,8396.95541,0
1782576000000000,193.8,194.0,193.8,194.0,27.18,1782579599999999,5271.46392,141,24.208,4695.43776,0
1782579600000000,193.91,193.91,193.86,193.86,16.108,1782583199999999,3122.92034,34,1.657,321.25339,0
1782583200000000,193.86,193.9,193.81,193.86,16.469,1782586799999999,3192.68493,26,1.101,213.47094,0
1782586800000000,193.82,193.85,193.6,193.62,4.353,1782590399999999,843.37701,28,1.471,285.0229,0
1782590400000000,193.62,193.86,193.62,193.82,12.276,1782593999999999,2377.54696,24,2.508,486.14529,0
1782594000000000,193.82,193.87,193.72,193.76,9.416,1782597599999999,1824.96858,37,7.601,1473.3033,0
1782597600000000,193.76,193.83,193.6,193.67,4.26,1782601199999999,824.98599,26,1.125,217.97638,0
1782601200000000,193.76,193.86,193.61,193.61,9.622,1782604799999999,1863.73802,24,3.66,709.13397,0
1782604800000000,193.81,193.87,193.61,193.62,4.9,1782608399999999,949.49188,33,4.296,832.54263,0
1782608400000000,193.63,193.63,193.56,193.56,194.297,1782611999999999,37608.44457,139,3.268,632.67921,0
1782612000000000,193.57,193.57,193.56,193.57,15.735,1782615599999999,3045.74672,74,8.012,1550.88284,0
1782615600000000,193.56,193.64,193.56,193.56,4.035,1782619199999999,781.09563,30,2.838,549.40431,0
1782619200000000,193.7,193.78,193.6,193.64,11.876,1782622799999999,2300.34847,63,6.982,1352.64677,0
1782622800000000,193.78,193.87,193.61,193.8,10.813,1782626399999999,2095.15409,93,4.821,934.2422,0
1782626400000000,193.79,193.92,193.77,193.92,13.132,1782629999999999,2545.65626,122,10.138,1965.47968,0
1782630000000000,193.89,193.99,193.78,193.99,5.947,1782633599999999,1153.20427,48,5.186,1005.67473,0
1782633600000000,193.95,194.5,193.95,194.49,25.037,1782637199999999,4861.13261,66,13.557,2633.9836,0
1782637200000000,194.5,194.52,194.29,194.3,46.759,1782640799999999,9094.08276,73,8.749,1701.53806,0
1782640800000000,194.3,194.3,193.96,193.98,40.706,1782644399999999,7898.78024,163,30.789,5974.68896,0
1782644400000000,193.99,194.51,193.99,194.1,25.108,1782647999999999,4877.2184,126,20.757,4032.46669,0
1782648000000000,194.31,194.49,194.09,194.49,24.676,1782651599999999,4795.57143,177,20.424,3970.1506,0
1782651600000000,194.45,194.45,194.08,194.23,10.122,1782655199999999,1965.92011,64,6.755,1312.41687,0
1782655200000000,194.09,194.41,194.09,194.11,5.563,1782658799999999,1080.24011,59,2.751,534.44093,0
1782658800000000,194.18,194.63,194.11,194.28,42.284,1782662399999999,8219.11542,84,33.823,6575.96603,0
1782662400000000,194.11,194.35,194.11,194.12,14.023,1782665999999999,2722.73548,91,10.529,2044.45669,0
1782666000000000,194.22,194.23,194.11,194.23,19.105,1782669599999999,3709.99247,69,4.567,886.96791,0
1782669600000000,194.24,194.25,194.11,194.2,5.119,1782673199999999,993.92092,36,2.499,485.32918,0
1782673200000000,194.2,194.21,194.01,194.12,19.644,1782676799999999,3813.79536,59,14.178,2752.75143,0
1782676800000000,194.21,194.21,194.01,194.19,11.788,1782680399999999,2287.42664,25,1.099,213.41262,0
1782680400000000,194.19,194.2,194.01,194.01,4.836,1782683999999999,938.72937,17,1.538,298.67124,0
1782684000000000,194.01,194.89,194.01,194.51,12.263,1782687599999999,2385.06237,39,6.261,1217.44909,0
1782687600000000,194.9,195.33,194.78,195.25,143.338,1782691199999999,27951.79339,98,14.931,2911.25034,0
1782691200000000,195.14,195.14,192.78,193.39,1506.356,1782694799999999,291758.77797,596,566.713,109412.3615,0
1782694800000000,193.37,193.79,193.0,193.65,37.091,1782698399999999,7172.51122,145,16.728,3235.12971,0
1782698400000000,193.55,193.76,193.1,193.41,31.6,1782701999999999,6115.43605,50,9.836,1904.93713,0
1782702000000000,193.77,194.15,193.18,193.85,27.006,1782705599999999,5229.24531,140,16.059,3111.34155,0
1782705600000000,193.85,194.26,193.85,193.89,20.975,1782709199999999,4070.72007,114,9.352,1815.27591,0
1782709200000000,193.89,194.69,193.69,194.69,25.15,1782712799999999,4878.43884,99,19.709,3823.65853,0
1782712800000000,194.86,195.28,194.62,194.9,73.037,1782716399999999,14255.00632,96,49.645,9691.194,0
1782716400000000,194.89,195.23,194.55,195.13,85.712,1782719999999999,16682.71216,100,72.733,14153.44327,0
1782720000000000,195.1,195.47,195.0,195.0,56.656,1782723599999999,11062.2564,124,12.353,2413.23993,0
1782723600000000,195.0,195.17,194.63,194.88,25.94,1782727199999999,5057.44869,71,11.824,2307.41077,0
1782727200000000,195.02,195.06,194.51,194.79,19.284,1782730799999999,3755.20573,101,6.636,1293.19149,0
1782730800000000,194.9,195.15,194.71,194.92,24.496,1782734399999999,4774.04487,122,19.906,3880.04413,0
1782734400000000,194.93,195.03,194.3,194.76,80.615,1782737999999999,15711.06453,115,4.987,971.68598,0
1782738000000000,194.9,196.27,192.72,193.59,480.482,1782741599999999,93690.58659,517,287.401,56044.39302,0
1782741600000000,193.56,195.12,190.4,195.12,697.476,1782745199999999,133866.48807,573,222.707,42940.41039,0
1782745200000000,195.08,195.36,194.05,194.51,120.47,1782748799999999,23456.12213,255,31.558,6145.72765,0
1782748800000000,194.29,194.5,193.17,194.16,92.236,1782752399999999,17901.24263,144,6.616,1281.52094,0
1782752400000000,194.28,195.16,194.11,194.11,72.382,1782755999999999,14093.11159,225,41.699,8119.15096,0
1782756000000000,194.11,194.52,193.93,194.18,552.718,1782759599999999,107431.2977,165,91.588,17796.31906,0
1782759600000000,194.17,195.36,194.07,195.36,25.418,1782763199999999,4945.02362,87,17.985,3499.4992,0
1782763200000000,195.16,195.47,195.05,195.05,38.679,1782766799999999,7552.70567,95,24.183,4724.81287,0
1782766800000000,195.36,195.44,195.09,195.36,6.906,1782770399999999,1348.69848,111,4.091,799.28246,0
1782770400000000,195.37,195.48,195.12,195.48,39.915,1782773999999999,7796.04778,46,15.644,3057.89812,0
1782774000000000,195.5,195.94,195.5,195.68,16.078,1782777599999999,3148.54093,68,9.746,1908.82916,0
1782777600000000,195.72,196.03,194.9,195.0,327.73,1782781199999999,63965.79843,127,280.382,54720.81032,0
1782781200000000,194.98,195.71,194.84,195.5,8.209,1782784799999999,1602.24906,28,2.22,434.05514,0
1782784800000000,195.31,195.53,194.8,195.42,18.882,1782788399999999,3688.19746,50,7.558,1476.81411,0
1782788400000000,195.43,196.01,195.17,195.58,160.546,1782791999999999,31359.1012,146,31.17,6099.59393,0
1782792000000000,195.57,196.24,195.57,196.24,16.261,1782795599999999,3187.33112,46,7.297,1431.29609,0
1782795600000000,196.19,196.39,195.72,195.72,32.585,1782799199999999,6390.17719,74,11.156,2189.40366,0
1782799200000000,196.05,196.05,195.39,195.45,44.583,1782802799999999,8727.0703,137,30.986,6069.00987,0
1782802800000000,195.73,196.18,195.38,195.74,23.521,1782806399999999,4601.9288,57,10.203,1999.11102,0
1782806400000000,195.95,196.09,195.12,195.22,60.583,1782809999999999,11849.35183,126,22.283,4360.33097,0
1782810000000000,195.43,195.68,194.99,195.38,584.286,1782813599999999,114004.09323,255,311.581,60770.96983,0
1782813600000000,195.3,196.38,195.3,196.21,186.201,1782817199999999,36466.98477,304,126.715,24817.17509,0
1782817200000000,196.22,198.16,196.22,197.81,478.941,1782820799999999,94462.03276,704,234.302,46214.50604,0
1782820800000000,197.81,197.81,196.34,196.51,449.797,1782824399999999,88547.53448,1032,160.967,31689.52488,0
1782824400000000,196.5,199.15,195.75,197.91,1223.678,1782827999999999,241090.26515,1225,546.323,107718.85366,0
1782828000000000,198.1,198.95,197.0,197.07,521.965,1782831599999999,103350.10267,816,197.491,39101.60565,0
1782831600000000,197.39,198.96,197.17,198.45,163.515,1782835199999999,32437.72048,595,80.374,15948.35914,0
1782835200000000,198.64,198.88,198.15,198.44,340.413,1782838799999999,67580.70219,741,200.059,39724.05513,0
1782838800000000,198.61,198.94,198.4,198.45,390.759,1782842399999999,77572.05704,319,250.221,49669.39859,0
1782842400000000,198.7,199.77,198.48,199.31,123.347,1782845999999999,24550.25026,236,52.847,10520.38088,0
1782846000000000,199.14,200.83,198.76,200.25,269.123,1782849599999999,53774.11088,212,189.177,37820.84048,0
1782849600000000,200.1,200.36,199.83,199.89,50.817,1782853199999999,10163.4248,135,13.624,2725.74418,0
1782853200000000,199.89,199.99,199.45,199.76,29.467,1782856799999999,5886.1507,91,8.655,1729.17157,0
1782856800000000,199.79,200.03,199.43,199.6,31.702,1782860399999999,6334.23546,57,13.791,2755.22504,0
1782860400000000,199.47,199.81,199.32,199.81,346.345,1782863999999999,69108.11988,234,161.119,32159.34846,0
1782864000000000,199.64,199.89,199.19,199.41,97.945,1782867599999999,19548.03444,229,42.806,8546.35547,0
1782867600000000,199.46,199.46,198.55,198.65,54.458,1782871199999999,10833.49289,177,15.064,2996.13785,0
1782871200000000,198.65,198.65,197.6,198.33,34.89,1782874799999999,6918.31255,108,13.129,2603.55996,0
1782874800000000,198.33,199.02,198.26,199.01,59.722,1782878399999999,11866.14635,245,32.965,6550.44929,0
1782878400000000,198.97,199.03,198.72,198.82,42.755,1782881999999999,8500.67377,107,15.846,3151.82383,0
1782882000000000,198.72,198.73,198.36,198.65,23.782,1782885599999999,4721.98218,139,10.648,2114.94884,0
1782885600000000,198.65,198.73,197.65,198.03,96.018,1782889199999999,19037.2409,365,37.8,7495.13544,0
1782889200000000,198.03,198.54,197.48,198.54,214.225,1782892799999999,42402.39049,237,109.064,21584.71087,0
1782892800000000,198.29,198.66,198.2,198.56,103.592,1782896399999999,20558.12609,137,49.457,9818.66544,0
1782896400000000,198.61,198.89,198.61,198.8,75.41,1782899999999999,14988.45751,224,39.179,7789.43521,0
1782900000000000,198.81,199.48,198.81,199.24,135.363,1782903599999999,26956.18149,129,64.407,12812.67042,0
1782903600000000,199.26,199.87,199.0,199.21,195.026,1782907199999999,38884.08935,200,160.622,32017.80469,0
1782907200000000,199.09,199.4,195.0,195.85,660.064,1782910799999999,130430.7253,381,193.621,38264.17971,0
1782910800000000,196.13,196.55,193.73,195.59,962.319,1782914399999999,188467.84829,613,253.834,49666.50027,0
1782914400000000,195.6,196.72,195.08,196.13,153.39,1782917999999999,30069.78915,416,77.746,15240.67835,0
1782918000000000,195.81,197.47,195.79,197.19,116.567,1782921599999999,22919.91283,229,75.533,14843.17489,0
1782921600000000,197.39,197.81,196.94,197.33,51.281,1782925199999999,10121.99397,164,28.704,5666.82137,0
1782925200000000,197.45,199.09,197.23,199.0,34.534,1782928799999999,6840.60612,86,20.323,4026.32596,0
1782928800000000,199.0,199.12,198.26,198.37,118.36,1782932399999999,23482.85655,112,75.055,14887.2337,0
1782932400000000,198.69,199.95,197.59,198.06,148.7,1782935999999999,29580.17619,232,73.412,14601.18427,0
1782936000000000,197.59,197.61,197.39,197.4,207.022,1782939599999999,40902.0159,90,175.447,34664.2196,0
1782939600000000,197.45,198.08,197.45,198.06,38.243,1782943199999999,7561.24354,35,36.531,7223.01448,0
1782943200000000,198.08,198.11,197.79,197.82,22.503,1782946799999999,4453.02716,28,18.596,3680.21866,0
1782946800000000,198.1,198.1,197.29,197.29,14.592,1782950399999999,2885.22732,221,4.328,856.12157,0
1782950400000000,197.41,198.06,196.56,197.91,86.598,1782953999999999,17058.63946,109,32.26,6358.53491,0
1782954000000000,198.09,199.21,198.04,198.89,141.579,1782957599999999,28101.20274,189,131.717,26144.29219,0
1782957600000000,198.89,199.01,198.36,198.62,85.168,1782961199999999,16929.36602,193,44.17,8779.08662,0
1782961200000000,198.52,198.6,197.93,198.12,25.595,1782964799999999,5071.30084,191,6.521,1292.34124,0
1782964800000000,198.12,198.43,197.43,198.05,126.188,1782968399999999,25002.07869,218,99.497,19719.55322,0
1782968400000000,198.25,198.39,197.78,197.88,111.185,1782971999999999,22010.28433,279,47.438,9392.15707,0
1782972000000000,197.87,198.12,196.34,196.68,115.27,1782975599999999,22740.8924,582,41.012,8089.85576,0
1782975600000000,196.67,196.76,195.33,196.02,233.639,1782979199999999,45820.19668,508,94.265,18471.4195,0
1782979200000000,196.16,196.57,195.29,196.29,193.898,1782982799999999,37991.68613,436,75.411,14775.37652,0
1782982800000000,196.23,196.59,195.94,196.14,70.332,1782986399999999,13797.98632,353,31.79,6236.93506,0
1782986400000000,196.06,196.28,195.78,196.28,125.891,1782989999999999,24676.30393,375,63.546,12458.19202,0
1782990000000000,196.39,197.21,196.33,197.07,84.16,1782993599999999,16560.06133,420,43.047,8471.88234,0
1782993600000000,197.07,198.91,197.03,197.78,209.444,1782997199999999,41493.40573,1465,99.335,19676.77842,0
1782997200000000,197.94,199.12,197.19,198.81,362.401,1783000799999999,71811.59877,2578,219.29,43463.78624,0
1783000800000000,198.81,200.22,195.5,196.48,1390.984,1783004399999999,275957.59238,3336,937.616,186390.1235,0
1783004400000000,196.37,196.71,194.28,194.69,434.668,1783007999999999,84977.68325,2460,142.629,27889.75724,0
1783008000000000,194.71,194.94,193.29,193.45,185.486,1783011599999999,36003.64054,1472,38.149,7417.6282,0
1783011600000000,193.54,193.78,192.0,192.68,1488.9,1783015199999999,286763.72849,3489,763.147,146982.18997,0
1783015200000000,192.81,194.18,192.68,193.54,157.964,1783018799999999,30556.20664,966,91.908,17780.24324,0
1783018800000000,193.74,195.2,192.87,194.7,191.332,1783022399999999,37062.71634,888,117.567,22789.18762,0
1783022400000000,194.64,195.23,194.63,194.75,34.071,1783025999999999,6637.46009,134,11.364,2214.73379,0
1783026000000000,194.72,194.72,194.16,194.58,27.498,1783029599999999,5346.46567,82,11.877,2310.73225,0
1783029600000000,194.64,194.78,194.63,194.72,18.663,1783033199999999,3633.95535,86,8.517,1658.5026,0
1783033200000000,194.71,194.71,194.39,194.45,40.429,1783036799999999,7865.51051,125,13.15,2559.10356,0
1783036800000000,194.45,194.55,194.11,194.35,67.558,1783040399999999,13133.83521,229,38.591,7502.88088,0
1783040400000000,194.35,195.48,194.35,195.4,169.8,1783043999999999,33130.88352,655,91.092,17773.47235,0
1783044000000000,195.46,195.65,195.06,195.29,30.039,1783047599999999,5870.00275,195,12.082,2360.59522,0
1783047600000000,195.29,195.49,195.14,195.49,21.266,1783051199999999,4153.73556,135,11.97,2338.19811,0
1783051200000000,195.49,196.37,195.49,196.25,66.402,1783054799999999,13020.59601,565,46.55,9125.22204,0
1783054800000000,196.36,196.61,196.16,196.26,43.886,1783058399999999,8619.02946,195,17.144,3366.95783,0
1783058400000000,196.26,196.77,195.93,195.93,42.512,1783061999999999,8346.55579,130,19.004,3730.76666,0
1783062000000000,195.97,196.43,195.97,196.31,36.048,1783065599999999,7072.36604,297,17.727,3477.57442,0
1783065600000000,196.36,196.73,196.12,196.17,69.537,1783069199999999,13650.37446,165,33.6,6595.60016,0
1783069200000000,196.11,196.67,196.0,196.54,58.133,1783072799999999,11403.25309,228,22.474,4410.23024,0
1783072800000000,196.58,196.78,196.33,196.54,76.651,1783076399999999,15073.31459,272,37.637,7403.1549,0
1783076400000000,196.47,196.82,196.47,196.63,25.993,1783079999999999,5111.76411,152,10.195,2005.05256,0
1783080000000000,196.63,196.84,196.33,196.83,33.693,1783083599999999,6624.51543,299,15.414,3030.80242,0
1783083600000000,196.83,197.04,196.58,196.86,64.764,1783087199999999,12747.31229,287,28.895,5688.38159,0
1783087200000000,196.91,196.98,196.54,196.86,51.928,1783090799999999,10218.82862,135,18.183,3578.72655,0
1783090800000000,197.0,197.18,196.65,196.9,35.187,1783094399999999,6930.7999,122,19.996,3939.06147,0
1783094400000000,197.0,197.05,196.71,196.87,39.754,1783097999999999,7827.21953,163,15.492,3050.0924,0
1783098000000000,197.07,197.2,196.68,196.68,54.948,1783101599999999,10820.7365,164,37.752,7436.01621,0
1783101600000000,196.68,197.23,196.48,196.53,63.086,1783105199999999,12422.73499,139,37.558,7397.37403,0
1783105200000000,196.66,196.76,196.45,196.54,18.489,1783108799999999,3634.51258,91,5.283,1038.76316,0
1783108800000000,196.56,196.88,196.44,196.58,43.321,1783112399999999,8519.36375,157,20.617,4053.68937,0
1783112400000000,196.72,196.85,196.28,196.32,15.953,1783115999999999,3133.67325,94,3.085,606.48841,0
1783116000000000,196.32,196.32,196.01,196.06,18.738,1783119599999999,3676.94326,249,5.176,1015.72214,0
1783119600000000,196.06,196.33,196.02,196.15,31.123,1783123199999999,6106.13857,226,18.102,3551.95511,0
1783123200000000,196.15,196.19,195.97,196.18,25.357,1783126799999999,4972.19298,190,18.567,3641.21104,0
1783126800000000,196.18,196.47,196.11,196.25,53.633,1783130399999999,10524.12312,151,11.709,2298.56742,0
1783130400000000,196.19,196.48,196.19,196.48,18.352,1783133999999999,3602.93936,110,15.482,3039.61766,0
1783134000000000,196.48,196.71,196.41,196.54,5.48,1783137599999999,1076.73848,35,1.91,375.4382,0
1783137600000000,196.42,196.64,196.41,196.64,17.142,1783141199999999,3369.98516,48,9.966,1959.29132,0
1783141200000000,196.61,196.72,196.51,196.62,15.903,1783144799999999,3126.53587,88,4.377,860.79702,0
1783144800000000,196.7,196.72,196.53,196.66,13.296,1783148399999999,2614.66807,153,8.178,1608.29876,0
1783148400000000,196.66,196.87,196.65,196.75,20.144,1783151999999999,3962.57497,161,10.464,2058.62084,0
1783152000000000,196.78,196.91,196.67,196.72,35.466,1783155599999999,6979.51533,195,10.952,2155.36804,0
1783155600000000,196.62,196.87,196.52,196.83,15.917,1783159199999999,3131.91571,180,12.684,2495.88408,0
1783159200000000,196.87,196.92,196.76,196.86,11.73,1783162799999999,2309.26166,67,5.564,1095.58451,0
1783162800000000,196.86,196.96,196.8,196.83,27.095,1783166399999999,5334.24325,148,13.4,2638.3732,0
1783166400000000,196.79,196.9,196.73,196.73,35.877,1783169999999999,7061.36425,132,19.504,3839.39069,0
1783170000000000,196.78,196.98,196.7,196.75,51.091,1783173599999999,10055.07029,202,23.277,4580.64831,0
1783173600000000,196.83,196.96,196.73,196.77,36.853,1783177199999999,7254.56875,168,21.877,4306.47438,0
1783177200000000,196.77,196.97,196.73,196.86,24.875,1783180799999999,4897.51527,105,7.84,1542.86889,0
1783180800000000,196.88,196.88,196.63,196.63,12.261,1783184399999999,2411.85874,68,2.573,506.22642,0
1783184400000000,196.62,197.08,196.62,196.88,17.994,1783187999999999,3542.11394,110,9.771,1922.59989,0
1783188000000000,196.89,197.0,196.8,196.93,8.796,1783191599999999,1732.14963,51,2.875,566.24293,0
1783191600000000,196.91,197.0,196.77,197.0,14.219,1783195199999999,2799.62239,88,11.287,2222.37217,0
1783195200000000,197.0,197.0,196.84,196.84,5.547,1783198799999999,1092.3893,30,4.065,800.62912,0
1783198800000000,196.85,196.98,196.77,196.93,17.833,1783202399999999,3510.7902,119,7.825,1540.8818,0
1783202400000000,196.87,197.0,196.79,196.98,14.8,1783205999999999,2914.65208,54,5.355,1054.5973,0
1783206000000000,196.99,197.01,196.72,197.01,26.379,1783209599999999,5193.56602,82,23.867,4698.9795,0
1783209600000000,197.01,197.01,196.81,196.98,22.133,1783213199999999,4359.23994,225,11.098,2186.07093,0
1783213200000000,197.0,197.19,196.92,197.09,12.282,1783216799999999,2419.78393,141,6.935,1366.45964,0
1783216800000000,197.17,197.43,196.99,197.43,23.005,1783220399999999,4537.62802,83,16.534,3261.53806,0
1783220400000000,197.35,197.55,196.87,197.2,46.267,1783223999999999,9127.14653,194,19.712,3890.17902,0
1783224000000000,197.2,197.28,197.08,197.18,10.061,1783227599999999,1984.03847,161,4.205,829.35366,0
1783227600000000,197.19,197.39,197.12,197.27,43.964,1783231199999999,8671.78995,172,16.983,3350.18398,0
1783231200000000,197.27,197.45,197.23,197.45,24.732,1783234799999999,4880.69422,182,18.962,3742.03457,0
1783234800000000,197.45,197.56,197.38,197.52,14.313,1783238399999999,2826.63553,181,8.568,1692.18184,0
1783238400000000,197.55,197.55,197.34,197.54,23.847,1783241999999999,4708.57241,162,8.142,1607.33806,0
1783242000000000,197.54,197.55,196.81,197.12,47.713,1783245599999999,9403.81768,307,22.479,4428.39202,0
1783245600000000,197.0,197.32,197.0,197.26,26.458,1783249199999999,5217.47932,364,17.628,3476.69977,0
1783249200000000,197.26,197.56,197.26,197.56,19.481,1783252799999999,3845.29214,190,11.145,2199.95701,0
1783252800000000,197.55,197.9,197.45,197.9,23.256,1783256399999999,4598.1373,261,11.947,2361.97118,0
1783256400000000,197.92,197.92,197.6,197.6,58.789,1783259999999999,11626.10092,361,15.835,3132.28086,0
1783260000000000,197.6,197.83,197.41,197.81,31.295,1783263599999999,6184.64799,189,10.644,2103.58669,0
1783263600000000,197.81,197.96,197.77,197.77,21.077,1783267199999999,4170.82501,160,15.259,3019.84157,0
1783267200000000,197.81,197.96,197.79,197.92,14.387,1783270799999999,2847.4902,187,8.578,1697.9732,0
1783270800000000,197.92,197.96,197.62,197.74,31.25,1783274399999999,6180.6568,286,9.844,1946.27793,0
1783274400000000,197.74,197.94,197.74,197.9,16.069,1783277999999999,3179.81633,135,9.4,1860.24597,0
1783278000000000,197.9,197.92,197.87,197.9,20.754,1783281599999999,4107.03984,170,9.265,1833.51262,0
1783281600000000,197.91,197.96,197.9,197.9,19.166,1783285199999999,3793.33917,181,13.301,2632.60813,0
1783285200000000,197.95,197.96,197.88,197.88,20.805,1783288799999999,4117.58982,155,6.125,1212.40364,0
1783288800000000,197.95,198.28,197.57,198.19,56.098,1783292399999999,11108.81927,413,34.357,6803.23478,0
1783292400000000,198.2,198.5,198.17,198.31,82.269,1783295999999999,16318.99246,387,39.664,7868.957,0
1783296000000000,198.38,198.39,195.43,195.88,323.807,1783299599999999,63659.59352,1123,187.941,36960.69776,0
1783299600000000,195.81,196.03,195.4,195.43,62.002,1783303199999999,12136.63607,260,24.161,4730.35301,0
1783303200000000,195.62,195.76,194.84,195.0,49.416,1783306799999999,9641.7297,241,22.864,4459.95414,0
1783306800000000,195.09,195.68,195.03,195.12,96.653,1783310399999999,18878.15999,368,51.024,9964.84807,0
1783310400000000,195.12,195.58,194.96,195.34,70.083,1783313999999999,13691.50677,376,26.981,5271.38814,0
1783314000000000,195.34,195.4,194.76,195.15,56.956,1783317599999999,11113.9292,282,27.451,5357.02598,0
1783317600000000,195.16,195.28,194.19,195.16,95.92,1783321199999999,18680.7512,319,27.946,5440.583,0
1783321200000000,195.17,195.51,194.88,195.44,50.665,1783324799999999,9889.10457,280,27.637,5394.28977,0
1783324800000000,195.45,195.69,194.91,195.47,118.987,1783328399999999,23245.79336,507,57.907,11315.76932,0
1783328400000000,195.48,195.66,194.0,195.23,1242.977,1783331999999999,241645.35428,678,623.416,121043.61521,0
1783332000000000,195.23,195.67,195.15,195.32,324.091,1783335599999999,63334.70618,1260,235.77,46072.19764,0
1783335600000000,195.36,196.06,195.36,195.67,96.061,1783339199999999,18804.9893,527,38.949,7623.85864,0
1783339200000000,195.68,195.89,195.0,195.42,193.902,1783342799999999,37910.66072,973,86.542,16918.43441,0
1783342800000000,195.41,196.68,194.18,196.42,565.534,1783346399999999,110356.68274,1691,188.698,36853.40894,0
1783346400000000,196.41,197.35,195.9,195.9,404.686,1783349999999999,79556.64568,1846,144.147,28341.89016,0
1783350000000000,196.2,196.66,195.56,196.66,278.732,1783353599999999,54751.54322,1106,48.604,9537.36114,0
1783353600000000,196.57,197.63,196.51,196.72,385.562,1783357199999999,76030.07056,1512,219.406,43288.21954,0
1783357200000000,196.72,197.13,195.81,195.85,74.918,1783360799999999,14723.41586,286,18.953,3727.42996,0
1783360800000000,195.93,196.84,195.93,196.73,106.749,1783364399999999,20986.44722,681,30.273,5945.80128,0
1783364400000000,196.74,197.2,195.7,195.79,58.131,1783367999999999,11439.60826,485,11.475,2260.37957,0
1783368000000000,195.85,195.85,195.46,195.6,57.894,1783371599999999,11328.77275,279,21.881,4281.97236,0
1783371600000000,195.6,195.75,195.55,195.71,8.38,1783375199999999,1639.55635,53,2.71,530.24293,0
1783375200000000,195.65,195.89,195.43,195.65,18.298,1783378799999999,3580.59483,149,8.015,1568.72224,0
1783378800000000,195.6,195.76,194.93,195.1,31.693,1783382399999999,6194.12781,286,9.638,1885.13389,0
1783382400000000,195.05,195.48,194.87,195.0,65.428,1783385999999999,12766.42776,443,29.756,5808.05022,0
1783386000000000,195.0,195.06,194.35,194.75,38.888,1783389599999999,7570.58984,224,11.183,2177.98276,0
1783389600000000,194.6,194.9,194.42,194.56,37.341,1783393199999999,7266.02724,120,14.636,2848.47256,0
1783393200000000,194.55,194.86,194.2,194.53,99.754,1783396799999999,19392.71645,505,25.891,5033.0852,0
1783396800000000,194.53,194.7,193.84,193.88,46.699,1783400399999999,9071.01132,567,8.813,1712.41356,0
1783400400000000,193.88,194.34,193.51,194.27,82.657,1783403999999999,16027.00858,489,46.915,9097.62178,0
1783404000000000,194.2,194.52,194.01,194.33,25.721,1783407599999999,4997.11374,351,11.04,2145.3471,0
1783407600000000,194.18,194.68,194.18,194.3,44.873,1783411199999999,8722.33422,452,20.419,3968.64713,0
1783411200000000,194.31,194.56,193.97,194.12,72.934,1783414799999999,14165.5243,613,32.93,6397.63082,0
1783414800000000,194.12,194.29,193.95,194.17,43.104,1783418399999999,8365.40827,391,19.334,3752.72332,0
1783418400000000,194.19,194.52,192.24,192.68,108.425,1783421999999999,20968.09391,931,39.923,7715.45865,0
1783422000000000,192.68,192.68,190.89,191.62,476.678,1783425599999999,91341.8468,811,247.866,47551.97352,0
1783425600000000,191.66,192.93,191.48,192.52,171.118,1783429199999999,32874.14548,538,54.571,10492.27611,0
1783429200000000,192.63,193.32,191.73,192.68,733.322,1783432799999999,141114.0894,1094,255.163,49096.77192,0
1783432800000000,192.69,193.64,191.39,192.75,383.431,1783436399999999,73561.23804,632,101.783,19524.35544,0
1783436400000000,192.67,194.75,192.6,194.75,119.792,1783439999999999,23155.31379,470,73.248,14165.79543,0
1783440000000000,194.73,198.07,194.73,197.37,307.634,1783443599999999,60416.82581,775,225.983,44318.43776,0
1783443600000000,197.37,198.5,197.33,197.94,136.308,1783447199999999,26980.96469,606,55.058,10894.21324,0
1783447200000000,197.94,197.96,196.51,196.51,69.381,1783450799999999,13692.32241,526,36.708,7246.11823,0
1783450800000000,196.5,197.12,195.77,197.12,74.291,1783454399999999,14592.0763,808,43.913,8628.9605,0
1783454400000000,197.06,197.18,196.5,196.65,27.722,1783457999999999,5456.10861,288,9.179,1805.88161,0
1783458000000000,196.66,196.85,195.79,195.81,33.181,1783461599999999,6514.92187,288,10.832,2129.17636,0
1783461600000000,195.86,196.05,195.62,195.99,37.962,1783465199999999,7432.3301,241,22.843,4470.74098,0
1783465200000000,195.97,196.42,195.76,195.81,83.198,1783468799999999,16322.75847,270,41.058,8057.24722,0
1783468800000000,195.91,197.86,195.8,197.72,87.132,1783472399999999,17159.86671,638,51.847,10208.18252,0
1783472400000000,197.81,198.21,196.9,197.36,2262.199,1783475999999999,447267.15386,2136,253.739,50195.794,0
1783476000000000,197.23,197.24,196.54,197.15,75.055,1783479599999999,14773.5908,273,39.056,7690.21138,0
1783479600000000,197.24,197.92,197.24,197.54,31.707,1783483199999999,6266.02445,188,21.06,4162.0322,0
1783483200000000,197.57,197.7,196.86,196.86,20.998,1783486799999999,4141.8423,156,11.59,2285.72163,0
1783486800000000,196.95,197.18,196.0,196.22,30.44,1783490399999999,5984.25892,190,11.14,2190.10268,0
1783490400000000,196.17,196.33,195.67,196.03,63.714,1783493999999999,12487.05454,388,18.161,3559.5721,0
1783494000000000,196.16,196.6,195.62,196.57,16.819,1783497599999999,3299.94858,231,8.475,1663.10102,0
1783497600000000,196.56,197.0,192.98,194.0,2683.174,1783501199999999,518768.50277,2943,1885.66,364299.68597,0
1783501200000000,194.0,194.13,192.96,193.37,109.135,1783504799999999,21099.61836,466,53.777,10400.11793,0
1783504800000000,193.53,194.24,193.18,193.74,114.477,1783508399999999,22190.28866,374,54.496,10561.61338,0
1783508400000000,193.82,194.73,193.65,194.5,80.376,1783511999999999,15614.88032,301,53.99,10492.64589,0
1783512000000000,194.5,195.5,194.29,194.94,69.177,1783515599999999,13495.23381,260,46.338,9041.65858,0
1783515600000000,195.12,199.98,194.83,197.7,587.113,1783519199999999,115508.75132,2010,267.14,52645.74759,0
1783519200000000,197.7,199.24,196.41,199.0,1207.4,1783522799999999,239452.61321,1479,571.654,113259.34409,0
1783522800000000,199.04,199.49,196.6,197.29,213.259,1783526399999999,42221.73044,698,113.748,22552.01988,0
1783526400000000,197.2,201.42,197.2,201.13,137.95,1783529999999999,27529.66831,714,113.03,22557.80729,0
1783530000000000,201.13,203.83,200.45,202.13,226.06,1783533599999999,45735.26966,959,128.258,25941.07236,0
1783533600000000,202.13,204.29,202.12,204.07,74.786,1783537199999999,15191.49345,560,49.282,10022.79079,0
1783537200000000,204.31,205.37,204.04,204.38,132.97,1783540799999999,27202.43266,716,54.263,11109.824,0
1783540800000000,204.49,204.5,202.79,203.07,49.937,1783544399999999,10172.23643,157,32.517,6627.92941,0
1783544400000000,203.01,203.66,202.7,203.35,21.47,1783547999999999,4362.54655,154,11.842,2407.52843,0
1783548000000000,203.35,203.62,202.72,202.83,26.357,1783551599999999,5355.86416,172,17.461,3549.3132,0
1783551600000000,202.91,203.83,202.91,203.64,84.187,1783555199999999,17118.47834,541,48.534,9872.12889,0
1783555200000000,203.64,204.98,203.53,203.69,225.067,1783558799999999,45970.08105,1227,90.218,18429.97248,0
1783558800000000,203.77,204.41,203.33,203.35,145.66,1783562399999999,29703.20064,909,73.724,15036.21581,0
1783562400000000,203.34,204.33,202.99,203.05,116.224,1783565999999999,23662.85412,753,56.859,11578.88741,0
1783566000000000,203.06,204.02,202.73,203.94,160.896,1783569599999999,32722.44552,812,64.222,13071.81004,0
1783569600000000,203.94,204.71,203.42,204.58,1789.452,1783573199999999,365088.448,9455,889.433,181489.5609,0
1783573200000000,204.56,204.94,203.93,204.42,494.365,1783576799999999,101047.35647,2391,253.078,51741.26878,0
1783576800000000,204.48,205.29,204.36,205.08,150.786,1783580399999999,30908.23867,724,99.776,20454.36855,0
1783580400000000,205.0,205.75,204.88,205.71,129.127,1783583999999999,26511.28169,914,72.016,14785.80894,0
1783584000000000,205.61,206.14,204.1,204.57,551.108,1783587599999999,113038.70237,2481,223.128,45751.33665,0
1783587600000000,204.61,204.84,204.21,204.66,118.51,1783591199999999,24238.91528,486,50.395,10309.79083,0
1783591200000000,204.7,205.21,204.0,204.31,1728.792,1783594799999999,353938.82457,8769,851.488,174358.23855,0
1783594800000000,204.33,206.09,204.31,205.87,1506.155,1783598399999999,309138.071,7602,758.648,155750.81333,0
1783598400000000,205.85,206.47,205.41,205.41,148.704,1783601999999999,30641.63649,879,84.244,17363.61328,0
1783602000000000,205.41,206.01,201.71,202.26,1178.484,1783605599999999,240016.4284,3567,745.575,151847.12632,0
1783605600000000,202.23,202.31,199.32,201.58,481.031,1783609199999999,96400.88543,1981,281.171,56349.36956,0
1783609200000000,201.78,202.36,201.38,202.16,95.603,1783612799999999,19296.73225,725,44.467,8976.3704,0
1783612800000000,202.12,202.84,201.75,201.89,283.356,1783616399999999,57304.30546,1169,62.644,12678.00176,0
1783616400000000,202.08,203.8,201.85,203.72,193.001,1783619999999999,39214.06787,880,125.246,25449.41419,0
1783620000000000,203.62,204.51,203.33,203.73,180.711,1783623599999999,36803.69493,713,136.446,27788.1872,0
1783623600000000,203.81,204.88,203.01,203.05,142.693,1783627199999999,29087.56111,852,69.011,14078.67011,0
1783627200000000,202.93,203.18,202.52,202.81,70.337,1783630799999999,14269.74968,256,54.372,11031.77288,0
1783630800000000,202.76,203.16,202.73,202.92,29.948,1783634399999999,6077.25984,203,19.645,3986.98492,0
1783634400000000,203.07,203.07,202.4,202.66,43.993,1783637999999999,8916.80467,224,13.113,2657.93771,0
1783638000000000,202.74,202.96,202.33,202.33,57.69,1783641599999999,11693.77307,280,28.472,5772.02699,0
1783641600000000,202.4,202.91,201.25,202.07,272.969,1783645199999999,55143.48158,625,166.121,33570.86022,0
1783645200000000,202.12,203.0,201.63,202.4,151.679,1783648799999999,30691.8437,548,86.299,17466.93159,0
1783648800000000,202.3,203.1,202.25,203.03,130.729,1783652399999999,26485.24045,409,78.228,15848.87939,0
1783652400000000,203.09,203.4,202.96,203.15,275.487,1783655999999999,55954.1866,479,193.543,39312.97928,0
1783656000000000,203.17,203.48,202.79,202.79,116.9,1783659599999999,23742.00275,360,54.953,11163.22678,0
1783659600000000,202.83,202.99,202.51,202.51,94.425,1783663199999999,19152.87395,328,44.981,9125.65334,0
1783663200000000,202.51,202.51,201.69,202.01,180.197,1783666799999999,36406.21574,465,127.654,25792.69019,0
1783666800000000,201.94,202.11,201.26,201.53,512.281,1783670399999999,103305.30283,926,306.866,61883.66458,0
1783670400000000,201.69,202.24,201.48,201.87,327.06,1783673999999999,66024.2476,1169,165.958,33503.36684,0
1783674000000000,201.84,202.15,201.37,201.98,291.718,1783677599999999,58886.84702,1025,144.947,29261.16727,0
1783677600000000,201.99,202.47,201.99,202.4,398.405,1783681199999999,80586.38579,1485,230.538,46634.28161,0
1783681200000000,202.4,202.57,201.69,201.69,434.116,1783684799999999,87755.8968,1808,255.961,51741.45898,0
1783684800000000,201.69,202.02,201.33,201.91,180.298,1783688399999999,36380.66903,726,87.398,17635.30408,0
1783688400000000,201.91,207.57,201.77,207.48,1192.691,1783691999999999,245177.0446,3264,494.403,101419.36763,0
1783692000000000,207.46,208.36,206.13,206.32,1810.376,1783695599999999,374641.27756,3194,724.739,149848.96996,0
1783695600000000,206.32,209.54,206.14,209.05,517.628,1783699199999999,107905.00428,1955,296.919,61881.74052,0
1783699200000000,209.04,210.62,209.04,209.95,417.051,1783702799999999,87494.31259,1365,285.774,59947.15364,0
1783702800000000,209.95,210.99,209.74,210.49,153.441,1783706399999999,32237.92399,861,104.028,21856.1048,0
1783706400000000,210.72,210.97,210.09,210.34,165.691,1783709999999999,34852.47789,675,137.209,28862.47069,0
1783710000000000,210.34,211.12,209.79,210.8,147.931,1783713599999999,31107.48758,960,69.489,14617.37548,0
1783713600000000,211.11,211.33,210.57,210.71,46.288,1783717199999999,9760.83581,257,12.72,2683.95263,0
1783717200000000,210.71,210.71,210.32,210.48,52.526,1783720799999999,11058.0654,289,21.974,4626.80196,0
1783720800000000,210.48,210.59,210.4,210.55,69.51,1783724399999999,14631.31328,359,22.513,4739.51313,0
1783724400000000,210.59,210.7,210.42,210.6,57.333,1783727999999999,12071.31077,303,23.242,4894.22805,0
1783728000000000,210.6,211.01,210.06,210.19,151.117,1783731599999999,31800.62802,365,71.709,15089.88036,0
1783731600000000,210.19,210.21,209.74,209.82,109.123,1783735199999999,22910.2205,285,38.77,8140.74166,0
1783735200000000,209.82,210.14,209.67,210.03,153.405,1783738799999999,32190.83238,357,43.695,9170.80511,0
1783738800000000,210.08,210.21,209.94,210.16,76.769,1783742399999999,16131.71133,274,39.594,8320.92902,0
1783742400000000,210.15,210.44,210.09,210.37,53.496,1783745999999999,11245.63355,280,30.468,6405.01767,0
1783746000000000,210.42,210.59,210.3,210.53,68.249,1783749599999999,14365.0228,221,39.562,8326.83578,0
1783749600000000,210.55,210.65,210.37,210.62,130.864,1783753199999999,27546.60826,549,87.659,18452.28985,0
1783753200000000,210.63,210.82,210.44,210.51,99.588,1783756799999999,20974.51797,322,53.202,11205.14645,0
1783756800000000,210.5,210.68,210.28,210.3,86.541,1783760399999999,18216.22539,365,44.72,9414.52162,0
1783760400000000,210.35,210.77,210.21,210.63,102.392,1783763999999999,21557.36792,275,61.429,12932.47631,0
1783764000000000,210.58,210.62,210.34,210.46,51.582,1783767599999999,10856.07051,327,24.145,5081.85933,0
1783767600000000,210.45,210.56,210.38,210.56,50.899,1783771199999999,10710.88027,335,29.751,6260.81124,0
1783771200000000,210.56,210.56,210.39,210.45,54.445,1783774799999999,11459.59701,237,21.94,4617.47718,0
1783774800000000,210.45,210.45,210.08,210.17,78.373,1783778399999999,16480.92377,179,20.377,4284.47209,0
1783778400000000,210.17,210.17,209.45,209.48,142.86,1783781999999999,29959.23165,372,87.611,18370.23061,0
1783782000000000,209.48,209.64,208.99,209.09,141.838,1783785599999999,29692.09488,270,66.102,13845.80368,0
1783785600000000,209.08,209.38,208.93,209.21,92.653,1783789199999999,19380.62584,274,33.613,7033.43387,0
1783789200000000,209.23,209.66,209.23,209.56,62.633,1783792799999999,13119.60748,122,32.938,6899.44933,0
1783792800000000,209.61,209.94,209.51,209.86,35.792,1783796399999999,7508.98525,77,29.748,6241.14382,0
1783796400000000,209.87,210.0,209.8,209.91,21.705,1783799999999999,4556.38886,85,6.983,1466.1436,0
1783800000000000,209.89,209.89,209.53,209.62,33.648,1783803599999999,7055.43927,153,15.4,3228.96377,0
1783803600000000,209.63,209.63,209.36,209.36,13.917,1783807199999999,2914.76416,33,0.9,188.59957,0
1783807200000000,209.42,209.54,209.32,209.32,32.366,1783810799999999,6778.64226,52,21.817,4569.32883,0
1783810800000000,209.35,209.42,208.5,208.5,56.937,1783814399999999,11897.4585,78,17.081,3566.81748,0
1783814400000000,208.49,208.67,208.29,208.3,141.599,1783817999999999,29519.10027,303,75.867,15817.32859,0
1783818000000000,208.27,208.64,208.23,208.6,52.35,1783821599999999,10914.40709,121,29.221,6092.71885,0
1783821600000000,208.5,209.03,208.45,208.94,43.486,1783825199999999,9079.53888,132,25.131,5247.36228,0
1783825200000000,208.94,209.42,208.87,209.42,74.329,1783828799999999,15544.53451,120,43.918,9184.7913,0
1783828800000000,209.42,210.48,209.39,210.09,276.792,1783832399999999,58127.07014,893,154.595,32464.91593,0
1783832400000000,210.04,210.45,210.04,210.39,44.356,1783835999999999,9328.79509,149,14.52,3054.2391,0
1783836000000000,210.21,210.25,209.79,210.13,52.432,1783839599999999,11011.58801,245,26.688,5605.01453,0
1783839600000000,210.11,210.28,209.95,210.21,64.865,1783843199999999,13629.69673,266,19.741,4148.79731,0
1783843200000000,210.2,210.6,210.15,210.42,127.826,1783846799999999,26886.55922,480,51.308,10793.17613,0
1783846800000000,210.47,210.59,210.16,210.17,50.463,1783850399999999,10613.38098,621,26.454,5563.85858,0
1783850400000000,210.17,210.43,210.04,210.21,52.214,1783853999999999,10975.79531,308,25.622,5386.74654,0
1783854000000000,210.29,210.76,210.21,210.53,39.155,1783857599999999,8246.16232,281,19.584,4124.18295,0
1783857600000000,210.55,210.96,210.43,210.95,59.722,1783861199999999,12588.21861,334,37.914,7992.72581,0
1783861200000000,210.95,212.75,210.95,212.07,310.853,1783864799999999,65933.25805,1397,161.593,34268.09715,0
1783864800000000,211.97,212.47,211.68,212.2,68.189,1783868399999999,14459.30662,361,32.695,6932.38621,0
1783868400000000,212.17,212.45,211.89,212.35,118.01,1783871999999999,25045.94625,489,61.962,13154.00342,0
1783872000000000,212.39,212.64,212.16,212.55,96.632,1783875599999999,20529.40795,465,57.181,12149.84745,0
1783875600000000,212.57,212.64,212.06,212.29,85.823,1783879199999999,18221.15837,454,27.288,5796.11146,0
1783879200000000,212.32,212.43,212.11,212.32,62.793,1783882799999999,13329.05441,563,31.142,6610.85907,0
1783882800000000,212.39,212.46,212.28,212.29,25.287,1783886399999999,5369.83896,189,10.431,2215.45756,0
1783886400000000,212.29,212.75,212.21,212.21,231.979,1783889999999999,49270.60755,350,63.048,13392.55653,0
1783890000000000,212.21,212.71,212.1,212.49,284.942,1783893599999999,60486.69487,533,82.44,17505.03041,0
1783893600000000,212.52,212.79,210.68,211.46,110.184,1783897199999999,23322.76336,586,51.492,10906.55848,0
1783897200000000,211.42,211.5,210.71,210.87,102.399,1783900799999999,21606.37599,284,78.009,16457.14732,0
1783900800000000,210.87,212.18,209.18,209.53,998.343,1783904399999999,210296.7488,1401,307.196,64776.60863,0
1783904400000000,209.53,209.76,208.2,208.26,255.577,1783907999999999,53349.38441,444,64.742,13531.15581,0
1783908000000000,208.29,208.95,207.97,208.07,57.92,1783911599999999,12068.80096,270,27.936,5822.90884,0
1783911600000000,207.93,208.06,207.29,207.82,186.49,1783915199999999,38736.59612,616,119.25,24774.10624,0
1783915200000000,207.81,207.85,207.29,207.42,269.322,1783918799999999,55884.15462,404,69.193,14356.76268,0
1783918800000000,207.42,208.3,206.72,207.76,194.279,1783922399999999,40313.72671,570,98.754,20470.56835,0
1783922400000000,207.76,208.1,206.88,206.9,123.586,1783925999999999,25625.48646,763,57.152,11852.45086,0
1783926000000000,206.99,207.51,206.59,206.68,104.017,1783929599999999,21536.36674,379,47.187,9769.2008,0
1783929600000000,206.73,207.74,206.19,207.7,185.609,1783933199999999,38444.76557,647,76.9,15919.53873,0
1783933200000000,207.74,208.56,207.4,208.29,248.234,1783936799999999,51633.39888,597,151.383,31489.7086,0
1783936800000000,208.41,208.41,207.53,207.79,81.003,1783940399999999,16840.75983,289,35.557,7392.72404,0
1783940400000000,207.88,208.8,207.88,208.25,135.083,1783943999999999,28160.93882,432,61.819,12886.93925,0
1783944000000000,208.32,208.47,207.56,207.98,110.963,1783947599999999,23089.63642,335,68.805,14317.88,0
1783947600000000,208.0,210.64,207.26,208.67,222.063,1783951199999999,46359.11745,1427,124.087,25906.44947,0
1783951200000000,208.66,209.6,206.83,207.52,156.937,1783954799999999,32734.59505,1116,79.639,16625.60182,0
1783954800000000,207.53,208.15,206.79,206.85,71.823,1783958399999999,14905.67986,598,36.022,7478.18289,0
1783958400000000,206.91,206.91,204.52,204.87,136.643,1783961999999999,28107.9546,661,62.993,12967.33729,0
1783962000000000,204.98,205.4,203.41,203.7,101.795,1783965599999999,20779.68171,472,44.028,8997.94748,0
1783965600000000,203.68,204.55,203.54,203.79,92.788,1783969199999999,18947.2129,501,63.385,12948.50426,0
1783969200000000,204.19,204.68,203.46,203.82,111.04,1783972799999999,22666.36818,395,65.197,13318.96243,0
1783972800000000,203.93,204.05,202.87,203.85,100.359,1783976399999999,20418.23255,431,40.335,8213.29813,0
1783976400000000,203.85,204.07,203.65,203.85,11.23,1783979999999999,2289.35973,100,3.852,785.00497,0
1783980000000000,203.88,204.15,203.54,203.61,20.382,1783983599999999,4154.79397,62,5.264,1073.67348,0
1783983600000000,203.75,203.75,203.11,203.54,29.976,1783987199999999,6095.55004,107,11.679,2375.52516,0
1783987200000000,203.45,205.19,203.28,205.08,188.914,1783990799999999,38534.50038,554,125.305,25560.03386,0
1783990800000000,205.15,205.21,204.25,204.28,51.57,1783994399999999,10553.04353,324,19.07,3903.33267,0
1783994400000000,204.38,204.46,203.28,203.74,60.982,1783997999999999,12429.65181,283,29.982,6110.70785,0
1783998000000000,203.46,204.05,202.49,203.98,134.436,1784001599999999,27301.10801,361,36.882,7507.71952,0
1784001600000000,204.05,204.72,203.46,204.65,37.895,1784005199999999,7736.85324,287,23.068,4709.75381,0
1784005200000000,204.57,205.69,204.36,205.25,65.074,1784008799999999,13365.90813,284,33.598,6902.53098,0
1784008800000000,205.45,205.61,204.83,204.95,64.477,1784012399999999,13235.52222,240,37.805,7763.51259,0
1784012400000000,204.85,205.61,204.6,205.3,90.672,1784015999999999,18600.12651,489,58.038,11907.18636,0
1784016000000000,205.03,205.65,204.82,205.01,106.231,1784019599999999,21815.00262,323,64.487,13243.33282,0
1784019600000000,205.02,205.78,204.28,204.64,796.6,1784023199999999,163263.23003,6528,397.932,81680.76573,0
1784023200000000,204.64,204.99,204.53,204.75,362.233,1784026799999999,74181.61765,7073,185.902,38077.46701,0
1784026800000000,204.87,206.82,204.52,206.46,164.492,1784030399999999,33868.60907,633,131.004,26968.12585,0
1784030400000000,206.54,208.12,205.75,207.34,186.619,1784033999999999,38680.15657,983,108.348,22465.37936,0
1784034000000000,207.34,208.74,204.13,205.21,506.591,1784037599999999,104222.71761,1452,398.887,81995.27105,0
1784037600000000,205.21,207.86,204.43,207.74,712.0,1784041199999999,146570.9052,1491,364.312,75032.72753,0
1784041200000000,207.88,209.62,207.39,209.32,290.376,1784044799999999,60629.28401,1150,210.554,43972.26907,0
1784044800000000,209.39,211.15,208.57,211.04,384.462,1784048399999999,80735.64086,1173,195.277,40974.44423,0
1784048400000000,210.92,211.7,210.71,211.36,154.72,1784051999999999,32712.24252,524,76.481,16168.15048,0
1784052000000000,211.36,212.79,211.34,212.57,91.416,1784055599999999,19396.93319,420,65.361,13872.266,0
1784055600000000,212.53,212.54,211.12,212.14,126.58,1784059199999999,26824.56816,413,63.322,13430.18572,0
1784059200000000,211.78,212.09,211.46,211.98,20.345,1784062799999999,4311.03456,97,9.488,2011.34134,0
1784062800000000,211.95,211.98,211.48,211.56,18.728,1784066399999999,3964.95439,217,9.686,2051.25988,0
1784066400000000,211.79,211.8,211.37,211.48,18.59,1784069999999999,3933.55194,54,10.182,2155.07906,0
1784070000000000,211.48,212.09,211.48,212.08,21.892,1784073599999999,4636.23742,165,14.833,3141.38809,0
1784073600000000,212.01,212.5,211.8,212.36,47.932,1784077199999999,10173.31189,325,26.17,5554.96363,0
1784077200000000,212.25,212.42,211.85,212.4,206.315,1784080799999999,43762.12538,2748,119.231,25293.17878,0
1784080800000000,212.41,212.54,212.23,212.25,268.183,1784084399999999,56965.49699,5013,130.155,27650.20523,0
1784084400000000,212.25,212.96,212.12,212.96,93.06,1784087999999999,19794.72703,247,71.428,15196.85639,0
1784088000000000,212.96,213.14,212.59,212.67,97.991,1784091599999999,20864.67866,259,64.114,13654.8318,0
1784091600000000,212.67,213.47,212.64,213.08,80.622,1784095199999999,17166.95433,319,32.387,6895.47654,0
1784095200000000,213.19,213.58,212.81,212.81,60.864,1784098799999999,12973.51785,330,30.575,6519.01173,0
1784098800000000,212.72,212.92,211.68,212.36,158.474,1784102399999999,33641.12538,363,88.167,18710.53394,0
1784102400000000,212.49,212.49,210.71,211.34,115.396,1784105999999999,24388.63334,546,51.822,10949.85196,0
1784106000000000,211.35,211.68,210.98,210.99,75.1,1784109599999999,15864.27831,397,30.739,6495.93372,0
1784109600000000,211.27,212.17,210.86,212.04,62.309,1784113199999999,13170.889,194,32.313,6832.9185,0
1784113200000000,211.85,212.03,211.47,211.51,61.635,1784116799999999,13050.07403,351,28.325,5999.44131,0
1784116800000000,211.59,212.14,211.02,211.42,325.165,1784120399999999,68757.51815,515,227.304,48079.51166,0
1784120400000000,211.61,214.0,210.96,212.0,434.095,1784123999999999,92019.03435,1283,354.073,75057.424,0
1784124000000000,212.15,212.38,209.38,210.23,441.431,1784127599999999,92977.19724,959,300.55,63350.31522,0
1784127600000000,210.17,210.41,208.65,208.87,241.128,1784131199999999,50466.12187,850,125.047,26171.09809,0
1784131200000000,208.71,208.71,206.2,207.34,186.077,1784134799999999,38543.17243,819,86.121,17841.34199,0
1784134800000000,207.45,209.81,207.44,209.81,62.931,1784138399999999,13147.8141,319,46.075,9632.60378,0
1784138400000000,209.81,210.97,209.81,210.53,50.26,1784141999999999,10580.68639,261,41.273,8690.66304,0
1784142000000000,210.53,212.5,210.51,212.47,51.418,1784145599999999,10871.05548,254,30.086,6365.27818,0
1784145600000000,212.5,212.67,212.0,212.0,8.904,1784149199999999,1890.89331,87,2.728,579.68073,0
1784149200000000,212.02,212.25,211.79,211.88,23.591,1784152799999999,5001.89852,98,3.342,708.8291,0
1784152800000000,212.04,212.15,211.23,211.61,16.744,1784156399999999,3544.03929,109,5.979,1266.07772,0
1784156400000000,211.6,211.76,211.13,211.18,25.102,1784159999999999,5308.54041,102,9.428,1994.50651,0
1784160000000000,211.25,211.92,210.54,210.62,58.368,1784163599999999,12318.19853,228,30.651,6473.0384,0
1784163600000000,210.58,211.61,210.25,211.33,90.927,1784167199999999,19169.78757,312,35.597,7513.36476,0
1784167200000000,211.26,211.7,210.88,211.65,61.609,1784170799999999,13017.93625,259,22.552,4765.27922,0
1784170800000000,211.63,211.98,211.51,211.51,26.012,1784174399999999,5507.22731,88,15.496,3281.03807,0
1784174400000000,211.65,211.86,211.22,211.42,36.402,1784177999999999,7697.94939,85,19.83,4194.84113,0
1784178000000000,211.35,212.08,211.05,211.45,32.532,1784181599999999,6881.71236,137,14.241,3013.09128,0
1784181600000000,211.53,211.77,210.74,210.98,56.331,1784185199999999,11903.76766,125,18.634,3937.67373,0
1784185200000000,210.88,211.09,210.34,210.58,93.737,1784188799999999,19750.48278,275,53.012,11172.33398,0
1784188800000000,210.9,210.9,208.81,209.98,584.86,1784192399999999,122586.13358,583,287.095,60300.06798,0
1784192400000000,209.97,210.5,209.37,209.5,80.061,1784195999999999,16821.50277,268,36.17,7599.28264,0
1784196000000000,209.43,210.43,209.37,209.85,173.213,1784199599999999,36345.6663,378,107.833,22625.17162,0
1784199600000000,209.82,209.82,208.57,209.23,161.583,1784203199999999,33789.00609,572,76.938,16087.05151,0
1784203200000000,209.22,209.4,208.59,209.15,153.623,1784206799999999,32113.09509,494,74.534,15579.3748,0
1784206800000000,209.02,211.01,207.27,207.6,565.343,1784210399999999,118269.40748,1516,290.414,60676.91851,0
1784210400000000,207.7,209.11,206.19,206.42,163.441,1784213999999999,33993.11062,712,66.92,13932.47234,0
1784214000000000,206.51,208.15,206.0,207.6,145.093,1784217599999999,30071.58483,462,66.887,13869.09013,0
1784217600000000,207.59,208.1,206.58,207.33,144.468,1784221199999999,29918.75162,305,73.917,15315.69058,0
1784221200000000,207.24,207.59,205.88,206.53,92.345,1784224799999999,19094.67992,266,23.696,4901.46832,0
1784224800000000,206.73,207.35,206.37,206.93,208.243,1784228399999999,43083.28438,529,26.057,5393.03337,0
1784228400000000,207.0,207.62,206.01,207.38,145.748,1784231999999999,30111.87635,473,78.934,16310.43856,0
1784232000000000,207.38,207.39,206.76,206.86,28.386,1784235599999999,5874.50743,69,16.857,3487.4203,0
1784235600000000,206.93,206.95,206.72,206.75,27.196,1784239199999999,5624.95908,131,10.654,2203.86602,0
1784239200000000,206.85,206.85,206.04,206.29,59.274,1784242799999999,12228.69564,259,25.785,5319.11591,0
1784242800000000,206.33,206.33,205.31,205.87,47.441,1784246399999999,9761.90519,200,8.93,1838.2935,0
1784246400000000,205.99,206.54,205.02,205.72,242.658,1784249999999999,49888.32435,475,174.619,35894.7233,0
1784250000000000,205.79,206.12,204.36,204.75,89.341,1784253599999999,18331.23117,265,26.322,5398.09041,0
1784253600000000,204.69,204.87,203.5,203.86,220.652,1784257199999999,45005.91414,656,97.235,19838.20225,0
1784257200000000,203.92,204.83,203.72,203.81,83.425,1784260799999999,17042.14473,239,45.824,9360.47313,0
1784260800000000,203.81,203.81,202.56,202.79,154.34,1784264399999999,31351.65367,368,59.234,12033.26549,0
1784264400000000,202.74,202.82,201.68,202.14,141.74,1784267999999999,28667.58009,402,73.394,14841.25632,0
1784268000000000,202.35,203.23,201.94,202.03,225.186,1784271599999999,45642.2359,584,140.17,28433.02684,0
1784271600000000,201.97,202.13,200.8,201.07,360.686,1784275199999999,72683.20185,802,55.181,11128.64417,0
1784275200000000,201.03,201.88,200.09,201.18,608.071,1784278799999999,122200.64359,1429,137.877,27731.99155,0
1784278800000000,201.13,202.04,200.79,201.85,283.441,1784282399999999,57077.28468,550,54.607,11010.02476,0
1784282400000000,201.82,202.85,201.75,202.03,170.634,1784285999999999,34501.80304,622,60.419,12218.86527,0
1784286000000000,202.03,202.78,201.61,202.7,141.398,1784289599999999,28586.72568,465,46.006,9304.41018,0
1784289600000000,202.61,202.69,201.51,202.36,228.655,1784293199999999,46209.25672,553,109.339,22103.45299,0
1784293200000000,202.3,203.32,198.01,201.7,1516.076,1784296799999999,305066.98905,2529,563.175,112946.87663,0
1784296800000000,201.72,206.25,201.64,203.19,748.803,1784300399999999,152827.11248,1804,289.985,59188.1797,0
1784300400000000,203.05,205.33,202.49,205.18,203.315,1784303999999999,41450.14691,726,93.429,19048.33563,0
1784304000000000,205.18,206.09,204.07,205.84,146.063,1784307599999999,29955.3873,422,52.903,10843.19465,0
1784307600000000,205.64,206.65,204.35,204.47,95.077,1784311199999999,19568.84712,394,46.751,9625.92053,0
1784311200000000,204.54,204.78,202.95,203.37,468.876,1784314799999999,95741.49242,1245,147.869,30204.13034,0
1784314800000000,203.4,203.83,201.77,202.72,118.923,1784318399999999,24146.31264,335,40.305,8180.08637,0
1784318400000000,202.78,202.89,202.25,202.82,56.239,1784321999999999,11396.11713,126,33.07,6701.42675,0
1784322000000000,202.84,202.92,202.61,202.73,82.019,1784325599999999,16632.71024,337,30.128,6110.70674,0
1784325600000000,202.74,202.9,202.55,202.73,169.968,1784329199999999,34457.81533,411,30.451,6174.69838,0
1784329200000000,202.75,202.78,202.55,202.59,61.111,1784332799999999,12380.9931,91,6.211,1258.73034,0
1784332800000000,202.62,203.03,202.49,202.82,181.103,1784336399999999,36728.90799,313,128.041,25969.72171,0
1784336400000000,202.94,203.01,202.65,202.65,140.932,1784339999999999,28599.26553,230,108.328,21985.60494,0
1784340000000000,202.69,202.82,202.44,202.67,33.46,1784343599999999,6779.69822,103,8.566,1736.15965,0
1784343600000000,202.68,202.76,202.57,202.61,83.048,1784347199999999,16833.24691,127,40.239,8157.24756,0
1784347200000000,202.66,202.77,202.43,202.53,171.068,1784350799999999,34669.88057,290,141.341,28647.51908,0
1784350800000000,202.51,202.56,202.23,202.25,77.455,1784354399999999,15674.88339,152,31.042,6282.15463,0
1784354400000000,202.27,202.43,202.1,202.33,47.627,1784357999999999,9632.5487,136,17.993,3640.04684,0
1784358000000000,202.32,202.61,202.28,202.38,39.687,1784361599999999,8034.20739,111,21.773,4407.96223,0
1784361600000000,202.67,202.74,202.36,202.46,35.539,1784365199999999,7197.00541,87,16.377,3316.30247,0
1784365200000000,202.47,202.53,202.18,202.27,53.441,1784368799999999,10812.38659,165,20.824,4213.58234,0
1784368800000000,202.29,202.42,202.05,202.26,77.348,1784372399999999,15642.64939,169,33.433,6761.65569,0
1784372400000000,202.28,202.35,202.05,202.22,59.386,1784375999999999,12008.55341,130,24.389,4932.56473,0
1784376000000000,202.37,202.45,202.21,202.33,74.026,1784379599999999,14979.17234,188,40.846,8266.20461,0
1784379600000000,202.39,202.45,201.98,202.24,137.552,1784383199999999,27814.45625,243,60.124,12160.07066,0
1784383200000000,202.2,202.41,202.13,202.34,74.79,1784386799999999,15128.77965,223,43.291,8757.44223,0
1784386800000000,202.32,202.38,202.22,202.27,59.504,1784390399999999,12038.53488,116,33.307,6738.65243,0
1784390400000000,202.29,202.32,201.98,202.17,108.587,1784393999999999,21951.41828,261,28.064,5674.15621,0
1784394000000000,202.17,202.18,201.92,202.08,50.401,1784397599999999,10183.88838,191,15.198,3071.26003,0
1784397600000000,202.12,202.55,202.05,202.17,79.759,1784401199999999,16133.91473,154,29.624,5992.97266,0
1784401200000000,202.18,202.22,202.03,202.15,27.594,1784404799999999,5577.12826,67,13.325,2693.73886,0
1784404800000000,202.15,202.18,202.04,202.07,16.481,1784408399999999,3330.62184,35,2.504,506.10514,0
1784408400000000,202.15,202.38,202.12,202.34,65.553,1784411999999999,13255.86945,175,24.483,4951.40688,0
1784412000000000,202.34,202.39,202.09,202.19,84.567,1784415599999999,17104.47155,286,46.523,9410.53936,0
1784415600000000,202.24,202.44,202.11,202.19,30.379,1784419199999999,6145.55374,68,7.595,1536.36041,0
1784419200000000,202.21,202.29,201.93,202.16,46.962,1784422799999999,9489.1604,102,12.422,2510.31836,0
1784422800000000,202.12,202.16,201.95,202.08,40.642,1784426399999999,8212.25037,158,22.102,4466.54188,0
1784426400000000,202.12,202.19,201.95,202.17,65.988,1784429999999999,13334.36193,305,28.148,5689.06721,0
1784430000000000,202.18,202.18,201.9,201.96,79.278,1784433599999999,16019.1059,183,31.629,6392.79383,0
1784433600000000,202.03,202.13,201.94,202.05,29.89,1784437199999999,6039.12887,98,10.698,2161.75995,0
1784437200000000,202.09,202.13,201.99,202.06,17.827,1784440799999999,3602.36126,106,10.019,2024.77954,0
1784440800000000,202.04,202.1,201.88,202.02,33.891,1784444399999999,6845.38688,134,14.625,2954.48621,0
1784444400000000,202.03,202.09,201.74,201.74,50.129,1784447999999999,10125.50921,126,11.087,2239.95661,0
1784448000000000,201.86,202.26,201.86,202.22,53.412,1784451599999999,10795.87103,142,32.682,6606.39282,0
1784451600000000,202.23,202.4,201.99,202.28,105.323,1784455199999999,21302.86265,234,41.464,8386.39251,0
1784455200000000,202.35,202.93,202.12,202.55,177.26,1784458799999999,35893.39369,358,74.225,15029.41465,0
1784458800000000,202.54,202.67,202.48,202.54,40.952,1784462399999999,8294.95032,140,15.103,3059.7379,0
1784462400000000,202.53,202.67,202.42,202.49,95.815,1784465999999999,19406.40039,244,32.215,6525.79556,0
1784466000000000,202.51,202.98,202.46,202.91,79.728,1784469599999999,16164.35266,279,34.606,7017.13878,0
1784469600000000,202.84,203.14,202.74,202.91,98.035,1784473199999999,19893.99472,273,53.175,10792.15859,0
1784473200000000,202.96,203.0,202.79,202.88,43.258,1784476799999999,8777.6062,162,20.737,4208.29845,0
1784476800000000,202.88,202.92,202.52,202.56,52.353,1784480399999999,10613.05607,121,18.677,3785.99826,0
1784480400000000,202.6,202.89,202.57,202.57,36.008,1784483999999999,7300.28402,100,14.805,3002.24363,0
1784484000000000,202.61,202.7,202.49,202.64,26.759,1784487599999999,5421.22019,86,14.362,2909.99322,0
1784487600000000,202.64,202.85,202.52,202.79,29.887,1784491199999999,6056.88581,87,11.575,2346.18464,0
1784491200000000,202.85,202.91,202.7,202.8,28.475,1784494799999999,5774.97747,52,9.425,1911.73072,0
1784494800000000,202.81,203.48,202.71,203.37,83.318,1784498399999999,16924.47637,142,52.883,10738.2173,0
1784498400000000,203.39,204.18,203.26,204.03,73.407,1784501999999999,14961.17757,179,32.769,6678.69438,0
1784502000000000,204.04,204.14,203.65,204.07,38.528,1784505599999999,7856.71971,119,13.5,2753.88154,0
1784505600000000,204.05,204.47,202.73,202.78,321.454,1784509199999999,65513.96316,478,75.486,15367.607,0
1784509200000000,203.03,203.6,202.44,202.61,88.993,1784512799999999,18063.11076,215,31.528,6398.24025,0
1784512800000000,202.78,203.66,202.61,203.31,60.425,1784516399999999,12274.6149,169,25.068,5092.17532,0
1784516400000000,203.32,203.71,203.13,203.42,32.418,1784519999999999,6590.70247,164,14.264,2899.89104,0
1784520000000000,203.6,203.83,203.12,203.54,44.192,1784523599999999,8998.04087,138,14.821,3016.95868,0
1784523600000000,203.63,203.63,202.58,202.58,63.465,1784527199999999,12882.52726,226,21.788,4421.56856,0
1784527200000000,202.6,202.78,202.5,202.61,137.91,1784530799999999,27944.47257,404,40.574,8221.92195,0
1784530800000000,202.69,203.84,202.63,203.65,87.685,1784534399999999,17820.64343,389,40.516,8232.02766,0
1784534400000000,203.63,204.0,203.26,203.59,49.152,1784537999999999,10008.07969,181,24.728,5035.99691,0
1784538000000000,203.63,204.2,203.38,203.96,116.543,1784541599999999,23760.35066,424,44.317,9033.78216,0
1784541600000000,203.87,204.99,203.74,204.6,362.609,1784545199999999,74227.5729,293,338.04,69204.59149,0
1784545200000000,204.57,206.29,204.51,205.84,467.066,1784548799999999,95881.73156,1314,410.777,84320.70597,0
1784548800000000,205.54,206.51,205.26,206.03,164.432,1784552399999999,33887.4766,427,57.464,11841.58853,0
1784552400000000,206.0,207.58,205.07,205.68,1098.791,1784555999999999,226559.44711,1595,381.374,78594.65425,0
1784556000000000,205.74,206.42,204.72,205.0,117.375,1784559599999999,24129.80656,433,39.374,8097.12721,0
1784559600000000,204.98,206.48,204.85,205.78,90.907,1784563199999999,18707.37557,337,41.233,8486.32619,0
1784563200000000,205.78,206.64,203.76,203.9,162.269,1784566799999999,33340.12787,345,96.523,19860.18726,0
1784566800000000,203.96,204.48,203.12,204.35,75.284,1784570399999999,15333.97408,168,40.229,8189.34719,0
1784570400000000,204.46,204.91,203.37,203.39,53.404,1784573999999999,10912.19531,167,21.76,4447.63898,0
1784574000000000,203.57,203.57,202.44,203.32,67.557,1784577599999999,13710.79002,222,39.332,7982.8534,0
1784577600000000,203.31,203.33,202.51,202.85,14.798,1784581199999999,3002.57055,59,4.799,973.87013,0
1784581200000000,202.72,202.94,202.69,202.94,27.184,1784584799999999,5513.41193,83,21.516,4364.26499,0
1784584800000000,202.81,202.86,202.33,202.51,60.62,1784588399999999,12277.90511,282,31.698,6421.27063,0
1784588400000000,202.51,203.23,202.42,202.97,36.569,1784591999999999,7420.3625,248,20.02,4062.53477,0
1784592000000000,203.06,203.58,202.42,203.28,78.215,1784595599999999,15881.82522,340,34.682,7044.05661,0
1784595600000000,203.22,203.76,203.01,203.44,53.214,1784599199999999,10823.51575,152,22.959,4671.1235,0
1784599200000000,203.48,203.85,203.1,203.83,39.513,1784602799999999,8040.82138,138,19.759,4021.80974,0
1784602800000000,203.85,204.9,203.85,204.68,36.177,1784606399999999,7394.74888,229,26.09,5333.13956,0
1784606400000000,204.68,204.92,204.51,204.63,25.739,1784609999999999,5268.9045,70,8.599,1760.80249,0
1784610000000000,204.5,204.72,204.33,204.52,54.959,1784613599999999,11240.20739,160,20.267,4146.66775,0
1784613600000000,204.59,205.24,204.55,204.86,70.816,1784617199999999,14518.27128,300,32.317,6626.18073,0
1784617200000000,204.93,205.16,204.78,204.9,72.42,1784620799999999,14842.83013,541,28.731,5888.3086,0
1784620800000000,204.88,205.71,204.88,205.64,52.086,1784624399999999,10698.9866,345,23.644,4857.94515,0
1784624400000000,205.66,205.83,205.33,205.35,102.626,1784627999999999,21089.12914,397,28.704,5900.61245,0
1784628000000000,205.37,205.91,205.32,205.35,138.427,1784631599999999,28467.24375,530,68.652,14120.71353,0
1784631600000000,205.29,205.96,205.14,205.96,77.005,1784635199999999,15820.26737,487,35.812,7358.93174,0
1784635200000000,205.91,206.21,205.5,206.06,154.843,1784638799999999,31885.47346,486,85.036,17514.61217,0
1784638800000000,206.07,208.55,204.96,205.25,264.87,1784642399999999,54786.74975,1203,144.446,29879.5191,0
1784642400000000,205.42,205.92,204.09,205.87,162.938,1784645999999999,33414.26379,489,71.179,14600.41286,0
1784646000000000,205.88,206.83,205.5,205.75,174.315,1784649599999999,35954.27941,514,94.022,19392.01198,0
1784649600000000,205.8,206.45,204.96,205.28,105.038,1784653199999999,21596.82175,386,44.086,9065.84387,0
1784653200000000,205.5,206.83,205.43,206.18,130.617,1784656799999999,26950.7124,332,39.618,8164.60589,0
1784656800000000,206.16,207.17,206.12,207.05,117.423,1784660399999999,24243.43914,158,89.646,18505.7872,0
1784660400000000,207.07,207.72,206.5,207.23,492.414,1784663999999999,101743.48891,399,416.612,86074.83829,0
1784664000000000,207.21,207.21,206.61,207.02,65.127,1784667599999999,13468.45625,70,32.424,6708.42473,0
1784667600000000,206.89,207.07,206.71,206.79,41.598,1784671199999999,8608.65584,154,29.971,6203.16353,0
1784671200000000,206.67,206.76,206.31,206.46,81.365,1784674799999999,16804.36715,348,30.998,6403.73701,0
1784674800000000,206.43,206.55,206.29,206.34,48.173,1784678399999999,9942.60668,144,12.911,2665.24651,0
1784678400000000,206.34,206.74,206.11,206.62,148.716,1784681999999999,30690.30396,334,40.022,8261.66284,0
1784682000000000,206.47,206.47,205.87,206.35,108.098,1784685599999999,22282.32911,159,15.576,3212.83382,0
1784685600000000,206.24,206.45,205.93,205.96,119.217,1784689199999999,24585.61377,125,60.864,12555.80505,0
1784689200000000,206.07,206.42,205.88,206.02,34.475,1784692799999999,7107.39804,118,14.575,3005.27471,0
1784692800000000,206.16,206.26,205.78,205.89,43.33,1784696399999999,8929.37845,141,16.349,3370.67696,0
1784696400000000,205.89,205.89,205.08,205.34,47.055,1784699999999999,9664.96378,134,19.635,4032.44041,0
1784700000000000,205.3,205.44,204.79,205.34,28.16,1784703599999999,5775.78781,111,9.193,1886.40059,0
1784703600000000,205.4,205.79,205.24,205.44,30.889,1784707199999999,6346.13972,110,9.911,2036.20474,0
1784707200000000,205.56,205.63,204.85,205.02,231.787,1784710799999999,47549.9842,454,104.971,21531.3425,0
1784710800000000,205.02,205.47,205.01,205.22,59.107,1784714399999999,12126.09326,178,19.99,4101.81658,0
1784714400000000,205.32,205.9,205.17,205.7,104.556,1784717999999999,21477.02683,249,30.967,6364.32411,0
1784718000000000,205.56,205.83,204.86,204.87,145.748,1784721599999999,29906.03324,446,26.983,5538.08437,0
1784721600000000,204.87,205.28,204.53,204.99,208.455,1784725199999999,42714.09759,373,52.009,10656.37827,0
1784725200000000,205.03,207.96,204.96,207.55,409.195,1784728799999999,84474.08046,802,144.261,29731.35176,0
1784728800000000,207.55,209.4,206.51,209.34,272.893,1784732399999999,56628.40436,1056,126.473,26263.56718,0
1784732400000000,209.3,213.44,209.15,213.21,1083.022,1784735999999999,229626.54211,1203,473.981,100545.99607,0
1784736000000000,213.38,214.21,213.0,213.91,172.487,1784739599999999,36858.17562,416,103.863,22199.98484,0
1784739600000000,213.88,214.38,213.21,213.44,106.261,1784743199999999,22732.32669,250,61.543,13169.14764,0
1784743200000000,213.47,213.82,213.41,213.73,40.087,1784746799999999,8562.82703,97,14.37,3069.5245,0
1784746800000000,213.71,214.0,211.73,212.16,150.885,1784750399999999,32079.40909,250,45.972,9767.40605,0
1784750400000000,212.04,212.87,211.75,212.69,75.966,1784753999999999,16136.53361,160,46.24,9823.87824,0
1784754000000000,212.83,214.31,210.32,210.88,339.478,1784757599999999,72080.88398,516,96.38,20475.43682,0
1784757600000000,210.91,211.35,210.19,211.05,181.537,1784761199999999,38263.84374,1467,67.736,14284.46036,0
1784761200000000,211.01,212.1,210.76,212.0,109.976,1784764799999999,23235.96371,668,75.937,16046.11644,0
1784764800000000,212.02,213.13,211.93,212.92,222.624,1784768399999999,47347.27225,692,58.656,12474.05672,0
1784768400000000,212.82,213.36,211.99,212.11,131.929,1784771999999999,28049.47182,288,48.817,10388.69743,0
1784772000000000,212.06,212.27,211.18,211.41,34.957,1784775599999999,7398.72232,129,8.842,1870.40523,0
1784775600000000,211.47,211.71,211.07,211.55,72.198,1784779199999999,15264.85223,163,21.006,4442.51751,0
1784779200000000,211.42,212.41,211.18,212.15,64.116,1784782799999999,13592.92372,244,23.216,4922.28647,0
1784782800000000,212.21,212.52,211.6,211.94,36.945,1784786399999999,7835.93156,196,15.55,3297.96912,0
1784786400000000,211.93,212.0,211.2,211.28,60.825,1784789999999999,12859.26048,173,17.437,3688.8064,0
1784790000000000,211.13,211.26,210.03,210.69,127.059,1784793599999999,26770.33199,481,59.84,12610.38547,0
1784793600000000,210.69,211.58,210.43,211.56,45.204,1784797199999999,9535.68108,147,21.864,4612.57189,0
1784797200000000,211.55,211.74,210.72,210.84,35.089,1784800799999999,7408.17758,102,7.548,1594.65086,0
1784800800000000,210.72,210.89,210.43,210.86,34.677,1784804399999999,7304.04537,153,17.531,3692.41322,0
1784804400000000,210.97,211.05,209.73,210.59,60.9,1784807999999999,12810.6404,258,21.526,4529.76373,0
1784808000000000,210.62,210.62,209.0,209.01,84.476,1784811599999999,17701.37501,353,39.006,8172.09915,0
1784811600000000,209.08,210.74,208.25,208.87,545.523,1784815199999999,114104.58201,1308,342.368,71589.88594,0
1784815200000000,208.94,209.77,207.21,207.35,473.096,1784818799999999,98589.17198,892,323.261,67344.9057,0
1784818800000000,207.2,208.13,206.08,208.04,290.35,1784822399999999,60155.64783,529,187.065,38782.34754,0
1784822400000000,208.03,210.19,208.03,209.56,81.058,1784825999999999,16971.63454,208,40.897,8563.47806,0
1784826000000000,210.0,210.2,208.93,208.97,50.197,1784829599999999,10520.17642,196,21.678,4543.9229,0
1784829600000000,208.99,208.99,207.36,207.46,32.056,1784833199999999,6678.74469,172,12.469,2598.28542,0
1784833200000000,207.71,208.79,207.02,208.78,65.906,1784836799999999,13682.22813,174,39.77,8259.11362,0
1784836800000000,208.68,209.85,208.67,209.04,37.672,1784840399999999,7875.79363,100,12.944,2707.28754,0
1784840400000000,208.84,208.98,208.22,208.38,39.508,1784843999999999,8236.65058,138,9.477,1975.88178,0
1784844000000000,208.4,208.43,207.54,208.3,70.932,1784847599999999,14748.6944,378,36.799,7653.93521,0
1784847600000000,208.33,208.47,207.71,207.71,109.376,1784851199999999,22766.82733,187,53.965,11238.91972,0
1784851200000000,207.91,208.22,207.36,207.85,52.891,1784854799999999,10987.74563,189,22.586,4693.2201,0
1784854800000000,207.89,208.13,207.45,207.49,13.544,1784858399999999,2815.30539,63,3.093,643.13944,0
1784858400000000,207.45,207.46,206.39,206.56,49.235,1784861999999999,10184.14713,226,22.825,4719.52086,0
1784862000000000,206.53,207.17,206.53,206.62,18.872,1784865599999999,3903.73138,118,8.438,1745.56854,0
1784865600000000,206.62,206.87,206.12,206.55,184.109,1784869199999999,37981.50487,164,68.406,14116.86819,0
1784869200000000,207.06,207.35,206.92,206.95,40.004,1784872799999999,8287.75723,116,8.929,1849.82658,0
1784872800000000,206.99,207.07,206.22,206.51,31.549,1784876399999999,6522.26165,178,17.71,3661.6352,0
1784876400000000,206.65,207.71,206.55,207.51,38.278,1784879999999999,7942.73807,173,19.655,4078.19039,0
1784880000000000,207.46,207.68,206.87,207.42,52.259,1784883599999999,10830.26925,214,31.251,6476.36726,0
1784883600000000,207.51,208.31,207.5,208.11,76.149,1784887199999999,15843.29486,212,41.526,8638.978,0
1784887200000000,208.21,208.25,207.66,207.89,30.337,1784890799999999,6306.67002,99,16.666,3465.01138,0
1784890800000000,207.9,208.61,207.89,208.53,39.687,1784894399999999,8263.17976,142,19.31,4020.2015,0
1784894400000000,208.33,208.85,207.88,207.95,30.685,1784897999999999,6392.45589,177,12.098,2519.80888,0
1784898000000000,207.98,208.38,205.74,206.17,203.661,1784901599999999,42245.03991,685,93.857,19467.95311,0
1784901600000000,206.25,209.47,206.25,209.41,421.283,1784905199999999,87571.96647,1009,230.73,47986.25856,0
1784905200000000,209.46,210.24,208.58,210.24,595.375,1784908799999999,124749.83936,710,311.961,65385.51867,0
1784908800000000,210.21,211.99,209.81,210.43,315.552,1784912399999999,66594.06232,583,249.918,52760.88274,0
1784912400000000,210.27,210.39,209.55,209.68,62.703,1784915999999999,13167.6068,195,13.381,2810.95732,0
1784916000000000,209.79,209.88,206.16,206.27,29.045,1784919599999999,6037.1051,117,12.02,2495.59746,0
1784919600000000,206.64,207.11,205.0,207.11,129.042,1784923199999999,26525.39985,358,55.167,11340.94531,0
1784923200000000,206.94,207.06,206.78,206.99,12.374,1784926799999999,2561.17377,38,5.431,1124.49439,0
1784926800000000,206.98,206.98,206.71,206.8,118.785,1784930399999999,24564.92773,571,3.102,641.50336,0
1784930400000000,206.85,206.88,206.71,206.73,14.253,1784933999999999,2947.02221,55,4.71,974.09284,0
1784934000000000,206.73,206.84,206.62,206.64,41.597,1784937599999999,8597.91878,234,12.156,2512.91732,0
1784937600000000,206.85,206.91,206.48,206.56,27.798,1784941199999999,5745.67463,123,12.459,2575.84083,0
1784941200000000,206.6,206.84,206.52,206.65,28.217,1784944799999999,5831.45364,123,11.741,2426.75728,0
1784944800000000,206.76,207.12,206.66,206.91,29.137,1784948399999999,6029.10816,180,13.821,2860.16287,0
1784948400000000,206.98,207.1,206.91,207.02,15.921,1784951999999999,3295.55181,92,8.409,1740.78271,0
1784952000000000,207.04,207.29,207.01,207.2,16.954,1784955599999999,3511.72113,73,7.104,1471.64261,0
1784955600000000,207.21,207.28,207.07,207.09,18.912,1784959199999999,3918.17536,169,9.382,1943.9537,0
1784959200000000,207.14,207.22,207.06,207.22,10.425,1784962799999999,2159.27721,107,6.514,1349.31379,0
1784962800000000,207.18,207.29,207.07,207.08,29.095,1784966399999999,6027.16853,116,13.646,2827.3449,0
1784966400000000,207.14,207.34,207.03,207.23,26.428,1784969999999999,5474.78758,176,16.313,3379.69611,0
1784970000000000,207.29,207.29,206.88,207.03,63.288,1784973599999999,13104.26175,114,8.143,1686.99115,0
1784973600000000,207.17,207.31,207.07,207.14,33.66,1784977199999999,6972.77834,99,9.488,1965.96689,0
1784977200000000,207.25,207.25,207.07,207.11,16.322,1784980799999999,3381.06565,86,8.632,1788.32541,0
1784980800000000,207.07,207.2,207.03,207.1,29.488,1784984399999999,6106.55869,161,17.039,3528.99101,0
1784984400000000,207.1,207.4,207.03,207.28,29.126,1784987999999999,6035.20939,75,12.053,2498.20623,0
1784988000000000,207.19,207.58,207.17,207.49,36.224,1784991599999999,7512.18053,116,18.566,3850.5488,0
1784991600000000,207.59,207.68,207.44,207.51,56.166,1784995199999999,11659.60774,219,27.758,5762.79095,0
1784995200000000,207.51,207.62,207.35,207.48,28.265,1784998799999999,5863.62676,105,11.98,2485.39102,0
1784998800000000,207.48,207.85,207.48,207.76,11.423,1785002399999999,2372.85087,48,5.268,1094.35132,0
1785002400000000,207.8,207.96,207.71,207.84,47.357,1785005999999999,9845.4208,63,30.007,6239.1127,0
1785006000000000,207.82,208.04,207.82,207.91,4.045,1785009599999999,840.95141,17,2.756,572.99124,0
1785009600000000,207.96,208.05,207.89,207.95,8.239,1785013199999999,1713.26115,30,2.09,434.6365,0
1785013200000000,207.95,207.99,207.85,207.91,5.345,1785016799999999,1111.36869,31,4.323,898.91793,0
1785016800000000,207.99,208.12,207.96,208.08,10.381,1785020399999999,2159.48651,24,4.447,925.28269,0
1785020400000000,208.05,208.18,207.96,208.0,15.966,1785023999999999,3321.57702,50,9.55,1986.98781,0
1785024000000000,208.06,208.18,208.01,208.08,17.151,1785027599999999,3568.55377,70,9.026,1878.04821,0
1785027600000000,208.16,208.44,208.16,208.26,20.552,1785031199999999,4280.48765,59,10.434,2173.10667,0
1785031200000000,208.23,208.3,208.16,208.17,21.451,1785034799999999,4466.54578,98,9.488,1975.70443,0
1785034800000000,208.17,208.3,207.82,208.21,110.467,1785038399999999,22968.68867,92,12.604,2621.82626,0
1785038400000000,208.26,208.3,208.04,208.04,23.582,1785041999999999,4908.82507,105,12.881,2681.53055,0
1785042000000000,208.09,208.18,208.04,208.1,19.751,1785045599999999,4110.44324,93,8.42,1752.32683,0
1785045600000000,208.11,208.16,207.92,208.1,20.345,1785049199999999,4233.34598,131,9.77,2033.05396,0
1785049200000000,208.13,208.17,208.0,208.08,12.225,1785052799999999,2543.791,101,4.971,1034.4744,0
1785052800000000,208.11,208.15,207.89,207.92,15.326,1785056399999999,3188.62777,69,3.513,730.98422,0
1785056400000000,208.05,208.05,207.92,207.97,15.095,1785059999999999,3139.59231,115,7.378,1534.62633,0
1785060000000000,207.99,208.13,207.97,208.08,8.094,1785063599999999,1683.9881,74,4.06,844.73738,0
1785063600000000,208.15,208.19,208.12,208.13,13.432,1785067199999999,2795.94589,48,3.253,677.14993,0
1785067200000000,208.14,208.16,207.78,207.85,33.714,1785070799999999,7013.31767,110,16.11,3351.81346,0
1785070800000000,207.81,207.88,207.75,207.81,24.09,1785074399999999,5006.148,90,10.562,2195.07928,0
1785074400000000,208.01,208.01,207.7,207.99,24.081,1785077999999999,5006.26134,76,8.801,1830.04118,0
1785078000000000,208.0,208.15,207.95,208.09,59.414,1785081599999999,12358.78466,76,11.738,2442.33735,0
1785081600000000,208.11,208.34,208.11,208.22,6.94,1785085199999999,1445.08557,58,4.762,991.62031,0
1785085200000000,208.17,208.3,208.17,208.26,2.798,1785088799999999,582.64176,29,1.622,337.78556,0
1785088800000000,208.27,208.66,208.25,208.46,11.756,1785092399999999,2450.17745,67,6.332,1319.95377,0
1785092400000000,208.37,208.52,208.37,208.46,2.75,1785095999999999,573.17688,18,0.694,144.67451,0
1785096000000000,208.38,208.44,208.33,208.39,5.793,1785099599999999,1207.13018,25,1.543,321.53688,0
1785099600000000,208.41,208.52,208.25,208.35,4.676,1785103199999999,974.47681,33,2.09,435.62468,0
1785103200000000,208.5,209.24,208.46,209.06,114.118,1785106799999999,23855.094,253,75.743,15833.34591,0
1785106800000000,209.11,209.79,209.06,209.75,129.983,1785110399999999,27218.4171,232,27.81,5820.72815,0
1785110400000000,209.66,209.81,208.68,209.06,134.117,1785113999999999,28046.56126,371,12.366,2587.90132,0
1785114000000000,208.99,209.15,207.92,208.82,99.476,1785117599999999,20739.12195,167,78.944,16459.37633,0
1785117600000000,208.91,209.27,208.7,208.97,6.136,1785121199999999,1282.31008,49,3.376,705.76811,0
1785121200000000,209.03,209.1,208.56,208.57,28.863,1785124799999999,6028.45502,147,6.933,1448.32379,0
1785124800000000,208.54,208.93,208.34,208.74,18.224,1785128399999999,3801.48729,152,3.872,808.25265,0
1785128400000000,208.75,209.39,208.7,209.29,19.703,1785131999999999,4118.96889,187,15.842,3312.02332,0
1785132000000000,209.34,209.78,209.31,209.36,26.149,1785135599999999,5481.5691,239,8.996,1885.64703,0
1785135600000000,209.34,209.6,209.1,209.1,20.068,1785139199999999,4202.0603,91,11.445,2397.031,0
1785139200000000,209.1,209.59,208.98,209.53,49.535,1785142799999999,10372.66323,220,38.699,8104.18812,0
1785142800000000,209.53,209.53,209.13,209.28,17.177,1785146399999999,3594.18556,114,7.579,1585.63444,0
1785146400000000,209.28,209.28,208.51,208.59,88.897,1785149999999999,18564.75565,204,41.431,8653.26778,0
1785150000000000,208.58,208.66,207.91,208.13,66.264,1785153599999999,13795.96318,163,54.157,11276.43874,0
1785153600000000,208.32,208.53,208.0,208.49,24.96,1785157199999999,5198.32181,106,18.741,3902.69524,0
1785157200000000,208.43,209.02,201.36,201.85,775.463,1785160799999999,158744.09767,2002,273.667,56022.68687,0
1785160800000000,201.89,203.02,197.65,199.94,488.294,1785164399999999,97621.20654,1697,194.221,38871.65497,0
1785164400000000,199.95,199.98,196.1,197.73,707.982,1785167999999999,139900.45972,1112,144.816,28594.36871,0
1785168000000000,197.8,198.65,196.32,196.39,182.62,1785171599999999,36065.66023,581,71.315,14100.90552,0
1785171600000000,196.44,196.9,195.61,196.9,154.683,1785175199999999,30328.33245,272,131.302,25746.70488,0
1785175200000000,196.9,197.68,196.19,197.45,121.213,1785178799999999,23850.84639,330,76.22,15004.32063,0
1785178800000000,197.44,198.0,196.49,196.64,86.054,1785182399999999,16961.86622,259,38.918,7674.37315,0
1785182400000000,196.61,197.19,196.59,197.15,59.22,1785185999999999,11659.7142,64,51.234,10088.29226,0
1785186000000000,196.99,197.22,196.99,197.11,15.455,1785189599999999,3046.3758,28,5.611,1105.94816,0
1785189600000000,197.11,197.18,196.3,196.35,58.567,1785193199999999,11515.66766,120,16.351,3215.16973,0
1785193200000000,196.25,196.59,196.18,196.27,49.317,1785196799999999,9684.24951,91,28.525,5601.53263,0
1785196800000000,196.27,196.62,195.64,195.75,723.73,1785200399999999,141864.37048,538,132.753,26032.25198,0
1785200400000000,195.66,195.79,194.87,194.97,230.291,1785203999999999,44961.31001,426,60.951,11907.58927,0
1785204000000000,194.94,194.97,194.0,194.13,419.951,1785207599999999,81616.95098,553,80.607,15683.95814,0
1785207600000000,194.21,195.0,193.78,194.92,151.258,1785211199999999,29419.00149,240,103.959,20221.44764,0
1785211200000000,194.78,194.86,194.0,194.19,158.254,1785214799999999,30731.76214,383,80.898,15710.47187,0
1785214800000000,194.2,194.39,193.19,193.19,225.671,1785218399999999,43710.48472,312,54.298,10521.11315,0
1785218400000000,193.29,194.19,193.01,194.06,207.524,1785221999999999,40177.66263,244,45.212,8746.49322,0
1785222000000000,194.19,194.33,193.71,194.05,90.589,1785225599999999,17578.31525,166,29.691,5762.64093,0
1785225600000000,194.06,195.13,193.39,194.63,196.496,1785229199999999,38132.94121,422,126.733,24598.36021,0
1785229200000000,194.63,194.84,194.3,194.53,57.263,1785232799999999,11138.68641,182,23.484,4570.27293,0
1785232800000000,194.63,194.86,194.0,194.47,197.173,1785236399999999,38296.70877,241,47.079,9145.64971,0
1785236400000000,194.61,195.66,194.15,195.58,131.846,1785239999999999,25680.57377,329,89.877,17506.06907,0
1785240000000000,195.58,196.15,195.44,195.54,205.585,1785243599999999,40244.88745,394,111.475,21827.94686,0
1785243600000000,195.59,196.71,192.9,193.59,1907.283,1785247199999999,371932.50581,1909,826.709,161395.98705,0
1785247200000000,193.64,197.46,192.72,196.74,1251.898,1785250799999999,243328.42917,1841,530.381,103160.60903,0
1785250800000000,196.77,198.44,195.84,198.36,296.864,1785254399999999,58462.29301,542,167.316,32960.08385,0
1785254400000000,198.19,198.52,196.65,198.08,102.268,1785257999999999,20217.63445,230,46.934,9280.58429,0
1785258000000000,198.03,198.11,196.79,196.91,328.716,1785261599999999,64951.50304,401,204.224,40364.66256,0
1785261600000000,197.34,197.36,196.74,197.04,103.094,1785265199999999,20310.51973,228,45.236,8912.16447,0
1785265200000000,197.46,198.12,197.06,197.16,303.949,1785268799999999,60082.26956,401,68.862,13604.09322,0
1785268800000000,197.15,197.55,196.19,197.18,62.599,1785272399999999,12320.11097,208,38.181,7517.42256,0
1785272400000000,197.3,197.45,196.91,197.12,4.101,1785275999999999,809.26994,19,3.841,758.00658,0
1785276000000000,197.22,197.3,195.64,195.64,158.475,1785279599999999,31057.45844,208,20.722,4069.66519,0
1785279600000000,195.62,197.62,195.2,197.61,585.005,1785283199999999,114658.73557,1151,304.033,59587.31944,0
1785283200000000,197.66,198.62,197.06,197.26,113.912,1785286799999999,22533.93568,266,40.052,7923.71445,0
1785286800000000,197.08,197.38,195.2,195.28,95.977,1785290399999999,18819.36392,275,25.135,4934.88073,0
1785290400000000,195.32,196.62,195.16,196.18,268.957,1785293999999999,52675.4146,419,57.472,11258.96793,0
1785294000000000,196.16,196.48,194.83,194.94,162.474,1785297599999999,31792.52532,239,64.121,12576.43695,0
1785297600000000,194.97,195.23,194.26,195.02,335.472,1785301199999999,65298.44838,580,103.546,20179.04927,0
1785301200000000,195.11,196.19,194.88,195.3,143.293,1785304799999999,28012.97549,348,65.932,12878.25249,0
1785304800000000,195.36,196.75,194.8,196.63,91.497,1785308399999999,17926.19037,258,22.347,4369.52339,0
1785308400000000,196.63,197.17,196.28,196.36,205.707,1785311999999999,40452.88162,764,52.601,10352.03617,0
1785312000000000,196.47,196.82,195.76,196.71,187.761,1785315599999999,36865.80897,323,32.68,6420.89223,0
1785315600000000,196.73,198.2,196.73,198.07,120.995,1785319199999999,23887.28919,348,60.267,11900.71846,0
1785319200000000,198.21,198.28,196.88,196.98,131.478,1785322799999999,25988.81728,344,51.824,10241.55014,0
1785322800000000,196.89,197.74,196.85,197.57,302.318,1785326399999999,59681.40911,354,57.963,11446.28248,0
1785326400000000,197.58,197.58,196.39,196.98,374.607,1785329999999999,73805.48249,650,114.544,22561.81782,0
1785330000000000,197.01,197.2,192.92,193.59,950.17,1785333599999999,186259.97158,1654,258.416,50616.78384,0
1785333600000000,193.58,193.74,191.1,192.72,638.498,1785337199999999,123006.38922,1439,255.583,49204.83397,0
1785337200000000,192.63,193.19,191.59,192.11,1550.852,1785340799999999,298702.73379,1862,204.898,39471.99511,0
1785340800000000,192.08,192.28,190.96,192.14,210.463,1785344399999999,40297.81326,381,102.318,19601.16313,0
1785344400000000,192.14,193.16,191.95,192.53,61.708,1785347999999999,11879.80236,242,31.439,6052.18708,0
1785348000000000,192.64,196.39,192.57,196.02,447.009,1785351599999999,86773.92662,722,343.934,66792.7456,0
1785351600000000,196.01,196.26,190.08,190.39,576.994,1785355199999999,110513.00143,760,92.088,17691.9089,0
1785355200000000,190.39,190.39,189.04,189.91,233.292,1785358799999999,44306.29205,618,114.78,21798.18911,0
1785358800000000,189.98,190.16,188.88,189.42,59.334,1785362399999999,11244.19274,232,15.415,2925.53254,0
1785362400000000,189.48,192.11,189.48,191.11,453.015,1785365999999999,86733.74768,423,145.756,27879.38061,0
1785366000000000,191.17,191.84,191.1,191.35,53.021,1785369599999999,10145.95959,145,27.094,5184.6348,0
1785369600000000,191.33,192.16,191.06,191.48,145.769,1785373199999999,27948.57839,277,86.56,16596.16517,0
1785373200000000,191.63,193.46,191.42,192.91,72.968,1785376799999999,14033.56184,227,30.78,5918.97569,0
1785376800000000,192.91,193.04,191.59,191.59,40.622,1785380399999999,7810.62241,140,18.341,3528.10465,0
1785380400000000,191.63,191.75,190.8,191.5,272.811,1785383999999999,52178.85496,469,92.546,17703.26468,0
1785384000000000,191.49,191.76,190.69,190.76,64.19,1785387599999999,12275.16644,197,13.647,2611.48497,0
1785387600000000,190.7,191.81,190.58,191.56,36.996,1785391199999999,7077.80009,147,18.178,3474.26692,0
1785391200000000,191.65,192.03,191.51,191.58,31.911,1785394799999999,6120.18126,126,18.991,3642.20837,0
1785394800000000,191.45,191.92,190.71,191.03,83.024,1785398399999999,15884.88925,205,60.953,11662.55596,0
1785398400000000,191.17,192.2,190.4,191.69,122.064,1785401999999999,23393.34402,251,87.807,16823.86254,0
1785402000000000,191.75,192.69,191.61,191.95,39.546,1785405599999999,7599.84513,138,16.105,3096.58364,0
1785405600000000,191.9,192.93,191.8,192.8,54.699,1785409199999999,10523.17153,125,39.461,7589.70559,0
1785409200000000,192.62,193.73,192.62,193.58,91.185,1785412799999999,17625.365,617,51.506,9957.13991,0
1785412800000000,193.51,194.31,193.37,194.25,77.261,1785416399999999,14992.6775,137,60.983,11835.40919,0
1785416400000000,194.32,195.63,191.75,195.63,855.464,1785419999999999,164962.29058,1193,397.363,76817.68064,0
1785420000000000,195.68,197.32,194.47,195.01,290.721,1785423599999999,57030.26385,486,110.386,21674.40266,0
1785423600000000,194.64,195.36,192.83,193.26,919.812,1785427199999999,177930.55325,716,152.314,29481.03547,0
1785427200000000,193.26,194.54,192.81,193.61,248.782,1785430799999999,48135.8342,366,38.143,7391.71776,0
1785430800000000,193.6,194.15,193.29,193.91,182.76,1785434399999999,35428.68142,363,91.156,17669.29393,0
1785434400000000,194.05,194.15,193.32,193.51,80.659,1785437999999999,15632.5179,171,16.01,3102.29088,0
1785438000000000,194.18,195.46,194.14,195.28,306.187,1785441599999999,59774.11013,268,278.575,54393.76659,0
1785441600000000,195.19,196.44,195.1,195.74,82.203,1785445199999999,16079.50851,151,19.177,3754.65583,0
1785445200000000,195.74,196.99,195.47,195.71,110.472,1785448799999999,21680.85217,107,46.274,9098.70336,0
1785448800000000,195.7,196.31,195.52,196.17,143.824,1785452399999999,28194.01506,182,18.898,3705.1611,0
1785452400000000,196.31,196.9,196.19,196.9,161.567,1785455999999999,31739.63952,204,6.204,1218.22007,0
1785456000000000,196.82,198.12,196.6,198.06,104.651,1785459599999999,20677.57607,239,61.196,12095.37995,0
1785459600000000,198.19,198.76,197.48,197.54,212.881,1785463199999999,42209.82014,331,40.586,8046.80597,0
1785463200000000,197.55,197.99,196.8,197.53,590.127,1785466799999999,116380.14643,2011,260.358,51367.76786,0
1785466800000000,197.55,198.0,197.21,197.72,328.414,1785470399999999,64835.97405,726,37.839,7471.44431,0
1785470400000000,197.51,198.72,197.51,198.65,69.823,1785473999999999,13834.71926,107,63.578,12595.90488,0
1785474000000000,198.5,198.9,198.23,198.67,117.935,1785477599999999,23428.83261,206,46.619,9265.25885,0
1785477600000000,198.66,198.89,197.21,197.57,239.54,1785481199999999,47530.24355,383,66.362,13153.06852,0
1785481200000000,197.5,198.67,197.29,198.52,101.322,1785484799999999,20088.75743,260,68.525,13587.77715,0
1785484800000000,198.35,198.93,198.08,198.66,236.96,1785488399999999,47017.68202,320,199.576,39605.61012,0
1785488400000000,198.75,198.85,197.97,197.97,69.062,1785491999999999,13700.58947,96,42.334,8395.60104,0
1785492000000000,198.0,198.34,197.81,197.81,36.028,1785495599999999,7136.02682,125,10.616,2104.12804,0
1785495600000000,197.98,198.36,197.36,197.7,270.07,1785499199999999,53449.63565,405,244.118,48319.52258,0
1785499200000000,197.66,197.66,196.68,197.1,194.377,1785502799999999,38302.26665,543,84.587,16677.5014,0
1785502800000000,197.02,200.15,197.01,197.9,564.715,1785506399999999,112232.26423,966,357.268,71107.95796,0
1785506400000000,197.93,198.98,195.1,198.38,2613.789,1785509999999999,513477.87419,2040,1118.652,219879.08766,0
1785510000000000,198.25,198.35,195.75,196.5,506.739,1785513599999999,99540.84707,878,364.356,71517.55924,0
1785513600000000,196.69,198.58,196.5,198.49,202.117,1785517199999999,39896.70439,384,102.981,20319.43157,0
1785517200000000,198.51,200.0,198.31,199.67,322.49,1785520799999999,64316.95141,357,43.971,8761.46924,0
1785520800000000,199.75,199.97,198.63,199.06,128.908,1785524399999999,25687.48599,204,65.525,13058.83715,0
1785524400000000,199.09,202.15,198.5,200.81,621.503,1785527999999999,124817.7726,737,392.027,78653.66441,0
1785528000000000,200.85,201.01,199.82,199.82,778.733,1785531599999999,155819.41289,315,233.97,46820.88352,0
1785531600000000,199.85,200.3,199.19,199.22,43.863,1785535199999999,8765.52204,91,27.061,5406.68876,0
1785535200000000,199.25,199.44,199.11,199.33,53.117,1785538799999999,10585.7763,108,30.672,6113.48675,0
1785538800000000,199.32,199.41,199.14,199.26,46.508,1785542399999999,9267.76641,96,19.523,3891.56914,0
1785542400000000,199.25,199.77,199.17,199.29,121.433,1785545999999999,24215.63344,129,58.448,11655.75949,0
1785546000000000,199.39,199.58,199.09,199.32,157.173,1785549599999999,31326.51462,211,61.926,12346.01225,0
1785549600000000,199.47,199.74,199.38,199.74,83.316,1785553199999999,16625.79584,141,31.158,6219.38294,0
1785553200000000,199.62,199.82,199.47,199.61,137.866,1785556799999999,27522.70078,180,62.093,12399.16868,0
1785556800000000,199.62,199.83,199.52,199.79,83.415,1785560399999999,16658.89058,132,46.225,9233.29394,0
1785560400000000,199.8,199.94,199.61,199.62,157.098,1785563999999999,31391.83408,187,86.624,17311.38901,0
1785564000000000,199.65,199.75,199.41,199.63,92.27,1785567599999999,18414.58216,182,22.062,4403.76371,0
1785567600000000,199.62,199.89,199.54,199.76,135.116,1785571199999999,26983.42924,200,42.987,8584.88232,0
1785571200000000,199.85,200.19,199.34,199.49,212.304,1785574799999999,42373.08471,309,65.295,13035.10954,0
1785574800000000,199.54,199.98,199.5,199.84,157.705,1785578399999999,31496.47103,266,69.955,13974.17736,0
1785578400000000,199.84,200.17,199.71,199.93,221.901,1785581999999999,44359.57188,370,94.041,18803.55268,0
1785582000000000,199.93,200.19,199.89,200.03,110.827,1785585599999999,22166.63674,249,49.541,9910.55272,0
1785585600000000,199.96,200.19,199.63,199.95,220.916,1785589199999999,44175.05546,280,123.248,24645.78592,0
1785589200000000,199.95,200.04,199.69,199.82,116.695,1785592799999999,23326.77499,204,72.917,14578.32655,0
1785592800000000,199.74,199.89,199.51,199.61,133.089,1785596399999999,26577.00217,243,54.025,10791.46262,0
1785596400000000,199.61,199.67,199.3,199.4,156.169,1785599999999999,31156.42134,245,88.725,17703.30581,0
1785600000000000,199.38,199.43,199.22,199.31,16.388,1785603599999999,3266.78071,59,5.991,1194.40437,0
1785603600000000,199.41,199.53,199.26,199.43,44.421,1785607199999999,8855.81672,88,29.302,5842.28974,0
1785607200000000,199.33,199.37,198.91,198.99,59.307,1785610799999999,11812.34513,134,23.315,4643.74644,0
1785610800000000,198.97,199.08,198.8,198.89,29.315,1785614399999999,5830.61872,59,19.381,3854.55105,0
1785614400000000,198.89,199.02,198.78,198.95,93.775,1785617999999999,18649.01077,240,78.025,15516.60952,0
1785618000000000,198.78,199.38,198.61,199.38,38.666,1785621599999999,7695.25714,76,22.658,4509.14272,0
1785621600000000,199.24,199.3,198.99,199.2,23.564,1785625199999999,4692.2199,45,5.901,1175.32392,0
1785625200000000,199.12,199.26,199.07,199.24,13.624,1785628799999999,2713.50827,35,3.448,686.91576,0
1785628800000000,199.15,199.4,199.15,199.22,27.602,1785632399999999,5500.6889,57,13.976,2785.18531,0
1785632400000000,199.33,199.4,199.08,199.16,46.865,1785635999999999,9339.54694,99,18.213,3630.40274,0
1785636000000000,199.16,200.5,199.02,200.29,136.281,1785639599999999,27266.0815,488,59.993,11999.66386,0
1785639600000000,200.22,200.49,200.22,200.43,27.926,1785643199999999,5596.01233,154,18.643,3735.91457,0
1785643200000000,200.44,200.49,200.28,200.41,75.306,1785646799999999,15092.57739,190,18.356,3679.07954,0
1785646800000000,200.41,200.5,200.31,200.41,55.103,1785650399999999,11042.52508,120,14.715,2949.58608,0
1785650400000000,200.49,200.5,200.28,200.28,66.606,1785653999999999,13347.2957,144,26.234,5257.45236,0
1785654000000000,200.29,200.5,200.26,200.5,55.608,1785657599999999,11145.09144,161,32.027,6419.77204,0
1785657600000000,200.5,200.71,200.27,200.55,321.681,1785661199999999,64495.95526,500,185.177,37138.8579,0
1785661200000000,200.55,200.56,200.31,200.31,45.9,1785664799999999,9200.07754,144,24.476,4906.50394,0
1785664800000000,200.46,200.46,200.11,200.25,87.746,1785668399999999,17574.98733,170,40.843,8181.51227,0
1785668400000000,200.25,200.47,200.05,200.1,110.267,1785671999999999,22079.79258,389,81.629,16346.81892,0
1785672000000000,200.27,200.8,199.96,200.76,1228.505,1785675599999999,246286.91669,1051,1003.033,201124.69005,0
1785675600000000,200.63,200.98,200.52,200.74,1067.11,1785679199999999,214241.10918,1364,867.042,174089.25768,0
1785679200000000,200.76,200.88,200.52,200.81,322.772,1785682799999999,64766.57086,498,146.582,29418.73388,0
1785682800000000,200.65,200.88,200.59,200.76,210.122,1785686399999999,42178.39616,411,83.681,16800.67718,0
1785686400000000,200.78,200.97,200.61,200.83,341.849,1785689999999999,68640.74283,561,175.494,35244.3862,0
1785690000000000,200.77,201.03,200.61,200.76,259.692,1785693599999999,52155.75668,275,133.48,26811.75778,0
1785693600000000,200.84,201.22,200.73,201.13,248.867,1785697199999999,50019.66912,301,140.575,28260.70134,0
1785697200000000,201.14,201.72,200.94,201.64,201.431,1785700799999999,40526.53334,377,78.219,15737.95955,0
1785700800000000,201.64,201.9,200.72,200.75,224.824,1785704399999999,45251.70428,377,72.509,14598.59342,0
1785704400000000,200.77,201.49,198.23,199.84,2160.4,1785707999999999,431333.57235,2747,1439.726,287419.92705,0
1785708000000000,200.02,200.57,199.84,200.08,235.519,1785711599999999,47130.43837,207,97.363,19487.02987,0
1785711600000000,200.12,200.54,199.78,200.45,150.235,1785715199999999,30065.76191,172,65.496,13107.78475,0
1785715200000000,200.51,201.82,200.51,201.58,330.79,1785718799999999,66516.33572,375,100.126,20145.69721,0
1785718800000000,201.54,202.15,201.51,201.97,175.522,1785722399999999,35447.63252,95,155.966,31500.65415,0
1785722400000000,202.15,202.35,201.49,202.15,601.209,1785725999999999,121318.26274,428,92.419,18676.79648,0
1785726000000000,202.13,202.47,201.83,202.18,217.342,1785729599999999,43942.07084,344,137.182,27743.29948,0
1785729600000000,202.1,203.16,202.0,202.61,278.747,1785733199999999,56512.32579,326,173.431,35180.78508,0
1785733200000000,202.53,202.69,202.15,202.28,478.882,1785736799999999,96910.17404,649,147.802,29916.72776,0
1785736800000000,202.31,202.36,201.62,201.79,203.333,1785740399999999,41073.75916,406,90.782,18343.12037,0
1785740400000000,201.78,202.07,201.31,201.57,323.243,1785743999999999,65196.60341,423,149.901,30234.41494,0
1785744000000000,201.59,201.77,200.12,201.04,583.136,1785747599999999,117028.61605,1046,334.355,67113.15876,0
1785747600000000,201.22,201.22,200.7,201.1,249.985,1785751199999999,50218.45453,490,128.4,25796.21319,0
1785751200000000,201.06,201.13,200.01,200.58,319.484,1785754799999999,64057.94945,415,178.837,35856.67302,0
1785754800000000,200.5,200.57,198.76,198.87,430.464,1785758399999999,85903.43005,432,322.509,64323.58744,0
1785758400000000,198.76,199.16,198.42,198.62,538.409,1785761999999999,107034.95861,461,318.4,63306.70638,0
1785762000000000,198.85,202.22,197.39,202.22,1331.767,1785765599999999,264952.33386,1635,665.296,132036.17793,0
1785765600000000,202.33,206.98,201.76,206.69,3784.966,1785769199999999,774925.82735,3934,1844.052,378362.61497,0
1785769200000000,206.61,207.59,206.5,207.15,1589.876,1785772799999999,329144.31506,1690,1169.651,242144.57689,0
1785772800000000,206.99,207.65,206.9,207.26,225.598,1785776399999999,46756.66255,501,142.081,29452.10566,0
1785776400000000,207.08,208.75,207.08,208.34,154.659,1785779999999999,32153.66037,284,76.817,15962.05354,0
1785780000000000,208.27,208.79,207.73,208.17,49.95,1785783599999999,10398.29421,88,23.566,4907.16645,0
1785783600000000,208.32,208.77,206.25,206.91,497.149,1785787199999999,103182.60244,355,72.849,15093.18811,0
1785787200000000,206.78,206.96,206.4,206.93,35.222,1785790799999999,7279.69364,64,16.886,3489.54238,0
1785790800000000,206.95,207.2,206.83,207.09,128.346,1785794399999999,26575.48946,144,84.917,17587.72708,0
1785794400000000,207.0,207.55,207.0,207.32,173.491,1785797999999999,35956.36375,184,146.036,30265.06912,0
1785798000000000,207.28,207.28,206.99,207.07,34.421,1785801599999999,7128.73703,66,11.85,2454.80572,0
1785801600000000,207.08,207.28,206.01,206.24,582.636,1785805199999999,120325.77205,477,495.763,102360.44357,0
1785805200000000,206.0,207.68,205.9,207.68,212.836,1785808799999999,43996.28899,234,81.074,16733.66162,0
1785808800000000,207.69,207.7,206.81,207.19,181.893,1785812399999999,37680.00678,285,97.738,20249.27559,0
1785812400000000,207.21,207.69,206.69,207.45,337.443,1785815999999999,69929.11667,280,208.188,43151.79325,0
1785816000000000,207.43,207.7,207.07,207.56,92.644,1785819599999999,19222.19224,156,53.943,11194.49084,0
1785819600000000,207.5,208.13,207.29,208.13,86.69,1785823199999999,18009.20516,162,43.319,8997.29929,0
1785823200000000,208.13,208.53,207.66,207.77,259.18,1785826799999999,53949.31716,295,158.939,33092.0933,0
1785826800000000,207.94,208.57,207.64,208.42,224.157,1785830399999999,46663.41581,307,84.881,17669.0556,0
1785830400000000,208.42,209.09,208.4,208.68,491.436,1785833999999999,102545.24452,377,421.523,87965.49785,0
1785834000000000,208.66,208.85,208.38,208.67,240.487,1785837599999999,50176.77344,190,166.651,34767.48847,0
1785837600000000,208.64,209.06,208.64,208.75,362.102,1785841199999999,75618.55588,378,291.58,60889.27721,0
1785841200000000,208.81,210.81,208.81,210.78,606.225,1785844799999999,126991.71564,724,440.31,92199.69013,0
1785844800000000,210.78,210.79,210.13,210.39,728.768,1785848399999999,153328.10208,729,556.488,117078.74361,0
1785848400000000,210.38,212.15,209.58,210.04,1404.633,1785851999999999,296331.76626,1401,762.701,160869.72085,0
1785852000000000,210.15,211.19,209.48,209.94,1552.074,1785855599999999,326270.87047,1806,908.653,190954.06435,0
1785855600000000,209.87,211.06,209.56,210.87,801.26,1785859199999999,168479.3867,739,378.7,79636.5489,0
1785859200000000,210.93,211.19,210.1,210.96,1222.682,1785862799999999,257644.08757,1224,851.555,179433.44036,0
1785862800000000,211.0,212.2,210.57,211.74,1399.353,1785866399999999,295831.1714,1347,749.672,158510.16135,0
1785866400000000,211.77,213.15,211.38,213.09,614.689,1785869999999999,130482.71135,656,356.456,75702.20559,0
1785870000000000,213.06,213.2,212.01,212.1,513.46,1785873599999999,109198.86933,843,277.357,58981.27376,0
1785873600000000,212.05,213.71,209.82,213.67,2321.974,1785877199999999,490855.7438,2137,1443.196,304765.34447,0
1785877200000000,213.73,217.12,213.54,215.21,1456.574,1785880799999999,313728.55981,1736,801.309,172736.96732,0
1785880800000000,215.21,216.45,214.93,216.44,276.812,1785884399999999,59666.77328,274,108.923,23479.08665,0
1785884400000000,216.5,217.09,216.14,216.48,201.522,1785887999999999,43648.5482,256,96.345,20863.73567,0
1785888000000000,216.39,216.8,216.05,216.4,328.512,1785891599999999,71088.0989,444,94.424,20433.61939,0
1785891600000000,216.38,216.61,216.01,216.36,224.756,1785895199999999,48607.19984,307,115.131,24897.39551,0
1785895200000000,216.52,216.55,216.17,216.43,215.167,1785898799999999,46556.92717,393,152.161,32926.40989,0
1785898800000000,216.47,216.85,216.47,216.77,144.209,1785902399999999,31247.29659,244,56.414,12223.54993,0
1785902400000000,216.78,217.16,216.55,217.09,154.472,1785905999999999,33494.48954,295,44.92,9740.02062,0
1785906000000000,217.0,217.85,216.85,217.69,626.634,1785909599999999,136229.48645,568,431.118,93739.70169,0
1785909600000000,217.69,217.69,217.22,217.37,269.996,1785913199999999,58708.29702,378,98.598,21440.19164,0
1785913200000000,217.37,217.62,216.59,216.84,639.226,1785916799999999,138766.36563,544,323.154,70199.3128,0
1785916800000000,216.84,217.71,215.82,216.04,393.994,1785920399999999,85297.11127,451,183.411,39719.37961,0
1785920400000000,216.02,216.48,215.72,216.15,657.38,1785923999999999,142009.1507,629,135.257,29214.82328,0
1785924000000000,216.11,216.79,215.85,216.69,160.949,1785927599999999,34796.16839,204,41.178,8907.41495,0
1785927600000000,216.63,216.63,215.59,215.72,482.051,1785931199999999,104103.72309,624,189.82,40985.61312,0
1785931200000000,215.82,215.94,215.09,215.32,598.492,1785934799999999,128954.37758,751,342.261,73757.60257,0
1785934800000000,215.32,221.91,215.23,221.23,3445.266,1785938399999999,754308.62444,4164,1503.667,328655.53588,0
1785938400000000,221.0,222.39,218.58,219.1,1224.558,1785941999999999,270106.0945,2085,684.81,150951.9235,0
1785942000000000,219.09,220.48,218.76,219.25,908.799,1785945599999999,199463.95115,1179,453.074,99423.15508,0
1785945600000000,219.34,221.62,219.18,221.46,389.99,1785949199999999,85937.90674,672,141.656,31252.92355,0
1785949200000000,221.4,221.56,220.74,220.98,217.617,1785952799999999,48170.66288,421,126.765,28068.02843,0
1785952800000000,221.07,221.93,220.84,221.78,348.407,1785956399999999,77066.28556,351,303.162,67045.73482,0
1785956400000000,221.85,222.27,219.18,219.18,270.003,1785959999999999,59623.55283,474,130.745,28851.70272,0
1785960000000000,219.57,220.22,219.0,219.97,2968.589,1785963599999999,652597.75146,2392,1305.138,287006.42181,0
1785963600000000,219.99,220.17,219.47,220.04,277.525,1785967199999999,61037.85178,258,218.329,48020.92438,0
1785967200000000,219.87,221.16,219.87,220.86,101.402,1785970799999999,22364.80244,125,47.738,10524.67095,0
1785970800000000,220.75,220.97,220.49,220.56,143.767,1785974399999999,31735.92769,160,54.246,11973.6763,0
1785974400000000,220.73,220.75,219.72,219.74,383.184,1785977999999999,84365.95511,863,173.818,38253.24287,0
1785978000000000,219.79,219.79,218.67,219.11,611.678,1785981599999999,133999.61438,1130,434.036,95080.69853,0
1785981600000000,219.12,220.51,218.95,220.41,698.137,1785985199999999,153649.84401,628,157.692,34644.03541,0
1785985200000000,220.41,220.62,219.54,220.2,417.924,1785988799999999,91873.02074,442,145.859,32066.47164,0
1785988800000000,220.23,220.48,219.81,220.11,185.228,1785992399999999,40775.16213,283,112.708,24814.84392,0
1785992400000000,220.23,220.46,220.01,220.27,84.219,1785995999999999,18546.66459,160,49.023,10795.9284,0
1785996000000000,220.13,220.2,219.24,219.48,247.882,1785999599999999,54414.18783,453,138.421,30387.99392,0
1785999600000000,219.51,219.95,219.32,219.38,135.054,1786003199999999,29645.02826,216,77.328,16973.08815,0
1786003200000000,219.48,220.08,218.57,219.78,1212.181,1786006799999999,265520.44847,1450,832.921,182420.30264,0
1786006800000000,219.73,219.73,218.9,219.69,425.516,1786010399999999,93248.04084,385,287.718,63061.89375,0
1786010400000000,219.67,219.94,219.27,219.51,562.319,1786013999999999,123551.65304,535,270.032,59325.03842,0
1786014000000000,219.58,222.35,219.02,222.05,495.839,1786017599999999,109417.33088,667,264.116,58224.53965,0
1786017600000000,222.08,222.35,220.74,221.44,560.493,1786021199999999,124247.90537,669,209.516,46447.59337,0
1786021200000000,221.43,223.73,220.23,222.31,1764.493,1786024799999999,392148.53112,2324,993.876,220811.11436,0
1786024800000000,222.32,222.76,218.86,219.29,2298.26,1786028399999999,507237.7447,2419,1182.525,260951.9674,0
1786028400000000,219.29,219.41,217.54,217.93,1733.299,1786031999999999,378233.61899,1413,1361.208,297032.72767,0
1786032000000000,218.01,219.35,217.59,219.35,232.738,1786035599999999,50905.16519,437,115.965,25361.58945,0
1786035600000000,219.5,219.73,218.77,219.71,402.161,1786039199999999,88251.86812,543,127.872,28045.27196,0
1786039200000000,219.74,220.8,219.38,219.63,1619.817,1786042799999999,356439.22781,1405,945.222,208068.5314,0
1786042800000000,219.78,220.43,218.78,218.92,706.85,1786046399999999,155211.4747,859,299.984,65879.38144,0
1786046400000000,218.94,219.4,218.75,219.13,130.27,1786049999999999,28545.43353,187,99.859,21883.52141,0
1786050000000000,219.12,219.28,218.91,218.93,40.616,1786053599999999,8898.66935,60,7.76,1700.0168,0
1786053600000000,218.92,219.73,218.92,219.67,255.695,1786057199999999,56119.25199,545,80.08,17578.53851,0
1786057200000000,219.62,219.77,219.51,219.7,68.078,1786060799999999,14950.72353,96,20.341,4467.98369,0
1786060800000000,219.55,220.12,219.22,219.71,101.415,1786064399999999,22282.85725,165,57.181,12561.23095,0
1786064400000000,219.71,219.71,218.98,219.06,79.039,1786067999999999,17333.59405,141,42.265,9266.94041,0
1786068000000000,219.22,219.35,219.0,219.2,105.476,1786071599999999,23119.90186,198,56.737,12437.22005,0
1786071600000000,219.18,219.28,218.98,218.98,94.659,1786075199999999,20747.99989,182,43.394,9512.37682,0
1786075200000000,218.94,219.08,218.85,218.94,90.689,1786078799999999,19856.98821,201,60.527,13252.50337,0
1786078800000000,218.99,219.21,218.96,219.14,119.103,1786082399999999,26095.39482,150,39.539,8664.04742,0
1786082400000000,219.07,219.57,218.97,219.49,85.046,1786085999999999,18657.81828,165,54.766,12018.10785,0
1786086000000000,219.48,219.98,219.48,219.82,150.356,1786089599999999,33047.45709,307,82.079,18042.50236,0
1786089600000000,219.77,220.22,219.71,219.96,304.46,1786093199999999,66972.57877,339,168.898,37152.74717,0
1786093200000000,219.97,220.19,219.6,219.6,160.712,1786096799999999,35357.24891,202,102.657,22586.62191,0
1786096800000000,219.58,219.69,219.38,219.39,33.993,1786100399999999,7462.07224,114,17.421,3824.78273,0
1786100400000000,219.69,220.5,219.64,219.96,83.439,1786103999999999,18358.58064,138,33.129,7288.99573,0
1786104000000000,219.86,221.66,219.69,221.18,316.964,1786107599999999,69978.22422,380,222.945,49215.92858,0
1786107600000000,221.27,223.1,220.69,222.47,834.313,1786111199999999,185227.61279,1181,401.195,89037.35134,0
1786111200000000,222.43,223.81,221.08,223.09,1050.772,1786114799999999,233856.52994,1615,555.377,123612.63751,0
1786114800000000,223.29,224.69,223.19,223.78,489.864,1786118399999999,109757.26494,1375,302.885,67867.6562,0
1786118400000000,223.81,223.84,222.0,222.01,505.061,1786121999999999,112525.1918,1130,353.079,78649.76799,0
1786122000000000,221.93,222.45,221.66,222.13,354.374,1786125599999999,78709.86973,966,181.61,40338.30587,0
1786125600000000,222.14,222.41,221.9,222.34,292.439,1786129199999999,64956.47982,783,190.011,42206.44465,0
1786129200000000,222.35,224.13,222.35,223.97,522.19,1786132799999999,116446.10017,973,211.766,47227.38876,0
1786132800000000,223.89,223.95,223.29,223.56,88.096,1786136399999999,19695.49596,175,40.1,8964.92651,0
1786136400000000,223.49,223.54,223.13,223.32,55.506,1786139999999999,12395.92517,87,26.779,5983.457,0
1786140000000000,223.34,223.43,223.3,223.41,53.9,1786143599999999,12038.9429,68,24.068,5376.05251,0
1786143600000000,223.44,223.78,223.44,223.68,51.992,1786147199999999,11623.09647,134,18.642,4167.60517,0
1786147200000000,223.67,223.72,223.44,223.45,45.77,1786150799999999,10232.53503,86,21.287,4760.21889,0
1786150800000000,223.47,223.8,223.45,223.8,62.368,1786154399999999,13952.74508,73,55.64,12448.55956,0
1786154400000000,223.82,223.86,223.56,223.66,84.191,1786157999999999,18832.82633,419,50.606,11319.00509,0
1786158000000000,223.65,223.9,223.58,223.65,105.558,1786161599999999,23622.05611,256,40.721,9111.92128,0
1786161600000000,223.66,223.99,223.37,223.42,120.261,1786165199999999,26900.74499,222,44.033,9851.10904,0
1786165200000000,223.46,223.51,223.33,223.5,85.72,1786168799999999,19150.01185,149,49.097,10968.67644,0
1786168800000000,223.49,223.55,223.37,223.46,34.22,1786172399999999,7646.27571,92,16.335,3649.9845,0
1786172400000000,223.45,223.52,223.35,223.52,52.772,1786175999999999,11789.73171,119,32.414,7241.99712,0
1786176000000000,223.52,223.55,223.35,223.54,64.948,1786179599999999,14512.46116,177,27.948,6245.86677,0
1786179600000000,223.51,223.66,223.47,223.57,132.086,1786183199999999,29528.97955,175,77.362,17296.48287,0
1786183200000000,223.52,223.62,223.47,223.61,34.218,1786186799999999,7648.74384,90,20.894,4670.65966,0
1786186800000000,223.6,223.82,223.56,223.74,121.008,1786190399999999,27070.09429,275,77.904,17428.25949,0
1786190400000000,223.74,223.83,223.69,223.81,45.227,1786193999999999,10119.74931,128,19.2,4296.31777,0
1786194000000000,223.79,224.11,223.71,224.02,174.117,1786197599999999,38976.97121,249,62.744,14047.67938,0
1786197600000000,224.05,224.07,223.91,223.96,30.073,1786201199999999,6736.00298,104,15.171,3398.38186,0
1786201200000000,224.0,224.09,223.97,223.98,22.593,1786204799999999,5061.61905,98,16.327,3658.00619,0
1786204800000000,224.09,224.1,223.87,224.06,98.441,1786208399999999,22051.59401,163,55.171,12359.92474,0
1786208400000000,224.08,224.55,223.91,224.43,199.29,1786211999999999,44696.50544,371,109.829,24633.60847,0
1786212000000000,224.45,224.46,223.98,224.0,71.188,1786215599999999,15954.72962,98,13.366,2996.35541,0
1786215600000000,224.0,224.73,223.94,224.5,46.789,1786219199999999,10495.01766,99,27.72,6220.26725,0
1786219200000000,224.32,224.66,224.19,224.56,26.688,1786222799999999,5987.54045,71,17.666,3962.57784,0
1786222800000000,224.58,224.73,224.52,224.53,40.966,1786226399999999,9201.48678,95,26.491,5950.57608,0
1786226400000000,224.58,224.58,224.4,224.4,6.002,1786229999999999,1347.08279,24,0.483,108.42307,0
1786230000000000,224.45,224.74,224.33,224.72,39.291,1786233599999999,8822.89616,96,20.035,4498.46692,0
1786233600000000,224.72,225.07,224.69,224.88,51.42,1786237199999999,11564.8307,112,28.65,6444.03017,0
1786237200000000,224.85,224.89,224.51,224.67,77.095,1786240799999999,17324.13664,151,45.664,10261.00378,0
1786240800000000,224.67,225.01,224.67,224.92,44.389,1786244399999999,9980.96756,203,29.385,6606.56877,0
1786244400000000,224.91,224.93,224.63,224.73,94.577,1786247999999999,21252.74083,186,30.425,6837.9615,0
1786248000000000,224.69,224.93,224.57,224.91,119.466,1786251599999999,26852.50502,429,67.154,15095.00317,0
1786251600000000,224.9,225.03,224.84,224.87,44.352,1786255199999999,9976.78714,99,21.418,4818.02882,0
1786255200000000,224.84,224.86,224.66,224.74,75.407,1786258799999999,16949.93101,177,36.432,8189.50658,0
1786258800000000,224.74,224.87,224.66,224.82,86.824,1786262399999999,19514.63455,146,46.158,10375.11131,0
1786262400000000,224.83,224.89,224.39,224.48,143.372,1786265999999999,32198.78068,216,77.743,17458.45934,0
1786266000000000,224.48,224.82,224.44,224.64,453.241,1786269599999999,101855.80258,517,138.484,31116.64408,0
1786269600000000,224.64,224.64,224.46,224.52,78.027,1786273199999999,17518.99761,140,34.811,7816.65408,0
1786273200000000,224.55,224.93,224.46,224.48,180.678,1786276799999999,40577.17809,248,86.216,19366.43659,0
1786276800000000,224.52,224.66,224.51,224.61,46.449,1786280399999999,10431.98139,126,26.971,6057.69984,0
1786280400000000,224.61,224.87,224.57,224.86,208.806,1786283999999999,46930.92318,321,139.847,31432.77356,0
1786284000000000,224.82,224.93,224.78,224.78,97.567,1786287599999999,21937.77387,144,41.868,9413.69735,0
1786287600000000,224.79,225.0,224.75,224.91,88.67,1786291199999999,19942.01549,139,45.031,10127.38208,0
1786291200000000,224.92,225.06,224.88,225.0,84.527,1786294799999999,19013.44893,354,32.71,7358.45017,0
1786294800000000,224.99,225.28,224.99,225.21,46.364,1786298399999999,10439.64684,80,23.562,5304.75462,0
1786298400000000,225.18,225.65,225.08,225.47,29.741,1786301999999999,6703.61246,105,17.857,4025.39497,0
1786302000000000,225.45,225.7,225.42,225.68,9.522,1786305599999999,2147.63648,32,3.065,691.36816,0
1786305600000000,225.68,225.68,225.37,225.56,165.448,1786309199999999,37307.73973,349,18.23,4110.89739,0
1786309200000000,225.56,225.73,225.56,225.73,10.078,1786312799999999,2274.735,13,9.958,2247.6678,0
1786312800000000,225.8,225.8,224.89,224.9,14.028,1786316399999999,3161.48805,74,6.938,1563.53184,0
1786316400000000,224.99,224.99,224.17,224.51,455.616,1786319999999999,102334.66498,226,209.386,47009.41626,0
1786320000000000,224.46,224.98,223.85,224.18,731.06,1786323599999999,164068.79487,739,151.465,33990.68496,0
1786323600000000,224.09,224.78,224.04,224.64,117.012,1786327199999999,26264.07343,194,35.125,7882.97429,0
1786327200000000,224.6,224.84,224.45,224.69,116.147,1786330799999999,26087.88199,130,46.08,10352.60996,0
1786330800000000,224.73,224.88,224.5,224.73,102.043,1786334399999999,22935.44196,129,69.62,15649.60617,0
1786334400000000,224.7,224.9,224.52,224.52,172.215,1786337999999999,38691.76874,197,22.754,5114.33068,0
1786338000000000,224.7,225.0,224.7,224.98,34.142,1786341599999999,7676.93938,72,13.249,2979.05121,0
1786341600000000,224.99,225.6,224.66,224.85,298.989,1786345199999999,67354.70271,213,239.798,54041.87598,0
1786345200000000,224.78,225.29,224.49,225.15,320.704,1786348799999999,72122.1022,331,140.111,31530.83215,0
1786348800000000,225.04,225.6,224.9,224.94,70.047,1786352399999999,15767.09985,204,29.084,6546.64835,0
1786352400000000,224.95,225.17,224.69,224.97,197.673,1786355999999999,44469.39758,310,90.385,20336.64259,0
1786356000000000,224.98,225.17,224.76,225.1,111.041,1786359599999999,24978.3841,236,40.139,9029.71401,0
1786359600000000,225.02,225.05,224.03,224.29,106.068,1786363199999999,23806.25995,178,33.867,7598.57995,0
1786363200000000,224.31,224.41,222.88,223.07,147.821,1786366799999999,33028.48721,280,93.107,20802.97596,0
1786366800000000,223.11,224.15,221.97,222.14,856.372,1786370399999999,191226.22493,1232,270.544,60406.37635,0
1786370400000000,222.39,222.48,219.79,219.79,728.437,1786373999999999,161026.24258,964,238.318,52762.71145,0
1786374000000000,219.76,219.98,218.73,219.73,670.132,1786377599999999,146935.8291,990,387.703,85076.72464,0
1786377600000000,219.73,220.54,216.97,217.73,1206.957,1786381199999999,263646.77139,1808,731.756,159995.26285,0
1786381200000000,217.75,219.19,217.6,218.37,314.407,1786384799999999,68697.74151,782,207.555,45354.43589,0
1786384800000000,218.51,219.29,218.43,219.14,394.636,1786388399999999,86323.26515,910,240.989,52728.37391,0
1786388400000000,219.23,219.56,217.68,217.72,117.381,1786391999999999,25698.63612,381,69.546,15221.49285,0
1786392000000000,217.81,219.55,217.62,219.55,226.694,1786395599999999,49579.70721,399,97.078,21232.67303,0
1786395600000000,219.53,219.53,218.78,219.16,121.014,1786399199999999,26498.15277,104,48.372,10596.37581,0
1786399200000000,219.15,219.34,218.79,218.9,21.137,1786402799999999,4630.12314,30,15.5,3394.97162,0
1786402800000000,218.78,218.89,218.11,218.22,70.693,1786406399999999,15444.45846,62,29.079,6351.63851,0
1786406400000000,218.31,218.96,218.18,218.86,65.212,1786409999999999,14245.51851,91,35.567,7769.56375,0
1786410000000000,218.75,219.57,218.62,219.19,838.296,1786413599999999,183711.71714,424,439.499,96390.63406,0
1786413600000000,219.21,219.5,218.73,219.02,378.164,1786417199999999,82867.94709,220,176.011,38604.85649,0
1786417200000000,219.02,219.35,218.94,219.31,133.338,1786420799999999,29221.83009,221,41.214,9033.75609,0
1786420800000000,219.3,219.8,219.17,219.43,233.546,1786424399999999,51268.43408,218,99.026,21734.01264,0
1786424400000000,219.39,219.63,218.94,219.2,235.399,1786427999999999,51622.65291,203,127.553,27966.38073,0
1786428000000000,219.14,219.43,218.62,219.03,365.552,1786431599999999,80076.26876,732,87.48,19162.13047,0
1786431600000000,219.0,219.06,218.67,219.06,52.254,1786435199999999,11437.96141,105,29.729,6507.63468,0
1786435200000000,219.09,219.54,218.52,219.22,112.038,1786438799999999,24547.69508,193,72.092,15798.1076,0
1786438800000000,219.17,219.98,218.99,219.52,114.623,1786442399999999,25155.59206,185,76.965,16891.75919,0
1786442400000000,219.56,220.08,219.37,219.96,75.556,1786445999999999,16599.00036,134,39.504,8682.20362,0
1786446000000000,219.96,220.32,219.79,219.98,182.8,1786449599999999,40229.00677,268,73.387,16152.66439,0
1786449600000000,220.01,221.32,219.89,220.88,1048.755,1786453199999999,231299.60161,1228,347.146,76581.53798,0
1786453200000000,220.97,222.38,218.95,220.0,1312.818,1786456799999999,289565.19069,2011,728.9,160799.56592,0
1786456800000000,220.02,220.57,219.04,219.92,340.657,1786460399999999,74836.28426,567,173.964,38226.77622,0
1786460400000000,220.05,220.05,218.52,218.82,622.428,1786463999999999,136463.46456,724,245.623,53800.03739,0
1786464000000000,218.75,219.32,218.01,218.03,241.567,1786467599999999,52803.3814,310,169.143,36969.66125,0
1786467600000000,218.02,218.09,217.08,217.93,350.367,1786471199999999,76178.38014,435,166.108,36113.33901,0
1786471200000000,217.86,217.91,216.61,217.4,174.382,1786474799999999,37873.74124,275,98.154,21318.56114,0
1786474800000000,217.37,218.42,217.12,217.63,224.459,1786478399999999,48913.41357,278,175.937,38349.17814,0
1786478400000000,217.71,218.3,217.67,217.81,74.957,1786481999999999,16339.22143,109,40.367,8801.29747,0
1786482000000000,217.94,218.16,217.92,218.06,11.508,1786485599999999,2508.64021,28,5.779,1259.62212,0
1786485600000000,218.12,218.35,217.95,218.32,7.177,1786489199999999,1566.27004,19,4.03,879.51485,0
1786489200000000,218.36,218.41,218.21,218.21,33.319,1786492799999999,7274.33928,74,12.014,2623.17075,0
1786492800000000,218.21,218.32,217.76,218.28,141.672,1786496399999999,30892.26034,157,38.751,8453.37212,0
1786496400000000,218.24,218.31,217.72,218.04,146.412,1786499999999999,31920.6253,134,25.542,5573.31681,0
1786500000000000,217.96,218.45,217.96,218.18,144.919,1786503599999999,31624.83132,148,79.56,17364.47261,0
1786503600000000,218.19,218.49,218.17,218.34,127.435,1786507199999999,27814.61078,144,70.024,15284.16622,0
1786507200000000,218.22,218.35,218.18,218.33,53.592,1786510799999999,11696.04796,58,25.335,5529.04236,0
1786510800000000,218.32,218.46,218.15,218.42,19.99,1786514399999999,4363.23503,39,12.407,2708.34184,0
1786514400000000,218.41,218.61,218.34,218.61,28.538,1786517999999999,6233.62452,57,16.26,3551.37837,0
1786518000000000,218.6,218.7,218.33,218.59,61.47,1786521599999999,13433.26385,106,42.972,9390.74709,0
1786521600000000,218.64,219.42,218.64,219.23,270.842,1786525199999999,59356.30342,251,142.968,31338.98222,0
1786525200000000,219.39,220.25,219.27,220.15,120.387,1786528799999999,26452.79116,162,56.5,12417.72023,0
1786528800000000,220.15,220.45,219.72,219.97,120.653,1786532399999999,26569.80686,138,83.397,18369.87225,0
1786532400000000,219.9,220.1,219.46,219.69,58.462,1786535999999999,12843.06202,136,28.0,6151.07001,0
1786536000000000,219.8,221.18,218.79,220.97,443.853,1786539599999999,97675.1279,564,183.944,40482.43222,0
1786539600000000,220.94,223.69,220.35,223.67,594.89,1786543199999999,131907.99318,907,228.999,50772.43934,0
1786543200000000,223.51,225.08,222.61,223.8,811.241,1786546799999999,181585.66549,745,118.536,26541.18996,0
1786546800000000,224.11,224.57,223.08,223.22,221.831,1786550399999999,49627.30345,238,86.669,19380.29248,0
1786550400000000,223.22,224.09,222.9,223.77,252.013,1786553999999999,56292.41608,292,197.415,44091.30267,0
1786554000000000,224.01,224.32,223.73,223.91,85.695,1786557599999999,19196.24722,148,29.111,6521.57242,0
1786557600000000,223.73,224.41,223.33,223.76,74.06,1786561199999999,16585.52709,141,42.573,9534.16362,0
1786561200000000,223.81,224.33,222.51,224.2,134.67,1786564799999999,30077.57455,404,77.488,17303.71086,0
1786564800000000,224.27,224.52,223.28,223.55,71.554,1786568399999999,16027.08467,155,53.102,11897.21287,0
1786568400000000,223.49,223.88,223.45,223.88,105.415,1786571999999999,23566.95147,129,23.416,5236.90642,0
1786572000000000,223.83,223.83,223.46,223.65,8.828,1786575599999999,1974.26936,45,1.303,291.35036,0
1786575600000000,223.62,223.96,223.62,223.85,85.738,1786579199999999,19190.79521,127,58.811,13165.59151,0
1786579200000000,223.8,224.47,223.5,224.18,83.095,1786582799999999,18621.16051,171,46.131,10338.74222,0
1786582800000000,224.23,224.43,224.04,224.33,205.349,1786586399999999,46045.95562,284,189.76,42550.28117,0
1786586400000000,224.33,224.56,224.16,224.5,26.413,1786589999999999,5922.98014,36,19.01,4262.93399,0
1786590000000000,224.5,224.59,224.36,224.41,66.499,1786593599999999,14927.98212,108,41.411,9296.07638,0
1786593600000000,224.47,224.65,224.33,224.57,41.816,1786597199999999,9386.29874,81,19.092,4286.49821,0
1786597200000000,224.61,224.93,224.56,224.56,31.34,1786600799999999,7042.52006,100,15.034,3379.24217,0
1786600800000000,224.49,224.69,224.28,224.39,73.504,1786604399999999,16499.98311,100,20.196,4532.07438,0
1786604400000000,224.36,224.36,223.98,224.15,36.89,1786607999999999,8268.21584,106,16.941,3796.87973,0
1786608000000000,224.15,224.3,223.65,224.03,251.997,1786611599999999,56439.29369,275,135.094,30261.1766,0
1786611600000000,224.03,224.21,223.51,224.21,179.888,1786615199999999,40264.26031,221,55.573,12441.12083,0
1786615200000000,224.31,224.71,224.18,224.5,153.524,1786618799999999,34443.93128,186,63.432,14239.92723,0
1786618800000000,224.48,224.52,224.01,224.2,11.298,1786622399999999,2532.63278,41,7.717,1729.74706,0
1786622400000000,224.08,224.08,223.18,224.0,93.382,1786625999999999,20892.27046,237,47.44,10611.66921,0
1786626000000000,224.1,227.24,224.1,225.9,1019.849,1786629599999999,229931.35876,2010,535.751,120771.92937,0
1786629600000000,225.8,226.49,224.88,225.14,361.696,1786633199999999,81689.88946,875,207.304,46816.58405,0
1786633200000000,225.06,225.29,223.9,224.31,186.65,1786636799999999,41947.69252,472,96.14,21609.59558,0
1786636800000000,224.36,225.81,224.36,225.33,221.641,1786640399999999,49955.9674,384,189.335,42682.37906,0
1786640400000000,225.39,226.17,225.31,225.38,214.401,1786643999999999,48376.50516,336,138.586,31277.38487,0
1786644000000000,225.39,225.96,225.18,225.94,85.222,1786647599999999,19218.42074,295,71.023,16016.59308,0
1786647600000000,225.9,226.37,224.98,225.34,233.993,1786651199999999,52785.62882,451,71.754,16202.30737,0
1786651200000000,225.42,225.84,225.34,225.57,112.643,1786654799999999,25403.38828,181,60.116,13561.72067,0
1786654800000000,225.52,225.74,225.49,225.74,10.314,1786658399999999,2327.11787,27,6.886,1553.71364,0
1786658400000000,225.62,225.8,225.61,225.76,8.874,1786661999999999,2002.9963,39,3.741,844.57427,0
1786662000000000,225.82,226.08,225.65,225.77,109.87,1786665599999999,24814.9311,135,86.007,19427.69075,0
1786665600000000,225.56,225.83,225.14,225.21,22.38,1786669199999999,5044.83246,67,6.173,1392.49202,0
1786669200000000,225.05,225.35,224.89,225.31,16.96,1786672799999999,3817.81597,57,5.454,1227.94328,0
1786672800000000,225.34,225.66,225.25,225.32,100.075,1786676399999999,22564.64822,122,68.152,15368.38182,0
1786676400000000,225.41,225.57,225.27,225.34,25.689,1786679999999999,5791.56283,63,15.566,3509.26686,0
1786680000000000,225.28,225.39,225.14,225.14,36.345,1786683599999999,8188.30918,123,25.035,5640.39082,0
1786683600000000,225.14,225.46,225.09,225.44,41.659,1786687199999999,9385.81632,96,23.423,5277.07999,0
1786687200000000,225.33,225.46,225.11,225.45,93.85,1786690799999999,21142.38561,152,18.692,4210.44449,0
1786690800000000,225.51,225.65,225.23,225.51,36.358,1786694399999999,8196.44991,125,12.637,2848.55581,0
1786694400000000,225.51,226.08,225.25,225.83,667.35,1786697999999999,150626.24356,547,265.008,59821.45728,0
1786698000000000,225.83,226.21,225.78,226.1,236.729,1786701599999999,53487.27779,299,65.537,14813.35556,0
1786701600000000,226.07,226.48,226.07,226.31,86.719,1786705199999999,19624.44314,253,66.563,15064.3059,0
1786705200000000,226.31,226.44,225.82,225.99,296.886,1786708799999999,67138.83454,338,131.553,29748.7052,0
1786708800000000,226.01,226.37,225.39,226.23,166.134,1786712399999999,37553.92222,267,95.638,21615.7574,0
1786712400000000,226.18,227.52,225.31,225.72,603.246,1786715999999999,136464.06162,638,358.897,81201.68421,0
1786716000000000,225.59,226.97,224.64,226.26,945.083,1786719599999999,212905.61227,909,632.356,142382.26226,0
1786719600000000,226.18,226.29,224.73,225.37,238.4,1786723199999999,53682.85496,325,88.537,19959.17746,0
1786723200000000,225.37,225.9,225.1,225.15,330.578,1786726799999999,74551.14679,625,187.183,42210.39301,0
1786726800000000,225.19,225.91,225.03,225.47,467.822,1786730399999999,105418.16512,327,174.47,39347.33155,0
1786730400000000,225.37,225.77,224.77,225.02,135.596,1786733999999999,30559.38666,263,110.553,24920.271,0
1786734000000000,225.17,225.78,224.92,225.29,219.128,1786737599999999,49363.35479,384,125.269,28220.50156,0
1786737600000000,225.29,225.29,224.98,225.16,84.933,1786741199999999,19121.98791,88,17.523,3944.7183,0
1786741200000000,225.18,225.21,225.08,225.12,57.885,1786744799999999,13032.53842,108,27.74,6245.66726,0
1786744800000000,224.97,225.13,224.92,224.96,33.734,1786748399999999,7589.68111,43,11.418,2569.24888,0
1786748400000000,224.95,225.18,224.85,224.85,100.256,1786751999999999,22565.98803,220,29.293,6593.34953,0
1786752000000000,224.81,225.03,224.78,224.97,114.379,1786755599999999,25733.20669,286,61.747,13892.83532,0
1786755600000000,224.98,225.0,224.85,224.99,80.335,1786759199999999,18070.09794,282,46.189,10389.86711,0
1786759200000000,224.92,225.04,224.82,224.91,261.042,1786762799999999,58730.08769,355,131.975,29692.16473,0
1786762800000000,224.91,225.0,224.61,224.79,245.591,1786766399999999,55201.25551,251,108.26,24334.62319,0
1786766400000000,224.77,224.85,224.5,224.63,26.602,1786769999999999,5974.43434,109,18.647,4187.62456,0
1786770000000000,224.57,224.74,224.57,224.65,26.697,1786773599999999,5998.03969,103,15.44,3468.96665,0
1786773600000000,224.58,224.77,224.51,224.67,28.014,1786777199999999,6291.20325,67,16.581,3723.43765,0
1786777200000000,224.65,224.71,224.62,224.63,26.881,1786780799999999,6039.08996,49,9.162,2058.49463,0
1786780800000000,224.62,224.85,224.62,224.81,37.766,1786784399999999,8485.94816,48,22.995,5166.82384,0
1786784400000000,224.82,225.03,224.78,225.03,19.599,1786787999999999,4407.25048,27,11.271,2534.70673,0
1786788000000000,225.03,225.1,224.84,225.09,48.975,1786791599999999,11017.13161,63,29.15,6557.56477,0
1786791600000000,225.09,225.2,224.87,224.94,114.702,1786795199999999,25802.58813,159,72.105,16219.68298,0
1786795200000000,224.94,225.14,224.89,225.11,44.454,1786798799999999,10001.59413,84,30.257,6807.16936,0
1786798800000000,225.12,225.32,225.07,225.24,56.073,1786802399999999,12628.558,105,37.313,8403.92545,0
1786802400000000,225.24,225.24,225.0,225.01,77.565,1786805999999999,17461.03836,95,41.704,9389.21948,0
1786806000000000,225.03,225.19,225.02,225.09,14.767,1786809599999999,3324.55917,47,6.62,1490.40957,0
1786809600000000,225.09,225.31,225.09,225.19,57.683,1786813199999999,12987.82666,134,54.161,12194.82697,0
1786813200000000,225.19,225.31,225.04,225.2,143.502,1786816799999999,32319.13848,151,108.349,24400.7302,0
1786816800000000,225.21,225.59,225.13,225.21,333.885,1786820399999999,75247.78481,195,225.782,50902.68046,0
1786820400000000,225.2,225.34,225.14,225.3,38.972,1786823999999999,8778.96745,69,35.217,7933.18745,0
1786824000000000,225.29,225.4,224.78,225.27,195.585,1786827599999999,44024.10171,228,104.286,23467.10993,0
1786827600000000,225.26,225.51,225.26,225.32,43.537,1786831199999999,9810.46301,141,23.313,5253.64541,0
1786831200000000,225.37,225.42,225.32,225.34,9.287,1786834799999999,2092.83639,42,6.136,1382.75788,0
1786834800000000,225.31,225.41,225.13,225.24,47.049,1786838399999999,10599.47792,59,41.966,9454.21757,0
1786838400000000,225.26,225.27,225.18,225.21,6.339,1786841999999999,1427.78734,39,1.917,431.76651,0
1786842000000000,225.21,225.32,225.12,225.16,28.026,1786845599999999,6310.95624,87,17.209,3875.2137,0
1786845600000000,225.19,225.33,225.1,225.22,38.397,1786849199999999,8648.09602,98,31.961,7198.52009,0
1786849200000000,225.22,225.44,225.17,225.34,83.164,1786852799999999,18739.33219,171,66.441,14970.78245,0
1786852800000000,225.31,225.42,225.31,225.42,50.818,1786856399999999,11452.83421,91,29.035,6543.8954,0
1786856400000000,225.41,225.42,225.25,225.33,73.863,1786859999999999,16645.096,140,41.039,9248.52998,0
1786860000000000,225.38,225.43,225.33,225.39,46.447,1786863599999999,10469.47894,71,35.569,8017.66124,0
1786863600000000,225.41,225.53,225.29,225.45,142.337,1786867199999999,32085.36862,445,92.104,20762.98699,0
1786867200000000,225.46,225.62,225.29,225.4,230.727,1786870799999999,52009.71003,697,99.23,22371.12927,0
1786870800000000,225.4,225.48,225.25,225.33,208.756,1786874399999999,47054.09837,306,118.114,26624.39492,0
1786874400000000,225.4,225.46,225.13,225.27,63.941,1786877999999999,14406.66399,221,42.03,9470.14159,0
1786878000000000,225.27,225.39,225.19,225.27,45.627,1786881599999999,10279.7792,90,17.802,4010.94953,0
1786881600000000,225.24,225.35,225.1,225.31,24.661,1786885199999999,5555.25313,80,13.027,2934.46489,0
1786885200000000,225.23,225.36,225.1,225.28,209.075,1786888799999999,47093.79302,219,98.258,22134.45478,0
1786888800000000,225.28,225.36,225.11,225.29,102.851,1786892399999999,23169.86882,111,57.495,12952.45047,0
1786892400000000,225.29,225.33,225.15,225.24,94.079,1786895999999999,21189.66612,123,29.516,6648.08674,0
1786896000000000,225.22,225.33,225.18,225.3,8.884,1786899599999999,2001.22428,66,6.679,1504.57912,0
1786899600000000,225.3,225.38,225.22,225.38,47.572,1786903199999999,10718.96076,116,40.488,9122.99958,0
1786903200000000,225.34,225.49,225.3,225.46,15.726,1786906799999999,3544.0307,31,5.066,1141.51264,0
1786906800000000,225.4,225.46,225.29,225.46,14.808,1786910399999999,3337.39126,20,3.501,789.16286,0
1786910400000000,225.45,225.45,225.27,225.39,180.171,1786913999999999,40604.31465,198,87.135,19637.08403,0
1786914000000000,225.48,225.62,225.4,225.52,22.335,1786917599999999,5036.59933,39,7.947,1791.69792,0
1786917600000000,225.49,225.65,225.42,225.6,20.152,1786921199999999,4546.19647,27,5.454,1230.09961,0
1786921200000000,225.53,225.7,225.44,225.6,37.056,1786924799999999,8358.13679,46,12.613,2844.81218,0
1786924800000000,225.56,225.9,225.11,225.69,125.123,1786928399999999,28238.75549,133,47.972,10826.47227,0
1786928400000000,225.8,225.97,225.64,225.66,186.489,1786931999999999,42114.8893,183,26.983,6091.84729,0
1786932000000000,225.66,225.87,225.59,225.8,84.097,1786935599999999,18985.66507,79,11.626,2624.73777,0
1786935600000000,225.8,225.97,225.79,225.95,114.484,1786939199999999,25859.5762,110,40.845,9226.62403,0
1786939200000000,226.0,226.07,225.85,225.92,158.967,1786942799999999,35914.27338,266,33.454,7558.81875,0
1786942800000000,225.96,226.33,225.89,226.0,204.978,1786946399999999,46366.57315,52,196.848,44529.38292,0
1786946400000000,226.09,226.63,226.0,226.47,164.177,1786949999999999,37170.05017,93,6.496,1470.46094,0
1786950000000000,226.51,226.64,226.07,226.24,78.01,1786953599999999,17647.82887,68,20.049,4537.75605,0
1786953600000000,226.08,226.7,226.03,226.28,53.728,1786957199999999,12161.45318,74,44.449,10059.99754,0
1786957200000000,226.29,226.29,226.02,226.24,140.04,1786960799999999,31675.53706,180,61.227,13849.47382,0
1786960800000000,226.22,226.6,226.17,226.35,92.793,1786964399999999,21003.54954,145,61.305,13877.6393,0
1786964400000000,226.49,226.94,226.49,226.85,16.868,1786967999999999,3824.8502,35,9.459,2144.86195,0
1786968000000000,226.7,227.21,226.2,226.42,157.962,1786971599999999,35814.75681,140,66.622,15092.62101,0
1786971600000000,226.47,227.38,225.37,226.38,680.202,1786975199999999,153901.66941,689,211.846,47881.6948,0
1786975200000000,226.37,227.32,225.58,226.46,499.812,1786978799999999,113173.74615,424,116.287,26322.82504,0
1786978800000000,226.46,228.0,226.46,227.97,398.179,1786982399999999,90578.68639,336,251.45,57198.65154,0
1786982400000000,227.96,227.96,226.86,227.21,344.78,1786985999999999,78367.53757,222,89.123,20249.9203,0
1786986000000000,227.24,227.24,226.04,226.29,97.715,1786989599999999,22117.55339,111,57.246,12959.45998,0
1786989600000000,226.0,226.0,225.59,225.76,133.846,1786993199999999,30234.80945,93,33.94,7663.434,0
1786993200000000,225.68,226.05,225.08,225.33,273.022,1786996799999999,61545.71893,253,201.039,45322.91446,0
1786996800000000,225.29,225.3,225.06,225.14,99.085,1787000399999999,22303.70245,45,54.44,12255.27431,0
1787000400000000,225.14,225.24,225.13,225.24,52.994,1787003999999999,11931.68873,66,48.006,10808.69687,0
1787004000000000,225.33,225.33,225.21,225.33,10.519,1787007599999999,2369.72122,26,6.496,1463.32735,0
1787007600000000,225.34,225.49,225.26,225.39,17.742,1787011199999999,3998.74696,39,11.887,2679.59781,0
1787011200000000,225.34,225.53,225.27,225.27,28.856,1787014799999999,6502.97396,37,6.028,1358.38298,0
1787014800000000,225.26,225.47,224.51,224.51,65.32,1787018399999999,14687.92843,121,40.25,9046.47729,0
1787018400000000,224.56,224.6,223.03,223.3,499.492,1787021999999999,111859.69241,520,370.385,82939.05061,0
1787022000000000,223.29,223.36,222.26,223.22,339.205,1787025599999999,75519.12236,745,195.485,43502.83179,0
1787025600000000,223.04,223.53,222.9,223.29,93.031,1787029199999999,20766.94018,325,69.929,15610.17147,0
1787029200000000,223.05,223.13,222.47,222.48,90.598,1787032799999999,20184.67839,83,13.388,2979.96702,0
1787032800000000,222.38,222.73,221.99,222.73,195.543,1787036399999999,43472.51137,172,105.753,23499.23497,0
1787036400000000,222.84,222.84,222.14,222.24,102.588,1787039999999999,22808.41044,95,65.047,14463.01978,0
1787040000000000,222.26,222.34,220.7,220.77,287.973,1787043599999999,63771.39707,391,170.327,37718.54265,0
1787043600000000,220.87,220.87,219.78,220.44,131.388,1787047199999999,28908.01854,146,39.618,8717.83696,0
1787047200000000,220.38,221.04,220.32,221.0,89.871,1787050799999999,19829.00353,121,69.772,15394.85383,0
1787050800000000,220.84,221.24,220.74,221.08,63.91,1787054399999999,14126.14682,62,40.089,8863.55819,0
1787054400000000,221.08,221.42,220.54,220.54,37.656,1787057999999999,8314.43951,85,12.212,2696.05487,0
1787058000000000,220.48,221.69,219.7,220.5,606.768,1787061599999999,133718.60183,484,375.212,82707.21694,0
1787061600000000,220.25,220.93,218.95,219.19,179.055,1787065199999999,39312.14493,255,73.294,16085.80576,0
1787065200000000,219.06,220.33,218.94,220.0,142.131,1787068799999999,31228.14171,165,87.352,19184.31664,0
1787068800000000,220.24,220.5,219.66,220.25,63.524,1787072399999999,13984.2489,114,18.874,4153.41539,0
1787072400000000,220.28,220.5,220.01,220.02,109.558,1787075999999999,24130.91967,152,47.367,10432.1161,0
1787076000000000,220.0,220.32,219.48,220.09,84.691,1787079599999999,18630.26348,79,15.519,3415.84549,0
1787079600000000,220.02,220.05,219.16,219.75,120.065,1787083199999999,26393.46574,150,92.429,20322.73169,0
1787083200000000,219.75,220.17,219.69,219.7,29.41,1787086799999999,6467.88718,35,18.397,4045.57155,0
1787086800000000,219.73,219.74,219.56,219.65,54.203,1787090399999999,11908.06129,63,49.428,10859.19913,0
1787090400000000,219.6,219.72,219.08,219.12,91.039,1787093999999999,19990.64773,103,58.41,12826.24319,0
1787094000000000,219.12,219.38,219.12,219.38,23.277,1787097599999999,5102.5715,34,4.692,1028.97157,0
1787097600000000,219.38,219.64,218.63,219.54,207.137,1787101199999999,45384.80628,186,152.09,33321.12022,0
1787101200000000,219.38,220.22,219.38,219.94,86.288,1787104799999999,18986.41489,96,53.698,11814.95959,0
1787104800000000,219.45,219.69,219.25,219.27,8.342,1787108399999999,1829.75513,13,5.284,1159.16609,0
1787108400000000,219.41,219.69,219.37,219.59,22.063,1787111999999999,4842.51545,57,12.386,2718.43422,0
1787112000000000,219.25,219.26,218.95,219.03,41.191,1787115599999999,9023.49291,37,30.446,6668.32178,0
1787115600000000,219.47,219.47,218.92,218.95,19.25,1787119199999999,4215.79373,56,15.25,3339.59042,0
1787119200000000,218.92,219.67,218.71,219.65,121.524,1787122799999999,26611.51686,646,73.573,16108.22461,0
1787122800000000,219.6,220.24,219.3,220.24,121.485,1787126399999999,26712.88932,219,84.774,18647.53452,0
1787126400000000,220.17,221.34,220.09,220.76,396.099,1787129999999999,87503.04563,354,257.607,56919.3191,0
1787130000000000,220.75,220.98,220.33,220.51,68.129,1787133599999999,15027.08918,174,18.88,4165.66894,0
1787133600000000,220.6,220.91,220.13,220.44,45.733,1787137199999999,10085.2325,92,9.94,2192.37067,0
1787137200000000,220.39,220.65,219.77,220.01,84.63,1787140799999999,18623.98883,156,53.914,11862.82409,0
1787140800000000,220.33,221.46,220.12,221.39,70.624,1787144399999999,15600.17567,125,30.249,6680.42223,0
1787144400000000,221.38,222.82,218.26,218.93,1355.857,1787147999999999,298133.39917,1283,771.276,169342.18713,0
1787148000000000,218.76,220.14,217.16,220.05,951.974,1787151599999999,208173.78483,1121,572.187,125090.11065,0
1787151600000000,220.04,220.13,218.89,219.5,183.274,1787155199999999,40205.7513,378,67.097,14722.97622,0
1787155200000000,219.45,220.7,219.01,219.17,266.851,1787158799999999,58715.3984,600,118.527,26061.8362,0
1787158800000000,219.12,219.51,218.9,219.19,139.875,1787162399999999,30664.39716,540,84.949,18624.43375,0
1787162400000000,219.18,219.85,218.82,219.56,195.601,1787165999999999,42925.8202,369,83.145,18250.25401,0
1787166000000000,219.69,220.01,217.3,217.79,204.459,1787169599999999,44653.9201,313,77.392,16930.16621,0
1787169600000000,217.82,218.16,217.72,218.11,52.059,1787173199999999,11343.08766,116,35.757,7790.25033,0
1787173200000000,218.11,218.48,218.1,218.48,180.374,1787176799999999,39377.74065,503,129.356,28240.51759,0
1787176800000000,218.5,218.97,218.41,218.81,84.142,1787180399999999,18407.36207,237,22.098,4834.6834,0
1787180400000000,218.82,219.12,218.8,219.02,123.939,1787183999999999,27136.79312,206,60.831,13321.95368,0
1787184000000000,218.8,219.31,218.58,219.28,69.158,1787187599999999,15152.94826,134,51.545,11293.41449,0
1787187600000000,219.28,219.44,219.06,219.32,117.771,1787191199999999,25821.70036,357,62.435,13690.03145,0
1787191200000000,219.34,219.58,218.88,219.1,115.796,1787194799999999,25380.96346,489,55.42,12146.42263,0
1787194800000000,219.15,219.41,219.02,219.09,96.626,1787198399999999,21178.58159,296,39.892,8746.25172,0
1787198400000000,219.08,219.47,218.61,219.11,643.222,1787201999999999,140816.89054,483,65.948,14460.4511,0
1787202000000000,219.13,219.3,218.99,219.15,15.63,1787205599999999,3425.09591,93,10.701,2345.10151,0
1787205600000000,219.11,219.57,219.11,219.45,61.69,1787209199999999,13533.94458,179,25.238,5537.63532,0
1787209200000000,219.44,219.59,219.2,219.4,244.359,1787212799999999,53622.69377,340,89.994,19742.8007,0
1787212800000000,219.4,219.4,218.19,218.3,239.445,1787216399999999,52334.71389,467,133.558,29188.34059,0
1787216400000000,218.32,218.82,218.32,218.75,418.683,1787219999999999,91513.41125,939,309.363,67605.588,0
1787220000000000,218.72,219.05,218.52,218.84,986.471,1787223599999999,215897.09699,1258,651.579,142625.51922,0
1787223600000000,218.84,218.84,217.67,217.74,634.784,1787227199999999,138549.65689,744,351.934,76812.89988,0
1787227200000000,217.69,218.19,216.71,218.19,1339.304,1787230799999999,291030.92939,1284,1073.307,233234.59216,0
1787230800000000,218.19,219.94,217.51,218.12,1361.981,1787234399999999,298059.59375,1457,590.812,129278.91605,0
1787234400000000,218.03,219.05,217.18,218.0,1251.574,1787237999999999,272602.4375,1059,772.725,168198.9063,0
1787238000000000,218.01,218.6,216.01,216.32,953.584,1787241599999999,207165.70292,1179,545.845,118495.47983,0
1787241600000000,216.32,217.99,216.31,217.99,562.409,1787245199999999,122008.95535,541,343.316,74488.40367,0
1787245200000000,217.88,217.99,216.42,217.04,256.047,1787248799999999,55572.06749,381,142.202,30864.15012,0
1787248800000000,216.98,217.14,216.54,216.89,169.625,1787252399999999,36792.55323,256,73.282,15894.81994,0
1787252400000000,216.91,217.44,216.65,217.1,163.943,1787255999999999,35579.26451,262,137.124,29759.46654,0
1787256000000000,217.06,217.2,216.88,217.13,79.064,1787259599999999,17162.83014,130,33.681,7311.62889,0
1787259600000000,217.2,217.37,217.15,217.32,55.223,1787263199999999,11996.40714,120,38.523,8369.25521,0
1787263200000000,217.33,217.37,217.13,217.37,89.899,1787266799999999,19529.06531,120,80.361,17457.45864,0
1787266800000000,217.36,217.38,217.18,217.19,40.26,1787270399999999,8748.2539,144,20.976,4558.67799,0
1787270400000000,217.21,217.62,217.02,217.39,176.222,1787273999999999,38302.74925,222,60.49,13147.08258,0
1787274000000000,217.36,217.7,217.12,217.57,78.712,1787277599999999,17115.25158,188,33.873,7363.19718,0
1787277600000000,217.52,218.19,217.52,218.03,135.639,1787281199999999,29570.37607,169,73.744,16078.84638,0
1787281200000000,218.04,218.05,217.88,217.96,89.139,1787284799999999,19429.67632,236,65.784,14339.59746,0
1787284800000000,217.97,218.06,217.6,217.76,313.7,1787288399999999,68359.87867,288,234.611,51128.78628,0
1787288400000000,217.72,217.85,217.6,217.77,46.857,1787291999999999,10204.18523,110,25.628,5580.95078,0
1787292000000000,217.75,217.98,217.66,217.9,136.125,1787295599999999,29649.76531,237,82.046,17871.002,0
1787295600000000,217.95,218.35,217.84,218.2,369.265,1787299199999999,80562.7117,378,154.301,33664.60725,0
1787299200000000,218.24,218.48,217.76,218.43,262.144,1787302799999999,57169.61939,341,115.699,25231.17712,0
1787302800000000,218.35,218.35,213.39,217.24,3859.371,1787306399999999,833622.7133,2526,2591.608,559430.01668,0
1787306400000000,217.26,217.59,217.09,217.48,428.679,1787309999999999,93176.02731,620,166.194,36127.17354,0
1787310000000000,217.51,218.5,217.28,218.01,890.49,1787313599999999,194198.48055,629,275.685,60103.23037,0
1787313600000000,217.97,218.15,217.7,217.8,297.681,1787317199999999,64869.71765,558,131.281,28610.27349,0
1787317200000000,217.75,218.6,216.15,216.64,2275.8,1787320799999999,494593.86804,1758,1283.604,278791.66761,0
1787320800000000,216.67,216.94,214.79,214.97,1076.394,1787324399999999,231827.03635,1085,662.498,142716.15297,0
1787324400000000,215.02,216.96,215.02,216.36,625.418,1787327999999999,135127.28748,732,364.362,78652.72787,0
1787328000000000,216.36,216.53,215.24,215.44,143.611,1787331599999999,31020.79817,234,89.296,19295.27447,0
1787331600000000,215.46,216.12,214.89,215.98,236.734,1787335199999999,51055.24387,338,132.081,28482.902,0
1787335200000000,215.95,216.21,215.3,215.5,194.973,1787338799999999,42068.77278,217,89.935,19391.66337,0
1787338800000000,215.53,215.6,214.83,214.94,268.825,1787342399999999,57866.20365,305,96.586,20785.30279,0
1787342400000000,214.96,215.27,214.91,215.21,88.271,1787345999999999,18990.36868,153,57.856,12446.32045,0
1787346000000000,215.21,215.3,215.15,215.29,35.236,1787349599999999,7582.78759,77,13.425,2889.31853,0
1787349600000000,215.27,215.46,215.22,215.41,159.855,1787353199999999,34418.66847,216,58.307,12556.32605,0
1787353200000000,215.41,215.49,215.38,215.4,108.656,1787356799999999,23406.8386,196,59.419,12800.78071,0
1787356800000000,215.41,215.43,215.26,215.38,95.0,1787360399999999,20457.80473,204,44.932,9676.19629,0
1787360400000000,215.34,215.6,215.27,215.49,97.74,1787363999999999,21059.12737,130,39.593,8529.97278,0
1787364000000000,215.46,215.78,215.4,215.75,430.961,1787367599999999,92882.97568,310,320.558,69085.43511,0
1787367600000000,215.73,215.94,215.69,215.85,129.717,1787371199999999,27999.21418,177,55.724,12027.39618,0
1787371200000000,215.8,215.8,215.35,215.37,269.535,1787374799999999,58083.85521,436,94.409,20342.32649,0
1787374800000000,215.39,215.4,214.86,215.22,492.86,1787378399999999,106056.81342,594,226.305,48703.16488,0
1787378400000000,215.21,215.47,215.12,215.32,78.096,1787381999999999,16809.9211,176,31.895,6864.99301,0
1787382000000000,215.35,215.44,215.28,215.39,20.596,1787385599999999,4435.73473,118,10.999,2368.89229,0
1787385600000000,215.38,215.44,215.21,215.44,75.294,1787389199999999,16215.64311,146,37.338,8041.71516,0
1787389200000000,215.43,215.45,215.08,215.28,252.798,1787392799999999,54423.56165,242,198.587,42752.42601,0
1787392800000000,215.24,215.39,215.01,215.17,46.548,1787396399999999,10014.75993,153,8.849,1903.80183,0
1787396400000000,215.24,215.48,215.15,215.38,160.662,1787399999999999,34599.82087,215,107.788,23215.50023,0
1787400000000000,215.38,215.95,215.37,215.7,287.557,1787403599999999,62034.10176,527,181.557,39165.04562,0
1787403600000000,215.72,215.72,215.47,215.55,138.894,1787407199999999,29946.38449,264,49.264,10622.23146,0
1787407200000000,215.55,215.62,215.4,215.6,42.912,1787410799999999,9247.75619,178,26.929,5803.09569,0
1787410800000000,215.6,215.65,215.4,215.41,261.931,1787414399999999,56453.25788,641,142.955,30811.60074,0
1787414400000000,215.41,215.65,215.32,215.62,126.345,1787417999999999,27223.35756,322,61.84,13325.19978,0
1787418000000000,215.61,215.65,215.48,215.59,108.341,1787421599999999,23354.76871,351,58.961,12710.63228,0
1787421600000000,215.57,215.79,215.41,215.56,117.655,1787425199999999,25362.07301,252,57.13,12315.8429,0
1787425200000000,215.86,216.15,215.71,216.11,178.882,1787428799999999,38610.14162,214,40.571,8758.01498,0
1787428800000000,216.12,216.14,215.78,215.89,129.559,1787432399999999,27983.07072,225,83.255,17981.72313,0
1787432400000000,215.8,216.1,215.79,216.1,48.111,1787435999999999,10387.80875,84,30.662,6620.91695,0
1787436000000000,216.1,216.27,216.1,216.13,318.501,1787439599999999,68833.99096,409,56.804,12278.80559,0
1787439600000000,216.11,216.26,215.83,216.2,93.104,1787443199999999,20112.55487,151,29.316,6331.73802,0
1787443200000000,216.21,216.3,216.07,216.21,48.83,1787446799999999,10557.06458,127,14.509,3136.22898,0
1787446800000000,216.18,216.73,216.16,216.59,472.434,1787450399999999,102248.71858,368,162.575,35185.76112,0
1787450400000000,216.6,216.62,216.37,216.62,178.561,1787453999999999,38658.45471,223,55.329,11981.80681,0
1787454000000000,216.6,216.91,216.58,216.83,169.968,1787457599999999,36841.97614,286,93.694,20309.11191,0
1787457600000000,216.82,217.03,216.65,217.01,183.152,1787461199999999,39718.53233,244,53.367,11573.02128,0
1787461200000000,217.03,217.1,216.88,216.9,537.972,1787464799999999,116764.17889,914,9.968,2162.36177,0
1787464800000000,216.9,217.16,216.76,217.04,75.035,1787468399999999,16288.08091,187,37.437,8124.76048,0
1787468400000000,217.05,217.12,216.61,216.9,351.463,1787471999999999,76242.17814,239,70.29,15254.61435,0
1787472000000000,216.94,217.34,216.93,217.33,230.88,1787475599999999,50138.13972,247,112.756,24487.78954,0
1787475600000000,217.31,217.38,217.08,217.17,78.86,1787479199999999,17134.76921,230,35.755,7769.4689,0
1787479200000000,217.18,217.38,217.13,217.3,46.19,1787482799999999,10036.35272,113,23.406,5085.4755,0
1787482800000000,217.28,217.56,217.27,217.43,60.4,1787486399999999,13130.45214,155,25.976,5646.73093,0
1787486400000000,217.47,218.26,217.43,218.23,706.329,1787489999999999,153887.63533,736,451.443,98313.27965,0
1787490000000000,218.24,218.42,218.0,218.28,276.068,1787493599999999,60218.22919,483,140.083,30556.26031,0
1787493600000000,218.29,219.0,218.16,218.74,629.588,1787497199999999,137608.94683,825,209.211,45728.17516,0
1787497200000000,218.75,218.8,218.3,218.53,271.293,1787500799999999,59287.10519,455,142.863,31230.12266,0
1787500800000000,218.51,218.71,218.39,218.68,88.594,1787504399999999,19362.86141,175,34.891,7625.13742,0
1787504400000000,218.66,218.95,218.53,218.79,80.563,1787507999999999,17619.85604,179,29.497,6453.19893,0
1787508000000000,218.92,219.48,218.92,219.01,335.641,1787511599999999,73569.84371,333,91.725,20097.1457,0
1787511600000000,219.01,219.59,218.72,219.47,123.821,1787515199999999,27135.40986,177,55.581,12177.85962,0
1787515200000000,219.44,219.55,219.05,219.32,214.117,1787518799999999,46945.8755,280,62.247,13647.95882,0
1787518800000000,219.25,219.54,218.94,218.94,104.737,1787522399999999,22967.61766,99,30.091,6601.83852,0
1787522400000000,218.69,218.94,218.06,218.5,219.738,1787525999999999,47991.00188,210,117.913,25748.1115,0
1787526000000000,218.5,218.92,217.8,218.24,143.647,1787529599999999,31353.16679,232,86.264,18820.94481,0
1787529600000000,218.36,218.36,216.16,216.86,978.999,1787533199999999,212394.90368,1178,710.738,154148.24628,0
1787533200000000,216.87,217.12,216.6,216.66,101.961,1787536799999999,22112.94145,126,73.355,15911.19619,0
1787536800000000,216.54,216.7,216.2,216.59,92.565,1787540399999999,20045.07075,159,40.472,8764.01464,0
1787540400000000,216.67,216.67,215.88,215.95,225.841,1787543999999999,48806.45296,247,139.258,30089.26605,0
1787544000000000,216.01,216.39,215.94,216.24,231.915,1787547599999999,50127.19188,1029,213.201,46082.05675,0
1787547600000000,216.19,216.33,215.43,215.45,325.155,1787551199999999,70111.23694,398,274.552,59194.79936,0
1787551200000000,215.45,215.51,214.87,215.26,316.734,1787554799999999,68150.98067,380,214.794,46224.94365,0
1787554800000000,215.22,215.58,214.91,214.91,225.424,1787558399999999,48530.21074,283,93.362,20091.61135,0
1787558400000000,215.0,215.48,214.47,215.12,302.829,1787561999999999,65100.85039,375,231.957,49873.84352,0
1787562000000000,215.12,215.35,214.84,215.18,94.857,1787565599999999,20406.97813,269,47.128,10140.07113,0
1787565600000000,215.17,215.52,214.5,214.56,182.517,1787569199999999,39250.45941,329,98.245,21138.80056,0
1787569200000000,214.51,214.98,213.12,214.65,523.826,1787572799999999,112057.96243,632,316.911,67774.30549,0
1787572800000000,214.66,215.58,214.39,215.4,202.823,1787576399999999,43606.75439,299,101.608,21836.76433,0
1787576400000000,215.34,215.91,209.31,209.88,2856.011,1787579999999999,605443.04876,2842,1635.23,346892.59322,0
1787580000000000,209.89,210.38,208.92,209.86,2315.956,1787583599999999,486286.39186,1758,1712.869,359714.61654,0
1787583600000000,209.91,210.88,209.05,210.31,1184.167,1787587199999999,248522.69071,1240,442.112,92893.98849,0
1787587200000000,210.37,211.13,209.85,209.88,685.495,1787590799999999,144058.89243,463,611.859,128571.0602,0
1787590800000000,209.9,210.36,209.38,209.74,72.854,1787594399999999,15286.66383,206,40.77,8556.76675,0
1787594400000000,209.72,210.6,209.52,209.52,57.502,1787597999999999,12072.96666,148,22.75,4777.39871,0
1787598000000000,209.5,209.73,207.76,208.59,1465.904,1787601599999999,305628.60482,986,1143.51,238313.5393,0
1787601600000000,208.61,208.71,208.27,208.65,98.887,1787605199999999,20615.2758,162,77.971,16253.41097,0
1787605200000000,208.8,209.1,208.74,208.96,341.023,1787608799999999,71281.27325,97,326.076,68155.99705,0
1787608800000000,208.97,209.07,208.78,208.89,164.863,1787612399999999,34436.62955,136,144.841,30254.70683,0
1787612400000000,208.87,209.12,208.77,208.85,259.368,1787615999999999,54194.909,195,248.839,51996.13195,0
1787616000000000,208.93,209.2,208.14,209.14,77.299,1787619599999999,16149.43277,135,60.224,12586.62094,0
1787619600000000,209.21,209.44,208.93,209.32,89.073,1787623199999999,18633.33258,239,37.387,7823.71362,0
1787623200000000,209.31,209.62,209.26,209.34,174.302,1787626799999999,36504.98587,252,40.91,8567.49381,0
1787626800000000,209.36,209.75,208.98,209.69,860.571,1787630399999999,180033.73833,256,49.414,10357.38828,0
1787630400000000,209.74,210.22,209.74,210.22,1216.422,1787633999999999,255646.08421,747,222.88,46822.3446,0
1787634000000000,210.25,210.68,210.19,210.63,365.267,1787637599999999,76807.91128,608,255.332,53687.5315,0
1787637600000000,210.67,210.98,210.58,210.72,142.509,1787641199999999,30031.48645,318,71.839,15141.19233,0
1787641200000000,210.79,210.9,210.25,210.46,417.329,1787644799999999,87917.97421,242,339.453,71531.49183,0
1787644800000000,210.47,211.21,210.26,211.03,98.38,1787648399999999,20733.84421,286,53.888,11351.60383,0
1787648400000000,211.06,211.67,210.98,211.59,142.356,1787651999999999,30075.06384,208,101.402,21415.66698,0
1787652000000000,211.53,211.61,211.08,211.2,108.957,1787655599999999,23035.47906,308,44.84,9479.19247,0
1787655600000000,211.05,211.11,210.28,211.1,278.316,1787659199999999,58660.29281,281,262.722,55375.29539,0
1787659200000000,211.07,211.52,210.83,211.3,164.681,1787662799999999,34798.24179,281,89.949,19007.95809,0
1787662800000000,211.29,214.75,210.39,213.61,1343.152,1787666399999999,285748.41987,1461,605.551,128670.04429,0
1787666400000000,213.62,213.86,211.17,211.19,870.62,1787669999999999,184752.47843,1008,361.453,76737.7675,0
1787670000000000,211.22,211.86,210.38,211.86,1676.994,1787673599999999,353990.69343,1105,721.836,152678.14543,0
1787673600000000,211.82,212.72,211.64,212.27,848.991,1787677199999999,180130.61073,828,766.007,162516.5146,0
1787677200000000,212.24,212.68,211.86,212.62,389.941,1787680799999999,82816.84424,524,264.578,56180.47481,0
1787680800000000,212.48,213.32,212.1,213.3,106.811,1787684399999999,22720.95236,203,52.111,11084.24584,0
1787684400000000,213.29,213.44,211.95,213.18,350.96,1787687999999999,74623.66454,443,244.053,51894.45046,0
1787688000000000,213.16,213.95,212.7,213.59,1012.209,1787691599999999,215640.34396,444,320.195,68313.12689,0
1787691600000000,213.71,214.08,213.64,214.07,66.287,1787695199999999,14177.17861,108,41.323,8839.22785,0
1787695200000000,214.05,214.42,214.04,214.3,105.614,1787698799999999,22630.50271,112,91.305,19564.27695,0
1787698800000000,214.29,214.33,213.61,213.71,74.211,1787702399999999,15887.67215,202,36.471,7812.96616,0
1787702400000000,213.67,213.91,212.84,212.91,214.505,1787705999999999,45728.62201,241,145.463,31011.04205,0
1787706000000000,212.92,213.19,212.8,213.17,88.053,1787709599999999,18754.73697,158,55.869,11900.02223,0
1787709600000000,213.14,214.16,213.13,213.92,63.025,1787713199999999,13476.92609,202,37.21,7955.15593,0
1787713200000000,213.85,214.36,213.85,214.26,114.861,1787716799999999,24596.16035,105,104.707,22422.04617,0
1787716800000000,214.23,214.44,213.72,213.87,78.135,1787720399999999,16731.36081,216,53.752,11514.04919,0
1787720400000000,213.87,214.23,213.81,214.02,217.323,1787723999999999,46524.38857,163,205.037,43895.29449,0
1787724000000000,214.0,214.15,213.64,213.99,473.51,1787727599999999,101302.51049,381,361.488,77330.23691,0
1787727600000000,213.93,213.94,213.5,213.7,232.012,1787731199999999,49587.51087,250,109.624,23428.83013,0
1787731200000000,213.7,214.19,213.45,213.71,135.111,1787734799999999,28891.73496,142,129.788,27754.22124,0
1787734800000000,213.76,213.95,213.58,213.91,69.035,1787738399999999,14756.59963,204,43.498,9298.25736,0
1787738400000000,213.88,214.07,213.69,214.03,48.919,1787741999999999,10464.64646,178,21.932,4691.50411,0
1787742000000000,214.03,214.19,212.7,213.05,270.248,1787745599999999,57578.44593,345,108.989,23218.00388,0
1787745600000000,213.09,213.42,212.54,212.59,304.853,1787749199999999,64896.23162,1323,136.413,29047.81429,0
1787749200000000,212.59,213.58,211.02,212.77,1881.668,1787752799999999,399651.17523,1522,757.806,161065.28672,0
1787752800000000,212.81,212.81,210.28,211.24,966.217,1787756399999999,204081.66926,975,276.132,58319.0282,0
1787756400000000,211.27,211.55,210.58,210.89,267.92,1787759999999999,56548.6457,416,119.653,25262.44751,0
1787760000000000,210.75,210.75,209.69,209.99,420.788,1787763599999999,88417.38545,577,134.773,28325.34136,0
1787763600000000,210.02,210.82,209.95,210.76,119.813,1787767199999999,25214.87659,283,77.387,16287.1527,0
1787767200000000,210.76,211.34,210.38,211.32,111.404,1787770799999999,23505.10498,320,58.047,12250.09103,0
1787770800000000,211.25,211.48,209.49,210.06,867.669,1787774399999999,182339.01627,834,651.651,136926.88212,0
1787774400000000,210.22,211.48,204.13,210.6,8678.661,1787777999999999,1803813.21302,8910,4178.484,867525.46627,0
1787778000000000,210.59,220.39,208.87,218.86,10548.83,1787781599999999,2289342.44899,12936,5760.295,1250838.46613,0
1787781600000000,218.8,219.2,217.46,218.42,1127.631,1787785199999999,246186.38312,1130,764.587,166945.33423,0
1787785200000000,218.49,219.48,217.72,219.36,278.774,1787788799999999,60933.78274,442,78.282,17107.69761,0
1787788800000000,219.38,219.55,218.57,218.71,548.818,1787792399999999,120175.72269,565,238.859,52302.99701,0
1787792400000000,218.73,222.2,218.69,221.7,1238.673,1787795999999999,272840.9831,1341,715.074,157261.17418,0
1787796000000000,221.76,221.98,220.68,221.06,854.405,1787799599999999,189140.09463,1100,486.134,107615.39786,0
1787799600000000,221.08,221.73,220.87,221.39,173.273,1787803199999999,38335.35446,376,103.412,22880.52727,0
1787803200000000,221.47,221.76,221.1,221.17,160.372,1787806799999999,35503.24417,287,64.56,14291.30254,0
1787806800000000,221.17,221.31,220.5,221.31,147.518,1787810399999999,32596.63827,368,84.237,18611.63074,0
1787810400000000,221.27,221.27,219.36,220.7,461.799,1787813999999999,101852.21038,519,137.174,30193.40105,0
1787814000000000,220.59,222.32,220.49,222.18,1148.479,1787817599999999,254580.4951,4621,266.836,59156.21452,0
1787817600000000,222.2,226.75,221.68,226.31,2822.783,1787821199999999,633325.68996,13382,1432.64,321743.57453,0
1787821200000000,226.19,226.19,224.62,224.84,1092.415,1787824799999999,246005.49924,2181,632.242,142398.80292,0
1787824800000000,224.7,225.13,223.83,223.88,568.53,1787828399999999,127552.39901,750,417.896,93755.08947,0
1787828400000000,223.86,224.0,221.67,222.57,880.508,1787831999999999,196128.51697,2024,448.56,99965.17524,0
1787832000000000,222.54,223.59,221.68,222.23,558.979,1787835599999999,124398.69351,903,304.584,67769.18015,0
1787835600000000,222.27,225.69,221.13,224.26,4583.002,1787839199999999,1023604.23232,5884,2224.292,496987.64238,0
1787839200000000,224.17,226.76,223.54,226.76,1396.623,1787842799999999,314356.71008,2082,874.108,196711.56934,0
1787842800000000,226.8,227.1,224.78,226.06,689.214,1787846399999999,155536.04401,1071,207.035,46757.03093,0
1787846400000000,226.1,229.57,226.1,229.3,559.317,1787849999999999,127764.06562,906,188.273,42920.59619,0
1787850000000000,229.42,230.21,228.03,228.09,1253.598,1787853599999999,287415.23179,1060,189.06,43349.29165,0
1787853600000000,228.09,228.09,225.27,225.91,811.225,1787857199999999,183687.74293,1213,242.897,54978.42827,0
1787857200000000,225.96,228.76,225.51,227.62,2286.254,1787860799999999,521064.46764,1235,188.297,42853.91372,0
1787860800000000,227.57,227.79,226.46,226.71,1917.595,1787864399999999,435075.47205,3538,98.471,22369.52461,0
1787864400000000,226.65,227.02,225.85,226.0,1217.481,1787867999999999,275793.94684,2351,373.183,84542.1714,0
1787868000000000,225.92,226.41,225.81,226.19,58.359,1787871599999999,13188.20148,180,30.131,6810.42939,0
1787871600000000,226.16,226.21,225.84,226.01,143.494,1787875199999999,32441.15711,208,105.92,23948.20576,0
1787875200000000,226.07,226.49,225.84,226.41,71.672,1787878799999999,16211.80034,236,43.059,9739.53662,0
1787878800000000,226.2,226.8,226.2,226.77,76.126,1787882399999999,17243.58353,179,29.223,6619.92629,0
1787882400000000,226.82,226.85,226.22,226.39,30.734,1787885999999999,6960.28079,163,24.017,5438.6257,0
1787886000000000,226.37,227.0,226.37,226.5,230.498,1787889599999999,52310.22434,415,22.803,5171.03329,0
1787889600000000,226.5,226.67,226.32,226.53,31.058,1787893199999999,7034.95489,118,16.02,3628.99314,0
1787893200000000,226.54,226.58,225.94,225.99,60.242,1787896799999999,13625.49434,173,12.998,2941.24703,0
1787896800000000,226.09,227.02,226.04,227.02,122.422,1787900399999999,27718.52722,233,69.322,15698.06794,0
1787900400000000,226.94,226.98,226.2,226.32,346.765,1787903999999999,78537.19436,1307,227.793,51594.40717,0
1787904000000000,226.32,226.47,225.08,225.36,895.377,1787907599999999,202052.56632,3311,531.979,120036.16403,0
1787907600000000,225.26,226.07,225.2,226.03,256.137,1787911199999999,57816.53374,434,158.564,35793.66193,0
1787911200000000,226.0,226.91,225.8,226.79,251.71,1787914799999999,56988.77494,467,108.392,24545.48234,0
1787914800000000,226.74,227.4,226.56,226.7,227.852,1787918399999999,51725.66714,350,112.992,25651.61708,0
1787918400000000,226.63,227.86,226.57,227.84,370.421,1787921999999999,84201.49375,1658,177.597,40371.47988,0
1787922000000000,227.79,229.06,224.71,225.33,2855.031,1787925599999999,648225.34463,3330,1022.594,231605.02202,0
1787925600000000,225.34,226.81,223.49,226.66,2634.114,1787929199999999,592292.17291,2420,1336.887,301060.80796,0
1787929200000000,226.73,226.79,221.25,221.59,2573.427,1787932799999999,574985.41595,3198,883.09,196915.67312,0
1787932800000000,221.52,221.56,220.0,220.03,2294.112,1787936399999999,506576.98239,2971,1652.617,364919.96306,0
1787936400000000,220.03,220.05,218.15,219.55,2540.432,1787939999999999,556867.78023,2703,1644.763,360338.85166,0
1787940000000000,219.55,219.6,217.08,217.53,917.96,1787943599999999,200450.87824,1442,470.48,102601.71502,0
1787943600000000,217.59,218.24,217.19,217.66,1507.924,1787947199999999,328315.97155,571,931.248,202776.39786,0
1787947200000000,217.64,218.01,217.64,217.8,90.811,1787950799999999,19780.22835,112,75.011,16337.49879,0
1787950800000000,217.89,217.94,217.72,217.9,253.434,1787954399999999,55211.51419,367,226.599,49365.97633,0
1787954400000000,217.85,218.12,217.81,218.04,185.431,1787957999999999,40422.52823,204,150.574,32826.53159,0
1787958000000000,218.06,218.18,217.99,217.99,200.203,1787961599999999,43663.43218,297,155.715,33962.12819,0
1787961600000000,218.0,218.34,217.77,217.83,352.588,1787965199999999,76896.21751,829,172.888,37721.90294,0
1787965200000000,217.84,218.26,217.84,218.2,61.95,1787968799999999,13513.3489,169,39.062,8522.25454,0
1787968800000000,218.24,218.33,218.07,218.08,173.852,1787972399999999,37928.29955,323,33.751,7365.01006,0
1787972400000000,218.1,218.6,218.09,218.51,84.035,1787975999999999,18355.34541,189,43.223,9440.29697,0
1787976000000000,218.5,218.57,218.45,218.47,66.783,1787979599999999,14593.00797,197,24.052,5255.9924,0
1787979600000000,218.47,218.71,218.47,218.7,52.3,1787983199999999,11432.12547,147,28.199,6163.76195,0
1787983200000000,218.69,218.88,218.61,218.72,213.565,1787986799999999,46720.3834,682,114.438,25035.6387,0
1787986800000000,218.74,219.05,218.74,218.91,104.728,1787990399999999,22924.45841,276,70.092,15343.41507,0
1787990400000000,218.9,218.92,218.85,218.87,132.821,1787993999999999,29073.64377,166,34.97,7654.93525,0
1787994000000000,218.87,218.9,218.81,218.84,63.312,1787997599999999,13856.23482,258,26.121,5716.94392,0
1787997600000000,218.83,218.9,218.74,218.88,71.14,1788001199999999,15567.20372,242,36.66,8022.39221,0
1788001200000000,218.84,218.98,218.81,218.81,71.618,1788004799999999,15676.81379,223,51.864,11353.23193,0
1788004800000000,218.8,218.94,218.77,218.78,111.501,1788008399999999,24402.07463,232,60.04,13140.70294,0
1788008400000000,218.78,218.78,218.63,218.69,55.685,1788011999999999,12177.8613,87,13.767,3010.43283,0
1788012000000000,218.69,218.89,218.68,218.82,38.168,1788015599999999,8351.35844,260,22.055,4825.7023,0
1788015600000000,218.82,219.02,218.68,218.73,73.344,1788019199999999,16050.28431,342,36.366,7958.83496,0
1788019200000000,218.73,218.96,218.71,218.93,49.488,1788022799999999,10830.60073,148,34.55,7561.17571,0
1788022800000000,218.92,218.93,218.67,218.82,76.493,1788026399999999,16733.90891,197,28.105,6148.98791,0
1788026400000000,218.83,218.92,218.8,218.89,50.918,1788029999999999,11144.46347,92,19.654,4301.6671,0
1788030000000000,218.9,219.02,218.84,218.97,50.329,1788033599999999,11018.32312,133,35.984,7878.18899,0
1788033600000000,218.95,218.98,218.74,218.8,86.501,1788037199999999,18929.96378,148,27.538,6026.27855,0
1788037200000000,218.8,218.93,218.79,218.92,38.603,1788040799999999,8447.81214,88,30.402,6653.20733,0
1788040800000000,218.91,218.95,218.75,218.86,44.328,1788044399999999,9703.19804,93,23.115,5059.94659,0
1788044400000000,218.85,219.03,218.83,218.95,65.102,1788047999999999,14252.69636,173,45.264,9909.80446,0
1788048000000000,218.95,218.96,218.86,218.93,25.333,1788051599999999,5545.44336,139,6.932,1517.52858,0
1788051600000000,218.95,218.95,218.77,218.89,48.622,1788055199999999,10641.6979,93,6.473,1417.05933,0
1788055200000000,218.9,219.0,218.88,218.98,36.352,1788058799999999,7959.42187,161,24.913,5454.61543,0
1788058800000000,218.97,219.03,218.95,219.01,32.993,1788062399999999,7224.98933,148,16.86,3692.20402,0
1788062400000000,219.01,219.02,218.92,218.96,41.502,1788065999999999,9087.62633,117,15.826,3465.54918,0
1788066000000000,218.97,218.97,218.86,218.97,82.351,1788069599999999,18030.12798,176,29.207,6395.00431,0
1788069600000000,218.97,219.0,218.92,218.98,42.064,1788073199999999,9210.11045,178,24.615,5389.67523,0
1788073200000000,218.98,219.09,218.95,218.96,60.548,1788076799999999,13261.14049,111,36.495,7993.55838,0
1788076800000000,218.96,218.96,218.84,218.91,88.697,1788080399999999,19419.10712,142,40.798,8932.69249,0
1788080400000000,218.9,219.06,218.9,219.0,136.123,1788083999999999,29811.83192,1546,72.277,15829.53474,0
1788084000000000,219.03,219.17,218.92,219.02,73.806,1788087599999999,16163.92585,247,31.884,6983.6927,0
1788087600000000,219.02,219.18,218.79,219.12,162.209,1788091199999999,35529.75923,686,110.226,24146.68836,0
1788091200000000,219.12,219.18,218.77,218.85,258.418,1788094799999999,56587.72651,1867,112.421,24626.19905,0
1788094800000000,218.85,219.01,218.8,218.86,89.684,1788098399999999,19629.9607,217,53.201,11645.30402,0
1788098400000000,218.86,219.19,218.86,219.1,215.342,1788101999999999,47168.23765,426,130.893,28671.31802,0
1788102000000000,219.1,219.14,218.97,219.05,114.876,1788105599999999,25164.35977,347,63.041,13810.32388,0
1788105600000000,219.07,219.13,219.01,219.13,67.213,1788109199999999,14725.35174,217,33.966,7441.59864,0
1788109200000000,219.17,219.17,218.85,218.96,62.767,1788112799999999,13750.30308,225,25.37,5557.70299,0
1788112800000000,218.98,219.24,218.98,219.2,46.057,1788116399999999,10094.08761,121,31.657,6938.33918,0
1788116400000000,219.2,219.2,219.06,219.11,44.167,1788119999999999,9677.77947,436,20.429,4476.46085,0
1788120000000000,219.12,219.2,219.01,219.01,44.444,1788123599999999,9738.77092,256,24.869,5449.68222,0
1788123600000000,218.98,219.08,218.67,218.67,151.697,1788127199999999,33188.51226,278,28.912,6328.77852,0
1788127200000000,218.68,218.75,218.0,218.08,221.231,1788130799999999,48295.80698,376,96.892,21150.45721,0
1788130800000000,218.06,218.16,216.78,216.99,343.317,1788134399999999,74635.35246,623,202.487,44033.28957,0
1788134400000000,216.95,218.33,216.08,217.94,254.443,1788137999999999,55191.934,349,185.185,40158.17219,0
1788138000000000,217.9,217.9,217.11,217.27,142.713,1788141599999999,31021.24042,259,25.985,5650.22799,0
1788141600000000,217.25,217.65,217.15,217.49,123.825,1788145199999999,26910.67088,178,72.506,15756.607,0
1788145200000000,217.5,217.86,217.5,217.82,43.114,1788148799999999,9385.93451,115,25.734,5602.36134,0
1788148800000000,217.78,218.09,217.5,218.09,37.316,1788152399999999,8127.43623,80,28.371,6178.67212,0
1788152400000000,218.16,218.86,218.09,218.83,86.06,1788155999999999,18811.90351,168,61.871,13524.6148,0
1788156000000000,218.88,219.22,218.7,219.12,46.898,1788159599999999,10272.84283,282,17.758,3889.93134,0
1788159600000000,219.12,219.17,218.77,218.97,36.514,1788163199999999,7995.76214,168,23.887,5230.32644,0
1788163200000000,219.0,219.29,218.78,219.25,96.445,1788166799999999,21135.2331,281,56.529,12389.16225,0
1788166800000000,219.28,219.39,218.81,218.89,161.575,1788170399999999,35417.40047,285,105.791,23187.84576,0
1788170400000000,218.89,219.4,218.67,219.3,191.463,1788173999999999,41945.16718,942,113.056,24761.26575,0
1788174000000000,219.3,219.3,218.75,218.99,173.098,1788177599999999,37918.2239,500,89.58,19616.56157,0
1788177600000000,219.01,219.17,218.45,218.47,208.128,1788181199999999,45596.15623,251,165.47,36255.70916,0
1788181200000000,218.48,219.33,216.58,218.94,2466.142,1788184799999999,537247.93465,2175,1597.629,348380.60899,0
1788184800000000,219.02,220.86,218.64,219.9,1254.026,1788188399999999,275494.84942,1099,835.967,183549.23633,0
1788188400000000,219.96,220.58,219.34,219.66,141.512,1788191999999999,31108.22418,427,51.448,11314.25182,0
1788192000000000,219.61,220.26,219.01,220.25,214.145,1788195599999999,46985.19061,370,51.788,11389.0412,0
1788195600000000,220.26,220.28,219.36,219.71,80.445,1788199199999999,17693.89744,420,28.522,6271.71999,0
1788199200000000,219.76,219.86,217.77,218.68,195.087,1788202799999999,42589.37856,615,145.059,31652.49533,0
1788202800000000,218.83,221.25,218.8,220.76,705.136,1788206399999999,155250.9611,820,485.422,106811.14092,0
1788206400000000,220.8,220.87,220.48,220.69,135.713,1788209999999999,29953.02421,368,77.865,17186.23556,0
1788210000000000,220.7,220.7,220.55,220.61,19.006,1788213599999999,4193.05236,84,4.875,1075.56862,0
1788213600000000,220.6,220.61,220.36,220.36,28.651,1788217199999999,6318.80158,100,19.531,4308.00802,0
1788217200000000,220.39,220.49,220.33,220.4,31.487,1788220799999999,6940.02733,166,26.125,5758.17079,0
1788220800000000,220.41,220.49,220.06,220.41,66.391,1788224399999999,14633.83532,193,50.494,11131.56334,0
1788224400000000,220.49,220.59,220.17,220.24,23.283,1788227999999999,5131.14382,115,8.492,1871.86087,0
1788228000000000,220.24,220.32,219.8,220.15,36.019,1788231599999999,7931.60426,131,21.181,4663.75686,0
1788231600000000,220.15,220.19,219.83,220.08,120.265,1788235199999999,26463.10165,383,13.345,2937.26697,0
1788235200000000,220.08,220.49,220.08,220.21,423.016,1788238799999999,93126.61271,1004,407.087,89617.25756,0
1788238800000000,220.2,220.78,220.15,220.71,44.095,1788242399999999,9724.22643,401,18.294,4035.71433,0
1788242400000000,220.73,220.81,220.53,220.53,34.603,1788245999999999,7637.1844,227,19.459,4295.1357,0
1788246000000000,220.49,220.69,220.06,220.17,96.17,1788249599999999,21206.37861,239,88.152,19438.39127,0
1788249600000000,220.07,220.21,218.16,218.16,198.222,1788253199999999,43452.89743,686,77.51,16989.61283,0
1788253200000000,218.15,218.45,217.74,218.3,69.095,1788256799999999,15062.66551,235,55.51,12099.86512,0
1788256800000000,218.43,218.55,218.0,218.2,158.397,1788260399999999,34590.88097,1130,59.171,12920.97977,0
1788260400000000,218.1,218.39,217.5,217.63,252.948,1788263999999999,55154.79902,385,104.359,22761.08333,0
1788264000000000,217.59,217.87,217.04,217.21,216.576,1788267599999999,47091.61624,423,54.032,11742.86026,0
1788267600000000,217.25,217.47,215.32,217.14,1665.919,1788271199999999,360532.3751,3838,534.596,115527.55363,0
1788271200000000,217.14,218.58,217.03,218.15,1333.038,1788274799999999,290817.08933,2229,1079.801,235604.24945,0
1788274800000000,218.14,220.41,217.85,220.24,630.459,1788278399999999,138257.29057,2931,398.122,87235.70252,0
1788278400000000,220.23,220.27,219.14,219.77,436.648,1788281999999999,95874.00182,641,145.608,32004.67259,0
1788282000000000,219.68,219.68,218.0,218.03,51.76,1788285599999999,11312.06298,169,34.367,7510.27107,0
1788285600000000,218.16,218.29,216.58,217.4,74.071,1788289199999999,16078.63319,203,51.613,11198.18577,0
1788289200000000,217.35,217.91,216.86,217.64,115.869,1788292799999999,25183.45142,264,27.044,5874.36559,0
1788292800000000,217.64,217.78,217.5,217.67,27.524,1788296399999999,5990.14533,89,14.841,3230.28431,0
1788296400000000,217.66,217.8,217.62,217.79,22.739,1788299999999999,4951.54587,63,17.745,3864.37456,0
1788300000000000,217.83,217.86,217.4,217.67,43.709,1788303599999999,9515.35628,83,3.58,778.59844,0
1788303600000000,217.69,217.78,217.59,217.67,321.846,1788307199999999,70062.6341,2121,69.574,15147.03757,0
1788307200000000,217.61,218.03,217.53,217.53,71.758,1788310799999999,15626.28236,179,31.446,6848.93058,0
1788310800000000,217.57,217.72,217.1,217.25,141.095,1788314399999999,30646.08361,234,115.559,25101.1005,0
1788314400000000,217.24,217.43,216.99,217.34,45.638,1788317999999999,9918.96774,350,19.051,4140.96042,0
1788318000000000,217.36,217.37,217.05,217.09,35.975,1788321599999999,7812.3209,72,6.665,1447.6575,0
1788321600000000,217.09,217.34,217.09,217.12,17.689,1788325199999999,3842.00839,113,5.384,1169.80684,0
1788325200000000,217.1,217.62,217.08,217.51,20.065,1788328799999999,4363.00809,70,8.203,1783.25044,0
1788328800000000,217.57,217.64,217.09,217.51,58.636,1788332399999999,12746.46473,139,33.776,7342.27946,0
1788332400000000,217.47,217.71,217.38,217.49,122.621,1788335999999999,26672.68556,350,118.612,25800.69622,0
1788336000000000,217.44,217.51,216.68,216.88,172.473,1788339599999999,37452.46522,435,39.12,8500.79203,0
1788339600000000,216.93,217.04,216.5,216.93,30.387,1788343199999999,6586.22568,116,20.587,4462.88846,0
1788343200000000,216.84,216.93,216.62,216.7,508.552,1788346799999999,110218.80587,2210,413.786,89676.77206,0
1788346800000000,216.7,217.47,216.31,217.47,859.9,1788350399999999,186340.1775,2086,793.515,171934.60784,0
1788350400000000,217.46,218.65,217.45,217.84,278.192,1788353999999999,60578.47628,1160,225.365,49053.01426,0
1788354000000000,217.96,221.42,217.93,221.42,1031.415,1788357599999999,227107.84996,1779,761.862,167763.27061,0
1788357600000000,221.47,224.46,221.22,223.96,3475.739,1788361199999999,775363.58027,13266,2787.099,621911.12901,0
1788361200000000,224.04,227.88,223.92,227.5,2008.563,1788364799999999,452890.10529,7259,1124.468,253167.73333,0
1788364800000000,227.41,227.73,225.48,225.71,832.53,1788368399999999,188965.11113,4109,143.641,32572.50167,0
1788368400000000,225.74,225.9,224.42,224.68,337.109,1788371999999999,75860.42407,2474,210.552,47379.00953,0
1788372000000000,224.61,225.25,224.25,224.45,166.973,1788375599999999,37515.85332,1288,40.357,9069.00987,0
1788375600000000,224.49,224.7,223.84,224.26,87.735,1788379199999999,19668.62039,440,56.357,12629.71215,0
1788379200000000,224.39,224.66,223.86,224.04,104.625,1788382799999999,23467.5604,157,48.444,10853.07999,0
1788382800000000,223.98,225.3,223.93,225.07,211.0,1788386399999999,47464.31529,1588,71.24,16014.39178,0
1788386400000000,225.05,225.15,224.63,225.04,101.115,1788389999999999,22749.18326,428,33.875,7622.09793,0
1788390000000000,225.04,225.53,224.83,225.45,58.337,1788393599999999,13133.50037,349,10.306,2321.0901,0
1788393600000000,225.49,225.53,224.95,225.06,100.308,1788397199999999,22595.7422,1202,36.644,8250.59503,0
1788397200000000,225.07,225.42,224.81,224.81,68.536,1788400799999999,15436.28379,577,43.873,9881.98017,0
1788400800000000,224.81,225.2,224.79,225.0,87.873,1788404399999999,19773.60861,554,26.069,5867.20748,0
1788404400000000,225.07,225.87,225.03,225.87,46.846,1788407999999999,10565.95969,309,24.982,5633.15495,0
1788408000000000,225.88,226.21,225.74,226.12,321.686,1788411599999999,72688.92144,1261,29.077,6570.87732,0
1788411600000000,226.18,226.21,224.67,225.61,346.429,1788415199999999,78063.54339,469,84.595,19047.57528,0
1788415200000000,225.61,225.91,225.39,225.56,340.829,1788418799999999,76921.29707,562,235.443,53150.75383,0
1788418800000000,225.58,225.9,225.37,225.77,280.904,1788422399999999,63385.40489,299,26.067,5882.27859,0
1788422400000000,225.76,226.18,225.23,225.44,521.373,1788425999999999,117584.67041,513,55.429,12504.58209,0
1788426000000000,225.39,225.4,224.47,224.62,32.441,1788429599999999,7299.9851,175,20.358,4581.92737,0
1788429600000000,224.64,224.86,224.47,224.75,19.742,1788433199999999,4435.44674,215,12.054,2708.3722,0
1788433200000000,224.7,224.76,222.96,223.3,216.856,1788436799999999,48569.10406,1595,105.055,23524.68593,0
1788436800000000,223.37,225.93,223.33,225.81,310.795,1788440399999999,69847.00911,623,137.813,30978.62444,0
1788440400000000,225.74,228.92,224.73,228.1,1802.364,1788443999999999,409381.45317,2607,365.373,82891.05167,0
1788444000000000,228.04,228.73,225.39,225.93,551.663,1788447599999999,125156.20012,1048,320.159,72552.64658,0
1788447600000000,225.93,227.71,225.58,227.18,520.87,1788451199999999,117989.88668,781,292.0,66074.56684,0
1788451200000000,227.19,227.8,226.79,227.25,697.814,1788454799999999,158449.30201,1372,444.878,101005.61958,0
1788454800000000,227.25,230.0,226.93,229.92,786.136,1788458399999999,179911.02517,872,329.554,75344.40878,0
1788458400000000,229.76,230.26,229.15,229.3,167.144,1788461999999999,38397.87687,440,73.035,16780.02557,0
1788462000000000,229.19,229.79,228.5,228.73,857.084,1788465599999999,196545.03154,1667,660.348,151464.29059,0
1788465600000000,228.7,228.87,228.57,228.61,1841.039,1788469199999999,421011.59403,3692,1467.834,335674.1362,0
1788469200000000,228.62,229.04,228.6,228.84,294.593,1788472799999999,67379.21556,1938,285.127,65214.19768,0
1788472800000000,228.83,229.46,228.76,229.41,125.48,1788476399999999,28753.92615,844,99.884,22887.62196,0
1788476400000000,229.4,229.93,229.39,229.72,148.113,1788479999999999,34021.55201,612,75.402,17319.15232,0
1788480000000000,229.79,229.96,229.45,229.87,151.579,1788483599999999,34820.63709,695,49.066,11274.50446,0
1788483600000000,229.84,229.96,229.5,229.69,125.597,1788487199999999,28851.62027,389,61.074,14030.37967,0
1788487200000000,229.68,230.16,229.64,229.96,33.217,1788490799999999,7633.80605,182,16.634,3822.79157,0
1788490800000000,230.1,230.28,229.95,230.0,212.592,1788494399999999,48910.51353,503,74.157,17062.82617,0
1788494400000000,230.01,230.38,229.88,230.33,254.918,1788497999999999,58659.08145,729,167.093,38449.61779,0
1788498000000000,230.32,230.69,230.09,230.3,210.958,1788501599999999,48606.92554,688,67.997,15668.16922,0
1788501600000000,230.31,230.58,229.72,229.76,282.419,1788505199999999,65007.44485,833,93.793,21582.80871,0
1788505200000000,229.77,230.55,229.76,230.44,357.697,1788508799999999,82365.84078,1344,136.033,31318.73765,0
1788508800000000,230.41,231.09,230.18,230.67,242.03,1788512399999999,55848.96215,711,121.067,27940.3821,0
1788512400000000,230.68,231.03,230.07,231.0,907.769,1788515999999999,209145.05172,1137,237.009,54632.6473,0
1788516000000000,231.02,232.49,231.01,231.62,590.077,1788519599999999,136801.75118,1852,374.475,86802.26311,0
1788519600000000,231.59,231.67,231.05,231.25,242.168,1788523199999999,56008.56452,811,166.355,38474.84767,0
1788523200000000,231.25,232.13,230.2,230.61,871.9,1788526799999999,201904.56556,4855,534.969,123907.23367,0
1788526800000000,230.58,234.66,229.94,234.56,1406.413,1788530399999999,327119.95951,4717,708.2,164780.19263,0
1788530400000000,234.46,234.77,232.22,232.25,605.862,1788533999999999,141614.99705,1782,271.205,63432.82031,0
1788534000000000,232.29,232.84,230.87,231.18,217.623,1788537599999999,50444.56026,988,144.692,33528.21334,0
1788537600000000,231.19,232.3,230.72,231.69,185.264,1788541199999999,42842.32675,750,109.435,25310.63937,0
1788541200000000,231.65,231.73,230.2,230.33,80.661,1788544799999999,18620.69997,304,40.868,9435.75127,0
1788544800000000,230.29,230.8,230.1,230.67,143.121,1788548399999999,32977.27703,494,76.94,17722.01037,0
1788548400000000,230.77,231.1,229.82,230.47,531.799,1788551999999999,122594.55001,845,402.757,92857.57757,0
1788552000000000,230.3,230.3,229.76,230.11,1399.529,1788555599999999,321758.1318,2363,1372.468,315532.75039,0
1788555600000000,230.1,230.19,230.04,230.12,676.62,1788559199999999,155696.82726,1750,663.017,152566.6508,0
1788559200000000,230.12,230.16,230.02,230.11,244.302,1788562799999999,56214.00413,1011,210.497,48435.80497,0
1788562800000000,230.1,230.1,229.72,229.73,323.435,1788566399999999,74389.39941,858,281.71,64796.8124,0
1788566400000000,229.72,230.29,229.72,230.08,194.792,1788569999999999,44818.01924,759,134.552,30957.10472,0
1788570000000000,230.12,230.4,230.11,230.25,152.028,1788573599999999,35005.58584,432,80.207,18469.72326,0
1788573600000000,230.23,230.35,230.21,230.21,173.096,1788577199999999,39852.88279,519,52.278,12037.22594,0
1788577200000000,230.21,230.35,230.16,230.26,227.649,1788580799999999,52408.67841,359,149.547,34428.50816,0
1788580800000000,230.26,230.37,230.26,230.33,286.869,1788584399999999,66067.29191,543,156.699,36087.73092,0
1788584400000000,230.34,230.52,230.34,230.43,233.933,1788587999999999,53899.5833,387,134.946,31091.39588,0
1788588000000000,230.43,230.56,230.43,230.5,83.335,1788591599999999,19205.40481,333,35.694,8226.2322,0
1788591600000000,230.51,230.71,230.5,230.67,95.745,1788595199999999,22079.69778,240,62.825,14489.22238,0
1788595200000000,230.67,230.72,230.65,230.68,87.879,1788598799999999,20271.9442,216,49.611,11444.25231,0
1788598800000000,230.7,230.79,230.69,230.7,182.949,1788602399999999,42209.80482,330,34.703,8007.16519,0
1788602400000000,230.72,230.72,230.55,230.65,254.547,1788605999999999,58711.01756,1532,92.538,21344.26567,0
1788606000000000,230.64,230.77,230.64,230.73,106.489,1788609599999999,24564.09678,845,51.907,11973.50653,0
1788609600000000,230.74,230.75,230.71,230.73,114.04,1788613199999999,26311.60624,262,53.26,12288.49077,0
1788613200000000,230.72,231.0,230.72,230.89,181.038,1788616799999999,41786.86689,425,96.224,22208.6973,0
1788616800000000,230.88,231.02,230.88,231.01,75.144,1788620399999999,17355.52035,305,36.142,8347.63412,0
1788620400000000,231.01,231.21,231.01,231.2,134.899,1788623999999999,31179.33942,233,80.39,18581.19789,0
1788624000000000,231.2,231.4,231.11,231.39,190.187,1788627599999999,43983.09161,381,79.72,18440.30752,0
1788627600000000,231.39,231.4,231.2,231.2,82.812,1788631199999999,19155.08215,363,25.165,5821.44762,0
1788631200000000,231.2,231.22,230.84,230.88,216.975,1788634799999999,50132.34596,340,81.509,18833.02194,0
1788634800000000,231.02,231.07,230.97,231.01,24.88,1788638399999999,5747.98147,85,7.309,1688.70847,0
1788638400000000,230.99,231.06,230.9,230.91,108.172,1788641999999999,24984.55934,819,86.683,20021.12542,0
1788642000000000,230.92,230.95,230.81,230.94,39.142,1788645599999999,9037.1499,105,6.931,1600.293,0
1788645600000000,230.95,231.21,230.85,231.2,48.316,1788649199999999,11164.61039,198,33.241,7681.72078,0
1788649200000000,231.2,231.36,231.04,231.15,50.962,1788652799999999,11782.89744,292,26.154,6047.50192,0
1788652800000000,231.15,231.19,231.06,231.17,38.946,1788656399999999,9001.97004,184,21.348,4934.41859,0
1788656400000000,231.18,231.31,231.1,231.29,141.537,1788659999999999,32725.94902,172,98.334,22736.8966,0
1788660000000000,231.29,231.36,231.18,231.33,90.221,1788663599999999,20866.48072,204,35.349,8176.10103,0
1788663600000000,231.33,231.64,231.2,231.22,168.172,1788667199999999,38915.51481,344,136.573,31606.00999,0
1788667200000000,231.19,231.35,231.18,231.34,95.702,1788670799999999,22134.34932,253,56.004,12952.98605,0
1788670800000000,231.34,231.43,231.25,231.38,57.76,1788674399999999,13362.80879,203,27.56,6376.52148,0
1788674400000000,231.39,231.43,231.19,231.24,136.68,1788677999999999,31619.48122,344,91.505,21169.39401,0
1788678000000000,231.23,231.66,231.23,231.3,104.307,1788681599999999,24134.48219,284,52.884,12237.20777,0
1788681600000000,231.29,231.42,231.29,231.36,124.017,1788685199999999,28694.4869,246,56.846,13153.03503,0
1788685200000000,231.37,231.74,231.37,231.62,150.247,1788688799999999,34784.8689,708,92.902,21507.70765,0
1788688800000000,231.62,231.73,231.49,231.55,93.453,1788692399999999,21648.5876,724,46.601,10796.28137,0
1788692400000000,231.56,231.61,231.5,231.59,59.459,1788695999999999,13767.93602,137,18.482,4279.74908,0
1788696000000000,231.51,231.63,231.5,231.54,97.047,1788699599999999,22469.84411,229,46.692,10810.99624,0
1788699600000000,231.57,231.57,231.24,231.31,150.628,1788703199999999,34846.87677,230,47.053,10886.41842,0
1788703200000000,231.31,231.42,231.13,231.33,66.738,1788706799999999,15437.06398,294,32.842,7596.84256,0
1788706800000000,231.24,231.36,231.13,231.33,45.825,1788710399999999,10598.87249,180,25.779,5962.6869,0
1788710400000000,231.32,231.43,231.23,231.4,74.803,1788713999999999,17304.78548,349,55.426,12822.44042,0
1788714000000000,231.46,231.49,231.33,231.41,55.524,1788717599999999,12849.28648,212,18.542,4290.84872,0
1788717600000000,231.41,231.46,231.26,231.41,46.692,1788721199999999,10804.67008,144,22.048,5101.9395,0
1788721200000000,231.41,231.49,231.38,231.44,26.276,1788724799999999,6080.95815,99,19.749,4570.52423,0
1788724800000000,231.49,231.56,231.47,231.5,16.305,1788728399999999,3774.98304,100,10.9,2523.62826,0
1788728400000000,231.48,231.64,231.48,231.58,12.788,1788731999999999,2961.56431,85,8.049,1864.06746,0
1788732000000000,231.57,231.57,231.25,231.41,70.765,1788735599999999,16375.08652,205,34.239,7922.6441,0
1788735600000000,231.4,231.49,231.19,231.28,59.639,1788739199999999,13799.0645,271,36.955,8550.48271,0
1788739200000000,231.28,231.54,231.25,231.25,37.681,1788742799999999,8719.53916,152,14.392,3330.3632,0
1788742800000000,231.32,231.62,231.14,231.51,53.696,1788746399999999,12424.118,215,36.878,8532.71826,0
1788746400000000,231.54,231.84,231.5,231.71,60.391,1788749999999999,13986.55302,294,33.846,7839.29179,0
1788750000000000,231.64,231.83,231.63,231.76,45.625,1788753599999999,10572.64065,157,27.123,6284.53161,0
1788753600000000,231.78,231.9,231.77,231.81,29.53,1788757199999999,6846.65666,91,15.204,3525.13548,0
1788757200000000,231.84,231.96,231.8,231.86,67.038,1788760799999999,15544.60385,194,34.093,7905.65624,0
1788760800000000,231.87,232.21,231.85,232.2,36.12,1788764399999999,8378.40828,108,16.066,3726.71966,0
1788764400000000,232.22,232.58,232.22,232.58,80.321,1788767999999999,18664.8992,300,60.494,14057.36947,0
1788768000000000,232.59,233.64,232.58,233.18,864.459,1788771599999999,201666.76804,1180,524.239,122339.26387,0
1788771600000000,233.18,233.22,232.13,232.13,194.917,1788775199999999,45345.52557,775,42.47,9889.30537,0
1788775200000000,232.18,232.43,232.08,232.27,232.146,1788778799999999,53921.02141,1372,84.668,19667.61715,0
1788778800000000,232.19,232.39,232.02,232.02,57.289,1788782399999999,13304.20024,166,20.297,4713.22476,0
1788782400000000,232.04,232.39,232.01,232.39,100.176,1788785999999999,23248.14039,195,31.812,7386.01857,0
1788786000000000,232.39,232.61,232.23,232.41,313.063,1788789599999999,72769.14121,510,199.045,46266.95148,0
1788789600000000,232.41,232.48,232.09,232.36,164.307,1788793199999999,38164.07858,341,49.543,11506.85472,0
1788793200000000,232.36,232.36,231.67,231.8,194.727,1788796799999999,45176.85921,330,71.191,16512.98263,0
1788796800000000,231.85,232.1,231.75,231.79,49.433,1788800399999999,11464.8389,200,23.704,5497.73455,0
1788800400000000,231.76,232.16,231.76,232.02,31.773,1788803999999999,7371.78766,137,24.048,5579.70794,0
1788804000000000,232.04,232.31,232.04,232.12,54.718,1788807599999999,12703.72066,191,37.273,8653.5272,0
1788807600000000,232.13,232.41,231.97,232.11,28.467,1788811199999999,6609.38363,147,14.234,3305.2579,0
1788811200000000,232.11,232.24,232.0,232.23,107.643,1788814799999999,24985.20525,153,10.718,2487.76975,0
1788814800000000,232.22,232.53,232.1,232.31,111.085,1788818399999999,25809.69148,159,104.646,24314.28653,0
1788818400000000,232.29,232.29,231.42,231.5,118.287,1788821999999999,27397.77456,228,67.732,15680.79769,0
1788822000000000,231.49,231.79,231.4,231.59,131.701,1788825599999999,30491.50233,407,94.225,21815.3373,0
1788825600000000,231.57,232.15,230.77,231.96,1688.401,1788829199999999,390267.23818,3847,1484.944,343198.93604,0
1788829200000000,232.0,232.8,231.81,232.7,209.129,1788832799999999,48584.81729,716,154.583,35905.85105,0
1788832800000000,232.69,232.74,232.3,232.39,251.236,1788836399999999,58434.39761,388,178.635,41554.82279,0
1788836400000000,232.39,233.16,232.38,233.14,227.638,1788839999999999,53040.87865,573,133.937,31209.92129,0
1788840000000000,233.12,233.17,232.87,233.1,123.704,1788843599999999,28827.19652,359,73.749,17185.56405,0
1788843600000000,233.06,233.06,231.96,231.97,109.586,1788847199999999,25479.11125,334,56.851,13213.28529,0
1788847200000000,231.95,232.0,231.32,231.39,195.111,1788850799999999,45200.84764,449,138.367,32052.58827,0
1788850800000000,231.42,231.82,231.3,231.39,49.208,1788854399999999,11393.74088,275,26.299,6088.95278,0
1788854400000000,231.42,231.48,230.53,230.61,119.066,1788857999999999,27495.39743,462,93.238,21529.2012,0
1788858000000000,230.6,231.85,230.47,231.85,53.368,1788861599999999,12339.76892,205,34.897,8071.29148,0
1788861600000000,231.86,231.98,231.16,231.39,111.641,1788865199999999,25864.36796,597,41.015,9504.52002,0
1788865200000000,231.35,231.8,230.87,231.8,93.238,1788868799999999,21557.73103,420,40.57,9382.49992,0
1788868800000000,231.76,232.68,231.41,232.38,360.712,1788872399999999,83666.84065,1055,140.01,32464.30982,0
1788872400000000,232.4,233.75,229.36,229.8,1578.873,1788875999999999,365626.92488,4688,600.417,139016.09625,0
1788876000000000,229.75,229.84,227.03,227.33,798.579,1788879599999999,182153.29456,1958,567.744,129491.81171,0
1788879600000000,227.32,227.97,226.32,226.45,1392.036,1788883199999999,315929.82811,1857,197.636,44835.10724,0
1788883200000000,226.42,226.64,225.77,225.9,429.177,1788886799999999,97063.50198,801,124.721,28195.98709,0
1788886800000000,225.95,226.47,225.65,225.94,228.84,1788890399999999,51754.37206,543,166.506,37656.70982,0
1788890400000000,225.99,226.47,225.51,225.87,332.669,1788893999999999,75193.06754,592,101.773,23011.98628,0
1788894000000000,225.85,225.99,225.07,225.88,867.386,1788897599999999,195677.78733,1210,389.618,87799.31317,0
1788897600000000,225.98,226.0,225.62,225.81,102.184,1788901199999999,23073.02385,188,24.293,5484.97236,0
1788901200000000,225.84,225.84,225.69,225.71,28.22,1788904799999999,6371.20482,89,19.697,4446.98333,0
1788904800000000,225.7,226.08,225.64,226.08,143.288,1788908399999999,32356.96862,200,119.746,27042.66202,0
1788908400000000,226.09,226.09,225.42,225.5,108.497,1788911999999999,24495.92893,215,71.271,16092.00051,0
1788912000000000,225.45,226.07,225.41,226.07,180.224,1788915599999999,40692.09981,361,132.706,29967.15999,0
1788915600000000,226.07,226.27,225.82,226.05,322.882,1788919199999999,73020.34547,487,276.125,62453.06934,0
1788919200000000,226.05,226.41,225.98,226.2,279.464,1788922799999999,63209.53099,427,225.68,51043.07735,0
1788922800000000,226.2,226.25,226.01,226.01,181.478,1788926399999999,41047.72965,379,125.009,28277.08222,0
1788926400000000,226.01,226.22,225.95,226.22,296.246,1788929999999999,66997.30048,483,277.64,62791.17672,0
1788930000000000,226.22,226.24,226.04,226.22,204.105,1788933599999999,46161.75282,390,125.822,28456.18025,0
1788933600000000,226.22,226.47,226.16,226.2,114.56,1788937199999999,25932.79367,240,103.059,23329.76906,0
1788937200000000,226.18,226.41,226.05,226.36,465.531,1788940799999999,105336.54832,380,420.025,95039.66756,0
1788940800000000,226.36,226.54,226.07,226.31,232.602,1788944399999999,52646.49961,478,98.684,22334.862,0
1788944400000000,226.3,226.34,224.31,224.4,396.87,1788947999999999,89378.60961,520,269.348,60607.28952,0
1788948000000000,224.45,224.94,224.16,224.55,263.095,1788951599999999,59082.7313,1219,98.651,22149.03366,0
1788951600000000,224.55,225.48,224.32,225.09,418.205,1788955199999999,94015.37767,2435,237.589,53415.23748,0
1788955200000000,225.07,225.08,224.58,224.78,162.776,1788958799999999,36601.07942,688,102.863,23130.72052,0
1788958800000000,224.8,226.29,224.47,225.04,1421.389,1788962399999999,320098.30819,2107,945.98,212944.32113,0
1788962400000000,225.02,225.6,223.81,224.6,929.587,1788965999999999,208879.17526,2045,516.103,116050.95475,0
1788966000000000,224.62,224.88,223.7,224.48,316.292,1788969599999999,70923.97741,1253,147.679,33116.09094,0
1788969600000000,224.55,224.61,223.87,224.17,181.629,1788973199999999,40723.71081,1157,80.997,18158.83714,0
1788973200000000,224.17,224.58,224.11,224.41,70.294,1788976799999999,15773.2078,354,48.771,10943.39933,0
1788976800000000,224.39,224.55,223.82,223.84,61.354,1788980399999999,13761.57878,499,33.197,7446.39691,0
1788980400000000,223.85,224.5,223.63,223.94,6601.123,1788983999999999,1479397.17433,16953,2868.026,642731.23084,0
1788984000000000,223.89,224.06,223.74,223.84,405.464,1788987599999999,90795.83888,220,314.275,70376.60096,0
1788987600000000,223.83,223.85,223.73,223.74,93.466,1788991199999999,20918.54559,67,88.685,19848.53439,0
1788991200000000,223.74,223.82,223.61,223.71,365.392,1788994799999999,81734.03323,315,290.084,64888.18569,0
1788994800000000,223.71,223.82,223.66,223.81,133.154,1788998399999999,29787.02409,166,116.696,26105.05317,0
1788998400000000,223.82,224.0,223.07,223.11,2969.096,1789001999999999,663766.61346,4257,1143.044,255529.14172,0
1789002000000000,223.12,223.22,222.43,222.82,636.288,1789005599999999,141797.16972,1286,207.633,46273.45461,0
1789005600000000,222.82,223.09,222.55,223.04,722.963,1789009199999999,161062.77072,1145,311.813,69486.49189,0
1789009200000000,223.05,223.2,222.9,223.2,710.112,1789012799999999,158401.05119,1118,318.655,71079.47711,0
1789012800000000,223.18,223.24,222.83,223.23,846.33,1789016399999999,188737.98367,2958,449.696,100284.32017,0
1789016400000000,223.24,223.51,223.08,223.33,564.538,1789019999999999,126054.74598,4134,382.348,85375.62513,0
1789020000000000,223.32,223.37,222.77,223.12,482.37,1789023599999999,107609.26453,1678,330.374,73698.7779,0
1789023600000000,223.13,223.15,222.75,222.86,261.448,1789027199999999,58284.43632,1625,161.807,36070.43601,0
1789027200000000,222.87,223.5,222.62,223.17,1230.452,1789030799999999,274343.85405,7051,710.536,158391.93615,0
1789030800000000,223.14,223.5,222.94,223.25,98.046,1789034399999999,21890.86532,347,36.4,8126.06333,0
1789034400000000,223.23,223.32,222.76,222.94,490.01,1789037999999999,109292.28787,1877,181.137,40391.64312,0
1789038000000000,222.94,222.94,222.16,222.23,408.177,1789041599999999,90838.5562,793,315.8,70277.68617,0
1789041600000000,222.21,222.28,220.32,220.34,1053.771,1789045199999999,233342.59775,1872,845.815,187303.38894,0
1789045200000000,220.34,221.16,217.42,217.58,2434.016,1789048799999999,533504.44088,4651,1658.284,363507.97334,0
1789048800000000,217.56,219.1,217.49,218.3,609.963,1789052399999999,133245.62134,1658,364.976,79729.30701,0
1789052400000000,218.35,219.24,218.02,219.01,525.437,1789055999999999,114880.05905,1198,306.261,66981.83098,0
1789056000000000,219.01,219.13,217.67,218.82,985.762,1789059599999999,215443.84373,3023,568.78,124323.87119,0
1789059600000000,218.84,219.11,218.33,218.6,359.049,1789063199999999,78560.09804,1571,300.8,65812.13563,0
1789063200000000,218.58,218.65,217.95,218.41,285.593,1789066799999999,62335.85229,966,219.017,47808.12303,0
1789066800000000,218.36,218.96,217.9,218.6,248.158,1789070399999999,54234.66388,699,216.179,47247.48583,0
1789070400000000,218.61,218.8,218.41,218.5,179.758,1789073999999999,39284.05813,504,175.877,38435.83456,0
1789074000000000,218.5,220.04,218.5,218.8,565.663,1789077599999999,123942.79246,1604,372.848,81693.23855,0
1789077600000000,218.82,219.03,218.47,218.48,140.329,1789081199999999,30684.25492,342,122.44,26771.44608,0
1789081200000000,218.48,218.59,217.93,217.96,293.357,1789084799999999,64016.29284,398,271.793,59308.17452,0
1789084800000000,218.0,218.72,217.99,218.67,445.205,1789088399999999,97258.60221,1417,408.126,89160.45295,0
1789088400000000,218.7,218.97,218.4,218.58,183.052,1789091999999999,40031.31691,930,130.09,28449.32919,0
1789092000000000,218.6,218.73,218.32,218.38,89.026,1789095599999999,19455.33033,496,67.252,14697.26725,0
1789095600000000,218.37,218.5,218.17,218.17,152.039,1789099199999999,33195.06724,544,115.94,25313.32829,0
1789099200000000,218.18,218.86,217.98,218.51,146.03,1789102799999999,31902.1259,618,85.356,18644.01789,0
1789102800000000,218.52,219.38,218.43,219.3,148.239,1789106399999999,32440.12254,820,117.083,25617.00037,0
1789106400000000,219.31,220.0,219.3,219.98,308.575,1789109999999999,67774.38868,970,183.261,40253.78067,0
1789110000000000,220.0,220.15,219.72,219.76,83.38,1789113599999999,18335.92228,541,46.478,10221.0597,0
1789113600000000,219.75,220.54,219.68,220.54,482.148,1789117199999999,106112.5031,740,297.71,65534.85533,0
1789117200000000,220.54,220.67,220.16,220.59,334.89,1789120799999999,73799.73787,1403,202.696,44666.61834,0
1789120800000000,220.59,220.68,220.33,220.39,162.059,1789124399999999,35728.80631,692,80.579,17765.7362,0
1789124400000000,220.38,220.4,219.84,219.88,379.201,1789127999999999,83446.16164,2395,200.045,44025.47883,0
1789128000000000,219.87,221.69,218.55,221.54,11617.296,1789131599999999,2556109.62886,79026,5941.257,1307145.68555,0
1789131600000000,221.54,222.0,219.35,221.76,9747.504,1789135199999999,2153159.01899,68366,5204.457,1149603.99131,0
1789135200000000,221.75,222.17,219.52,219.66,7289.89,1789138799999999,1611548.25889,45062,3728.167,823982.70251,0
1789138800000000,219.66,220.68,219.6,219.85,3181.406,1789142399999999,700271.18031,28371,1559.548,343293.57589,0
1789142400000000,219.85,220.14,218.84,219.29,2724.557,1789145999999999,598044.08394,24792,1492.873,327670.59944,0
1789146000000000,219.29,219.61,219.1,219.32,1885.959,1789149599999999,413758.76553,17583,992.54,217749.57551,0
1789149600000000,219.32,220.17,219.2,219.53,1505.358,1789153199999999,330529.78017,13099,867.324,190441.91851,0
1789153200000000,219.52,219.6,218.41,218.45,1114.836,1789156799999999,244108.25067,8617,682.08,149335.04949,0
1789156800000000,218.45,218.63,218.25,218.51,1036.119,1789160399999999,226379.66526,3819,855.545,186929.34012,0
1789160400000000,218.51,218.52,218.41,218.47,480.383,1789163999999999,104962.12116,2901,341.363,74588.75524,0
1789164000000000,218.48,218.49,218.29,218.36,532.637,1789167599999999,116324.51523,3619,374.553,81798.1284,0
1789167600000000,218.36,218.43,218.31,218.37,1025.244,1789171199999999,223894.87695,6904,646.401,141164.23977,0
1789171200000000,218.38,218.86,218.37,218.86,982.363,1789174799999999,214830.39516,7151,387.923,84821.22999,0
1789174800000000,218.85,218.93,218.64,218.7,668.71,1789178399999999,146319.3238,5944,352.714,77171.06926,0
1789178400000000,218.69,219.16,218.69,219.11,1100.045,1789181999999999,240862.00698,5637,789.85,172928.45839,0
1789182000000000,219.11,219.22,219.04,219.17,505.634,1789185599999999,110788.21664,4090,245.534,53799.20574,0
1789185600000000,219.17,219.22,219.15,219.21,519.71,1789189199999999,113910.9598,5347,257.263,56388.66937,0
1789189200000000,219.21,219.3,219.21,219.25,493.242,1789192799999999,108143.17653,5051,244.13,53526.51892,0
1789192800000000,219.25,219.25,219.14,219.18,1320.007,1789196399999999,289325.25239,6366,288.499,63237.08359,0
1789196400000000,219.18,219.41,219.18,219.34,565.356,1789199999999999,123995.86643,6222,289.763,63552.82049,0
1789200000000000,219.35,219.47,219.16,219.42,493.449,1789203599999999,108223.34758,4115,225.373,49428.02502,0
1789203600000000,219.41,219.42,219.21,219.33,468.328,1789207199999999,102724.82216,4277,236.549,51885.75042,0
1789207200000000,219.34,219.45,219.27,219.29,439.896,1789210799999999,96500.28263,3541,212.231,46558.28518,0
1789210800000000,219.3,219.34,219.26,219.28,481.958,1789214399999999,105692.61306,4313,234.089,51336.59636,0
1789214400000000,219.29,219.4,219.24,219.35,406.963,1789217999999999,89256.31103,3961,191.617,42026.58609,0
1789218000000000,219.34,219.45,219.32,219.36,400.689,1789221599999999,87900.74982,4061,200.422,43968.34607,0
1789221600000000,219.35,219.39,219.15,219.36,496.676,1789225199999999,108910.47938,4356,251.191,55080.31843,0
1789225200000000,219.36,219.43,219.25,219.38,478.189,1789228799999999,104893.66813,4846,242.993,53302.83434,0
1789228800000000,219.38,219.5,219.37,219.44,360.082,1789232399999999,79013.64509,3733,190.583,41821.06928,0
1789232400000000,219.45,219.52,219.32,219.34,438.859,1789235999999999,96300.15755,4225,212.374,46602.78255,0
1789236000000000,219.33,219.44,219.26,219.33,369.077,1789239599999999,80936.56401,2858,202.252,44354.00187,0
1789239600000000,219.34,219.35,219.0,219.07,387.892,1789243199999999,85031.95382,3018,183.842,40300.4534,0
1789243200000000,219.08,219.08,218.47,218.49,393.109,1789246799999999,86008.17365,2780,189.865,41539.82157,0
1789246800000000,218.49,218.6,218.22,218.53,1071.461,1789250399999999,233993.28442,5658,606.776,132512.43837,0
1789250400000000,218.52,218.53,218.25,218.39,162.945,1789253999999999,35584.63551,850,73.311,16011.12003,0
1789254000000000,218.39,218.72,218.39,218.59,206.388,1789257599999999,45120.75098,1379,106.516,23286.57637,0
1789257600000000,218.55,218.61,217.88,218.08,1966.335,1789261199999999,428874.54844,9663,1067.363,232748.8229,0
1789261200000000,218.08,218.12,218.05,218.1,159.281,1789264799999999,34737.41484,1950,77.985,17008.17248,0
1789264800000000,218.1,218.1,217.87,217.89,405.48,1789268399999999,88377.60745,2404,250.427,54578.89385,0
1789268400000000,217.9,217.92,217.44,217.51,1133.571,1789271999999999,246733.18366,4430,827.873,180187.24325,0
1789272000000000,217.53,217.53,217.45,217.47,428.525,1789275599999999,93202.43052,5186,242.34,52709.05875,0
1789275600000000,217.48,217.5,217.15,217.18,593.152,1789279199999999,128899.14781,4809,343.585,74665.9213,0
1789279200000000,217.18,217.36,217.0,217.08,411.438,1789282799999999,89352.91261,3158,242.98,52766.3457,0
1789282800000000,217.08,217.09,216.53,216.6,1052.978,1789286399999999,228277.48876,7458,759.785,164726.56381,0
1789286400000000,216.6,216.67,215.82,216.06,1180.275,1789289999999999,255246.604,6901,694.504,150204.41442,0
1789290000000000,216.07,216.23,215.03,215.13,1324.23,1789293599999999,285401.27134,7697,753.514,162414.99985,0
1789293600000000,215.14,215.18,214.74,214.99,474.775,1789297199999999,102063.45795,3343,202.421,43512.31284,0
1789297200000000,215.01,215.03,214.37,214.6,971.185,1789300799999999,208403.93145,2682,306.687,65832.69102,0
1789300800000000,214.61,214.66,214.36,214.37,317.72,1789304399999999,68153.61915,2573,152.643,32743.59322,0
1789304400000000,214.38,214.66,213.95,214.6,641.816,1789307999999999,137539.59043,4263,365.718,78373.29862,0
1789308000000000,214.6,215.62,214.57,215.61,646.315,1789311599999999,139120.82143,3661,274.902,59159.4434,0
1789311600000000,215.61,215.62,215.27,215.5,526.821,1789315199999999,113508.29062,3468,214.468,46206.58246,0
1789315200000000,215.49,215.8,215.45,215.63,416.829,1789318799999999,89892.60348,3081,172.009,37095.9684,0
1789318800000000,215.63,215.66,215.4,215.51,479.706,1789322399999999,103394.892,4069,216.191,46600.3629,0
1789322400000000,215.5,215.68,215.5,215.52,328.598,1789325999999999,70847.3015,2354,175.514,37842.94829,0
1789326000000000,215.52,215.66,215.36,215.45,175.41,1789329599999999,37793.16229,1633,73.439,15822.94661,0
1789329600000000,215.46,215.69,215.45,215.64,100.717,1789333199999999,21715.44744,1158,50.593,10908.56851,0
1789333200000000,215.63,215.82,215.59,215.69,568.255,1789336799999999,122578.39015,1175,69.993,15098.45458,0
1789336800000000,215.65,215.65,214.73,215.2,317.413,1789340399999999,68273.08995,1380,186.958,40204.086,0
1789340400000000,215.18,215.58,214.47,214.5,382.091,1789343999999999,82077.46683,1685,258.576,55543.6088,0
1789344000000000,214.49,216.01,214.29,214.3,1409.063,1789347599999999,303018.87911,3323,963.296,207074.86039,0
1789347600000000,214.29,215.28,214.18,215.25,801.969,1789351199999999,172056.89757,2850,609.354,130709.52786,0
1789351200000000,215.25,215.42,215.08,215.32,895.922,1789354799999999,192844.20106,2669,488.525,105168.97863,0
1789354800000000,215.32,215.32,214.85,214.92,184.334,1789358399999999,39638.36026,1305,98.926,21272.02482,0
1789358400000000,214.92,215.15,214.76,215.06,313.171,1789361999999999,67315.4273,1640,91.521,19677.24716,0
1789362000000000,215.07,215.08,214.82,214.97,302.842,1789365599999999,65091.88749,1939,160.643,34528.66778,0
1789365600000000,214.98,215.05,214.27,214.28,390.929,1789369199999999,83926.77063,2551,244.309,52437.77353,0
1789369200000000,214.27,214.3,213.61,213.82,936.731,1789372799999999,200431.66311,2945,646.114,138245.57455,0
1789372800000000,213.83,214.17,212.22,212.26,2021.745,1789376399999999,431291.57499,4274,1474.486,314518.97812,0
1789376400000000,212.21,212.44,211.2,212.05,1030.043,1789379999999999,218200.08552,3767,607.409,128669.25071,0
1789380000000000,212.1,212.52,211.81,212.48,326.855,1789383599999999,69347.66116,2476,207.663,44058.28012,0
1789383600000000,212.47,213.45,212.17,213.03,397.322,1789387199999999,84617.66399,2323,218.928,46621.63982,0
1789387200000000,213.03,213.34,212.31,212.31,598.723,1789390799999999,127462.4081,2289,444.363,94601.26258,0
1789390800000000,212.3,212.81,208.9,211.02,3481.264,1789394399999999,733348.06961,6172,2159.566,455186.6071,0
1789394400000000,211.01,211.93,210.33,210.7,1171.415,1789397999999999,247357.55219,3336,701.597,148128.1374,0
1789398000000000,210.71,212.44,210.51,212.33,894.708,1789401599999999,189500.21482,3581,514.087,108865.50548,0
1789401600000000,212.34,212.48,211.58,212.19,1708.142,1789405199999999,362078.79306,5493,700.195,148477.58037,0
1789405200000000,212.2,212.89,212.09,212.57,1279.316,1789408799999999,271680.10112,4945,429.934,91359.89042,0
1789408800000000,212.59,212.75,212.23,212.67,612.93,1789412399999999,130249.60191,1765,191.062,40592.87718,0
1789412400000000,212.69,212.74,211.05,211.1,1152.982,1789415999999999,244250.8874,1950,771.022,163349.51572,0
1789416000000000,211.08,212.72,210.55,212.42,1913.821,1789419599999999,405067.65892,2225,1358.588,287577.66752,0
1789419600000000,212.42,212.64,212.25,212.6,478.2,1789423199999999,101565.21564,1124,263.452,55955.5538,0
1789423200000000,212.61,212.65,212.3,212.43,818.985,1789426799999999,174014.20529,1627,70.87,15057.66681,0
1789426800000000,212.42,212.44,212.09,212.14,193.75,1789430399999999,41121.70968,1111,108.284,22982.92416,0
1789430400000000,212.13,212.64,212.06,212.46,298.471,1789433999999999,63382.24307,1770,152.927,32475.0828,0
1789434000000000,212.46,212.64,212.31,212.53,297.927,1789437599999999,63311.74133,1424,194.012,41227.90311,0
1789437600000000,212.51,212.77,212.46,212.64,557.194,1789441199999999,118444.82294,1719,468.527,99598.44862,0
1789441200000000,212.65,212.83,212.51,212.52,524.375,1789444799999999,111542.36138,1393,414.248,88121.97597,0
1789444800000000,212.54,212.64,212.15,212.25,760.493,1789448399999999,161470.48301,2700,578.745,122870.29839,0
1789448400000000,212.25,212.52,211.7,212.39,846.617,1789451999999999,179508.77926,3526,601.732,127556.87712,0
1789452000000000,212.38,212.54,212.13,212.14,860.694,1789455599999999,182758.0357,3510,611.035,129740.93222,0
1789455600000000,212.15,212.26,211.8,211.9,1030.538,1789459199999999,218472.32929,2985,855.327,181331.67922,0
1789459200000000,211.9,211.99,211.17,211.53,1320.935,1789462799999999,279374.09855,2505,1041.82,220329.46329,0
1789462800000000,211.54,212.38,211.44,212.27,551.91,1789466399999999,116876.08482,1896,306.865,64978.69069,0
1789466400000000,212.27,212.59,212.26,212.53,523.083,1789469999999999,111132.84038,2369,319.745,67933.13973,0
1789470000000000,212.54,212.8,212.23,212.41,1615.244,1789473599999999,343239.77158,5558,613.735,130403.29823,0
1789473600000000,212.42,213.04,212.17,212.73,1395.929,1789477199999999,296679.52399,7146,1144.123,243156.64854,0
1789477200000000,212.69,214.01,212.51,213.49,4836.457,1789480799999999,1030998.62421,13096,3682.133,784810.26978,0
1789480800000000,213.4,213.4,211.82,212.2,2921.422,1789484399999999,621208.33854,4585,2491.415,529714.92926,0
1789484400000000,212.21,212.73,212.11,212.35,1078.234,1789487999999999,228982.78214,2550,732.895,155637.48845,0
1789488000000000,212.33,212.48,211.99,212.0,912.167,1789491599999999,193519.17855,3875,457.733,97120.72303,0
1789491600000000,212.0,212.11,211.38,212.11,2859.056,1789495199999999,605376.96322,6971,1158.299,245148.21393,0
1789495200000000,212.11,212.42,211.74,212.27,434.877,1789498799999999,92247.54731,2322,271.951,57682.72082,0
1789498800000000,212.27,212.47,211.96,212.34,671.699,1789502399999999,142527.30405,1575,428.273,90869.17685,0
1789502400000000,212.34,212.78,212.34,212.75,478.041,1789505999999999,101591.54251,1015,235.095,49965.84694,0
1789506000000000,212.71,212.72,212.4,212.54,116.855,1789509599999999,24837.88789,440,74.088,15746.50599,0
1789509600000000,212.54,212.82,212.45,212.64,164.502,1789513199999999,34983.38356,693,118.513,25203.96038,0
1789513200000000,212.63,212.64,212.41,212.6,321.581,1789516799999999,68344.53306,1303,219.834,46719.20818,0
1789516800000000,212.61,212.71,212.44,212.52,1186.747,1789520399999999,252220.11798,4196,352.091,74841.52691,0
1789520400000000,212.52,212.66,212.03,212.04,491.741,1789523999999999,104441.5324,1678,413.99,87927.10056,0
1789524000000000,212.07,212.65,212.07,212.65,651.37,1789527599999999,138385.80759,2428,565.141,120066.37865,0
1789527600000000,212.67,213.38,212.67,213.23,2514.153,1789531199999999,535617.08195,8629,1926.204,410316.96607,0
1789531200000000,213.22,213.36,213.17,213.22,518.546,1789534799999999,110582.27117,2929,358.114,76369.93515,0
1789534800000000,213.23,213.88,213.12,213.74,1851.407,1789538399999999,395241.7321,3757,572.313,122187.7759,0
1789538400000000,213.74,213.85,213.46,213.83,2053.746,1789541999999999,438727.33651,4688,968.418,206879.08646,0
1789542000000000,213.82,214.1,213.77,213.95,624.738,1789545599999999,133659.39775,3329,389.682,83371.52876,0
1789545600000000,213.95,213.99,213.48,213.77,762.695,1789549199999999,162985.33416,2080,426.836,91206.67578,0
1789549200000000,213.76,213.85,213.29,213.55,590.054,1789552799999999,125989.94447,2296,369.556,78904.47035,0
1789552800000000,213.55,213.55,213.28,213.49,319.038,1789556399999999,68087.45726,1773,151.166,32261.30419,0
1789556400000000,213.49,213.98,213.23,213.97,1506.487,1789559999999999,321908.17257,6371,612.721,130930.55395,0
1789560000000000,213.98,214.6,213.9,214.07,767.125,1789563599999999,164335.16278,5047,553.761,118628.23503,0
1789563600000000,214.07,215.36,213.57,214.92,3161.314,1789567199999999,677958.4322,8463,2394.503,513532.37839,0
1789567200000000,214.91,215.65,214.75,215.64,1785.093,1789570799999999,384174.35215,9609,925.882,199323.93843,0
1789570800000000,215.65,216.86,215.64,216.24,2136.79,1789574399999999,461651.15164,12346,1059.632,228924.83045,0
1789574400000000,216.23,216.33,215.67,216.16,661.219,1789577999999999,142826.24505,2128,374.391,80852.66673,0
1789578000000000,216.16,216.17,214.92,215.42,967.345,1789581599999999,208421.9076,1888,841.257,181255.32369,0
1789581600000000,215.45,216.61,213.98,214.14,2283.487,1789585199999999,491596.95085,4187,1455.48,313101.50209,0
1789585200000000,214.13,214.67,212.77,214.1,2009.853,1789588799999999,429410.42726,3167,1474.993,315189.85382,0
1789588800000000,214.15,214.68,214.1,214.61,1013.224,1789592399999999,217332.50803,3280,446.42,95768.54708,0
1789592400000000,214.62,215.01,214.56,214.88,2677.912,1789595999999999,575105.3034,4694,1795.539,385709.49019,0
1789596000000000,214.89,215.39,214.57,215.1,1486.706,1789599599999999,319819.61624,2806,876.842,188535.33858,0
1789599600000000,215.11,215.89,215.11,215.79,1048.448,1789603199999999,225961.41112,2779,664.651,143158.66246,0
1789603200000000,215.79,215.92,215.46,215.69,2571.632,1789606799999999,554728.97511,8606,1642.368,354290.40761,0
1789606800000000,215.68,215.84,215.48,215.57,1839.116,1789610399999999,396599.33163,4765,1012.511,218361.07194,0
1789610400000000,215.58,215.94,215.42,215.75,2317.966,1789613999999999,499813.60376,5188,1217.762,262590.86436,0
1789614000000000,215.75,215.98,215.73,215.98,457.313,1789617599999999,98717.79225,1415,338.153,72996.03536,0
1789617600000000,215.98,216.07,215.79,215.99,478.579,1789621199999999,103343.68269,2112,308.091,66526.24051,0
1789621200000000,215.99,216.01,215.54,215.57,298.795,1789624799999999,64481.31202,1255,161.501,34851.75459,0
1789624800000000,215.56,215.97,215.35,215.94,622.067,1789628399999999,134201.70339,2182,451.846,97475.09067,0
1789628400000000,215.94,216.6,215.87,216.42,459.912,1789631999999999,99485.25656,1160,332.641,71962.64705,0
1789632000000000,216.42,217.34,216.34,217.27,1226.573,1789635599999999,265842.64668,2771,714.349,154835.64387,0
1789635600000000,217.28,217.74,217.28,217.39,805.183,1789639199999999,175118.69756,1895,485.832,105667.36954,0
1789639200000000,217.38,217.39,217.02,217.23,885.53,1789642799999999,192306.40716,3099,403.161,87555.87143,0
1789642800000000,217.23,217.52,216.67,217.32,913.464,1789646399999999,198197.14455,3131,676.378,146748.72226,0
1789646400000000,217.33,219.04,217.31,218.71,1935.421,1789649999999999,422897.93804,5142,789.436,172348.51192,0
1789650000000000,218.71,219.33,217.51,219.19,3818.459,1789653599999999,833968.92412,7567,1710.054,373413.30368,0
1789653600000000,219.21,219.99,218.78,219.34,2920.252,1789657199999999,640968.34124,4918,1667.693,365926.94198,0
1789657200000000,219.36,219.62,218.95,219.12,2244.22,1789660799999999,492067.51674,10486,1804.104,395562.66241,0
1789660800000000,219.12,219.24,218.72,218.9,676.969,1789664399999999,148243.76613,2746,338.414,74097.77928,0
1789664400000000,218.91,219.58,218.89,219.41,454.136,1789667999999999,99596.47545,1796,307.012,67339.82959,0
1789668000000000,219.41,219.93,219.3,219.51,275.612,1789671599999999,60528.56975,1289,168.936,37100.43815,0
1789671600000000,219.52,220.0,219.44,219.52,926.593,1789675199999999,203624.71382,1347,483.929,106350.69607,0
1789675200000000,219.49,219.51,219.17,219.45,498.064,1789678799999999,109224.96561,1060,360.505,79055.4984,0
1789678800000000,219.45,219.59,219.42,219.53,650.145,1789682399999999,142705.28006,956,574.47,126095.19308,0
1789682400000000,219.54,219.55,219.21,219.34,223.762,1789685999999999,49077.00522,400,170.378,37366.59045,0
1789686000000000,219.35,219.51,219.31,219.37,185.646,1789689599999999,40732.07764,972,80.294,17617.78482,0
1789689600000000,219.32,219.57,219.24,219.25,988.446,1789693199999999,216852.88855,1669,843.624,185083.16636,0
1789693200000000,219.26,219.44,219.12,219.41,357.563,1789696799999999,78398.24543,1383,247.608,54288.6942,0
1789696800000000,219.41,219.98,219.26,219.84,1941.371,1789700399999999,426610.26854,2468,1753.329,385273.9431,0
1789700400000000,219.85,220.84,219.83,220.49,1510.066,1789703999999999,332841.70537,2725,880.654,194027.22617,0
1789704000000000,220.48,220.82,220.22,220.76,405.589,1789707599999999,89427.11349,1419,284.127,62647.74179,0
1789707600000000,220.74,220.98,220.65,220.76,696.445,1789711199999999,153789.39783,1820,375.016,82818.07221,0
1789711200000000,220.77,221.39,220.76,221.38,2027.82,1789714799999999,448490.12137,3525,1126.925,249243.9942,0
1789714800000000,221.39,222.21,221.32,221.84,1000.72,1789718399999999,221971.11362,6592,370.025,82081.92944,0
1789718400000000,221.84,222.07,221.47,221.52,603.502,1789721999999999,133812.74538,5361,321.009,71177.82681,0
1789722000000000,221.53,221.68,220.85,220.85,587.644,1789725599999999,129996.83355,2076,362.968,80286.54523,0
1789725600000000,220.87,221.35,220.87,221.12,384.132,1789729199999999,84940.6821,1777,234.669,51889.01211,0
1789729200000000,221.11,221.11,220.09,220.1,1013.342,1789732799999999,223429.87174,2073,743.336,163909.96188,0
1789732800000000,220.1,220.25,219.21,219.28,1485.636,1789736399999999,326361.81399,2777,1023.874,224912.09608,0
1789736400000000,219.29,220.16,218.41,219.41,3080.295,1789739999999999,675645.24532,4369,1993.377,437187.72982,0
1789740000000000,219.44,220.98,219.01,219.16,2088.172,1789743599999999,458858.13465,5080,1222.446,268620.87034,0
1789743600000000,219.2,220.0,219.14,219.64,863.863,1789747199999999,189812.03382,2724,523.106,114936.84277,0
1789747200000000,219.64,219.98,219.31,219.74,542.802,1789750799999999,119195.5145,2771,342.489,75204.87501,0
1789750800000000,219.73,220.27,219.52,219.6,411.944,1789754399999999,90572.935,1691,197.075,43331.38066,0
1789754400000000,219.6,219.92,219.33,219.61,492.293,1789757999999999,108083.15124,1468,292.812,64289.36431,0
1789758000000000,219.6,222.5,219.44,221.97,4695.286,1789761599999999,1039258.65997,4550,3156.533,698432.64387,0
1789761600000000,221.97,222.13,221.33,221.86,2302.725,1789765199999999,510649.96452,6265,1236.407,274190.4977,0
1789765200000000,221.86,222.26,221.81,222.2,932.99,1789768799999999,207195.30726,1635,341.564,75852.36533,0
1789768800000000,222.2,222.39,222.02,222.23,635.856,1789772399999999,141288.74419,1626,205.727,45704.5123,0
1789772400000000,222.23,222.51,222.23,222.46,892.094,1789775999999999,198394.25319,3686,262.202,58311.34733,0
1789776000000000,222.46,222.55,222.29,222.43,425.015,1789779599999999,94530.92133,1390,207.291,46104.21183,0
1789779600000000,222.43,222.44,222.14,222.21,617.947,1789783199999999,137339.75093,1335,392.427,87208.90615,0
1789783200000000,222.21,222.29,221.98,222.08,339.631,1789786799999999,75440.89147,1463,135.734,30148.96314,0
1789786800000000,222.06,222.17,221.99,222.13,426.004,1789790399999999,94600.95398,726,242.607,53875.99767,0
1789790400000000,222.13,222.27,222.06,222.27,380.382,1789793999999999,84517.38582,990,228.828,50844.91422,0
1789794000000000,222.27,222.28,222.02,222.07,481.066,1789797599999999,106858.71397,1972,268.756,59698.22255,0
1789797600000000,222.06,222.14,221.95,222.02,1005.776,1789801199999999,223347.22445,4692,556.245,123523.7688,0
1789801200000000,222.01,222.09,221.95,221.96,211.223,1789804799999999,46894.92376,1276,112.779,25038.72708,0
1789804800000000,221.97,222.18,221.96,222.05,359.387,1789808399999999,79799.29866,1594,222.361,49373.84056,0
1789808400000000,222.06,222.1,221.93,222.1,229.801,1789811999999999,51017.67888,1101,118.323,26270.56471,0
1789812000000000,222.1,222.1,221.95,221.95,359.581,1789815599999999,79836.72024,1119,121.864,27054.18829,0
1789815600000000,221.96,222.05,221.88,222.04,282.179,1789819199999999,62641.05299,1252,150.498,33409.53097,0
1789819200000000,222.03,222.04,221.87,221.88,255.704,1789822799999999,56755.12087,1375,115.544,25646.26561,0
1789822800000000,221.87,221.98,221.82,221.92,357.076,1789826399999999,79239.04215,1532,212.364,47125.64741,0
1789826400000000,221.93,222.09,221.92,221.99,478.761,1789829999999999,106297.55943,2192,257.21,57108.51928,0
1789830000000000,221.99,222.15,221.98,222.14,520.121,1789833599999999,115501.89303,2120,287.972,63949.84816,0
1789833600000000,222.15,222.27,222.11,222.11,472.896,1789837199999999,105075.09438,2096,228.964,50874.89978,0
1789837200000000,222.12,222.22,222.08,222.1,868.646,1789840799999999,192959.47552,1835,443.238,98461.78532,0
1789840800000000,222.09,222.1,221.96,221.98,386.177,1789844399999999,85733.5647,1081,219.763,48789.92839,0
1789844400000000,221.99,221.99,221.82,221.94,151.983,1789847999999999,33730.90769,653,53.418,11855.42524,0
1789848000000000,221.94,222.11,221.94,222.02,136.528,1789851599999999,30310.71512,425,93.334,20721.21484,0
1789851600000000,222.02,222.14,221.91,222.04,177.036,1789855199999999,39308.27589,330,108.917,24184.13326,0
1789855200000000,222.03,222.04,221.88,221.94,121.259,1789858799999999,26911.46543,299,45.254,10043.27083,0
1789858800000000,221.93,222.03,221.84,221.98,193.477,1789862399999999,42939.16304,688,84.069,18657.84504,0
1789862400000000,221.97,222.05,221.91,221.99,236.114,1789865999999999,52410.60887,793,86.559,19213.08976,0
1789866000000000,221.98,222.02,221.88,221.92,244.141,1789869599999999,54184.1324,620,102.251,22693.2022,0
1789869600000000,221.92,222.04,221.59,221.64,888.929,1789873199999999,197188.98395,1500,379.612,84206.27543,0
1789873200000000,221.64,221.68,220.46,220.48,2535.681,1789876799999999,560238.9088,5771,1336.689,295362.46338,0
1789876800000000,220.48,220.6,220.38,220.48,432.179,1789880399999999,95295.7126,1110,242.101,53381.30572,0
1789880400000000,220.49,220.61,220.48,220.57,307.223,1789883999999999,67763.94564,1048,171.265,37775.67502,0
1789884000000000,220.57,220.62,220.53,220.58,293.614,1789887599999999,64764.57114,1315,146.518,32319.00334,0
1789887600000000,220.59,220.63,220.54,220.54,1510.168,1789891199999999,333095.50053,1270,758.651,167337.54772,0
1789891200000000,220.55,220.65,220.36,220.42,673.274,1789894799999999,148492.76209,1342,357.928,78942.37597,0
1789894800000000,220.42,220.6,220.34,220.5,443.222,1789898399999999,97715.53781,1181,238.649,52612.68337,0
1789898400000000,220.49,220.68,220.4,220.61,321.25,1789901999999999,70844.71902,1086,215.708,47569.91271,0
1789902000000000,220.62,220.63,220.18,220.36,508.991,1789905599999999,112180.6018,1180,218.636,48191.75996,0
1789905600000000,220.35,220.36,219.98,220.12,451.987,1789909199999999,99472.43174,1379,208.741,45938.83386,0
1789909200000000,220.11,220.32,220.05,220.11,262.278,1789912799999999,57750.05229,1332,128.869,28375.33156,0
1789912800000000,220.12,220.66,220.11,220.6,494.644,1789916399999999,109029.09947,1810,241.962,53331.85033,0
1789916400000000,220.61,220.88,220.44,220.87,601.095,1789919999999999,132639.88832,1520,333.731,73648.10057,0
1789920000000000,220.88,221.06,220.72,220.84,655.317,1789923599999999,144758.15912,1384,351.223,77583.30439,0
1789923600000000,220.83,221.09,220.7,221.09,577.183,1789927199999999,127443.95681,1533,170.255,37596.42411,0
1789927200000000,221.08,221.25,220.94,221.01,629.975,1789930799999999,139310.22543,1812,249.576,55188.2583,0
1789930800000000,221.02,221.34,221.01,221.16,174.114,1789934399999999,38508.7172,412,125.325,27718.66359,0
1789934400000000,221.16,221.24,221.05,221.15,121.036,1789937999999999,26763.23782,285,73.706,16297.38177,0
1789938000000000,221.15,221.29,220.96,221.09,160.041,1789941599999999,35381.51161,314,77.818,17202.64725,0
1789941600000000,221.1,222.02,220.96,222.0,1059.88,1789945199999999,234949.58527,969,690.331,153011.22184,0
1789945200000000,222.02,222.37,221.96,222.29,463.469,1789948799999999,102951.38546,984,233.797,51940.78436,0
1789948800000000,222.3,223.31,222.27,223.31,3441.745,1789952399999999,766371.52686,3479,637.41,141940.00554,0
1789952400000000,223.3,223.82,223.04,223.04,2163.433,1789955999999999,483433.25582,3246,675.833,151072.0334,0
1789956000000000,223.05,223.37,223.01,223.26,886.445,1789959599999999,197803.87213,2505,294.723,65777.50426,0
1789959600000000,223.25,223.59,223.25,223.34,536.051,1789963199999999,119760.20367,1156,200.622,44824.40311,0
1789963200000000,223.35,223.51,223.17,223.39,808.3,1789966799999999,180553.6704,1057,428.528,95737.98418,0
1789966800000000,223.39,223.39,223.11,223.22,721.621,1789970399999999,161097.14967,1395,311.27,69491.10249,0
1789970400000000,223.22,223.54,223.22,223.4,1206.541,1789973999999999,269500.79111,1602,995.461,222356.8763,0
1789974000000000,223.39,223.62,223.2,223.57,1828.612,1789977599999999,408637.83233,2222,701.056,156657.74379,0
1789977600000000,223.56,224.18,223.45,224.1,1622.898,1789981199999999,363283.73888,2133,1009.473,225957.53177,0
1789981200000000,224.1,224.81,224.1,224.5,2348.119,1789984799999999,527387.17004,5231,791.76,177804.37077,0
1789984800000000,224.5,224.66,224.09,224.16,1201.872,1789988399999999,269713.55588,2586,519.814,116652.10768,0
1789988400000000,224.15,224.57,223.86,224.5,1313.629,1789991999999999,294497.77479,1993,569.877,127735.86432,0
1789992000000000,224.51,224.65,223.46,223.55,2233.672,1789995599999999,500455.19277,2497,707.104,158412.53741,0
1789995600000000,223.54,224.84,221.75,224.15,5693.365,1789999199999999,1271667.45765,5264,2008.609,448556.93576,0
1789999200000000,224.15,225.11,222.66,224.91,6714.766,1790002799999999,1502430.80938,5727,2202.527,493101.29325,0
1790002800000000,224.95,225.5,224.7,225.13,2594.096,1790006399999999,583989.43761,3445,949.121,213712.36363,0
1790006400000000,225.11,226.44,224.88,226.25,5862.495,1790009999999999,1321846.28283,5302,2578.558,580868.23682,0
1790010000000000,226.25,227.62,226.2,227.09,2914.397,1790013599999999,661556.8433,3324,1614.78,366577.0352,0
1790013600000000,227.1,228.42,227.0,227.66,2062.46,1790017199999999,469462.54007,2052,568.865,129400.64154,0
1790017200000000,227.65,227.74,226.96,227.25,1029.329,1790020799999999,234030.69378,1694,311.498,70824.91997,0
1790020800000000,227.22,227.42,226.78,226.91,927.093,1790024399999999,210430.6794,1064,295.595,67105.19475,0
1790024400000000,226.89,227.07,226.72,226.98,472.615,1790027999999999,107239.20078,494,187.789,42614.36858,0
1790028000000000,226.99,227.42,226.96,227.29,514.275,1790031599999999,116883.01888,1162,354.558,80581.44366,0
1790031600000000,227.29,227.48,227.13,227.29,706.035,1790035199999999,160464.13315,3377,278.82,63369.09252,0
1790035200000000,227.26,227.82,227.25,227.76,702.212,1790038799999999,159844.06853,1856,337.91,76922.63223,0
1790038800000000,227.77,227.79,227.48,227.52,603.939,1790042399999999,137469.34831,1297,221.936,50524.17605,0
1790042400000000,227.52,227.63,227.37,227.6,829.01,1790045999999999,188626.96421,1789,518.461,117972.28681,0
1790046000000000,227.59,227.61,227.36,227.54,789.339,1790049599999999,179539.40951,1907,297.203,67609.98881,0
1790049600000000,227.53,227.54,226.56,226.66,1100.939,1790053199999999,249916.45355,1491,476.008,108013.35929,0
1790053200000000,226.67,226.87,226.15,226.47,1552.839,1790056799999999,351616.88605,2353,1061.599,240379.23443,0
1790056800000000,226.46,226.56,226.1,226.19,1256.271,1790060399999999,284334.06454,2399,828.575,187571.29269,0
1790060400000000,226.2,226.3,225.94,225.98,1174.015,1790063999999999,265480.79765,2501,894.35,202246.27723,0
1790064000000000,225.96,226.84,225.85,226.78,1025.134,1790067599999999,231914.84742,2137,394.261,89180.29738,0
1790067600000000,226.77,227.3,226.33,227.28,1352.555,1790071199999999,306650.02309,1976,551.004,124912.03509,0
1790071200000000,227.28,227.65,226.97,227.63,1248.007,1790074799999999,283711.87588,1929,431.299,98042.70331,0
1790074800000000,227.62,227.69,226.72,226.77,977.595,1790078399999999,222040.85249,1506,346.208,78613.42311,0
1790078400000000,226.77,227.0,226.23,226.3,761.336,1790081999999999,172552.8665,1783,437.252,99083.35967,0
1790082000000000,226.29,229.51,225.67,227.54,6881.122,1790085599999999,1564952.62873,6768,3789.917,862230.70681,0
1790085600000000,227.55,228.89,227.11,228.27,3560.165,1790089199999999,812321.04967,6908,1809.197,412674.64424,0
1790089200000000,228.28,229.04,228.11,228.5,3240.69,1790092799999999,740824.50323,3949,1104.973,252421.59119,0
1790092800000000,228.5,229.33,228.31,229.31,1837.075,1790096399999999,420431.44732,2901,753.006,172292.53752,0
1790096400000000,229.33,229.92,228.76,229.08,2162.651,1790099999999999,496109.0517,2409,1203.765,276111.47846,0
1790100000000000,229.09,229.52,228.85,229.26,931.29,1790103599999999,213506.52911,1562,294.919,67605.37988,0
1790103600000000,229.27,229.8,228.72,228.89,3027.827,1790107199999999,694155.69956,2246,1330.395,304869.43725,0
1790107200000000,228.86,228.89,227.94,228.11,1151.7,1790110799999999,262822.26678,977,923.126,210646.21861,0
1790110800000000,228.14,228.31,228.01,228.15,288.701,1790114399999999,65870.17266,703,209.436,47783.96989,0
1790114400000000,228.15,228.4,228.13,228.28,522.94,1790117999999999,119377.54981,648,314.425,71776.69467,0
1790118000000000,228.29,228.64,228.27,228.56,837.083,1790121599999999,191264.67657,984,266.546,60900.73522,0
1790121600000000,228.55,228.86,228.37,228.39,988.721,1790125199999999,225970.45918,1670,581.103,132809.20773,0
1790125200000000,228.4,228.56,228.23,228.23,839.64,1790128799999999,191806.58756,1588,221.746,50650.91322,0
1790128800000000,228.24,228.36,228.02,228.36,1226.506,1790132399999999,279892.5712,1991,794.844,181377.11607,0
1790132400000000,228.36,228.6,228.22,228.45,842.29,1790135999999999,192362.6809,1935,311.054,71035.38874,0
1790136000000000,228.45,228.86,228.42,228.68,925.346,1790139599999999,211570.79875,1823,504.576,115362.33126,0
1790139600000000,228.68,228.85,228.54,228.72,607.278,1790143199999999,138909.13684,1760,155.003,35456.69458,0
1790143200000000,228.71,229.17,228.71,228.85,938.714,1790146799999999,214977.53265,2138,603.471,138218.25902,0
1790146800000000,228.85,229.03,228.63,228.64,1437.581,1790150399999999,328958.76409,2623,606.236,138760.0227,0
1790150400000000,228.64,229.23,228.64,228.98,1212.736,1790153999999999,277736.73475,2073,620.234,142036.6882,0
1790154000000000,228.98,229.42,228.97,229.18,1389.945,1790157599999999,318644.77733,2124,781.611,179187.72628,0
1790157600000000,229.17,229.17,228.82,229.03,1266.239,1790161199999999,289957.99394,1668,791.619,181267.12035,0
1790161200000000,229.01,229.01,227.36,227.87,2473.584,1790164799999999,563570.6912,2550,1535.057,349640.47376,0
1790164800000000,227.88,227.92,227.35,227.7,1223.532,1790168399999999,278474.16138,2581,716.54,163082.56242,0
1790168400000000,227.71,228.89,227.4,227.79,3887.375,1790171999999999,886688.73415,5673,1877.752,428318.17837,0
1790172000000000,227.79,228.11,225.09,226.15,5274.312,1790175599999999,1192852.5243,7145,2699.421,610065.66375,0
1790175600000000,226.11,226.39,224.73,224.81,2263.183,1790179199999999,510236.63693,4335,1328.05,299399.38375,0
1790179200000000,224.8,224.99,224.02,224.59,1799.561,1790182799999999,403947.83786,3912,1039.82,233379.87185,0
1790182800000000,224.6,225.4,224.17,225.4,1018.565,1790186399999999,228755.76643,2749,563.166,126472.50975,0
1790186400000000,225.39,225.63,225.14,225.33,955.517,1790189999999999,215375.14512,2418,489.989,110432.86509,0
1790190000000000,225.32,225.74,224.78,225.52,2625.262,1790193599999999,591362.81147,4223,1559.368,351119.00295,0
1790193600000000,225.49,225.8,225.15,225.28,806.406,1790197199999999,181800.20588,1192,542.096,122242.96142,0
1790197200000000,225.28,225.32,225.02,225.14,408.629,1790200799999999,91997.79712,1478,251.354,56584.97714,0
1790200800000000,225.15,225.32,225.12,225.26,627.09,1790204399999999,141251.76505,3051,470.509,105981.74572,0
1790204400000000,225.27,225.34,225.09,225.16,215.124,1790207999999999,48451.28265,1722,93.574,21076.09222,0
1790208000000000,225.17,225.31,224.78,224.97,916.581,1790211599999999,206259.17265,2836,476.868,107314.01393,0
1790211600000000,224.97,225.21,224.82,225.02,1042.984,1790215199999999,234681.61326,2521,399.442,89874.18258,0
1790215200000000,225.03,225.47,224.87,225.45,1534.313,1790218799999999,345416.08171,2084,876.536,197334.58085,0
1790218800000000,225.45,225.49,225.0,225.12,802.412,1790222399999999,180681.60696,1765,368.895,83069.46938,0
1790222400000000,225.11,225.14,224.7,225.11,1127.618,1790225999999999,253624.52625,2391,323.458,72744.47012,0
1790226000000000,225.11,225.24,224.38,224.39,1392.648,1790229599999999,313360.51775,2918,902.987,203244.44756,0
1790229600000000,224.38,224.75,224.03,224.03,1666.995,1790233199999999,374004.25639,2740,745.154,167173.84612,0
1790233200000000,224.03,224.6,223.92,224.08,1510.659,1790236799999999,338643.86285,2939,1007.373,225812.5915,0
1790236800000000,224.08,224.33,222.51,222.69,3197.07,1790240399999999,714080.14463,3646,1761.376,393390.69527,0
1790240400000000,222.7,222.98,222.32,222.84,1156.299,1790243999999999,257431.50705,2433,437.09,97329.47921,0
1790244000000000,222.85,223.51,222.64,223.45,542.678,1790247599999999,121020.89911,1225,351.715,78440.19636,0
1790247600000000,223.45,223.47,222.75,222.98,436.157,1790251199999999,97280.78998,1236,217.292,48463.78093,0
1790251200000000,222.98,223.7,222.64,222.95,709.15,1790254799999999,158253.95338,1616,328.732,73355.41922,0
1790254800000000,222.95,223.29,221.26,222.62,4739.149,1790258399999999,1054537.3411,4787,2652.135,590128.86575,0
1790258400000000,222.63,222.92,221.46,221.59,3172.107,1790261999999999,705116.00067,3727,1878.301,417428.39472,0
1790262000000000,221.6,222.59,221.49,222.5,1398.213,1790265599999999,310250.64264,1949,852.305,189107.17162,0
1790265600000000,222.49,224.6,222.11,224.38,2408.951,1790269199999999,538825.14468,2970,1074.077,240168.71921,0
1790269200000000,224.36,224.69,223.6,224.03,1860.409,1790272799999999,417146.06637,2566,920.886,206425.59126,0
1790272800000000,224.02,224.49,223.42,224.28,754.74,1790276399999999,169034.06971,1005,382.04,85561.53936,0
1790276400000000,224.26,224.84,223.52,224.58,2171.257,1790279999999999,486740.75819,1544,937.887,210044.89196,0
1790280000000000,224.56,224.63,223.56,224.08,596.37,1790283599999999,133532.36412,601,398.156,89148.27469,0
1790283600000000,224.08,224.19,223.97,224.1,120.828,1790287199999999,27073.52495,398,66.691,14942.6198,0
1790287200000000,224.09,224.22,223.82,224.09,339.777,1790290799999999,76108.3066,834,193.859,43420.93808,0
1790290800000000,224.09,224.21,223.86,223.9,661.939,1790294399999999,148301.44873,828,326.027,73051.23648,0
1790294400000000,223.9,224.11,223.81,223.99,883.598,1790297999999999,197920.86063,1239,585.098,131061.43738,0
1790298000000000,223.99,224.83,223.89,224.8,1511.324,1790301599999999,339343.28674,1702,578.191,129833.9436,0
1790301600000000,224.81,224.85,224.39,224.59,846.348,1790305199999999,190167.72346,1381,502.331,112888.78356,0
1790305200000000,224.58,224.8,224.51,224.64,666.181,1790308799999999,149655.91231,1017,384.573,86401.65564,0
1790308800000000,224.65,224.67,224.44,224.49,629.392,1790312399999999,141361.01548,1253,401.339,90143.82925,0
1790312400000000,224.49,225.0,224.49,224.92,851.936,1790315999999999,191467.10292,1688,601.425,135163.85928,0
1790316000000000,224.92,225.44,224.91,225.14,1507.76,1790319599999999,339620.19621,1974,627.83,141414.15363,0
1790319600000000,225.14,225.45,225.12,225.29,1574.229,1790323199999999,354655.98815,2237,627.105,141293.87238,0
1790323200000000,225.3,226.44,225.21,226.4,1781.195,1790326799999999,402200.99464,1867,801.944,181069.48342,0
1790326800000000,226.41,226.48,226.11,226.2,675.356,1790330399999999,152877.73022,1322,329.392,74558.71332,0
1790330400000000,226.18,226.32,225.79,225.82,283.594,1790333999999999,64103.70672,909,157.264,35546.67232,0
1790334000000000,225.82,226.29,225.47,226.03,653.06,1790337599999999,147559.39584,1279,302.622,68375.7383,0
1790337600000000,226.03,226.3,225.22,225.47,1034.41,1790341199999999,233526.87817,1430,521.002,117615.22004,0
1790341200000000,225.48,226.86,224.8,225.25,1934.773,1790344799999999,436327.93508,2911,750.02,169161.97381,0
1790344800000000,225.26,225.3,223.25,224.43,2261.228,1790348399999999,506249.53964,2653,1649.122,369230.14357,0
1790348400000000,224.38,225.13,223.44,225.12,1110.528,1790351999999999,249009.92035,1529,510.766,114401.53242,0
1790352000000000,225.13,225.8,224.41,224.63,954.071,1790355599999999,214777.80704,1426,280.175,63061.93313,0
1790355600000000,224.67,225.29,224.67,224.71,331.575,1790359199999999,74579.61444,675,211.544,47578.76123,0
1790359200000000,224.77,225.17,224.04,224.07,789.613,1790362799999999,177211.63594,1437,569.764,127847.32512,0
1790362800000000,224.12,225.47,223.64,225.0,2749.308,1790366399999999,617589.15173,1865,1958.822,439960.83465,0
1790366400000000,225.04,225.07,224.86,225.04,339.624,1790369999999999,76406.33842,491,180.743,40668.60579,0
1790370000000000,225.04,225.24,224.95,225.13,488.077,1790373599999999,109878.01247,601,140.322,31582.38835,0
1790373600000000,225.12,225.17,225.1,225.15,106.115,1790377199999999,23890.34604,413,68.136,15339.97986,0
1790377200000000,225.15,225.15,224.95,224.98,180.929,1790380799999999,40715.1419,627,108.063,24316.59978,0
1790380800000000,224.98,225.08,224.47,224.58,306.14,1790384399999999,68807.29513,468,133.16,29932.0576,0
1790384400000000,224.56,224.75,224.48,224.75,196.93,1790387999999999,44229.49361,377,114.363,25688.84346,0
1790388000000000,224.75,224.75,224.63,224.67,222.868,1790391599999999,50073.54355,555,105.123,23618.57618,0
1790391600000000,224.66,224.69,224.47,224.47,310.428,1790395199999999,69710.83101,578,167.417,37594.48904,0
1790395200000000,224.48,224.73,224.43,224.59,268.57,1790398799999999,60296.82767,476,195.528,43897.6111,0
1790398800000000,224.6,224.64,224.54,224.58,74.265,1790402399999999,16678.5482,429,37.307,8378.5958,0
1790402400000000,224.59,224.59,224.43,224.52,142.997,1790405999999999,32103.27642,589,55.47,12452.8175,0
1790406000000000,224.53,224.63,224.33,224.34,246.783,1790409599999999,55408.30471,551,124.942,28052.24919,0
1790409600000000,224.34,224.44,224.34,224.41,133.438,1790413199999999,29941.83875,564,44.558,9998.39745,0
1790413200000000,224.42,224.42,224.13,224.36,447.744,1790416799999999,100407.91115,1077,222.839,49966.20911,0
1790416800000000,224.36,224.47,224.3,224.33,875.905,1790420399999999,196531.77402,923,677.467,152004.20119,0
1790420400000000,224.34,224.37,224.26,224.27,168.935,1790423999999999,37896.89366,538,94.584,21218.68679,0
1790424000000000,224.26,224.27,224.18,224.2,46.019,1790427599999999,10319.76971,392,32.343,7253.02966,0
1790427600000000,224.19,224.22,224.17,224.22,43.736,1790431199999999,9806.10992,434,26.408,5921.07023,0
1790431200000000,224.22,224.69,224.21,224.69,103.006,1790434799999999,23113.63817,286,89.141,20000.41992,0
1790434800000000,224.69,224.69,224.56,224.64,81.197,1790438399999999,18240.07352,380,28.154,6324.37812,0
1790438400000000,224.65,224.65,224.56,224.64,86.609,1790441999999999,19454.19449,521,52.338,11756.41037,0
1790442000000000,224.65,224.68,224.61,224.62,155.288,1790445599999999,34880.49344,482,34.635,7779.94362,0
1790445600000000,224.62,224.62,224.43,224.51,108.058,1790449199999999,24262.85229,365,41.054,9218.37484,0
1790449200000000,224.51,224.62,224.42,224.44,85.025,1790452799999999,19091.4314,284,40.402,9072.22846,0
1790452800000000,224.44,224.49,224.21,224.37,57.176,1790456399999999,12827.41065,264,13.244,2971.65779,0
1790456400000000,224.37,224.45,224.33,224.37,29.842,1790459999999999,6696.37792,235,12.761,2863.19982,0
1790460000000000,224.37,224.41,224.35,224.37,44.182,1790463599999999,9913.71811,315,26.453,5935.65228,0
1790463600000000,224.37,224.48,224.36,224.47,16.507,1790467199999999,3704.89268,185,9.74,2186.11665,0
1790467200000000,224.48,224.54,224.43,224.43,69.45,1790470799999999,15590.92374,313,28.279,6348.51697,0
1790470800000000,224.44,224.49,224.36,224.49,103.23,1790474399999999,23167.68965,276,65.313,14658.11462,0
1790474400000000,224.49,224.5,224.45,224.47,60.568,1790477999999999,13595.86368,338,35.593,7989.64219,0
1790478000000000,224.47,224.48,224.4,224.48,43.394,1790481599999999,9739.55725,373,21.087,4732.84942,0
1790481600000000,224.48,224.5,224.41,224.47,20.198,1790485199999999,4533.53932,204,9.27,2080.72158,0
1790485200000000,224.47,224.62,224.47,224.54,98.289,1790488799999999,22071.74174,287,82.795,18592.63384,0
1790488800000000,224.54,224.68,224.5,224.61,191.731,1790492399999999,43058.38503,575,131.374,29505.36517,0
1790492400000000,224.62,224.89,224.61,224.89,121.922,1790495999999999,27397.99126,400,81.932,18410.91684,0
1790496000000000,224.88,224.95,224.81,224.93,137.587,1790499599999999,30942.8754,355,65.396,14707.39545,0
1790499600000000,224.93,225.15,224.83,225.06,299.251,1790503199999999,67338.90166,622,238.545,53683.50423,0
1790503200000000,225.08,225.08,224.91,224.97,165.341,1790506799999999,37198.22915,299,35.471,7980.18331,0
1790506800000000,224.97,224.99,224.85,224.85,65.276,1790510399999999,14681.73275,353,25.54,5744.70135,0
1790510400000000,224.86,224.88,224.81,224.83,54.026,1790513999999999,12147.94093,333,20.027,4503.11565,0
1790514000000000,224.84,225.3,224.81,224.97,365.373,1790517599999999,82234.56655,1365,225.871,50839.11867,0
1790517600000000,224.97,224.97,224.75,224.76,136.318,1790521199999999,30650.83819,899,41.808,9399.18532,0
1790521200000000,224.76,225.14,224.7,224.81,335.78,1790524799999999,75525.02945,725,214.197,48179.92228,0
1790524800000000,224.81,225.07,224.79,225.06,193.776,1790528399999999,43591.45377,481,99.454,22373.43764,0
1790528400000000,225.05,225.23,225.0,225.22,69.107,1790531999999999,15554.67428,554,49.318,11100.9342,0
1790532000000000,225.22,225.4,225.11,225.31,138.364,1790535599999999,31164.1917,351,94.257,21229.00981,0
1790535600000000,225.32,225.46,225.31,225.36,74.905,1790539199999999,16884.3974,225,18.558,4182.89106,0
1790539200000000,225.36,225.44,225.32,225.33,35.565,1790542799999999,8016.06423,181,24.671,5560.6101,0
1790542800000000,225.33,225.37,225.11,225.11,54.707,1790546399999999,12324.17131,198,18.605,4191.17687,0
1790546400000000,225.11,225.12,224.3,224.35,362.865,1790549999999999,81524.09838,521,136.114,30576.83722,0
1790550000000000,224.34,224.69,224.25,224.68,144.443,1790553599999999,32420.50664,392,78.82,17694.10733,0
1790553600000000,224.7,225.59,224.7,224.79,4281.729,1790557199999999,964011.70305,4749,976.684,219959.67263,0
1790557200000000,224.78,225.13,224.29,224.33,3790.349,1790560799999999,851612.30053,8640,896.954,201547.75502,0
1790560800000000,224.33,224.62,224.07,224.09,4254.524,1790564399999999,954442.38695,12071,861.841,193362.69559,0
1790564400000000,224.1,224.24,223.78,223.78,1184.221,1790567999999999,265270.50763,4361,412.224,92334.77934,0
1790568000000000,223.8,224.28,223.76,224.24,620.024,1790571599999999,138932.44234,1448,333.976,74845.98713,0
1790571600000000,224.23,224.39,223.91,223.96,1144.912,1790575199999999,256557.70841,1477,712.559,159682.30582,0
1790575200000000,223.99,224.24,223.3,223.58,1849.612,1790578799999999,413610.75945,3154,798.554,178576.74323,0
1790578800000000,223.57,223.57,223.06,223.18,1212.57,1790582399999999,270698.05704,3623,574.375,128225.70177,0
1790582400000000,223.18,223.54,222.93,223.25,1173.287,1790585999999999,261922.06739,4167,560.392,125105.78877,0
1790586000000000,223.26,225.03,223.26,224.57,2288.797,1790589599999999,513551.3821,3382,988.951,221677.889,0
1790589600000000,224.58,224.83,224.13,224.66,1526.404,1790593199999999,342618.19989,3708,552.257,123980.04538,0
1790593200000000,224.64,229.56,224.64,227.9,8469.131,1790596799999999,1926260.29416,12368,4184.81,951450.42688,0
1790596800000000,227.91,229.9,227.51,229.58,3400.509,1790600399999999,778191.53567,8217,1576.986,360663.30609,0
1790600400000000,229.57,233.12,228.85,231.91,7002.126,1790603999999999,1618244.62504,11140,2943.028,680341.8022,0
1790604000000000,231.91,232.33,228.6,229.26,3976.263,1790607599999999,916882.96865,4140,1325.296,305498.45094,0
1790607600000000,229.33,230.74,229.22,230.2,1128.876,1790611199999999,259891.19832,1610,637.703,146862.00111,0
1790611200000000,230.19,232.33,229.84,231.01,1480.378,1790614799999999,342491.84685,1703,560.558,129712.77267,0
1790614800000000,231.01,231.43,230.12,230.26,1326.711,1790618399999999,305759.52284,1570,408.67,94205.52996,0
1790618400000000,230.25,230.44,229.61,230.0,776.557,1790621999999999,178610.17154,1497,526.246,121036.11669,0
1790622000000000,230.05,230.29,228.25,228.95,2311.646,1790625599999999,528946.47965,3855,1412.264,323162.52836,0
1790625600000000,228.96,229.26,228.63,228.88,527.713,1790629199999999,120827.05891,1025,378.095,86572.6765,0
1790629200000000,228.88,229.35,228.85,229.24,234.444,1790632799999999,53720.14191,400,142.373,32620.04911,0
1790632800000000,229.24,229.61,228.89,229.44,808.347,1790636399999999,185380.53553,855,242.971,55701.60135,0
1790636400000000,229.43,229.79,229.39,229.5,331.15,1790639999999999,76029.34516,892,113.345,26016.12899,0
1790640000000000,229.52,229.64,228.56,228.57,553.187,1790643599999999,126772.26933,1276,315.435,72295.79722,0
1790643600000000,228.56,228.99,228.12,228.79,927.289,1790647199999999,211959.34634,2051,436.669,99809.58095,0
1790647200000000,228.79,229.2,228.39,228.52,659.123,1790650799999999,150791.40944,1760,171.383,39218.63,0
1790650800000000,228.53,228.81,228.1,228.44,899.612,1790654399999999,205512.10596,3771,237.134,54182.7102,0
1790654400000000,228.43,228.59,228.24,228.43,498.711,1790657999999999,113900.44856,666,293.943,67148.05713,0
1790658000000000,228.43,228.6,228.02,228.55,966.349,1790661599999999,220611.27804,1404,487.308,111271.37753,0
1790661600000000,228.56,229.75,228.51,229.61,820.658,1790665199999999,188219.97373,1105,526.362,120706.15475,0
1790665200000000,229.61,230.54,229.46,230.26,1437.088,1790668799999999,330729.60077,1681,514.941,118491.70422,0
1790668800000000,230.27,231.55,230.27,230.57,2321.18,1790672399999999,535871.5333,2094,871.566,201175.27665,0
1790672400000000,230.57,230.86,230.27,230.68,549.654,1790675999999999,126748.51839,1147,297.46,68588.27499,0
1790676000000000,230.67,231.17,230.61,230.9,492.861,1790679599999999,113803.6889,997,319.109,73689.39583,0
1790679600000000,230.91,231.04,230.29,230.76,793.131,1790683199999999,182924.28236,1239,347.054,80063.77474,0
1790683200000000,230.77,231.21,230.19,230.2,789.175,1790686799999999,181963.49804,1785,408.773,94245.20382,0
1790686800000000,230.2,232.77,229.74,229.98,7674.581,1790690399999999,1772636.84472,10213,3263.986,753655.27289,0
1790690400000000,229.99,231.58,229.43,231.4,6246.045,1790693999999999,1440293.76615,12651,2484.619,572660.5082,0
1790694000000000,231.42,231.49,229.76,230.55,6963.301,1790697599999999,1605880.02072,7705,3630.022,837104.24946,0
1790697600000000,230.55,230.55,229.41,229.6,898.801,1790701199999999,206727.66104,1055,680.368,156497.7063,0
1790701200000000,229.56,229.56,227.81,227.86,2776.842,1790704799999999,635111.14196,1750,2102.797,480942.53916,0
1790704800000000,227.86,228.59,227.78,228.46,2069.648,1790708399999999,472311.04524,2036,1284.271,293123.73919,0
1790708400000000,228.5,228.6,227.19,227.38,1779.303,1790711999999999,405507.76029,1559,631.756,143945.68352,0
1790712000000000,227.38,228.0,227.35,227.89,532.54,1790715599999999,121277.16722,340,347.736,79198.20718,0
1790715600000000,227.88,228.06,227.76,227.91,406.447,1790719199999999,92642.64244,1171,305.232,69572.03408,0
1790719200000000,227.91,228.23,227.91,228.13,778.942,1790722799999999,177693.32862,376,416.917,95112.90899,0
1790722800000000,228.17,228.48,228.16,228.47,542.383,1790726399999999,123823.73671,779,219.917,50202.64704,0
1790726400000000,228.47,228.58,228.11,228.27,2275.589,1790729999999999,519782.61881,2074,1308.305,298833.63944,0
1790730000000000,228.27,228.38,228.08,228.24,1337.31,1790733599999999,305231.01114,1454,709.203,161874.16262,0
1790733600000000,228.24,228.29,227.71,227.92,1085.153,1790737199999999,247356.70317,1813,425.213,96917.31363,0
1790737200000000,227.92,228.34,227.81,228.19,882.989,1790740799999999,201391.691,2202,293.403,66942.0747,0
1790740800000000,228.15,228.42,228.15,228.22,255.025,1790744399999999,58232.60956,479,132.463,30245.76949,0
1790744400000000,228.23,228.37,227.77,228.18,797.334,1790747999999999,181838.03934,1051,308.142,70295.49485,0
1790748000000000,228.23,228.29,227.66,227.99,405.048,1790751599999999,92365.8974,572,176.03,40149.61319,0
1790751600000000,227.98,228.85,227.96,228.81,2785.714,1790755199999999,636777.23248,2477,1949.223,445551.04949,0
1790755200000000,228.81,229.06,228.55,228.55,1407.112,1790758799999999,321967.53761,1045,1019.975,233384.20018,0
1790758800000000,228.53,228.64,228.17,228.44,2525.733,1790762399999999,576754.2985,1443,1760.499,402009.93905,0
1790762400000000,228.45,228.45,228.0,228.11,1189.232,1790765999999999,271266.20059,1373,321.825,73425.26007,0
1790766000000000,228.1,228.16,227.44,228.05,1488.863,1790769599999999,339254.23841,1310,1007.811,229617.18603,0
1790769600000000,228.03,229.07,227.42,228.81,3189.795,1790773199999999,728230.22794,1849,1879.1,428920.4475,0
1790773200000000,228.83,231.49,228.76,231.49,9871.314,1790776799999999,2273423.40515,14628,3513.144,809036.72001,0
1790776800000000,231.5,232.49,230.09,230.78,4844.553,1790780399999999,1119660.36044,5477,2123.116,490458.66427,0
1790780400000000,230.78,231.39,230.23,231.11,3927.006,1790783999999999,906381.46005,8495,2100.837,484854.97896,0
1790784000000000,231.12,231.14,230.26,230.68,1936.601,1790787599999999,446748.72807,2700,1160.402,267658.20147,0
1790787600000000,230.68,231.1,229.96,230.52,1822.607,1790791199999999,419991.27184,2126,1210.594,278889.07171,0
1790791200000000,230.53,230.93,230.32,230.49,1119.609,1790794799999999,258215.03545,1370,987.684,227789.80301,0
1790794800000000,230.49,230.96,228.48,228.55,5687.038,1790798399999999,1308661.68021,5437,2820.682,648755.12583,0
1790798400000000,228.56,229.44,228.12,229.22,2158.382,1790801999999999,493728.64963,2121,1385.202,316886.64314,0
1790802000000000,229.22,229.23,228.66,228.85,2323.741,1790805599999999,531706.90038,899,1771.59,405351.00697,0
1790805600000000,228.87,229.65,228.87,229.53,374.757,1790809199999999,85897.40636,455,234.818,53822.75975,0
1790809200000000,229.54,229.88,229.52,229.81,366.133,1790812799999999,84113.66962,411,157.331,36142.82433,0
1790812800000000,229.82,229.98,229.03,229.8,1841.595,1790816399999999,422606.47212,1845,1292.324,296535.79267,0
1790816400000000,229.78,230.11,229.71,229.85,1096.86,1790819999999999,252195.55633,1205,683.257,157084.8573,0
1790820000000000,229.87,230.3,229.87,230.17,1204.319,1790823599999999,277082.59054,1338,758.277,174453.35465,0
1790823600000000,230.18,230.52,230.07,230.5,655.724,1790827199999999,151015.48376,910,295.69,68084.57514,0
1790827200000000,230.5,231.01,230.5,230.96,2012.542,1790830799999999,464373.34401,1736,850.296,196197.67525,0
1790830800000000,231.0,231.69,230.94,231.68,1147.905,1790834399999999,265511.14264,1038,547.122,126540.39211,0
1790834400000000,231.7,232.3,231.58,231.58,2003.507,1790837999999999,464750.5135,1895,559.13,129683.09553,0
1790838000000000,231.58,231.66,229.94,230.31,4034.235,1790841599999999,929847.42091,3598,2238.6,516159.48581,0
1790841600000000,230.31,230.78,229.7,230.75,1662.386,1790845199999999,382607.55385,2347,1003.834,231029.95725,0
1790845200000000,230.76,231.18,230.63,230.63,538.927,1790848799999999,124486.514,947,337.972,78075.88991,0
1790848800000000,230.63,231.19,230.15,230.99,885.246,1790852399999999,204286.51488,1321,640.082,147719.9309,0
1790852400000000,230.99,230.99,230.01,230.31,1159.16,1790855999999999,266997.26151,1522,744.123,171400.77908,0
1790856000000000,230.3,230.57,230.0,230.0,976.729,1790859599999999,224957.49576,1074,507.518,116894.29874,0
1790859600000000,230.01,231.88,228.58,230.81,7528.167,1790863199999999,1733830.95736,6224,3796.049,874072.78046,0
1790863200000000,230.8,230.85,229.04,229.29,19853.621,1790866799999999,4568110.58717,46481,10702.528,2462008.93055,0
1790866800000000,229.29,230.83,228.35,229.48,5637.319,1790870399999999,1293323.01287,5442,3532.684,810060.0508,0
1790870400000000,229.49,231.44,229.37,230.21,1941.293,1790873999999999,447194.31601,2588,1329.44,306106.44699,0
1790874000000000,230.21,231.62,230.21,230.65,2127.002,1790877599999999,491165.00608,3513,1229.16,283712.16511,0
1790877600000000,230.66,232.42,230.28,232.34,3434.461,1790881199999999,796664.9535,2419,2639.787,612757.47398,0
1790881200000000,232.33,232.34,230.81,231.11,8124.127,1790884799999999,1884337.10385,4524,6006.206,1393098.34636,0
1790884800000000,231.12,231.48,230.81,231.27,749.27,1790888399999999,173248.22593,683,572.915,132489.64135,0
1790888400000000,231.26,231.48,231.17,231.19,609.878,1790891999999999,141069.01375,435,426.284,98602.7331,0
1790892000000000,231.2,231.55,231.2,231.55,414.131,1790895599999999,95818.44154,372,334.885,77482.24997,0
1790895600000000,231.55,231.73,231.41,231.57,782.761,1790899199999999,181280.06529,480,580.312,134394.2529,0
1790899200000000,231.58,232.44,231.42,231.74,727.288,1790902799999999,168652.55384,1183,411.779,95492.59853,0
1790902800000000,231.76,231.83,231.32,231.8,661.35,1790906399999999,153172.23846,1003,453.978,105146.36211,0
1790906400000000,231.83,231.89,231.58,231.84,635.361,1790909999999999,147230.26613,870,448.997,104048.95105,0
1790910000000000,231.85,231.95,231.54,231.77,1248.37,1790913599999999,289338.90119,1266,775.784,179795.17111,0
1790913600000000,231.78,232.15,231.41,232.15,2181.095,1790917199999999,505435.27401,1760,1772.712,410817.86406,0
1790917200000000,232.15,232.15,231.63,231.93,507.28,1790920799999999,117645.56395,728,272.864,63297.60824,0
1790920800000000,231.93,232.24,231.65,231.73,798.824,1790924399999999,185220.22051,1465,531.436,123212.86802,0
1790924400000000,231.73,232.34,231.69,232.28,687.808,1790927999999999,159602.44128,2689,313.193,72673.40383,0
1790928000000000,232.28,233.4,232.16,233.21,2731.818,1790931599999999,636006.80975,3602,790.25,183952.70654,0
1790931600000000,233.2,233.83,232.97,233.76,982.809,1790935199999999,229460.04887,1766,382.041,89177.6923,0
1790935200000000,233.76,233.9,233.29,233.65,843.013,1790938799999999,196964.87449,1525,313.49,73237.40955,0
1790938800000000,233.62,235.45,233.54,234.89,2333.14,1790942399999999,547356.32741,2706,845.375,198290.39206,0
1790942400000000,234.88,236.14,234.63,235.85,1820.321,1790945999999999,428592.01989,2337,842.881,198465.39036,0
1790946000000000,235.84,237.55,234.68,237.42,5522.138,1790949599999999,1303769.59128,5050,2299.779,543074.28003,0
1790949600000000,237.43,237.82,236.26,236.61,2126.22,1790953199999999,504361.73699,2516,702.966,166735.45861,0
1790953200000000,236.63,236.77,234.36,235.64,1676.799,1790956799999999,394625.98603,2617,1053.177,247921.9581,0
1790956800000000,235.63,236.62,235.03,235.25,780.044,1790960399999999,184135.19663,1480,276.534,65268.96192,0
1790960400000000,235.25,235.46,234.22,234.7,1090.49,1790963999999999,255945.01878,1664,489.889,114966.84793,0
1790964000000000,234.71,234.84,234.37,234.62,488.824,1790967599999999,114688.58818,941,289.606,67948.02239,0
1790967600000000,234.61,234.63,233.71,234.09,1759.33,1790971199999999,412002.85475,1679,923.723,216267.00379,0
1790971200000000,234.06,234.19,233.81,234.02,716.703,1790974799999999,167773.68885,584,487.692,114164.1296,0
1790974800000000,234.01,234.07,233.9,233.92,351.45,1790978399999999,82231.84084,575,198.664,46486.66508,0
1790978400000000,233.92,234.0,233.87,234.0,52.89,1790981999999999,12372.90544,321,21.833,5107.70856,0
1790982000000000,234.0,234.33,233.98,234.29,641.799,1790985599999999,150263.1539,1063,494.095,115668.59593,0
1790985600000000,234.28,234.45,234.25,234.33,152.309,1790989199999999,35694.00128,603,90.935,21310.59037,0
1790989200000000,234.32,234.57,234.31,234.47,160.014,1790992799999999,37516.7718,425,92.124,21597.76972,0
1790992800000000,234.48,234.48,234.31,234.31,178.229,1790996399999999,41773.86324,299,114.738,26892.60765,0
1790996400000000,234.3,234.35,234.28,234.32,35.61,1790999999999999,8343.7529,220,22.916,5369.39579,0
1791000000000000,234.32,234.32,234.21,234.25,49.044,1791003599999999,11489.59575,284,30.766,7207.62505,0
1791003600000000,234.26,234.26,234.23,234.26,34.825,1791007199999999,8157.47887,235,18.776,4398.2222,0
1791007200000000,234.26,234.33,234.19,234.25,126.548,1791010799999999,29644.16657,309,56.163,13156.44151,0
1791010800000000,234.25,234.44,234.25,234.4,34.841,1791014399999999,8164.6277,218,24.306,5696.0746,0
1791014400000000,234.41,234.5,234.27,234.49,125.043,1791017999999999,29306.54684,330,75.784,17762.97647,0
1791018000000000,234.49,234.89,234.49,234.5,908.89,1791021599999999,213336.94915,748,499.398,117228.37093,0
1791021600000000,234.49,234.61,234.36,234.47,129.752,1791025199999999,30426.11119,344,88.409,20730.4362,0
1791025200000000,234.48,234.59,234.43,234.44,47.209,1791028799999999,11071.2635,285,36.571,8576.65593,0
1791028800000000,234.44,234.54,234.24,234.26,207.819,1791032399999999,48692.81441,875,54.893,12860.39378,0
1791032400000000,234.26,234.43,234.24,234.35,39.246,1791035999999999,9194.99036,145,18.716,4384.92793,0
1791036000000000,234.36,234.59,234.31,234.55,82.875,1791039599999999,19428.82699,308,47.565,11150.77631,0
1791039600000000,234.57,234.58,234.33,234.57,161.094,1791043199999999,37766.40754,365,84.905,19902.92354,0
1791043200000000,234.57,234.62,234.46,234.52,44.247,1791046799999999,10379.02332,327,31.352,7354.43884,0
1791046800000000,234.52,234.66,234.51,234.66,54.262,1791050399999999,12728.81105,297,39.08,9167.46337,0
1791050400000000,234.65,234.71,234.53,234.53,50.16,1791053999999999,11768.02563,207,22.738,5334.425,0
1791054000000000,234.53,234.65,234.45,234.52,77.106,1791057599999999,18084.86828,275,29.43,6902.92606,0
1791057600000000,234.53,234.99,234.53,234.99,146.802,1791061199999999,34465.54774,268,104.274,24479.64427,0
1791061200000000,234.99,235.07,234.83,234.95,48.612,1791064799999999,11420.85917,172,14.681,3449.16263,0
1791064800000000,234.95,235.08,234.94,235.08,61.295,1791068399999999,14404.67447,252,53.048,12466.56666,0
1791068400000000,235.09,235.1,234.88,234.94,67.068,1791071999999999,15761.95165,290,26.598,6249.53091,0
