open_time,open,high,low,close,volume,close_time,quote_volume,trades,taker_buy_base,taker_buy_quote,ignore
1783947600000000,153.0,159.72,152.09,157.06,3201.853,1783951199999999,497453.43538,1888,1696.488,262925.94602,0
1783951200000000,156.83,162.5,155.0,157.21,5446.359,1783954799999999,865178.44053,1538,2491.634,396890.75546,0
1783954800000000,157.5,159.28,151.37,153.21,2489.816,1783958399999999,384271.39014,888,1301.635,201098.95874,0
1783958400000000,153.58,156.23,152.5,155.7,1147.42,1783961999999999,177012.69801,568,511.175,78889.82433,0
1783962000000000,155.7,157.87,155.58,157.57,602.919,1783965599999999,94589.27552,436,334.978,52514.51799,0
1783965600000000,157.61,158.78,153.45,153.91,313.217,1783969199999999,48893.09293,322,52.11,8106.85299,0
1783969200000000,154.19,155.14,152.0,153.58,528.743,1783972799999999,81563.76243,333,382.074,58942.04309,0
1783972800000000,153.06,153.37,151.87,152.72,757.463,1783976399999999,115484.45361,211,538.119,82090.90414,0
1783976400000000,152.7,152.81,152.33,152.5,213.696,1783979999999999,32617.6217,59,171.053,26110.53393,0
1783980000000000,152.51,153.26,152.38,153.13,27.81,1783983599999999,4253.62489,40,13.109,2007.37385,0
1783983600000000,152.7,153.2,149.9,153.0,1456.75,1783987199999999,219458.06228,329,662.853,100079.61909,0
1783987200000000,153.21,158.86,150.52,158.86,1441.507,1783990799999999,222697.24711,876,619.297,95547.27754,0
1783990800000000,158.68,160.58,155.51,155.51,2116.642,1783994399999999,336618.92713,830,1331.029,211434.1101,0
1783994400000000,155.79,155.83,151.3,153.21,3898.162,1783997999999999,595973.78308,1193,1667.512,254756.26916,0
1783998000000000,153.19,156.0,150.17,154.29,4195.182,1784001599999999,641506.11571,1067,2063.495,313539.20065,0
1784001600000000,155.15,160.18,152.55,160.18,2892.358,1784005199999999,452409.84737,625,1231.674,194170.1931,0
1784005200000000,159.78,166.26,158.68,162.2,6315.164,1784008799999999,1028928.73887,1392,3198.188,521314.36006,0
1784008800000000,162.07,164.21,162.05,163.58,948.318,1784012399999999,154449.49965,398,310.819,50614.7407,0
1784012400000000,163.42,165.89,162.66,162.66,1390.693,1784015999999999,228443.78539,474,605.682,99835.41032,0
1784016000000000,162.86,163.73,161.33,163.15,736.32,1784019599999999,119751.15932,271,581.052,94506.75983,0
1784019600000000,162.6,163.15,162.34,162.85,563.814,1784023199999999,91774.90777,212,280.842,45728.90911,0
1784023200000000,162.85,163.5,162.67,163.33,419.091,1784026799999999,68357.72475,207,338.648,55224.1438,0
1784026800000000,163.34,163.43,161.37,163.08,1048.587,1784030399999999,170602.56554,529,729.311,118731.85699,0
1784030400000000,162.82,166.27,161.98,164.75,3889.523,1784033999999999,636288.8554,970,2512.398,410904.24717,0
1784034000000000,164.75,172.8,164.75,170.33,3383.837,1784037599999999,572062.79303,1910,1393.102,235055.19359,0
1784037600000000,170.29,175.87,165.54,174.69,2570.957,1784041199999999,437618.37304,1970,668.601,113554.10779,0
1784041200000000,174.67,182.38,174.38,178.11,8837.761,1784044799999999,1588900.88464,3079,4373.886,786292.9371,0
1784044800000000,178.34,187.25,178.08,182.7,5894.527,1784048399999999,1080529.17789,2554,2774.123,506265.4283,0
1784048400000000,182.49,186.58,182.26,183.82,999.399,1784051999999999,184583.39731,857,264.104,48774.13523,0
1784052000000000,183.88,189.89,183.48,186.52,1484.685,1784055599999999,278635.95426,1010,853.561,160172.19578,0
1784055600000000,186.3,194.5,184.62,193.95,935.984,1784059199999999,177834.31159,1060,531.457,101014.28371,0
1784059200000000,193.97,195.3,189.67,189.98,1109.432,1784062799999999,213080.97244,678,409.146,78187.78458,0
1784062800000000,189.79,189.82,182.01,182.73,2980.555,1784066399999999,553737.24514,966,1837.797,340535.59761,0
1784066400000000,182.88,187.56,181.96,186.55,1328.473,1784069999999999,246435.13911,709,964.862,179489.0069,0
1784070000000000,186.55,187.68,185.26,186.12,881.029,1784073599999999,164355.48677,528,87.864,16385.20717,0
1784073600000000,186.0,195.7,185.86,192.33,4120.34,1784077199999999,786760.57161,2344,2182.988,417853.3263,0
1784077200000000,192.33,192.33,186.93,188.86,2479.738,1784080799999999,467434.35398,1101,778.307,146463.77146,0
1784080800000000,189.12,190.87,187.86,188.05,451.312,1784084399999999,85426.58091,437,210.8,39926.57697,0
1784084400000000,188.05,191.52,187.82,190.88,551.863,1784087999999999,104824.30013,366,379.667,72218.63747,0
1784088000000000,191.26,192.24,188.71,189.86,1060.26,1784091599999999,201643.87009,518,574.952,109386.06946,0
1784091600000000,190.38,190.52,186.15,188.0,799.825,1784095199999999,150221.74287,535,504.624,94788.51534,0
1784095200000000,188.34,188.81,186.99,187.66,411.073,1784098799999999,77140.86203,331,112.373,21089.2211,0
1784098800000000,187.75,188.36,183.2,185.06,1630.866,1784102399999999,303388.72631,576,1071.106,199677.65582,0
1784102400000000,185.17,185.38,181.5,182.63,798.245,1784105999999999,145808.43595,548,532.232,97141.63726,0
1784106000000000,182.79,183.46,180.9,181.51,331.213,1784109599999999,60271.15916,224,216.133,39305.60149,0
1784109600000000,181.27,183.0,179.15,182.12,1424.666,1784113199999999,256979.10576,499,617.325,111776.07897,0
1784113200000000,182.02,183.31,181.54,182.15,466.087,1784116799999999,85117.15813,304,39.2,7159.15191,0
1784116800000000,181.91,182.24,178.55,178.86,420.882,1784120399999999,76066.15077,404,126.733,22939.97452,0
1784120400000000,179.18,185.0,175.95,183.7,4052.064,1784123999999999,730564.17138,2002,2078.972,374178.91864,0
1784124000000000,184.11,187.67,171.68,174.88,4167.932,1784127599999999,738757.43188,2162,2636.836,464663.82982,0
1784127600000000,174.67,176.4,170.78,171.71,1272.219,1784131199999999,220382.89625,796,319.251,55252.22449,0
1784131200000000,171.36,173.73,166.74,173.16,1701.525,1784134799999999,290059.89807,820,757.434,128958.08092,0
1784134800000000,173.16,176.3,172.94,175.99,385.308,1784138399999999,67374.63607,273,285.559,49892.64621,0
1784138400000000,176.12,180.72,174.7,175.36,1034.776,1784141999999999,184643.65852,764,582.554,103857.33866,0
1784142000000000,175.52,176.97,173.28,176.4,305.519,1784145599999999,53563.0709,353,122.112,21434.10505,0
1784145600000000,176.48,176.48,173.7,174.26,471.785,1784149199999999,82337.35253,181,428.758,74834.18417,0
1784149200000000,174.2,174.2,172.99,173.24,68.476,1784152799999999,11892.57003,94,1.348,234.16214,0
1784152800000000,173.16,173.57,170.55,171.61,888.384,1784156399999999,151775.51023,392,680.958,116280.19161,0
1784156400000000,171.61,171.69,169.84,170.09,1142.657,1784159999999999,195101.70096,286,36.355,6198.13069,0
1784160000000000,170.27,172.38,166.75,167.0,2117.327,1784163599999999,360733.28819,831,1429.93,243514.47104,0
1784163600000000,167.22,170.61,165.7,169.21,2047.654,1784167199999999,343610.39485,1016,1194.401,200011.09124,0
1784167200000000,168.96,171.25,167.66,170.97,2138.803,1784170799999999,361603.14473,784,984.705,166632.38694,0
1784170800000000,170.78,171.93,169.0,170.22,617.037,1784174399999999,105147.13885,335,177.516,30212.02486,0
1784174400000000,170.28,170.31,166.73,168.41,908.38,1784177999999999,152605.07146,334,731.06,122853.18467,0
1784178000000000,168.63,172.62,168.2,171.19,3341.436,1784181599999999,571085.58858,1153,1911.472,326115.89791,0
1784181600000000,171.5,171.97,168.36,168.93,774.769,1784185199999999,131046.03764,366,298.057,50306.38604,0
1784185200000000,168.76,168.83,165.73,166.7,408.087,1784188799999999,68157.32896,168,124.923,20838.81809,0
1784188800000000,166.86,166.95,162.94,166.41,1470.048,1784192399999999,242636.55996,705,618.183,102344.54513,0
1784192400000000,166.65,167.35,165.23,165.36,641.643,1784195999999999,106652.28269,392,273.496,45456.96473,0
1784196000000000,165.37,166.45,165.0,166.04,12943.427,1784199599999999,2144051.48789,42522,6118.057,1013622.95997,0
1784199600000000,166.03,166.21,163.42,163.9,5915.726,1784203199999999,974937.28262,20253,3039.851,501054.47631,0
1784203200000000,163.82,164.42,162.39,163.5,5240.119,1784206799999999,857635.86017,11528,1728.655,282606.61391,0
1784206800000000,163.6,168.38,161.41,164.3,6743.797,1784210399999999,1111850.83173,12663,3139.747,517642.10459,0
1784210400000000,164.19,166.37,160.82,162.21,4262.817,1784213999999999,698910.8268,10505,2368.647,388381.85821,0
1784214000000000,162.21,163.92,159.62,161.85,3459.964,1784217599999999,559453.05338,7402,2104.777,341192.908,0
1784217600000000,161.92,164.14,159.61,160.91,3728.174,1784221199999999,602727.99908,7057,1849.039,299263.17786,0
1784221200000000,160.91,160.92,154.46,156.78,2922.727,1784224799999999,458584.94779,4911,2060.935,323397.65701,0
1784224800000000,156.78,157.86,155.9,156.73,837.526,1784228399999999,131441.30676,2565,332.779,52216.81543,0
1784228400000000,156.72,157.46,151.73,153.0,3338.927,1784231999999999,515969.16742,2838,2319.809,357313.32533,0
1784232000000000,152.98,154.92,152.7,154.5,1567.204,1784235599999999,240319.56653,1849,1176.373,180246.18064,0
1784235600000000,154.5,156.88,154.1,156.23,429.152,1784239199999999,66684.77439,1026,232.046,36084.25798,0
1784239200000000,156.3,156.86,152.84,154.06,2278.374,1784242799999999,352763.01611,1567,1648.116,255212.15021,0
1784242800000000,154.2,154.34,151.71,153.11,1437.194,1784246399999999,220046.0652,2383,858.43,131447.02575,0
1784246400000000,153.05,155.7,151.74,154.4,1872.261,1784249999999999,287958.14028,4435,1042.74,160413.66728,0
1784250000000000,154.38,156.21,152.52,153.68,1166.308,1784253599999999,180220.22597,2775,575.416,88896.95916,0
1784253600000000,153.72,154.17,151.25,151.9,981.215,1784257199999999,149877.13679,2487,492.64,75289.25415,0
1784257200000000,151.89,155.76,151.71,154.59,1677.864,1784260799999999,259157.58571,2785,582.767,89897.49287,0
1784260800000000,154.55,154.69,152.6,153.61,708.383,1784264399999999,108828.95486,2376,383.284,58881.55779,0
1784264400000000,153.38,153.62,148.38,148.57,3368.775,1784267999999999,507116.34277,3904,1530.045,230731.54451,0
1784268000000000,148.62,153.85,148.47,150.45,4472.156,1784271599999999,676495.60018,3095,2821.161,427042.60847,0
1784271600000000,150.46,151.21,147.64,148.59,2632.653,1784275199999999,392655.21576,2478,1009.751,151006.99842,0
1784275200000000,148.64,150.27,146.62,147.24,4324.781,1784278799999999,639010.58556,2911,1747.192,258202.27991,0
1784278800000000,147.21,154.09,147.11,153.82,5695.386,1784282399999999,855890.21925,3535,3256.82,488984.92731,0
1784282400000000,153.73,161.0,153.61,156.6,12563.307,1784285999999999,1976938.6574,5007,5014.305,790998.50827,0
1784286000000000,156.53,157.15,153.0,154.99,3761.103,1784289599999999,582168.12909,3117,1998.428,309035.10023,0
1784289600000000,154.93,155.23,151.72,152.61,2950.784,1784293199999999,450320.62308,2106,1379.422,210648.4546,0
1784293200000000,152.61,157.27,145.42,157.17,15252.39,1784296799999999,2286124.60636,9384,8759.477,1311940.58741,0
1784296800000000,157.14,162.17,154.56,154.74,9623.215,1784300399999999,1522393.81101,8871,4028.795,636520.48061,0
1784300400000000,154.8,164.19,152.7,163.96,10748.383,1784303999999999,1719061.75839,8304,6186.476,993991.30724,0
1784304000000000,163.91,167.09,161.74,164.41,5738.277,1784307599999999,944137.32758,4537,2666.456,438799.50652,0
1784307600000000,164.45,165.81,158.6,159.12,3618.41,1784311199999999,586180.43158,2796,1023.31,165630.49817,0
1784311200000000,159.13,162.4,158.79,159.47,2018.061,1784314799999999,322647.78239,4163,647.291,103649.18334,0
1784314800000000,159.24,159.72,152.82,154.35,3954.323,1784318399999999,613025.57634,4012,1951.445,302835.60767,0
1784318400000000,154.28,154.28,152.55,153.99,1010.449,1784321999999999,154751.9969,906,884.273,135427.59959,0
1784322000000000,154.05,154.63,153.45,153.67,81.256,1784325599999999,12536.05427,223,56.002,8641.44711,0
1784325600000000,153.6,154.11,152.96,153.47,1045.8,1784329199999999,160559.52609,878,534.586,82131.6749,0
1784329200000000,153.44,153.89,153.32,153.79,275.038,1784332799999999,42249.45603,648,165.325,25397.74395,0
1784332800000000,153.7,154.52,153.06,154.46,418.744,1784336399999999,64500.11846,875,283.055,43607.50976,0
1784336400000000,154.44,154.8,153.97,154.42,504.997,1784339999999999,78001.99174,1065,343.408,53043.16837,0
1784340000000000,154.39,154.58,154.08,154.25,484.407,1784343599999999,74737.29478,775,135.724,20949.51329,0
1784343600000000,154.23,154.55,154.06,154.42,140.748,1784347199999999,21714.16639,758,69.122,10666.35266,0
1784347200000000,154.38,154.9,154.14,154.3,154.865,1784350799999999,23914.94821,817,72.95,11267.53226,0
1784350800000000,154.29,154.5,153.81,153.81,262.571,1784354399999999,40486.10767,989,100.098,15437.52279,0
1784354400000000,153.77,154.0,153.32,153.7,456.579,1784357999999999,70126.09378,834,104.315,16029.93819,0
1784358000000000,153.65,153.87,153.22,153.78,222.42,1784361599999999,34161.16267,569,97.609,14993.06942,0
1784361600000000,153.8,154.09,153.62,153.96,376.935,1784365199999999,57972.91395,1242,250.136,38471.30464,0
1784365200000000,154.01,154.1,153.4,153.51,196.572,1784368799999999,30208.5847,787,90.106,13849.65503,0
1784368800000000,153.54,153.91,153.5,153.6,167.063,1784372399999999,25670.07748,702,86.934,13359.99338,0
1784372400000000,153.75,153.92,153.43,153.83,152.654,1784375999999999,23469.12468,679,80.763,12417.76051,0
1784376000000000,153.82,153.87,152.87,153.1,325.885,1784379599999999,49907.35257,1063,101.634,15572.93016,0
1784379600000000,153.34,153.38,152.75,152.84,507.421,1784383199999999,77667.29873,1612,345.527,52889.68256,0
1784383200000000,152.84,153.42,151.58,151.91,1045.526,1784386799999999,159124.63003,2538,450.614,68625.53805,0
1784386800000000,151.95,152.7,151.82,152.22,1043.802,1784390399999999,159028.86273,911,533.024,81241.2683,0
1784390400000000,152.19,152.3,151.9,152.25,95.538,1784393999999999,14528.51,451,58.81,8944.14257,0
1784394000000000,152.3,152.3,151.79,151.85,239.902,1784397599999999,36462.70932,1023,108.15,16439.67185,0
1784397600000000,151.88,152.5,151.83,152.23,296.866,1784401199999999,45174.31687,684,215.046,32725.27958,0
1784401200000000,152.22,152.77,152.19,152.64,139.071,1784404799999999,21198.78255,415,70.532,10750.76341,0
1784404800000000,152.75,152.86,152.52,152.75,34.666,1784408399999999,5291.84829,156,19.155,2924.03903,0
1784408400000000,152.81,153.0,152.56,152.99,44.757,1784411999999999,6837.09188,94,20.435,3121.66158,0
1784412000000000,152.93,152.93,152.11,152.49,150.974,1784415599999999,23024.67853,374,60.81,9276.54914,0
1784415600000000,152.36,152.88,152.36,152.56,72.577,1784419199999999,11076.9536,275,31.928,4872.38173,0
1784419200000000,152.67,153.26,152.6,153.08,182.465,1784422799999999,27936.42429,490,117.42,17981.0183,0
1784422800000000,153.02,153.27,152.88,153.26,79.657,1784426399999999,12194.16535,301,49.219,7535.83407,0
1784426400000000,153.29,153.54,152.98,153.37,138.963,1784429999999999,21313.89353,310,86.341,13243.00117,0
1784430000000000,153.44,153.77,153.27,153.77,189.068,1784433599999999,29036.35395,458,87.632,13451.66764,0
1784433600000000,153.82,155.57,153.82,155.01,1387.728,1784437199999999,214788.3124,6185,1036.181,160340.31611,0
1784437200000000,155.1,155.27,154.21,154.8,298.757,1784440799999999,46206.8447,1357,101.869,15759.23715,0
1784440800000000,154.73,155.29,154.63,155.2,179.989,1784444399999999,27899.9175,558,39.664,6147.69015,0
1784444400000000,155.2,155.57,154.79,155.3,328.843,1784447999999999,51043.28806,876,210.011,32597.2913,0
1784448000000000,155.33,157.38,155.29,157.31,626.378,1784451599999999,97812.01176,1302,302.624,47297.03554,0
1784451600000000,157.28,157.35,155.51,155.79,971.249,1784455199999999,151554.20916,5136,245.116,38277.49043,0
1784455200000000,155.78,155.78,154.58,154.85,1055.411,1784458799999999,163632.79153,1256,45.896,7115.265,0
1784458800000000,154.96,155.09,153.84,154.05,168.841,1784462399999999,26102.81133,377,74.332,11500.62122,0
1784462400000000,154.08,154.63,153.77,154.48,868.432,1784465999999999,134091.38101,956,632.392,97662.62793,0
1784466000000000,154.48,155.44,154.32,155.05,824.966,1784469599999999,127766.95789,4275,701.011,108566.86098,0
1784469600000000,155.02,155.04,153.8,154.02,654.672,1784473199999999,101008.44081,4048,147.816,22824.21442,0
1784473200000000,154.0,154.4,154.0,154.24,241.138,1784476799999999,37189.00793,664,144.373,22266.53664,0
1784476800000000,154.21,154.47,152.57,153.18,1370.432,1784480399999999,210200.28689,1667,406.57,62355.01212,0
1784480400000000,153.21,153.92,152.78,153.68,1035.387,1784483999999999,159034.2857,1654,850.796,130696.52167,0
1784484000000000,153.66,153.73,152.81,153.57,301.348,1784487599999999,46188.91538,1926,127.738,19590.03582,0
1784487600000000,153.65,154.92,153.56,154.32,526.688,1784491199999999,81296.64188,3631,468.486,72318.81917,0
1784491200000000,154.33,155.14,154.18,155.14,127.404,1784494799999999,19714.76485,742,104.027,16098.76013,0
1784494800000000,155.14,155.3,154.81,155.02,177.998,1784498399999999,27606.53061,998,47.244,7326.92443,0
1784498400000000,155.03,158.54,154.6,157.81,704.815,1784501999999999,110383.9102,2916,521.853,81801.84522,0
1784502000000000,157.86,157.86,153.43,153.65,1555.488,1784505599999999,241104.05317,5032,375.439,58307.09267,0
1784505600000000,153.57,163.6,153.43,157.14,7282.552,1784509199999999,1151099.51218,9441,4489.747,706084.50501,0
1784509200000000,157.33,159.26,153.5,154.95,4609.693,1784512799999999,720166.93928,12625,3379.662,528128.30628,0
1784512800000000,154.63,157.65,154.49,156.27,871.994,1784516399999999,136021.79909,1652,482.271,75294.44969,0
1784516400000000,156.39,158.99,155.38,157.41,903.324,1784519999999999,142014.50964,1214,246.038,38545.02429,0
1784520000000000,157.31,159.17,156.18,158.06,1408.878,1784523599999999,221193.51245,2872,975.955,152990.39176,0
1784523600000000,158.06,158.32,156.34,156.78,1189.928,1784527199999999,187566.01372,1217,604.022,95349.97001,0
1784527200000000,156.73,158.15,156.06,156.31,1328.02,1784530799999999,208126.72063,4110,620.318,97020.11931,0
1784530800000000,156.74,158.35,156.0,158.35,258.275,1784534399999999,40589.20736,1042,145.522,22890.84335,0
1784534400000000,158.33,160.94,158.08,159.16,1254.669,1784537999999999,199918.63129,2804,494.071,78781.16525,0
1784538000000000,159.21,162.27,159.03,161.29,1169.295,1784541599999999,187986.39963,2839,706.06,113581.6455,0
1784541600000000,160.79,163.58,160.48,161.73,1786.786,1784545199999999,290030.2733,2577,1466.406,238159.93692,0
1784545200000000,161.76,164.0,161.71,163.41,2383.862,1784548799999999,388703.65693,5691,1796.185,292958.79705,0
1784548800000000,163.5,163.5,161.21,162.65,874.549,1784552399999999,141717.59615,1194,441.966,71607.10713,0
1784552400000000,162.66,164.0,157.1,158.71,3151.209,1784555999999999,508661.46805,4120,1779.998,286987.86946,0
1784556000000000,158.71,160.07,154.09,154.4,3472.677,1784559599999999,544937.62347,3129,1669.631,263069.77428,0
1784559600000000,154.37,158.75,154.1,158.31,923.176,1784563199999999,145057.34269,1874,447.279,70314.77932,0
1784563200000000,158.26,159.25,156.45,157.2,777.664,1784566799999999,122575.89688,1777,450.356,70925.95418,0
1784566800000000,157.26,157.71,156.05,156.8,1284.904,1784570399999999,201703.6995,5639,662.027,103968.67572,0
1784570400000000,157.0,157.21,154.27,154.41,665.788,1784573999999999,103537.3316,1468,140.12,21893.7756,0
1784574000000000,154.4,154.4,150.01,151.52,1361.933,1784577599999999,207176.03854,3261,286.428,43676.16293,0
1784577600000000,151.56,152.64,151.25,152.09,255.916,1784581199999999,38859.31316,800,129.924,19732.82194,0
1784581200000000,152.09,152.93,151.86,152.83,107.012,1784584799999999,16302.95945,383,53.61,8168.79635,0
1784584800000000,152.78,153.39,152.24,153.39,137.414,1784588399999999,20983.5543,563,49.214,7519.19099,0
1784588400000000,153.35,154.93,153.01,153.75,492.964,1784591999999999,75981.40144,779,285.094,43977.08284,0
1784592000000000,153.69,156.36,151.09,154.51,2325.319,1784595599999999,358567.60432,3620,1889.768,291260.33563,0
1784595600000000,154.35,157.14,154.15,155.26,1169.692,1784599199999999,182105.27833,1032,757.162,118141.53515,0
1784599200000000,155.42,156.29,154.13,156.12,400.159,1784602799999999,62268.14556,746,246.426,38352.76635,0
1784602800000000,156.23,160.46,156.14,159.63,949.945,1784606399999999,150824.01269,1074,487.63,77389.81351,0
1784606400000000,159.66,160.38,158.29,158.56,697.846,1784609999999999,111401.41551,922,471.024,75274.43512,0
1784610000000000,158.59,159.11,157.59,158.75,535.384,1784613599999999,84891.82762,1602,345.348,54773.6475,0
1784613600000000,158.7,160.25,158.52,160.21,2076.406,1784617199999999,331167.92728,3429,1833.539,292503.58201,0
1784617200000000,160.19,160.35,159.5,160.15,416.764,1784620799999999,66663.01065,1331,129.18,20667.57874,0
1784620800000000,160.23,162.87,159.98,161.96,4161.927,1784624399999999,674219.55465,6026,1805.737,292491.15371,0
1784624400000000,161.99,162.52,161.08,161.11,799.243,1784627999999999,129299.25807,882,226.69,36710.01799,0
1784628000000000,161.17,162.63,161.09,161.88,621.868,1784631599999999,100713.53729,1346,336.413,54477.36696,0
1784631600000000,161.88,161.88,160.01,160.39,1067.084,1784635199999999,171732.27649,640,708.141,114098.21335,0
1784635200000000,160.43,161.12,159.34,160.8,997.892,1784638799999999,159879.14986,700,511.359,82017.25482,0
1784638800000000,160.77,166.12,160.08,163.9,3976.333,1784642399999999,648612.31572,3431,2674.999,435567.86908,0
1784642400000000,163.98,166.63,161.8,166.54,4839.087,1784645999999999,795971.74495,3383,3016.686,497258.89809,0
1784646000000000,166.65,168.63,164.52,164.78,1879.898,1784649599999999,312886.43494,1510,366.47,61198.63689,0
1784649600000000,164.78,168.3,164.7,167.79,539.151,1784653199999999,89964.19402,785,284.772,47529.16532,0
1784653200000000,167.8,171.35,167.41,171.24,859.984,1784656799999999,145724.03081,1060,404.206,68375.6381,0
1784656800000000,171.25,172.8,169.62,170.44,490.404,1784660399999999,83958.87297,655,79.371,13581.60241,0
1784660400000000,170.18,172.19,169.3,171.76,340.083,1784663999999999,58001.31677,455,60.09,10249.38005,0
1784664000000000,171.78,173.26,171.08,173.26,652.517,1784667599999999,112193.28077,420,182.101,31249.29975,0
1784667600000000,173.29,174.71,172.97,172.97,786.764,1784671199999999,136739.83468,622,159.046,27606.37055,0
1784671200000000,172.9,173.49,172.19,172.97,641.515,1784674799999999,111009.29806,497,163.39,28216.82293,0
1784674800000000,172.97,173.15,172.0,173.06,2232.288,1784678399999999,385130.50854,3120,438.486,75649.85516,0
1784678400000000,172.88,175.78,171.37,173.52,3456.964,1784681999999999,601761.43736,3122,278.022,48417.11037,0
1784682000000000,173.71,174.33,172.04,172.53,597.713,1784685599999999,103510.65691,744,242.492,41967.49365,0
1784685600000000,172.52,172.65,169.16,169.45,2772.559,1784689199999999,473705.22622,1301,1238.005,211580.4268,0
1784689200000000,169.52,169.76,167.23,168.89,1484.255,1784692799999999,250930.07904,959,502.593,84616.41898,0
1784692800000000,169.02,169.96,167.45,167.9,314.678,1784696399999999,53062.07163,520,124.81,21023.20976,0
1784696400000000,168.07,168.07,162.81,163.91,9555.243,1784699999999999,1572429.95767,5952,7897.316,1299553.07588,0
1784700000000000,164.0,164.0,161.34,163.65,2304.361,1784703599999999,374749.27122,1553,1202.438,195475.18177,0
1784703600000000,163.72,163.72,162.0,162.6,476.525,1784707199999999,77615.44433,534,189.734,30915.51187,0
1784707200000000,162.76,163.08,161.38,161.7,1392.77,1784710799999999,225459.11079,712,1027.282,166252.40264,0
1784710800000000,161.66,162.93,161.22,162.34,196.793,1784714399999999,31882.77832,365,67.788,10987.42375,0
1784714400000000,162.33,162.69,161.71,162.14,360.494,1784717999999999,58520.11047,535,84.256,13672.86545,0
1784718000000000,162.09,162.69,160.13,160.85,1311.858,1784721599999999,211738.82437,3034,601.275,97092.91836,0
1784721600000000,160.9,161.24,158.9,160.29,991.712,1784725199999999,158586.18079,1752,173.521,27778.4312,0
1784725200000000,160.17,168.67,160.01,168.61,2721.774,1784728799999999,447122.52114,1965,1073.505,175348.74249,0
1784728800000000,168.6,168.91,165.28,166.79,3976.869,1784732399999999,664851.9899,4011,862.076,144044.23732,0
1784732400000000,166.92,169.27,166.9,168.74,1226.415,1784735999999999,206441.94451,1169,430.177,72549.21505,0
1784736000000000,168.77,169.78,166.99,167.83,1206.766,1784739599999999,202400.37861,1473,851.369,142641.50028,0
1784739600000000,167.84,168.78,166.0,166.0,221.993,1784743199999999,37095.28251,454,89.757,14981.77656,0
1784743200000000,166.27,166.93,165.41,166.63,202.621,1784746799999999,33680.15262,305,124.979,20783.50887,0
1784746800000000,166.59,167.03,164.86,165.08,765.607,1784750399999999,127123.66534,1455,631.877,104953.03919,0
1784750400000000,165.13,169.83,164.5,168.12,2730.61,1784753999999999,457842.48323,1763,554.521,92818.50046,0
1784754000000000,168.15,172.71,168.15,170.06,3706.196,1784757599999999,635275.89485,2077,816.368,139537.47181,0
1784757600000000,170.04,170.68,167.09,168.08,1132.384,1784761199999999,190915.94382,1140,249.377,42008.66792,0
1784761200000000,168.01,169.98,167.18,169.46,464.717,1784764799999999,78347.72434,1374,179.214,30329.17233,0
1784764800000000,169.68,172.64,169.57,171.79,3622.823,1784768399999999,619517.77875,5631,262.911,44903.77892,0
1784768400000000,171.84,173.39,167.42,167.42,1334.518,1784771999999999,227565.06476,3193,568.024,96435.37015,0
1784772000000000,167.64,168.63,165.74,167.85,860.69,1784775599999999,143919.62631,1104,274.497,45842.10432,0
1784775600000000,167.64,170.22,166.65,169.16,566.264,1784779199999999,95617.2942,576,339.752,57647.66326,0
1784779200000000,169.22,170.75,168.5,170.42,220.789,1784782799999999,37469.22321,426,162.885,27646.04427,0
1784782800000000,170.09,171.67,168.72,169.65,370.913,1784786399999999,63075.43272,845,245.599,41782.99698,0
1784786400000000,169.61,171.1,169.19,170.56,172.31,1784789999999999,29310.58145,233,93.077,15832.89118,0
1784790000000000,170.56,173.0,169.27,172.95,556.888,1784793599999999,95747.71166,541,401.697,69145.38927,0
1784793600000000,172.64,177.44,172.29,176.72,1216.121,1784797199999999,212298.30636,1139,728.705,127372.62079,0
1784797200000000,176.85,177.33,175.81,176.2,501.288,1784800799999999,88455.49122,520,178.568,31516.95754,0
1784800800000000,176.24,177.43,175.93,176.71,268.847,1784804399999999,47532.24453,292,112.677,19925.21356,0
1784804400000000,176.7,176.7,172.38,173.56,572.175,1784807999999999,99955.95615,580,195.741,34088.06794,0
1784808000000000,173.49,173.49,169.26,170.43,820.851,1784811599999999,140140.65867,898,564.128,96261.41569,0
1784811600000000,170.69,177.88,168.35,173.29,1673.741,1784815199999999,291411.69282,2369,731.343,127650.39679,0
1784815200000000,173.16,176.69,171.86,172.97,1175.606,1784818799999999,205274.81416,1560,641.188,111919.79709,0
1784818800000000,172.64,172.64,167.79,172.51,827.269,1784822399999999,141153.22554,1582,437.134,74723.42823,0
1784822400000000,172.64,175.04,171.93,173.27,894.046,1784825999999999,154841.3785,1882,543.367,94223.11734,0
1784826000000000,173.1,174.46,172.47,173.01,982.219,1784829599999999,170521.37636,1417,619.387,107645.67463,0
1784829600000000,172.8,173.26,169.04,169.27,271.67,1784833199999999,46732.14902,1308,141.14,24286.38483,0
1784833200000000,169.0,170.23,167.19,169.47,323.81,1784836799999999,54565.95506,1171,110.145,18573.73649,0
1784836800000000,169.4,172.43,169.4,170.95,256.002,1784840399999999,43910.48572,551,48.637,8341.07114,0
1784840400000000,171.34,171.96,169.97,170.4,151.46,1784843999999999,25845.6607,228,63.734,10856.56712,0
1784844000000000,170.38,170.67,168.21,170.66,191.851,1784847599999999,32466.32976,351,54.867,9315.0784,0
1784847600000000,170.67,171.32,169.0,169.96,583.356,1784851199999999,99304.67558,506,481.897,82018.10342,0
1784851200000000,170.04,170.42,165.24,167.7,1016.943,1784854799999999,169893.39136,1475,498.079,83122.3009,0
1784854800000000,167.74,169.57,166.65,166.67,221.361,1784858399999999,37248.71524,506,108.347,18244.88067,0
1784858400000000,166.63,166.8,162.84,163.47,653.148,1784861999999999,107499.02041,695,257.979,42388.04107,0
1784862000000000,163.42,164.76,162.14,162.19,260.397,1784865599999999,42628.49447,691,146.872,24036.69313,0
1784865600000000,162.65,165.0,161.87,164.47,449.315,1784869199999999,73642.83046,1086,164.721,26971.55913,0
1784869200000000,164.59,166.52,164.15,164.93,420.307,1784872799999999,69663.88857,1083,122.263,20237.53208,0
1784872800000000,164.77,164.8,163.18,164.16,251.927,1784876399999999,41297.01428,786,84.485,13855.49125,0
1784876400000000,164.3,166.18,164.29,165.49,288.158,1784879999999999,47721.92497,688,151.698,25117.07658,0
1784880000000000,165.43,165.86,164.03,165.3,487.836,1784883599999999,80444.7954,1048,237.621,39188.08477,0
1784883600000000,165.3,167.19,165.27,167.02,615.85,1784887199999999,102239.14805,3827,218.662,36312.33559,0
1784887200000000,167.04,167.09,164.2,164.76,488.261,1784890799999999,80883.90663,2548,198.065,32771.81966,0
1784890800000000,164.75,165.93,164.34,165.75,402.123,1784894399999999,66407.53235,1715,251.802,41596.31005,0
1784894400000000,165.59,166.8,164.21,164.52,502.132,1784897999999999,82977.09031,2242,219.948,36363.15975,0
1784898000000000,164.49,165.08,156.99,157.88,3561.801,1784901599999999,572292.50603,7253,1292.381,206423.98206,0
1784901600000000,157.73,160.32,156.58,159.46,2709.963,1784905199999999,429664.0978,2875,1444.233,229290.74771,0
1784905200000000,159.36,159.9,157.83,158.99,732.63,1784908799999999,116439.47023,1644,431.804,68693.26344,0
1784908800000000,158.88,159.76,157.0,157.52,903.302,1784912399999999,142822.09538,2117,450.562,71397.99502,0
1784912400000000,157.51,157.64,155.23,156.23,1026.232,1784915999999999,160411.67786,2140,191.695,29998.8754,0
1784916000000000,156.2,156.43,153.6,154.51,605.04,1784919599999999,93594.73055,2176,317.686,49187.13638,0
1784919600000000,154.53,155.31,153.24,154.68,142.47,1784923199999999,21996.70457,843,68.619,10591.64974,0
1784923200000000,154.84,155.7,154.82,155.53,417.293,1784926799999999,64796.43112,3027,91.142,14155.75616,0
1784926800000000,155.53,155.6,154.76,155.05,1828.676,1784930399999999,283786.91364,2105,58.128,9020.92352,0
1784930400000000,155.09,155.7,155.08,155.54,321.6,1784933999999999,49966.68778,498,111.062,17256.77338,0
1784934000000000,155.54,155.81,153.12,154.57,1074.046,1784937599999999,166130.43215,937,254.634,39288.18259,0
1784937600000000,154.57,155.31,154.22,155.31,410.399,1784941199999999,63578.40975,485,314.877,48798.04535,0
1784941200000000,155.37,155.49,154.96,155.25,226.317,1784944799999999,35122.88467,261,147.889,22953.65431,0
1784944800000000,155.21,157.59,155.04,156.48,136.895,1784948399999999,21338.06598,394,60.168,9385.62323,0
1784948400000000,156.47,157.24,156.31,156.82,195.368,1784951999999999,30639.66642,603,108.8,17074.99497,0
1784952000000000,156.94,157.84,156.84,157.53,288.122,1784955599999999,45385.76765,634,173.443,27318.21981,0
1784955600000000,157.53,157.64,156.95,157.33,156.849,1784959199999999,24671.44685,604,69.983,11006.58283,0
1784959200000000,157.3,157.89,157.27,157.73,126.501,1784962799999999,19926.019,445,66.347,10452.22582,0
1784962800000000,157.73,157.99,157.43,157.71,181.755,1784966399999999,28658.01163,561,79.985,12614.26615,0
1784966400000000,157.71,157.93,157.55,157.6,259.911,1784969999999999,41000.76465,287,91.847,14492.63171,0
1784970000000000,157.7,157.95,157.29,157.82,220.007,1784973599999999,34679.53619,836,87.687,13824.83898,0
1784973600000000,157.83,158.18,157.78,158.04,183.213,1784977199999999,28952.08592,408,72.237,11417.66099,0
1784977200000000,158.09,158.3,157.99,158.19,197.771,1784980799999999,31278.77595,334,128.819,20375.73129,0
1784980800000000,158.28,159.91,157.79,158.54,859.502,1784984399999999,136858.83508,621,733.435,116860.30444,0
1784984400000000,158.59,158.86,158.37,158.52,1179.55,1784987999999999,187131.40246,682,36.952,5862.24249,0
1784988000000000,158.5,158.51,157.85,158.39,212.724,1784991599999999,33657.13367,558,128.105,20263.65767,0
1784991600000000,158.34,158.66,158.11,158.14,195.972,1784995199999999,31012.61372,473,126.981,20097.15877,0
1784995200000000,158.16,159.25,158.14,159.06,530.696,1784998799999999,84070.30312,745,415.108,65719.93333,0
1784998800000000,159.02,159.56,158.96,159.38,141.155,1785002399999999,22490.51831,302,81.706,13019.39099,0
1785002400000000,159.4,159.6,159.28,159.32,40.519,1785005999999999,6459.07644,146,17.2,2742.69227,0
1785006000000000,159.34,159.74,159.22,159.68,49.6,1785009599999999,7911.15302,89,32.473,5180.09294,0
1785009600000000,159.69,159.96,159.61,159.7,36.945,1785013199999999,5901.05623,157,18.117,2894.32258,0
1785013200000000,159.71,160.46,159.44,159.7,67.134,1785016799999999,10727.8989,146,46.565,7440.97157,0
1785016800000000,159.79,160.39,159.65,160.06,178.229,1785020399999999,28502.94623,206,100.586,16089.13525,0
1785020400000000,160.03,160.45,160.0,160.35,119.254,1785023999999999,19112.49055,131,43.801,7020.17145,0
1785024000000000,160.35,160.49,159.24,159.63,86.872,1785027599999999,13891.97004,332,43.625,6976.47367,0
1785027600000000,159.73,161.0,159.69,160.55,95.598,1785031199999999,15345.99645,158,52.01,8352.56959,0
1785031200000000,160.46,163.0,160.41,161.25,332.137,1785034799999999,53567.79544,293,242.108,39050.82622,0
1785034800000000,161.29,162.35,161.15,161.99,417.007,1785038399999999,67401.07505,303,173.575,28071.61647,0
1785038400000000,162.03,163.0,161.84,162.72,494.584,1785041999999999,80423.53901,600,266.755,43390.72834,0
1785042000000000,162.63,162.63,161.0,161.67,167.506,1785045599999999,27056.316,484,40.704,6573.51991,0
1785045600000000,161.7,162.27,161.66,162.04,180.523,1785049199999999,29210.0878,428,135.078,21852.35651,0
1785049200000000,162.05,162.68,161.11,161.32,438.864,1785052799999999,70967.39923,794,143.819,23273.47595,0
1785052800000000,161.26,161.73,160.62,161.52,145.741,1785056399999999,23479.66128,539,66.223,10675.8174,0
1785056400000000,161.48,161.79,160.79,161.79,71.955,1785059999999999,11610.35584,334,43.331,6992.78253,0
1785060000000000,161.6,162.4,161.6,162.25,35.142,1785063599999999,5699.34329,224,21.007,3406.9662,0
1785063600000000,162.39,162.54,161.94,162.45,43.309,1785067199999999,7029.30382,128,20.088,3261.25229,0
1785067200000000,162.37,162.4,161.52,161.75,166.053,1785070799999999,26881.1951,399,112.955,18286.0322,0
1785070800000000,161.7,162.34,161.63,161.88,289.415,1785074399999999,46837.83071,860,77.92,12618.6553,0
1785074400000000,161.87,162.68,161.66,161.69,451.237,1785077999999999,73119.22139,654,190.637,30922.93693,0
1785078000000000,161.64,162.04,161.58,161.95,76.082,1785081599999999,12311.90298,429,37.554,6078.45973,0
1785081600000000,161.91,162.42,161.64,162.01,50.577,1785085199999999,8194.30826,513,21.411,3469.08251,0
1785085200000000,161.98,162.15,161.91,162.01,37.303,1785088799999999,6043.22856,118,17.546,2842.96751,0
1785088800000000,162.01,162.18,161.77,161.91,76.631,1785092399999999,12415.77538,236,48.641,7883.24496,0
1785092400000000,161.82,161.86,161.59,161.59,6.615,1785095999999999,1069.71584,22,3.5,566.02656,0
1785096000000000,161.64,161.64,161.13,161.26,397.867,1785099599999999,64200.17809,378,16.687,2692.86379,0
1785099600000000,161.29,161.56,161.26,161.47,23.355,1785103199999999,3770.12916,72,15.077,2434.60142,0
1785103200000000,161.92,164.41,161.71,163.64,307.926,1785106799999999,50265.70503,641,102.897,16801.76089,0
1785106800000000,163.88,165.37,163.61,164.61,253.796,1785110399999999,41700.63541,687,130.498,21440.68153,0
1785110400000000,164.5,164.93,160.13,161.38,34204.476,1785113999999999,5535545.03791,17454,31100.213,5033493.83509,0
1785114000000000,161.44,161.63,156.88,159.39,8032.41,1785117599999999,1273212.06984,10063,6355.219,1007392.8485,0
1785117600000000,159.4,160.85,158.54,159.51,1028.467,1785121199999999,164179.79423,1101,770.657,123059.48091,0
1785121200000000,159.5,161.24,159.41,159.92,711.505,1785124799999999,114079.39047,811,392.119,62867.76013,0
1785124800000000,160.0,161.57,159.5,161.21,2912.778,1785128399999999,468368.1928,1997,1591.414,255906.50003,0
1785128400000000,161.06,163.49,160.94,162.08,982.354,1785131999999999,159560.97213,1750,740.287,120292.31358,0
1785132000000000,162.09,164.29,162.09,164.28,855.214,1785135599999999,139920.27144,827,409.946,67094.86682,0
1785135600000000,164.19,164.71,163.31,163.99,1256.415,1785139199999999,206342.76175,767,611.477,100516.25938,0
1785139200000000,163.97,164.43,162.62,163.3,644.111,1785142799999999,105401.24571,1117,328.573,53834.88467,0
1785142800000000,163.25,164.44,162.89,164.02,793.439,1785146399999999,130125.35299,1320,435.386,71400.10926,0
1785146400000000,164.02,164.07,163.05,163.48,385.719,1785149999999999,63153.01303,429,288.729,47292.50455,0
1785150000000000,163.21,163.21,160.86,161.66,728.406,1785153599999999,117963.80072,632,275.374,44552.82277,0
1785153600000000,161.86,162.26,160.23,162.11,531.411,1785157199999999,85927.0843,535,410.421,66379.98429,0
1785157200000000,162.24,162.24,150.0,150.12,5961.569,1785160799999999,927427.67122,3269,2233.962,348357.52747,0
1785160800000000,150.13,150.33,139.6,145.75,22466.022,1785164399999999,3232429.38444,9427,12233.143,1757440.51356,0
1785164400000000,145.42,146.35,140.69,141.92,5295.972,1785167999999999,758023.5973,2693,1554.585,222279.45722,0
1785168000000000,142.01,142.79,139.3,140.3,2977.055,1785171599999999,420111.87166,1949,1388.357,196171.07606,0
1785171600000000,140.25,142.89,139.42,142.88,1355.202,1785175199999999,190317.06952,793,763.141,107228.5441,0
1785175200000000,142.9,144.35,141.7,144.35,642.988,1785178799999999,91774.37638,589,193.306,27613.54064,0
1785178800000000,144.19,146.35,142.8,143.44,1056.124,1785182399999999,153163.46155,937,540.129,78590.19125,0
1785182400000000,143.4,144.67,143.09,143.83,379.045,1785185999999999,54457.60078,204,139.112,20005.94188,0
1785186000000000,143.84,144.05,142.79,142.79,201.807,1785189599999999,28967.43063,263,82.632,11851.66122,0
1785189600000000,142.79,142.81,141.28,141.47,430.471,1785193199999999,61116.31421,792,135.228,19171.1866,0
1785193200000000,141.27,142.56,139.6,142.34,1428.885,1785196799999999,201623.48492,814,707.059,99933.46051,0
1785196800000000,142.44,143.52,139.1,140.12,2378.673,1785200399999999,335922.2863,1299,1353.313,191534.08416,0
1785200400000000,140.05,140.9,138.26,138.75,2128.085,1785203999999999,296938.32602,1041,834.617,116669.00042,0
1785204000000000,138.67,140.35,137.72,138.24,1267.624,1785207599999999,175640.53047,762,694.622,96271.76978,0
1785207600000000,138.35,139.8,136.34,139.15,4360.024,1785211199999999,602257.31551,4439,2308.976,319475.90908,0
1785211200000000,139.13,139.25,136.69,138.19,5461.417,1785214799999999,753286.68764,8332,4930.241,679955.94417,0
1785214800000000,138.23,139.37,137.05,137.29,6065.466,1785218399999999,836296.2147,9941,4756.239,655712.55411,0
1785218400000000,137.35,138.11,136.61,137.94,8113.32,1785221999999999,1114681.31341,13913,7410.143,1018040.99155,0
1785222000000000,138.0,138.44,137.1,137.3,3575.363,1785225599999999,492961.42438,6316,2955.896,407606.47154,0
1785225600000000,137.3,139.12,135.47,138.41,12374.373,1785229199999999,1703483.82997,4847,11187.533,1540183.50738,0
1785229200000000,138.4,139.14,136.44,136.8,2902.925,1785232799999999,400611.13818,3920,2168.926,299271.94361,0
1785232800000000,136.65,137.28,135.32,136.42,2191.424,1785236399999999,299151.22958,1123,1515.959,207241.41412,0
1785236400000000,136.43,137.46,133.8,137.05,4109.233,1785239999999999,557207.63396,3352,2340.772,317829.09345,0
1785240000000000,137.1,137.84,135.9,136.84,3657.738,1785243599999999,501220.51861,9858,2820.816,386660.48806,0
1785243600000000,136.88,137.62,129.09,129.45,13719.227,1785247199999999,1817679.8945,10097,9560.555,1264662.17826,0
1785247200000000,129.34,134.79,128.69,131.7,23927.249,1785250799999999,3127472.46314,21261,20518.35,2680897.90479,0
1785250800000000,131.75,134.31,129.27,133.32,13175.815,1785254399999999,1743366.23808,13378,9912.234,1312368.62895,0
1785254400000000,133.5,134.37,131.36,133.58,3208.114,1785257999999999,426340.51269,1962,1138.409,151328.74595,0
1785258000000000,133.51,134.05,131.11,131.85,2612.061,1785261599999999,345900.34291,1681,1625.958,215364.34516,0
1785261600000000,131.85,132.1,129.7,131.01,2899.572,1785265199999999,379218.72117,1604,1237.803,162130.31521,0
1785265200000000,131.17,133.67,129.61,130.39,2041.189,1785268799999999,269237.52495,1277,1480.785,195329.50391,0
1785268800000000,130.37,135.38,129.99,134.25,6227.977,1785272399999999,824446.44498,4489,5519.426,730105.25909,0
1785272400000000,134.36,135.87,133.97,135.52,913.289,1785275999999999,123065.97152,1106,579.681,78081.90422,0
1785276000000000,135.45,136.2,118.1,119.77,31229.703,1785279599999999,3906223.36437,17427,21202.511,2652868.99511,0
1785279600000000,119.83,133.46,119.83,132.5,49895.325,1785283199999999,6305195.89111,13943,25113.037,3157816.13872,0
1785283200000000,132.62,138.6,129.63,132.05,30576.04,1785286799999999,4088224.8656,10320,16772.636,2235776.30143,0
1785286800000000,132.08,132.95,122.52,122.91,19283.832,1785290399999999,2435452.45183,8429,13366.86,1682970.52359,0
1785290400000000,122.88,125.61,120.54,121.74,22785.96,1785293999999999,2793083.62695,10422,15730.401,1924972.47875,0
1785294000000000,121.74,124.37,118.56,118.84,47937.916,1785297599999999,5827784.70297,15574,39726.662,4829046.47707,0
1785297600000000,118.85,120.46,113.91,120.08,72489.275,1785301199999999,8474167.33949,29199,46769.381,5463256.80244,0
1785301200000000,120.28,126.38,119.44,124.76,34882.274,1785304799999999,4287151.79532,9883,19344.363,2372654.16121,0
1785304800000000,124.58,128.24,122.24,127.1,37227.674,1785308399999999,4665102.84908,9973,13688.894,1703227.6625,0
1785308400000000,127.1,128.46,126.31,127.96,21190.2,1785311999999999,2701175.07972,6355,2340.223,298496.66659,0
1785312000000000,128.08,128.2,125.06,127.28,7378.818,1785315599999999,935417.71753,2371,4695.552,595408.92476,0
1785315600000000,127.29,132.02,127.29,131.05,20501.814,1785319199999999,2677140.11143,5948,5239.643,684864.34512,0
1785319200000000,131.11,132.09,126.73,127.16,8303.514,1785322799999999,1075326.01879,3914,2506.749,326590.46025,0
1785322800000000,127.19,129.42,127.0,129.41,6741.273,1785326399999999,865749.44185,2807,2736.183,351562.73201,0
1785326400000000,129.35,129.72,126.72,128.65,4424.888,1785329999999999,567731.96467,1676,2168.061,278530.84993,0
1785330000000000,128.61,133.6,127.1,131.85,18758.111,1785333599999999,2449795.49063,8431,6055.233,789814.82107,0
1785333600000000,131.82,136.17,128.22,129.7,21832.124,1785337199999999,2890962.33998,14325,4566.348,601429.24344,0
1785337200000000,129.67,131.31,126.7,128.29,3711.221,1785340799999999,476921.39714,2374,2124.8,273106.94836,0
1785340800000000,128.4,128.93,125.05,127.5,4643.634,1785344399999999,589101.85507,1724,2930.9,371858.59784,0
1785344400000000,127.59,129.13,126.89,128.75,3984.734,1785347999999999,510108.60916,1560,2690.69,344793.98895,0
1785348000000000,128.83,135.3,127.38,135.3,5466.863,1785351599999999,714456.71281,2449,3770.602,493282.29287,0
1785351600000000,135.38,137.13,126.0,126.92,11530.915,1785355199999999,1505435.56233,4202,6388.676,836663.7841,0
1785355200000000,126.96,126.96,123.26,124.25,8588.374,1785358799999999,1075929.76028,6120,2677.764,335668.37214,0
1785358800000000,124.29,124.51,121.68,123.59,8064.528,1785362399999999,990664.60583,13450,2419.306,297225.51491,0
1785362400000000,123.72,127.98,123.72,126.49,5224.625,1785365999999999,659904.24797,2457,2877.375,363487.88877,0
1785366000000000,126.49,127.17,124.76,125.9,9034.666,1785369599999999,1137981.26773,3974,6159.643,775949.96683,0
1785369600000000,125.98,127.59,122.4,125.2,17101.56,1785373199999999,2134950.02905,9321,9789.829,1221760.86122,0
1785373200000000,125.2,131.93,125.2,130.06,20000.23,1785376799999999,2579147.4508,12221,12166.849,1564615.99218,0
1785376800000000,130.11,130.9,125.75,125.89,8945.895,1785380399999999,1144218.75269,6960,3946.415,504805.31421,0
1785380400000000,125.96,126.4,122.91,125.45,27259.227,1785383999999999,3402847.18107,15168,18714.053,2335383.45569,0
1785384000000000,125.42,125.69,122.78,123.34,27278.053,1785387599999999,3390363.88317,16163,19014.672,2363694.65101,0
1785387600000000,123.33,125.77,123.16,125.23,26172.448,1785391199999999,3254326.44582,12591,20242.185,2518417.10517,0
1785391200000000,125.29,125.68,123.08,123.21,11478.288,1785394799999999,1429126.39042,9503,8804.248,1096929.90552,0
1785394800000000,123.17,124.33,121.94,122.25,6286.603,1785398399999999,772771.09524,5571,4165.161,512481.34919,0
1785398400000000,122.26,123.61,120.55,122.18,29429.654,1785401999999999,3593494.43216,9780,21996.509,2687267.64075,0
1785402000000000,122.18,124.18,122.1,123.66,9056.873,1785405599999999,1118333.19506,5389,5829.107,719642.17723,0
1785405600000000,123.65,128.27,123.41,127.22,10776.496,1785409199999999,1359445.8298,4820,6147.456,774004.6422,0
1785409200000000,127.11,131.42,127.11,130.68,10426.331,1785412799999999,1355508.29913,4352,6755.644,878757.86695,0
1785412800000000,130.72,134.77,130.55,134.49,10070.592,1785416399999999,1336821.23299,3659,4048.307,535572.70272,0
1785416400000000,134.59,142.28,133.62,142.12,76058.1,1785419999999999,10561547.62447,31774,16870.343,2344789.03059,0
1785420000000000,142.18,149.08,139.99,144.09,101266.067,1785423599999999,14649287.66861,104003,15823.039,2292345.22594,0
1785423600000000,144.19,147.47,143.28,146.77,10867.293,1785427199999999,1575939.5367,5224,5948.829,862247.91618,0
1785427200000000,146.8,148.18,145.63,147.28,6271.186,1785430799999999,921641.52945,6105,1213.471,178148.24919,0
1785430800000000,147.33,149.52,147.33,148.1,2285.95,1785434399999999,339064.59015,1422,799.843,118787.799,0
1785434400000000,148.03,148.86,147.43,148.64,2370.063,1785437999999999,351530.92762,3508,660.742,97975.59212,0
1785438000000000,148.7,150.3,147.86,148.88,5358.723,1785441599999999,798890.43599,2168,2473.48,369347.09097,0
1785441600000000,148.77,151.93,148.4,150.11,12427.245,1785445199999999,1872753.25828,4380,3015.04,455328.8344,0
1785445200000000,150.15,154.46,149.25,151.56,8054.123,1785448799999999,1222562.83883,3670,2425.017,369419.69827,0
1785448800000000,151.52,155.18,151.0,153.54,5177.88,1785452399999999,797077.47397,1738,1948.544,299770.28512,0
1785452400000000,153.46,154.84,150.46,153.82,12084.724,1785455999999999,1841212.83909,5439,4841.319,737577.04928,0
1785456000000000,153.84,161.08,152.7,161.02,25630.27,1785459599999999,4043283.65507,17124,10739.992,1695993.8512,0
1785459600000000,161.03,161.85,154.43,155.8,11764.881,1785463199999999,1863874.92285,7794,6674.558,1056025.77674,0
1785463200000000,156.0,156.97,152.65,155.49,4233.05,1785466799999999,655286.37091,2769,2994.415,463202.97576,0
1785466800000000,155.26,156.5,154.17,156.12,3682.381,1785470399999999,573104.0205,2046,1139.583,177362.92753,0
1785470400000000,155.94,158.8,155.44,158.66,3129.497,1785473999999999,492766.00254,1794,1217.857,191748.42836,0
1785474000000000,158.61,161.81,158.12,160.69,10289.301,1785477599999999,1641665.17523,6174,4217.253,671392.77316,0
1785477600000000,160.66,162.1,154.65,157.56,12245.658,1785481199999999,1934294.98224,10682,8390.426,1323092.85057,0
1785481200000000,157.39,159.62,156.43,158.53,3305.419,1785484799999999,522616.54618,1874,506.057,80118.44186,0
1785484800000000,158.54,159.86,156.74,159.85,3154.61,1785488399999999,499682.13079,1701,1524.873,241548.03177,0
1785488400000000,159.85,160.99,157.35,157.5,2466.029,1785491999999999,392298.51081,1472,991.872,158298.66447,0
1785492000000000,157.32,160.13,157.12,158.63,2771.704,1785495599999999,440791.92331,1821,1398.614,222840.30382,0
1785495600000000,158.66,160.03,158.41,159.58,1682.927,1785499199999999,267795.19051,1664,914.601,145543.57938,0
1785499200000000,159.56,159.63,155.95,156.56,2422.145,1785502799999999,381348.86858,6151,956.578,150713.02056,0
1785502800000000,156.69,162.83,149.6,150.66,20853.395,1785506399999999,3225687.16321,15123,10555.96,1618943.9003,0
1785506400000000,150.78,151.36,144.88,147.79,29018.424,1785509999999999,4277612.99482,21061,20315.842,2991890.04163,0
1785510000000000,147.87,149.35,145.29,146.7,7352.432,1785513599999999,1083064.74892,6293,2680.736,395319.82112,0
1785513600000000,146.76,148.65,144.86,148.23,2615.154,1785517199999999,383633.2905,3237,1288.859,189073.92553,0
1785517200000000,148.23,149.56,147.42,148.18,1659.836,1785520799999999,246670.89178,1834,498.646,74058.25426,0
1785520800000000,148.11,148.23,146.41,147.5,1072.706,1785524399999999,158175.76473,1308,389.126,57343.95422,0
1785524400000000,147.55,147.79,143.65,143.83,1850.588,1785527999999999,269091.07319,3001,694.809,101221.43158,0
1785528000000000,143.95,144.18,142.3,142.4,1053.9,1785531599999999,151027.40482,1332,820.688,117660.39546,0
1785531600000000,142.55,143.5,142.29,142.54,711.988,1785535199999999,101594.70621,995,584.212,83366.9058,0
1785535200000000,142.58,143.22,142.12,142.95,241.294,1785538799999999,34376.26444,302,162.042,23074.99276,0
1785538800000000,142.91,143.22,142.48,142.68,554.786,1785542399999999,79184.02428,575,210.109,30002.58857,0
1785542400000000,142.82,147.32,142.82,144.22,3789.698,1785545999999999,551323.8485,10905,2155.474,313506.88585,0
1785546000000000,144.14,145.05,143.97,144.46,614.838,1785549599999999,88946.72555,1265,387.163,56053.10889,0
1785549600000000,144.51,145.07,144.51,144.68,1125.234,1785553199999999,162989.73226,1152,914.068,132412.21252,0
1785553200000000,144.73,144.83,144.25,144.69,648.645,1785556799999999,93767.68533,749,318.372,46070.17426,0
1785556800000000,144.66,145.03,144.66,144.87,197.517,1785560399999999,28613.50031,114,167.11,24211.83087,0
1785560400000000,144.77,145.27,144.49,144.77,295.464,1785563999999999,42840.70095,287,186.485,27056.56664,0
1785564000000000,144.79,146.23,144.68,145.5,644.917,1785567599999999,93880.09497,1653,370.144,53893.71953,0
1785567600000000,145.61,146.16,145.42,146.15,137.561,1785571199999999,20048.96945,229,60.737,8859.65439,0
1785571200000000,146.2,146.29,145.52,145.54,550.542,1785574799999999,80249.88186,1158,120.784,17613.03656,0
1785574800000000,145.62,145.99,145.51,145.63,213.464,1785578399999999,31111.94538,475,64.067,9334.80909,0
1785578400000000,145.71,146.11,145.58,145.84,558.654,1785581999999999,81515.98468,338,390.245,56949.32046,0
1785582000000000,145.87,146.29,145.74,145.98,374.976,1785585599999999,54757.90144,279,185.889,27153.93149,0
1785585600000000,146.02,146.17,145.48,145.5,403.299,1785589199999999,58763.35998,1213,133.524,19467.09981,0
1785589200000000,145.52,145.59,144.6,144.78,1492.999,1785592799999999,216598.23928,7175,493.05,71539.62534,0
1785592800000000,144.67,145.39,144.48,144.72,321.318,1785596399999999,46540.2153,726,117.257,16972.36483,0
1785596400000000,144.75,145.08,144.52,144.66,224.577,1785599999999999,32511.78618,205,122.611,17752.27087,0
1785600000000000,144.66,144.67,143.73,144.32,723.806,1785603599999999,104479.1382,593,292.267,42156.62274,0
1785603600000000,144.31,144.94,143.72,143.83,275.617,1785607199999999,39792.03077,280,88.854,12828.11293,0
1785607200000000,143.83,144.11,141.36,142.65,2403.838,1785610799999999,343486.769,5819,795.917,113707.92759,0
1785610800000000,142.59,142.79,141.81,142.19,483.02,1785614399999999,68805.04617,409,301.692,42992.28905,0
1785614400000000,142.14,142.8,141.83,142.66,377.659,1785617999999999,53780.43984,324,220.451,31402.29809,0
1785618000000000,142.68,145.24,141.95,145.19,2601.816,1785621599999999,374630.79851,10393,1731.403,249589.40899,0
1785621600000000,145.22,145.35,144.28,144.94,1324.439,1785625199999999,191885.28525,4695,1077.36,156104.27442,0
1785625200000000,144.97,145.39,144.66,145.07,165.484,1785628799999999,23995.0629,236,83.736,12149.39838,0
1785628800000000,145.18,146.12,145.18,145.52,599.465,1785632399999999,87313.73646,475,152.125,22158.77753,0
1785632400000000,145.5,145.63,145.02,145.29,816.877,1785635999999999,118721.60628,858,183.058,26593.43643,0
1785636000000000,145.31,149.78,145.14,148.19,6802.102,1785639599999999,1009731.14826,7449,2025.621,300294.58513,0
1785639600000000,148.34,148.89,147.74,148.24,5624.346,1785643199999999,833313.27287,14176,461.074,68396.97327,0
1785643200000000,148.24,149.36,148.24,148.45,709.198,1785646799999999,105397.78164,920,171.333,25478.0987,0
1785646800000000,148.45,148.58,147.84,148.46,1332.29,1785650399999999,197430.73517,2018,148.307,21977.4354,0
1785650400000000,148.51,148.77,148.22,148.32,457.148,1785653999999999,67860.39368,521,246.874,36642.66911,0
1785654000000000,148.34,149.37,148.18,149.13,381.492,1785657599999999,56827.16912,626,185.387,27622.66324,0
1785657600000000,149.16,149.72,149.07,149.18,914.685,1785661199999999,136622.58292,985,653.243,97576.57184,0
1785661200000000,149.2,149.52,148.62,149.37,201.911,1785664799999999,30100.47697,315,102.493,15286.16537,0
1785664800000000,149.23,149.37,148.51,148.55,178.134,1785668399999999,26546.75523,292,56.349,8399.96795,0
1785668400000000,148.51,148.55,145.62,146.0,2937.6,1785671999999999,431060.1131,1811,1175.925,172411.22458,0
1785672000000000,146.08,147.14,146.07,146.46,1177.679,1785675599999999,172740.70292,940,651.887,95616.67533,0
1785675600000000,146.45,146.76,146.22,146.58,224.134,1785679199999999,32845.52899,291,109.124,15994.23272,0
1785679200000000,146.63,146.9,146.36,146.61,286.988,1785682799999999,42096.74092,253,191.451,28097.77295,0
1785682800000000,146.6,146.85,146.5,146.85,156.952,1785686399999999,23026.84862,169,75.967,11144.02221,0
1785686400000000,146.86,147.83,146.57,147.59,427.921,1785689999999999,63042.35813,1748,311.363,45871.50805,0
1785690000000000,147.58,149.52,147.55,148.35,2219.695,1785693599999999,329874.73878,8154,1275.172,189387.47943,0
1785693600000000,148.38,149.37,148.22,148.62,760.506,1785697199999999,113259.40883,892,529.787,78947.78782,0
1785697200000000,148.68,150.07,148.66,149.69,282.986,1785700799999999,42293.73385,444,150.9,22544.55322,0
1785700800000000,149.61,149.85,148.68,148.84,278.424,1785704399999999,41584.2932,916,115.973,17327.94856,0
1785704400000000,148.86,150.27,148.32,149.37,1153.925,1785707999999999,172217.64067,3281,529.24,79059.09464,0
1785708000000000,149.38,150.21,148.23,149.37,1948.201,1785711599999999,291215.61177,7393,971.862,145402.66761,0
1785711600000000,149.52,152.15,149.03,150.57,4545.377,1785715199999999,685435.54491,8482,2015.366,303985.44437,0
1785715200000000,150.42,150.57,145.38,148.7,29396.368,1785718799999999,4327459.22168,56017,25339.676,3730153.29857,0
1785718800000000,148.72,148.96,144.05,146.75,11244.47,1785722399999999,1644228.67831,19857,8145.366,1191303.10218,0
1785722400000000,146.69,147.69,145.6,146.31,9280.525,1785725999999999,1362308.86938,23058,7518.4,1103684.21036,0
1785726000000000,146.32,146.58,145.12,145.78,4909.06,1785729599999999,716315.53228,8740,3121.392,455610.76942,0
1785729600000000,145.73,146.68,144.85,144.91,2421.495,1785733199999999,353398.01622,3733,1687.209,246359.99034,0
1785733200000000,144.98,146.07,144.63,145.35,1384.009,1785736799999999,201246.43851,1181,820.294,119336.64563,0
1785736800000000,145.19,145.68,144.26,144.46,1320.931,1785740399999999,191342.17455,1134,670.322,97112.2709,0
1785740400000000,144.46,144.7,143.32,143.79,1086.984,1785743999999999,156547.54512,734,332.929,47917.45037,0
1785744000000000,143.71,143.95,140.44,142.89,13835.925,1785747599999999,1962086.04573,10121,7194.147,1021259.71062,0
1785747600000000,142.94,143.94,141.09,141.8,5030.587,1785751199999999,714928.03075,2459,2387.152,339956.30598,0
1785751200000000,141.78,141.78,138.72,140.28,5011.463,1785754799999999,702300.36686,2397,2925.501,409892.78718,0
1785754800000000,140.32,140.34,137.47,137.78,4403.723,1785758399999999,609979.69838,2172,2901.164,401381.71268,0
1785758400000000,137.74,139.7,137.32,138.82,2946.216,1785761999999999,407754.11897,2959,1985.45,274467.64617,0
1785762000000000,138.83,141.52,134.91,138.56,18018.049,1785765599999999,2478182.32049,15942,13100.442,1803171.26483,0
1785765600000000,138.53,141.9,135.57,141.5,7515.621,1785769199999999,1042260.37109,6615,3111.981,431891.00732,0
1785769200000000,141.31,141.31,138.01,139.5,6445.573,1785772799999999,897318.77856,3742,1256.491,174908.30802,0
1785772800000000,139.59,141.41,139.46,140.0,3092.16,1785776399999999,434483.01172,2215,2452.95,344837.15186,0
1785776400000000,140.06,143.6,139.95,143.51,1864.043,1785779999999999,265191.96779,1312,1215.975,173118.78927,0
1785780000000000,143.53,144.33,142.17,142.53,1203.342,1785783599999999,172513.66857,1238,399.236,57237.36454,0
1785783600000000,142.47,143.51,141.3,142.83,1345.586,1785787199999999,191545.08862,1535,732.707,104229.48985,0
1785787200000000,142.72,143.78,142.45,143.78,522.072,1785790799999999,74694.09911,641,276.21,39543.92173,0
1785790800000000,143.82,144.54,143.5,144.0,673.34,1785794399999999,97105.58486,1580,438.447,63239.81405,0
1785794400000000,144.11,145.96,143.97,145.6,1862.1,1785797999999999,269311.3755,3116,1088.451,157117.8215,0
1785798000000000,145.53,147.12,145.5,147.03,2314.39,1785801599999999,338672.01977,2397,1098.961,160897.73504,0
1785801600000000,146.87,147.69,139.57,139.78,10841.413,1785805199999999,1555408.32716,7275,7298.103,1044100.02119,0
1785805200000000,139.84,144.9,139.35,144.66,3380.214,1785808799999999,479877.55564,2593,1735.658,246661.425,0
1785808800000000,144.6,144.6,141.77,141.94,3025.678,1785812399999999,432945.70996,2001,1599.782,229072.97547,0
1785812400000000,141.95,142.37,140.39,141.54,2115.166,1785815999999999,299265.7939,1596,1073.023,151865.18314,0
1785816000000000,141.58,141.58,139.89,140.97,1283.865,1785819599999999,180525.22451,849,621.202,87410.37268,0
1785819600000000,141.11,144.32,140.6,144.2,2274.565,1785823199999999,324515.75928,2001,1374.783,196649.7351,0
1785823200000000,144.25,145.83,143.42,145.76,3791.718,1785826799999999,548911.25723,2535,2391.409,346162.87392,0
1785826800000000,145.85,146.21,144.98,145.74,1498.246,1785830399999999,218257.78824,1305,538.772,78558.22586,0
1785830400000000,145.7,147.92,145.53,146.21,4795.235,1785833999999999,705192.67672,2523,1396.311,205144.94044,0
1785834000000000,146.16,146.25,143.89,145.48,3540.449,1785837599999999,514675.91219,2121,2679.323,389648.53389,0
1785837600000000,145.53,147.83,145.36,146.87,6805.103,1785841199999999,998858.70851,4207,2363.58,347228.23561,0
1785841200000000,146.86,149.98,146.86,149.93,3775.98,1785844799999999,560992.30405,3129,1698.664,252387.10206,0
1785844800000000,149.89,149.96,148.05,149.68,2563.706,1785848399999999,382559.36434,5311,1881.811,280908.80514,0
1785848400000000,149.69,152.6,147.6,148.23,24268.493,1785851999999999,3649961.11067,24535,12971.976,1953540.79215,0
1785852000000000,148.34,149.76,146.93,148.41,12062.953,1785855599999999,1789103.40466,8513,3205.252,475445.60157,0
1785855600000000,148.35,151.37,148.35,150.4,3387.954,1785859199999999,508571.35439,2457,2203.047,330727.28616,0
1785859200000000,150.51,152.15,150.28,151.94,1227.886,1785862799999999,185648.52924,1260,696.232,105292.01155,0
1785862800000000,152.02,154.78,151.38,154.17,2095.738,1785866399999999,320417.07883,3774,1008.599,154448.18643,0
1785866400000000,154.2,155.47,152.98,153.24,6676.158,1785869999999999,1034060.64768,2760,5595.545,867076.02766,0
1785870000000000,153.24,154.78,153.09,154.42,1944.748,1785873599999999,299903.60196,3164,686.332,105749.10266,0
1785873600000000,154.34,155.47,150.29,151.66,4844.753,1785877199999999,737809.34423,5851,1581.997,240284.27173,0
1785877200000000,151.66,153.03,150.84,152.13,7472.562,1785880799999999,1133368.8102,3767,4640.989,703176.47248,0
1785880800000000,152.17,153.43,151.87,153.34,6951.052,1785884399999999,1061879.38262,3937,1761.642,269154.44957,0
1785884400000000,153.34,155.43,152.84,155.3,3881.971,1785887999999999,598327.96445,2497,826.179,127410.6761,0
1785888000000000,155.4,156.42,153.39,154.67,14114.248,1785891599999999,2191239.23039,10990,11992.153,1862344.80233,0
1785891600000000,154.61,155.0,152.08,154.63,7505.071,1785895199999999,1154948.13746,6517,6136.32,944722.69429,0
1785895200000000,154.63,155.5,152.82,153.55,3084.007,1785898799999999,474632.67389,3564,1517.091,234140.21027,0
1785898800000000,153.59,155.11,153.59,155.08,836.293,1785902399999999,129247.5349,2312,550.814,85134.14068,0
1785902400000000,155.03,155.79,154.17,155.47,759.357,1785905999999999,117797.20935,871,493.756,76606.92784,0
1785906000000000,155.42,156.38,155.21,155.86,1201.717,1785909599999999,187271.29355,1041,805.638,125552.56948,0
1785909600000000,155.74,156.73,153.61,153.79,2316.434,1785913199999999,358844.48821,1662,1040.684,161875.03923,0
1785913200000000,153.76,154.16,152.48,152.91,1090.351,1785916799999999,166920.54986,913,540.656,82791.17447,0
1785916800000000,152.88,153.54,148.58,149.9,28213.341,1785920399999999,4224728.51023,17134,11477.272,1721130.03304,0
1785920400000000,149.9,150.78,149.62,150.07,6509.788,1785923999999999,976969.58759,12943,4770.647,716045.57269,0
1785924000000000,150.1,150.29,148.65,149.25,3211.979,1785927599999999,480868.07949,5322,2471.13,370016.01781,0
1785927600000000,149.38,151.22,149.22,150.06,2384.823,1785931199999999,358330.73007,1561,700.676,105189.92571,0
1785931200000000,150.06,151.15,149.79,150.23,793.008,1785934799999999,119301.07901,846,440.623,66273.4916,0
1785934800000000,150.31,155.55,149.38,154.33,9860.603,1785938399999999,1497545.33234,9182,4098.993,622268.13374,0
1785938400000000,154.35,155.13,150.51,152.95,5797.971,1785941999999999,886392.06601,5480,2722.233,416151.12398,0
1785942000000000,152.8,155.38,152.5,153.85,2090.128,1785945599999999,321902.38009,4592,1047.057,161338.46912,0
1785945600000000,153.79,156.17,153.64,154.0,2192.239,1785949199999999,338795.73148,3601,907.481,140334.42468,0
1785949200000000,154.05,154.16,151.77,152.48,1572.427,1785952799999999,239834.58324,2308,1030.143,157087.00863,0
1785952800000000,152.44,152.94,151.96,152.21,360.892,1785956399999999,55016.02053,1066,179.361,27352.01522,0
1785956400000000,152.3,152.95,150.66,150.9,11386.899,1785959999999999,1721883.24289,4692,1310.901,198601.60887,0
1785960000000000,150.85,151.68,147.44,149.88,18929.324,1785963599999999,2830890.85868,15377,4762.775,712569.02922,0
1785963600000000,149.82,150.12,146.54,147.84,4737.708,1785967199999999,700920.66834,7849,1982.39,292710.53617,0
1785967200000000,147.9,149.25,147.48,148.23,1252.047,1785970799999999,186133.6343,824,735.586,109404.88578,0
1785970800000000,148.39,148.94,147.03,147.96,3061.649,1785974399999999,452302.28987,1385,709.761,105144.65012,0
1785974400000000,148.03,148.96,144.62,145.0,7323.73,1785977999999999,1076218.29975,9808,2320.61,341416.67197,0
1785978000000000,144.92,145.35,143.19,145.03,2804.817,1785981599999999,405115.95207,1968,1709.163,246974.46706,0
1785981600000000,145.01,145.88,144.46,144.73,1420.528,1785985199999999,206113.64501,811,750.256,108861.02268,0
1785985200000000,144.69,144.98,143.68,144.17,1583.379,1785988799999999,228069.19235,2408,262.602,37854.89957,0
1785988800000000,144.01,144.5,142.93,143.6,3554.59,1785992399999999,509882.03837,8594,918.355,131740.8922,0
1785992400000000,143.54,144.58,142.62,143.47,1701.077,1785995999999999,244257.95371,963,862.996,123978.65085,0
1785996000000000,143.44,143.44,141.27,142.14,2761.12,1785999599999999,392203.61867,1852,990.56,140702.61328,0
1785999600000000,142.29,143.22,141.81,142.01,636.456,1786003199999999,90660.5275,515,335.057,47769.79485,0
1786003200000000,142.0,142.88,140.95,142.4,1909.696,1786006799999999,270974.83401,2126,931.302,132121.88824,0
1786006800000000,142.35,142.35,141.14,142.16,1629.698,1786010399999999,230843.02242,898,801.532,113578.70638,0
1786010400000000,142.15,142.38,140.88,141.25,915.39,1786013999999999,129524.57091,2286,413.702,58612.06413,0
1786014000000000,141.3,142.14,140.0,141.54,1882.349,1786017599999999,265220.02585,3376,911.266,128465.13454,0
1786017600000000,141.58,141.69,140.26,141.03,1349.398,1786021199999999,190139.23375,1046,796.084,112179.27349,0
1786021200000000,140.94,144.16,137.86,143.96,8609.763,1786024799999999,1215706.91702,6688,4374.721,617076.64992,0
1786024800000000,144.15,146.96,143.29,145.87,10073.414,1786028399999999,1463728.40948,6563,3894.864,566014.01685,0
1786028400000000,145.9,147.12,144.44,144.53,4449.696,1786031999999999,649636.03045,3221,1624.282,237199.40487,0
1786032000000000,144.59,144.59,142.3,143.5,3600.184,1786035599999999,515046.04215,3948,1330.77,190588.1141,0
1786035600000000,143.52,143.95,142.53,143.19,2358.489,1786039199999999,337707.47524,7228,1248.606,178775.64302,0
1786039200000000,143.26,144.12,142.5,142.86,2664.554,1786042799999999,381305.8456,1981,844.712,121020.06224,0
1786042800000000,142.85,144.15,142.82,143.58,1587.959,1786046399999999,228045.68703,1961,499.89,71773.50951,0
1786046400000000,143.53,143.93,142.62,143.84,3194.989,1786049999999999,457541.13163,11251,825.381,118193.15459,0
1786050000000000,143.95,144.8,143.91,144.05,1483.23,1786053599999999,214262.83648,1197,480.811,69422.82386,0
1786053600000000,144.11,144.91,143.97,144.88,1162.963,1786057199999999,168172.51743,1817,324.765,46929.23411,0
1786057200000000,144.82,144.82,143.09,144.14,3051.759,1786060799999999,439034.70375,6796,1175.957,169028.50719,0
1786060800000000,144.18,145.93,140.84,142.91,14891.413,1786064399999999,2126766.58018,31306,2291.365,327399.59897,0
1786064400000000,142.96,143.15,138.51,139.56,48884.419,1786067999999999,6835132.61544,24132,3059.129,427839.89493,0
1786068000000000,139.6,140.76,139.13,140.38,11548.176,1786071599999999,1615096.95302,6013,1450.488,203035.23875,0
1786071600000000,140.49,141.06,139.11,139.14,4939.995,1786075199999999,691789.35171,2842,616.941,86383.49025,0
1786075200000000,139.25,140.13,138.51,139.01,2644.143,1786078799999999,368118.77561,1107,668.715,93174.92128,0
1786078800000000,139.04,139.57,138.7,138.74,1350.443,1786082399999999,187849.1258,627,630.955,87742.55078,0
1786082400000000,138.68,139.76,138.48,138.84,1232.786,1786085999999999,171275.3455,604,763.209,105988.18067,0
1786086000000000,138.85,143.0,138.72,142.93,4687.617,1786089599999999,664341.61971,2277,3026.444,428765.87799,0
1786089600000000,142.92,144.8,142.92,143.34,4233.335,1786093199999999,609523.84468,1646,1860.482,267851.34157,0
1786093200000000,143.44,143.83,142.83,142.83,1023.522,1786096799999999,146777.68289,481,481.332,69070.02676,0
1786096800000000,142.72,142.86,141.57,141.6,1759.811,1786100399999999,250192.5357,540,1084.804,154166.29556,0
1786100400000000,141.73,142.68,141.66,142.03,1462.772,1786103999999999,208146.10836,489,1075.791,153144.15278,0
1786104000000000,141.98,145.39,141.98,144.92,19438.171,1786107599999999,2806205.68838,4510,4857.139,699289.27548,0
1786107600000000,144.95,144.96,136.48,137.16,43263.912,1786111199999999,6195480.20524,7179,12751.348,1805445.66614,0
1786111200000000,137.16,137.16,134.1,134.92,25829.33,1786114799999999,3504794.26628,6421,11832.52,1604174.16405,0
1786114800000000,135.07,138.63,135.05,137.97,7461.181,1786118399999999,1027468.25122,1740,3789.558,521806.2441,0
1786118400000000,138.09,138.91,135.5,136.63,2164.703,1786121999999999,295905.82251,984,1076.602,147396.95577,0
1786122000000000,136.51,137.11,136.01,136.57,636.566,1786125599999999,87017.13739,374,352.869,48249.86972,0
1786125600000000,136.59,137.34,136.24,137.18,596.588,1786129199999999,81526.06435,298,283.279,38747.83814,0
1786129200000000,137.23,138.49,137.23,138.05,2017.126,1786132799999999,278413.0299,925,700.59,96712.01074,0
1786132800000000,138.07,138.36,137.83,138.17,309.468,1786136399999999,42734.20179,242,147.796,20412.93776,0
1786136400000000,138.24,138.28,137.72,137.92,159.514,1786139999999999,22021.18212,117,82.982,11465.51164,0
1786140000000000,138.0,138.0,137.75,137.93,37.224,1786143599999999,5132.03492,33,3.69,508.57907,0
1786143600000000,137.87,138.25,137.53,138.23,723.13,1786147199999999,99655.75541,355,286.243,39482.58117,0
1786147200000000,138.16,138.5,137.95,138.06,485.064,1786150799999999,66999.31258,275,91.314,12609.77329,0
1786150800000000,138.05,138.4,137.99,138.39,414.691,1786154399999999,57248.26339,195,80.475,11121.65005,0
1786154400000000,138.39,138.51,138.0,138.03,152.339,1786157999999999,21068.74916,155,113.732,15731.88764,0
1786158000000000,138.03,138.03,137.52,137.66,182.743,1786161599999999,25177.01735,132,19.988,2754.45262,0
1786161600000000,137.76,137.77,137.5,137.54,133.912,1786165199999999,18434.09644,106,30.827,4242.90994,0
1786165200000000,137.64,137.67,137.5,137.58,36.735,1786168799999999,5052.49138,23,7.934,1091.48966,0
1786168800000000,137.5,137.59,137.4,137.51,280.177,1786172399999999,38518.70555,154,23.169,3186.78845,0
1786172400000000,137.51,137.73,137.47,137.73,81.817,1786175999999999,11252.37819,72,52.264,7189.31455,0
1786176000000000,137.63,137.92,137.54,137.77,1811.682,1786179599999999,249772.65703,263,1590.075,219249.24348,0
1786179600000000,137.74,137.92,137.72,137.81,73.831,1786183199999999,10174.52441,74,70.434,9706.36768,0
1786183200000000,137.8,138.06,137.64,137.74,2515.981,1786186799999999,346846.45426,1033,1144.954,157901.00399,0
1786186800000000,137.78,137.98,137.78,137.84,48.953,1786190399999999,6750.08878,54,37.359,5151.34331,0
1786190400000000,137.84,138.08,137.8,138.03,220.86,1786193999999999,30459.32227,102,62.931,8680.49008,0
1786194000000000,138.12,140.03,138.09,138.96,2917.878,1786197599999999,406447.77408,8108,1932.056,269040.07444,0
1786197600000000,138.96,139.42,138.67,139.14,983.741,1786201199999999,136704.21946,2425,586.371,81488.57187,0
1786201200000000,139.14,139.9,139.01,139.42,1236.847,1786204799999999,172576.50854,1560,727.626,101543.95446,0
1786204800000000,139.39,139.75,139.28,139.68,584.179,1786208399999999,81534.61322,1749,350.487,48924.86288,0
1786208400000000,139.68,139.8,139.47,139.48,103.035,1786211999999999,14391.48798,63,49.5,6914.36169,0
1786212000000000,139.47,139.47,139.13,139.13,63.972,1786215599999999,8909.86526,60,9.523,1326.36715,0
1786215600000000,139.34,139.63,139.34,139.47,35.036,1786219199999999,4887.21432,18,26.768,3733.99818,0
1786219200000000,139.45,139.46,139.25,139.29,9.666,1786222799999999,1346.77663,18,2.237,311.69515,0
1786222800000000,139.33,139.33,138.96,139.1,93.875,1786226399999999,13055.30969,57,27.211,3785.14319,0
1786226400000000,139.16,139.34,139.08,139.33,8.689,1786229999999999,1209.64682,30,4.379,609.74395,0
1786230000000000,139.23,139.35,139.12,139.16,145.558,1786233599999999,20260.43131,65,25.501,3552.31558,0
1786233600000000,139.28,139.49,139.12,139.41,86.995,1786237199999999,12120.5269,39,75.399,10505.6748,0
1786237200000000,139.41,139.49,138.4,138.46,979.211,1786240799999999,136009.07533,463,330.253,45841.0223,0
1786240800000000,138.48,138.87,138.41,138.56,327.106,1786244399999999,45344.79763,192,145.135,20121.85205,0
1786244400000000,138.62,139.04,138.59,138.94,128.86,1786247999999999,17890.72911,93,115.062,15973.49155,0
1786248000000000,138.93,139.14,138.76,138.94,367.131,1786251599999999,51030.94016,144,239.646,33308.30135,0
1786251600000000,139.05,139.14,138.91,139.1,123.26,1786255199999999,17132.89313,54,9.609,1335.86472,0
1786255200000000,139.09,139.47,138.97,139.27,350.843,1786258799999999,48891.84734,163,94.167,13119.15818,0
1786258800000000,139.2,139.23,138.8,138.99,422.475,1786262399999999,58691.90218,170,62.08,8628.66815,0
1786262400000000,139.0,139.0,138.6,138.72,55.336,1786265999999999,7680.84302,55,33.726,4679.34518,0
1786266000000000,138.7,138.98,138.67,138.94,687.472,1786269599999999,95492.17027,194,605.116,84055.07522,0
1786269600000000,138.95,139.1,138.92,139.08,63.204,1786273199999999,8787.4861,40,16.161,2247.24761,0
1786273200000000,139.01,139.31,139.01,139.14,52.3,1786276799999999,7277.91946,40,16.848,2345.05455,0
1786276800000000,139.15,139.21,138.93,139.21,122.63,1786280399999999,17050.01364,66,33.504,4659.2042,0
1786280400000000,139.16,139.35,139.16,139.16,55.427,1786283999999999,7718.54635,59,23.642,3292.90669,0
1786284000000000,139.2,139.21,138.97,139.21,624.988,1786287599999999,86980.31966,311,399.231,55569.82589,0
1786287600000000,139.21,139.31,138.93,139.15,279.043,1786291199999999,38843.7408,125,243.161,33853.38524,0
1786291200000000,139.13,139.58,139.06,139.58,291.572,1786294799999999,40605.7792,124,53.487,7455.42065,0
1786294800000000,139.46,139.99,139.46,139.77,2762.393,1786298399999999,385598.62501,1012,260.537,36376.90047,0
1786298400000000,139.81,140.28,139.75,139.96,525.815,1786301999999999,73590.88512,216,161.897,22654.7712,0
1786302000000000,139.96,140.31,139.78,140.17,465.615,1786305599999999,65193.34776,115,37.621,5271.87194,0
1786305600000000,140.1,140.53,140.1,140.35,83.048,1786309199999999,11652.9306,57,37.562,5271.81976,0
1786309200000000,140.31,140.33,139.82,140.13,179.038,1786312799999999,25094.36209,113,73.608,10317.81014,0
1786312800000000,140.31,140.48,139.41,139.89,398.574,1786316399999999,55732.78864,246,148.374,20753.63308,0
1786316400000000,140.0,141.14,139.85,140.33,1181.327,1786319999999999,165948.40023,631,604.501,84889.63703,0
1786320000000000,140.19,142.51,138.0,138.61,16882.936,1786323599999999,2367103.19949,9188,12781.341,1793207.24668,0
1786323600000000,138.63,139.84,138.18,139.14,1826.621,1786327199999999,254287.44605,1204,1002.653,139600.66938,0
1786327200000000,139.04,139.55,138.3,138.88,919.912,1786330799999999,127835.76829,404,484.563,67375.28062,0
1786330800000000,138.86,139.11,138.56,139.02,355.052,1786334399999999,49292.80614,170,230.308,31968.94007,0
1786334400000000,139.18,139.21,136.93,137.2,1667.43,1786337999999999,229967.21525,610,542.037,74815.54248,0
1786338000000000,137.33,138.33,137.16,137.51,1475.164,1786341599999999,202916.29884,580,832.415,114475.35218,0
1786341600000000,137.41,138.25,137.29,138.06,655.592,1786345199999999,90313.89015,291,435.578,60020.29185,0
1786345200000000,138.12,138.44,137.97,138.29,585.505,1786348799999999,80924.25346,339,336.13,46445.06968,0
1786348800000000,138.31,138.89,137.54,138.06,1559.1,1786352399999999,215472.42079,453,920.648,127365.2084,0
1786352400000000,138.09,138.09,136.45,136.77,1201.161,1786355999999999,164642.47797,783,550.092,75308.98039,0
1786356000000000,136.54,136.89,136.07,136.52,688.017,1786359599999999,93896.14092,299,511.159,69767.40268,0
1786359600000000,136.48,136.87,134.84,135.74,5599.99,1786363199999999,758063.60897,6592,792.092,107303.81802,0
1786363200000000,135.73,135.77,134.5,134.65,2408.541,1786366799999999,325312.97484,1272,1183.882,159899.36443,0
1786366800000000,134.67,137.42,134.46,136.67,4923.513,1786370399999999,668569.08953,2096,2975.157,403777.90977,0
1786370400000000,136.62,139.11,135.28,135.6,3754.65,1786373999999999,514960.27001,1681,2120.38,290994.77408,0
1786374000000000,135.58,137.0,135.16,136.7,1558.887,1786377599999999,211725.75408,754,735.823,100048.83766,0
1786377600000000,136.72,136.99,135.7,136.13,402.431,1786381199999999,54910.10338,280,309.734,42255.77994,0
1786381200000000,136.06,136.97,136.0,136.33,223.496,1786384799999999,30472.97773,160,75.454,10295.13682,0
1786384800000000,136.4,136.52,135.83,136.03,97.216,1786388399999999,13231.2742,74,14.817,2014.67318,0
1786388400000000,135.88,136.4,135.32,135.4,3182.926,1786391999999999,432053.87154,1301,827.523,112307.61333,0
1786392000000000,135.47,135.82,135.38,135.79,443.65,1786395599999999,60102.05249,220,96.627,13104.11655,0
1786395600000000,135.76,135.84,135.51,135.67,325.093,1786399199999999,44121.63588,147,283.894,38531.12617,0
1786399200000000,135.78,135.82,135.47,135.56,116.498,1786402799999999,15803.50661,51,7.137,968.06985,0
1786402800000000,135.45,135.45,134.73,135.39,1145.932,1786406399999999,154746.36895,762,661.881,89390.79574,0
1786406400000000,135.45,136.24,134.03,135.11,2540.652,1786409999999999,342948.79015,1721,1386.462,187348.47165,0
1786410000000000,135.11,137.88,134.2,136.69,8225.19,1786413599999999,1123370.48892,3725,6763.921,925643.03227,0
1786413600000000,136.67,137.23,136.16,137.05,2188.47,1786417199999999,299417.73855,3684,1919.552,262667.27773,0
1786417200000000,137.0,138.49,136.95,138.02,12007.345,1786420799999999,1655245.38922,28348,10343.329,1425932.2198,0
1786420800000000,138.02,139.05,138.02,138.43,12598.218,1786424399999999,1746529.61368,11301,11905.901,1650499.02974,0
1786424400000000,138.43,138.85,137.37,137.68,6659.815,1786427999999999,920313.44554,2908,6270.102,866557.7571,0
1786428000000000,137.75,138.17,136.84,137.04,1112.737,1786431599999999,153071.79005,499,895.657,123243.47423,0
1786431600000000,137.02,137.63,136.97,137.49,568.844,1786435199999999,78099.79208,326,445.015,61092.85253,0
1786435200000000,137.5,137.76,136.37,136.43,5610.977,1786438799999999,770208.09702,2575,5090.284,698812.3696,0
1786438800000000,136.57,136.76,135.6,136.61,713.683,1786442399999999,97268.77531,276,443.785,60485.61776,0
1786442400000000,136.52,137.65,136.45,137.24,1792.872,1786445999999999,246107.00971,562,1434.22,196841.55453,0
1786446000000000,137.34,138.15,137.31,137.55,1336.717,1786449599999999,184262.58079,483,715.069,98570.75071,0
1786449600000000,137.63,138.48,137.46,137.91,3020.592,1786453199999999,416705.57284,917,2484.696,342687.08834,0
1786453200000000,137.98,140.47,137.5,139.18,10625.379,1786456799999999,1473384.58002,4051,6515.838,903156.80757,0
1786456800000000,139.1,140.21,138.23,139.59,4654.866,1786460399999999,648759.48952,2157,2093.685,291799.87287,0
1786460400000000,139.7,140.28,138.76,138.8,13581.647,1786463999999999,1890939.83228,6264,12292.207,1711331.86593,0
1786464000000000,138.82,139.96,138.39,139.63,831.063,1786467599999999,115893.37803,545,394.273,54946.27197,0
1786467600000000,139.52,139.65,138.58,139.57,1204.702,1786471199999999,167551.77587,519,99.726,13864.92017,0
1786471200000000,139.6,139.88,139.03,139.51,821.479,1786474799999999,114553.2578,545,188.323,26265.14396,0
1786474800000000,139.5,141.76,139.38,141.55,2976.424,1786478399999999,419688.48859,1778,390.442,54912.3083,0
1786478400000000,141.61,142.06,141.05,141.11,2340.033,1786481999999999,331280.84354,863,911.722,129305.90645,0
1786482000000000,141.14,141.27,140.76,140.9,775.963,1786485599999999,109423.74441,634,66.01,9309.96732,0
1786485600000000,140.9,141.68,140.8,141.68,665.942,1786489199999999,94119.38129,763,257.748,36413.44199,0
1786489200000000,141.65,141.89,141.34,141.8,689.358,1786492799999999,97633.43787,360,250.479,35472.57875,0
1786492800000000,141.78,142.87,140.8,141.16,3463.095,1786496399999999,490656.88886,1650,1089.562,154500.58182,0
1786496400000000,141.02,143.13,140.88,142.86,2062.031,1786499999999999,293006.65368,983,881.598,125525.7831,0
1786500000000000,143.0,145.75,142.25,145.31,3909.777,1786503599999999,563552.5439,2884,2255.572,324989.25293,0
1786503600000000,145.38,147.19,145.34,145.8,2091.455,1786507199999999,306200.05964,1237,737.082,107983.09701,0
1786507200000000,145.9,146.33,145.02,145.12,696.118,1786510799999999,101482.85374,329,337.311,49184.12992,0
1786510800000000,145.15,145.37,143.93,144.89,2877.778,1786514399999999,416926.51337,2057,2060.71,298616.53455,0
1786514400000000,144.86,145.25,144.44,145.05,964.9,1786517999999999,139844.13405,669,824.816,119550.80845,0
1786518000000000,145.11,145.63,144.96,145.63,302.704,1786521599999999,44007.63364,247,121.024,17605.42985,0
1786521600000000,145.62,146.83,145.17,146.57,1501.433,1786525199999999,219618.74191,731,629.634,92087.22255,0
1786525200000000,146.63,147.23,146.24,146.37,1399.607,1786528799999999,205410.84028,625,457.611,67133.44739,0
1786528800000000,146.43,147.46,146.36,146.81,3963.474,1786532399999999,581813.13119,1387,1207.393,177132.10127,0
1786532400000000,146.78,147.77,146.43,147.77,1980.549,1786535999999999,291010.13993,2434,559.139,82186.54351,0
1786536000000000,147.7,148.63,146.77,148.45,10544.375,1786539599999999,1558874.44259,4213,4156.522,614998.06647,0
1786539600000000,148.5,153.07,147.34,152.89,96450.335,1786543199999999,14466172.54764,39956,43289.749,6473329.09279,0
1786543200000000,152.87,154.63,152.09,152.8,39007.026,1786546799999999,5978774.24313,38110,5714.459,874023.48391,0
1786546800000000,152.8,153.48,151.98,152.68,5135.561,1786550399999999,784530.74836,1848,1464.92,223775.33865,0
1786550400000000,152.75,153.11,151.43,152.2,5891.461,1786553999999999,894213.19111,2221,3841.552,582889.90204,0
1786554000000000,152.22,153.65,151.8,153.53,1170.988,1786557599999999,178917.95845,420,520.372,79631.17809,0
1786557600000000,153.6,154.63,153.16,153.99,1947.218,1786561199999999,299624.05033,913,735.356,113190.03814,0
1786561200000000,154.05,155.13,153.99,154.42,1836.813,1786564799999999,284010.50652,1012,434.111,67098.98102,0
1786564800000000,154.35,155.04,152.9,153.11,1547.256,1786568399999999,237415.26183,618,311.16,47809.79531,0
1786568400000000,153.14,154.1,152.98,153.93,975.742,1786571999999999,149864.52297,492,596.918,91712.22697,0
1786572000000000,153.92,153.92,153.13,153.58,1337.781,1786575599999999,205192.63777,354,63.254,9715.10466,0
1786575600000000,153.53,155.06,153.28,154.84,10360.393,1786579199999999,1598793.46289,4736,3758.946,579266.85673,0
1786579200000000,154.85,157.9,154.01,155.75,8327.615,1786582799999999,1300341.7863,5794,1970.47,307464.97424,0
1786582800000000,155.78,156.9,155.37,156.29,1982.896,1786586399999999,309560.4259,1363,549.903,85917.51145,0
1786586400000000,156.47,156.63,155.33,156.37,1356.169,1786589999999999,211665.87656,734,896.511,139929.76917,0
1786590000000000,156.38,156.68,155.55,156.4,1443.704,1786593599999999,225679.83013,758,943.93,147660.15804,0
1786593600000000,156.31,157.01,155.54,156.18,1384.347,1786597199999999,216137.83807,1032,346.217,54117.1166,0
1786597200000000,156.23,156.47,154.48,154.48,3012.999,1786600799999999,469089.35485,1976,488.884,76071.6917,0
1786600800000000,154.46,155.18,153.9,153.98,2632.399,1786604399999999,406402.22267,1540,1553.849,239708.84267,0
1786604400000000,154.0,154.05,152.9,153.2,1295.011,1786607999999999,198461.15034,912,911.214,139578.34594,0
1786608000000000,153.22,153.43,151.19,152.26,2682.963,1786611599999999,408991.15185,1336,821.151,124787.96282,0
1786611600000000,152.29,152.41,151.15,152.38,1029.172,1786615199999999,156145.13043,1052,405.445,61499.50722,0
1786615200000000,152.38,152.57,151.72,152.43,469.515,1786618799999999,71428.31664,278,210.897,32075.07669,0
1786618800000000,152.65,152.92,152.42,152.49,358.566,1786622399999999,54745.61994,225,99.968,15263.8247,0
1786622400000000,152.37,153.11,151.16,152.64,1592.772,1786625999999999,242730.38345,920,723.789,110333.5639,0
1786626000000000,152.72,159.54,152.72,159.27,10128.639,1786629599999999,1578162.46206,5119,3235.404,505428.82199,0
1786629600000000,159.24,164.2,158.55,162.55,7469.408,1786633199999999,1203669.20241,3068,3399.233,546579.31647,0
1786633200000000,162.5,168.31,161.97,166.47,12453.08,1786636799999999,2068168.14098,3927,4804.249,797199.40421,0
1786636800000000,166.53,168.07,166.06,167.03,5674.852,1786640399999999,947086.9215,1498,2244.539,374550.25315,0
1786640400000000,167.0,168.35,166.95,167.18,1749.927,1786643999999999,293445.30472,520,494.024,82918.48437,0
1786644000000000,167.22,168.17,166.47,167.75,1385.249,1786647599999999,232040.92781,452,349.134,58536.7171,0
1786647600000000,167.83,168.37,164.65,165.7,1576.974,1786651199999999,261776.55476,853,1102.844,182906.92837,0
1786651200000000,165.62,166.93,164.97,166.55,2956.291,1786654799999999,491219.95786,1008,358.86,59588.27938,0
1786654800000000,166.58,167.69,166.1,167.5,855.54,1786658399999999,142630.14927,275,160.586,26744.88143,0
1786658400000000,167.42,168.61,167.4,167.8,820.27,1786661999999999,137890.90396,395,503.988,84754.35302,0
1786662000000000,167.83,167.83,166.72,167.04,949.98,1786665599999999,158787.85238,366,406.1,67807.29769,0
1786665600000000,166.91,167.65,164.78,165.03,3041.217,1786669199999999,505202.87945,1685,930.105,154590.59833,0
1786669200000000,164.88,165.24,162.94,163.26,3447.152,1786672799999999,566140.09924,1702,659.037,107923.78637,0
1786672800000000,163.43,164.9,163.32,163.71,474.255,1786676399999999,77864.53531,375,95.221,15620.45058,0
1786676400000000,163.8,164.27,163.4,163.97,270.357,1786679999999999,44323.45108,267,90.424,14829.54662,0
1786680000000000,163.8,164.84,163.41,164.12,478.534,1786683599999999,78620.16347,379,320.828,52723.48036,0
1786683600000000,164.0,165.28,163.2,165.09,1304.109,1786687199999999,214317.87905,1239,948.666,155968.72072,0
1786687200000000,165.09,165.09,164.0,164.79,985.542,1786690799999999,161922.54041,544,713.679,117234.66147,0
1786690800000000,164.92,165.26,164.23,164.45,497.328,1786694399999999,81925.48279,381,101.174,16653.62903,0
1786694400000000,164.41,166.83,164.41,165.29,1384.145,1786697999999999,229659.65245,772,663.479,110159.38723,0
1786698000000000,165.11,166.5,164.7,166.4,782.103,1786701599999999,129239.49167,414,403.285,66706.04964,0
1786701600000000,166.32,168.09,166.21,168.09,810.845,1786705199999999,135752.67922,591,450.279,75431.11577,0
1786705200000000,168.15,170.99,168.15,169.3,3015.548,1786708799999999,512700.34225,1916,2116.707,359899.00771,0
1786708800000000,169.61,169.86,167.77,169.12,1469.271,1786712399999999,247634.60007,789,554.213,93555.54107,0
1786712400000000,169.08,171.6,166.89,168.87,4773.715,1786715999999999,805544.8893,2351,2400.557,404974.40596,0
1786716000000000,168.9,171.62,166.69,167.18,2055.764,1786719599999999,345740.72151,1306,987.912,166193.98667,0
1786719600000000,167.05,167.64,164.06,165.24,1178.927,1786723199999999,195230.18515,941,740.909,122718.09753,0
1786723200000000,165.36,165.58,164.64,165.12,251.491,1786726799999999,41534.9856,238,120.216,19855.06405,0
1786726800000000,165.12,165.88,164.83,165.53,1469.237,1786730399999999,242537.48927,527,258.359,42696.29066,0
1786730400000000,165.51,166.32,165.3,165.65,1047.712,1786733999999999,173894.42749,521,370.426,61453.18739,0
1786734000000000,165.52,166.86,164.8,166.53,849.292,1786737599999999,140844.46736,356,718.35,119125.18656,0
1786737600000000,166.79,166.82,165.96,166.23,75.948,1786741199999999,12624.4311,240,51.574,8572.59613,0
1786741200000000,166.18,166.64,165.91,166.61,81.249,1786744799999999,13528.71836,91,75.594,12586.73952,0
1786744800000000,166.61,166.76,166.34,166.38,143.041,1786748399999999,23839.51649,90,109.41,18235.61279,0
1786748400000000,166.37,166.79,166.32,166.64,14.63,1786751999999999,2438.07877,43,11.614,1935.39067,0
1786752000000000,166.67,166.76,166.15,166.65,102.288,1786755599999999,17024.38434,113,58.054,9661.91636,0
1786755600000000,166.6,166.66,166.38,166.41,124.982,1786759199999999,20820.95204,70,110.297,18376.16627,0
1786759200000000,166.47,166.53,166.21,166.45,84.071,1786762799999999,13987.01287,90,27.164,4520.16085,0
1786762800000000,166.42,166.89,166.42,166.81,44.012,1786766399999999,7332.79012,101,34.781,5794.08796,0
1786766400000000,166.86,166.9,166.49,166.67,65.399,1786769999999999,10901.42885,110,49.986,8333.50964,0
1786770000000000,166.66,166.72,166.41,166.41,114.561,1786773599999999,19091.46287,206,46.651,7773.99765,0
1786773600000000,166.36,166.64,166.3,166.64,84.391,1786777199999999,14046.73587,125,62.725,10441.95164,0
1786777200000000,166.8,166.8,166.56,166.6,96.657,1786780799999999,16109.9759,110,76.528,12755.34135,0
1786780800000000,166.67,166.77,166.55,166.61,37.286,1786784399999999,6216.09544,67,26.556,4427.66797,0
1786784400000000,166.65,166.66,166.5,166.5,23.854,1786787999999999,3973.96961,59,9.601,1599.30521,0
1786788000000000,166.54,166.69,166.46,166.64,61.155,1786791599999999,10188.57905,100,20.551,3422.59386,0
1786791600000000,166.64,166.73,166.55,166.67,68.615,1786795199999999,11433.84616,243,34.359,5725.36796,0
1786795200000000,166.67,166.8,166.6,166.74,150.239,1786798799999999,25051.32781,79,129.929,21665.82346,0
1786798800000000,166.75,166.88,166.7,166.82,107.352,1786802399999999,17905.30014,91,90.398,15076.9791,0
1786802400000000,166.82,167.04,166.78,166.9,153.925,1786805999999999,25682.66152,204,125.565,20950.9467,0
1786806000000000,166.86,167.34,166.86,167.06,96.362,1786809599999999,16101.45643,137,58.688,9807.83382,0
1786809600000000,167.01,167.04,166.88,166.91,47.319,1786813199999999,7900.0871,73,13.641,2277.63337,0
1786813200000000,166.9,167.14,166.88,167.09,29.018,1786816799999999,4846.397,75,20.643,3447.27142,0
1786816800000000,167.09,167.16,167.09,167.13,26.033,1786820399999999,4350.79411,62,10.448,1746.11607,0
1786820400000000,167.18,167.94,167.18,167.66,385.441,1786823999999999,64615.01501,427,179.593,30121.90929,0
1786824000000000,167.62,167.69,167.56,167.67,11.427,1786827599999999,1915.26314,30,7.835,1313.03144,0
1786827600000000,167.64,167.84,167.62,167.82,14.483,1786831199999999,2429.0325,42,11.156,1871.04582,0
1786831200000000,167.82,167.82,167.49,167.51,15.598,1786834799999999,2614.39273,43,7.461,1250.80046,0
1786834800000000,167.56,167.76,167.52,167.52,39.588,1786838399999999,6636.45439,80,25.474,4270.83105,0
1786838400000000,167.61,167.72,167.54,167.54,35.829,1786841999999999,6004.42176,44,3.547,594.50914,0
1786842000000000,167.6,168.03,167.56,167.94,106.111,1786845599999999,17814.0419,140,66.664,11191.48768,0
1786845600000000,167.93,168.46,167.93,168.26,508.09,1786849199999999,85391.31938,312,349.163,58656.41776,0
1786849200000000,168.26,169.21,168.26,168.9,346.747,1786852799999999,58530.25988,334,182.884,30883.04987,0
1786852800000000,168.93,169.04,168.72,168.82,82.05,1786856399999999,13855.62441,108,58.8,9929.84386,0
1786856400000000,168.81,168.89,168.46,168.46,424.096,1786859999999999,71524.86791,220,68.71,11591.04249,0
1786860000000000,168.53,168.78,168.5,168.69,157.131,1786863599999999,26487.50287,105,79.405,13384.76333,0
1786863600000000,168.59,168.62,168.3,168.46,23.812,1786867199999999,4011.14759,35,11.748,1978.87806,0
1786867200000000,168.35,168.59,168.29,168.49,67.641,1786870799999999,11392.7886,72,38.284,6450.11528,0
1786870800000000,168.48,168.48,167.98,168.09,51.522,1786874399999999,8659.67898,109,14.021,2357.60494,0
1786874400000000,168.09,168.32,167.98,168.31,62.178,1786877999999999,10454.89094,383,44.721,7519.29322,0
1786878000000000,168.33,168.33,167.41,167.82,291.043,1786881599999999,48810.88422,556,154.822,25978.08432,0
1786881600000000,167.84,167.95,167.0,167.16,226.856,1786885199999999,37964.50817,558,152.142,25458.36168,0
1786885200000000,167.14,167.5,167.09,167.31,92.359,1786888799999999,15451.25866,219,33.256,5565.39969,0
1786888800000000,167.25,167.59,167.13,167.36,228.246,1786892399999999,38190.88076,449,111.869,18721.69592,0
1786892400000000,167.34,167.79,167.33,167.66,55.207,1786895999999999,9249.11381,74,40.828,6839.87655,0
1786896000000000,167.55,168.27,167.55,168.06,125.957,1786899599999999,21149.6517,162,92.338,15499.57747,0
1786899600000000,168.06,168.34,167.93,168.21,97.745,1786903199999999,16429.89996,128,40.556,6817.95789,0
1786903200000000,168.23,168.31,168.11,168.24,56.285,1786906799999999,9467.86148,67,10.781,1813.44161,0
1786906800000000,168.17,168.17,167.86,167.91,81.228,1786910399999999,13645.85922,121,32.985,5539.90835,0
1786910400000000,167.91,168.0,167.76,167.83,62.482,1786913999999999,10489.96831,47,53.268,8943.45481,0
1786914000000000,167.83,167.86,167.6,167.68,29.027,1786917599999999,4870.23585,146,16.764,2812.5724,0
1786917600000000,167.58,167.96,167.35,167.35,54.135,1786921199999999,9069.14519,62,19.581,3282.91511,0
1786921200000000,167.29,167.29,166.84,167.2,131.235,1786924799999999,21929.40843,110,45.677,7633.01019,0
1786924800000000,167.31,168.75,167.31,168.0,436.813,1786928399999999,73454.35784,367,194.451,32665.52055,0
1786928400000000,167.99,168.78,167.83,168.01,319.083,1786931999999999,53753.27792,210,234.813,39551.46835,0
1786932000000000,167.98,170.04,167.96,169.65,789.016,1786935599999999,133392.57029,434,399.848,67593.64301,0
1786935600000000,169.55,171.14,169.42,171.14,694.919,1786939199999999,118385.8171,447,401.553,68426.39201,0
1786939200000000,170.96,172.55,170.5,171.86,433.062,1786942799999999,74281.11837,346,272.076,46685.93079,0
1786942800000000,171.94,173.67,171.56,173.59,502.981,1786946399999999,86817.0049,303,391.036,67457.47723,0
1786946400000000,173.66,173.86,172.84,173.23,727.428,1786949999999999,126045.90629,484,286.402,49640.35936,0
1786950000000000,173.44,173.66,172.53,173.11,728.877,1786953599999999,126016.94869,420,581.577,100538.38127,0
1786953600000000,173.07,173.97,172.52,173.66,1677.514,1786957199999999,290645.97365,576,785.329,136156.78343,0
1786957200000000,173.69,173.72,172.88,172.88,772.211,1786960799999999,133757.81839,210,359.989,62363.54084,0
1786960800000000,172.91,173.83,172.82,173.49,271.123,1786964399999999,46995.56862,126,179.218,31055.16621,0
1786964400000000,173.44,173.51,172.33,172.5,440.333,1786967999999999,76084.0339,254,282.683,48840.51211,0
1786968000000000,172.62,172.9,171.6,172.41,15537.192,1786971599999999,2677900.36117,2671,4455.644,767534.94377,0
1786971600000000,172.4,174.36,171.88,173.9,44086.103,1786975199999999,7600017.79238,4148,4947.898,853482.31424,0
1786975200000000,173.9,177.42,171.91,176.44,3200.459,1786978799999999,559264.42782,1915,1075.216,188238.00157,0
1786978800000000,176.6,178.05,174.99,175.53,13051.858,1786982399999999,2300320.37086,4700,6218.948,1094527.78799,0
1786982400000000,175.56,178.36,175.38,177.62,4922.02,1786985999999999,871227.90983,2812,1565.437,276823.89046,0
1786986000000000,177.68,177.98,175.06,175.34,1337.685,1786989599999999,236577.59831,1449,255.046,44923.22739,0
1786989600000000,175.35,175.47,172.46,172.54,1078.132,1786993199999999,187225.64959,813,482.391,83721.46451,0
1786993200000000,172.62,172.65,169.85,171.41,1672.241,1786996799999999,286212.16453,906,1047.794,179142.15716,0
1786996800000000,171.62,172.07,171.27,171.5,251.669,1787000399999999,43229.79108,148,55.818,9586.91391,0
1787000400000000,171.52,172.36,171.45,172.36,698.952,1787003999999999,120293.29438,161,645.835,111168.06979,0
1787004000000000,172.28,173.76,172.28,173.54,1092.499,1787007599999999,189198.59213,540,804.651,139372.65895,0
1787007600000000,173.46,173.46,171.2,172.03,1131.948,1787011199999999,194762.19088,846,554.882,95517.23181,0
1787011200000000,172.32,176.93,171.98,174.77,4286.827,1787014799999999,747686.53624,1895,3427.859,597859.6243,0
1787014800000000,174.73,175.63,171.16,171.95,2726.801,1787018399999999,472849.40225,1119,2195.279,380920.37986,0
1787018400000000,171.95,172.45,167.54,168.19,2754.882,1787021999999999,466362.53538,1270,1886.731,319689.21693,0
1787022000000000,168.25,168.62,166.31,168.15,1821.047,1787025599999999,304821.84457,772,799.743,133798.77565,0
1787025600000000,168.05,169.43,167.3,169.15,1105.182,1787029199999999,186143.52656,548,188.711,31856.11035,0
1787029200000000,169.44,169.44,166.19,166.19,666.011,1787032799999999,111251.17382,342,363.956,60770.97668,0
1787032800000000,166.18,167.47,165.5,167.42,532.808,1787036399999999,88718.36212,298,342.342,57011.52658,0
1787036400000000,167.26,168.06,166.24,166.34,1067.682,1787039999999999,177985.54739,439,478.146,79632.44487,0
1787040000000000,166.36,166.53,162.56,162.86,9759.145,1787043599999999,1598801.96316,2844,7165.058,1174822.30066,0
1787043600000000,162.78,162.91,161.75,162.47,475.091,1787047199999999,77060.78938,326,219.399,35583.27429,0
1787047200000000,162.44,163.12,161.58,162.95,1724.778,1787050799999999,279817.20025,638,934.799,151490.50359,0
1787050800000000,163.09,164.08,162.84,163.64,1333.0,1787054399999999,217937.21457,571,701.694,114707.42521,0
1787054400000000,163.37,163.96,161.82,162.01,2221.727,1787057999999999,360976.34416,760,2109.296,342712.10789,0
1787058000000000,162.04,163.99,159.46,161.54,5279.477,1787061599999999,855424.58287,3174,3006.026,487121.45431,0
1787061600000000,161.61,162.38,157.31,157.64,3283.337,1787065199999999,522141.10778,1356,2423.97,385053.76212,0
1787065200000000,157.68,158.07,156.36,157.98,1814.762,1787068799999999,285634.9765,1046,620.73,97698.42959,0
1787068800000000,158.04,158.34,156.69,157.52,6628.418,1787072399999999,1040015.50194,932,6097.772,956589.4855,0
1787072400000000,157.38,157.62,155.78,155.78,463.149,1787075999999999,72498.53753,272,165.144,25852.73025,0
1787076000000000,155.8,156.02,155.0,155.64,860.961,1787079599999999,133974.57328,432,351.55,54718.64297,0
1787079600000000,155.57,156.51,154.66,155.62,767.397,1787083199999999,119402.92786,484,285.156,44367.5553,0
1787083200000000,155.74,156.01,155.36,155.65,336.581,1787086799999999,52422.86209,306,100.311,15620.74267,0
1787086800000000,155.65,155.65,154.85,154.96,521.897,1787090399999999,81019.38001,398,186.227,28904.6095,0
1787090400000000,155.0,156.07,153.97,154.02,2067.064,1787093999999999,320496.95989,1379,908.052,140999.78127,0
1787094000000000,154.1,155.14,153.42,153.63,1459.621,1787097599999999,225207.25811,793,754.561,116436.49923,0
1787097600000000,153.52,153.71,150.17,152.89,5766.063,1787101199999999,875720.81877,2174,3643.105,553388.21975,0
1787101200000000,152.84,155.07,152.6,154.58,3383.036,1787104799999999,522144.98225,1402,2383.202,367868.29199,0
1787104800000000,154.31,154.31,152.69,152.96,1138.258,1787108399999999,174565.63764,480,528.705,81060.28799,0
1787108400000000,152.98,153.51,152.08,152.1,1485.013,1787111999999999,226608.01148,662,1071.018,163487.06896,0
1787112000000000,152.13,152.7,150.97,151.21,28244.585,1787115599999999,4266342.04747,5583,26252.21,3965073.65013,0
1787115600000000,151.24,152.52,150.88,151.0,28541.368,1787119199999999,4315578.89453,7247,20435.297,3087829.79195,0
1787119200000000,151.0,161.92,150.0,160.99,21436.608,1787122799999999,3344677.70067,6671,6171.396,963590.11243,0
1787122800000000,161.03,165.23,160.28,164.31,18595.37,1787126399999999,3026944.84903,4531,8931.753,1455917.35861,0
1787126400000000,164.33,166.97,163.96,165.39,12717.464,1787129999999999,2101706.20719,3354,5505.071,909786.07502,0
1787130000000000,165.34,165.85,160.84,161.68,6215.981,1787133599999999,1011140.49904,1947,3742.071,608013.68602,0
1787133600000000,161.52,163.04,160.21,162.07,5981.21,1787137199999999,968893.53834,2557,4398.056,712801.94735,0
1787137200000000,161.94,163.2,160.58,161.41,8979.031,1787140799999999,1455884.2608,2709,4541.762,735268.76145,0
1787140800000000,161.41,165.05,161.06,164.71,8228.384,1787144399999999,1343822.91835,3065,2564.073,417778.17338,0
1787144400000000,164.71,165.35,156.8,159.27,16926.731,1787147999999999,2723801.15588,5455,6309.584,1011952.54976,0
1787148000000000,159.19,161.11,155.66,161.11,12298.461,1787151599999999,1951518.07906,5823,5975.076,949160.94108,0
1787151600000000,161.12,161.66,158.56,159.39,5810.53,1787155199999999,930600.19193,2440,2846.927,455776.43115,0
1787155200000000,159.42,160.08,158.36,158.89,1314.275,1787158799999999,209329.77066,750,592.377,94428.76418,0
1787158800000000,158.76,159.12,157.32,157.93,912.815,1787162399999999,144254.16807,538,321.01,50777.06382,0
1787162400000000,157.92,158.49,156.66,157.64,1405.943,1787165999999999,221865.45638,613,480.025,75660.02294,0
1787166000000000,157.74,158.52,155.92,156.2,1178.191,1787169599999999,184614.9642,635,425.698,66814.65065,0
1787169600000000,156.32,158.24,156.32,158.24,630.597,1787173199999999,99121.52576,406,370.854,58335.25435,0
1787173200000000,158.28,158.97,158.09,158.46,832.998,1787176799999999,132079.88645,741,485.109,76932.50723,0
1787176800000000,158.46,160.25,158.29,160.03,1983.866,1787180399999999,315624.77154,1252,469.784,74893.82109,0
1787180400000000,159.96,160.83,159.49,160.3,641.471,1787183999999999,102680.64331,657,281.079,45017.22317,0
1787184000000000,160.22,161.75,157.13,161.61,4862.959,1787187599999999,776442.50408,2953,2870.38,459571.74194,0
1787187600000000,161.61,163.59,160.68,163.06,3662.188,1787191199999999,593175.3151,2809,2585.527,418641.37449,0
1787191200000000,163.01,163.53,161.5,162.18,1956.1,1787194799999999,317733.92649,1129,1210.066,196530.99863,0
1787194800000000,162.21,164.32,162.01,163.93,1294.216,1787198399999999,211549.71782,1807,819.326,133977.92156,0
1787198400000000,163.99,165.8,163.73,164.63,3007.481,1787201999999999,496810.6222,2504,485.715,80168.52981,0
1787202000000000,164.55,164.67,162.72,162.72,1752.949,1787205599999999,286707.02157,721,395.648,64836.91154,0
1787205600000000,162.86,165.19,162.86,164.88,1269.132,1787209199999999,208692.32936,580,504.759,83013.58683,0
1787209200000000,164.74,164.75,163.58,163.7,1181.997,1787212799999999,193558.18328,672,830.447,135976.24133,0
1787212800000000,163.62,164.16,161.75,162.03,2805.351,1787216399999999,456301.87737,1319,1939.67,315122.83142,0
1787216400000000,162.05,163.81,161.87,163.69,844.794,1787219999999999,137648.26385,449,534.034,87056.42231,0
1787220000000000,163.63,164.55,163.5,164.26,1418.714,1787223599999999,232604.93095,566,965.778,158373.87684,0
1787223600000000,164.29,164.29,160.19,160.31,3008.701,1787227199999999,485561.64598,1394,1546.88,249830.50066,0
1787227200000000,160.56,160.64,158.27,160.46,3779.931,1787230799999999,603070.75478,1756,1340.835,213906.84716,0
1787230800000000,160.5,166.35,160.05,161.95,11860.571,1787234399999999,1930017.87811,4957,5952.299,969813.38605,0
1787234400000000,162.12,165.23,161.19,163.81,3396.916,1787237999999999,555314.82471,1719,1921.41,314438.39808,0
1787238000000000,163.93,164.97,161.57,163.23,1075.052,1787241599999999,175105.90493,680,509.479,82986.81607,0
1787241600000000,163.41,163.6,162.58,162.68,179.951,1787245199999999,29322.66841,203,33.55,5467.67426,0
1787245200000000,162.71,162.71,161.41,161.98,522.041,1787248799999999,84570.5715,231,367.848,59606.99407,0
1787248800000000,161.92,161.92,160.96,161.64,167.633,1787252399999999,27059.14983,130,71.864,11606.51558,0
1787252400000000,161.64,163.5,161.64,163.02,528.68,1787255999999999,86072.01773,333,242.772,39548.33372,0
1787256000000000,163.07,163.18,162.6,163.0,259.921,1787259599999999,42347.17837,466,136.471,22236.61415,0
1787259600000000,163.08,163.33,162.91,163.27,516.554,1787263199999999,84228.25897,617,211.338,34460.6263,0
1787263200000000,163.28,163.33,162.58,163.13,196.086,1787266799999999,31961.11073,329,87.047,14190.44847,0
1787266800000000,163.25,163.68,161.69,162.03,2265.017,1787270399999999,368193.01013,808,421.645,68679.65203,0
1787270400000000,161.64,168.82,161.29,166.54,26038.711,1787273999999999,4319464.74085,15675,23821.468,3952852.22174,0
1787274000000000,166.53,168.45,165.51,167.04,5678.81,1787277599999999,949781.13656,8741,1841.683,307673.22286,0
1787277600000000,167.08,168.43,166.63,168.11,2250.753,1787281199999999,376951.13769,1684,530.234,88996.47418,0
1787281200000000,168.14,168.31,166.34,166.57,1029.669,1787284799999999,172279.77333,1572,549.054,91895.33686,0
1787284800000000,166.41,167.0,165.81,166.35,1814.845,1787288399999999,301644.86695,931,251.707,41873.30769,0
1787288400000000,166.43,166.94,165.62,165.66,1677.868,1787291999999999,278973.60797,661,233.73,38856.21276,0
1787292000000000,165.75,166.83,165.4,166.77,1493.77,1787295599999999,247928.17608,639,175.667,29177.7595,0
1787295600000000,166.8,167.24,166.38,166.75,1250.419,1787299199999999,208534.05793,585,725.853,121129.58465,0
1787299200000000,166.71,167.01,163.77,166.57,5500.205,1787302799999999,908917.80294,2126,1767.527,292014.07021,0
1787302800000000,166.67,167.19,166.06,167.01,846.798,1787306399999999,141239.88924,1153,653.78,109053.67918,0
1787306400000000,166.99,167.89,166.7,167.33,1182.676,1787309999999999,197798.25664,509,591.174,98911.79584,0
1787310000000000,167.27,167.61,166.12,167.14,1444.02,1787313599999999,241006.51942,665,812.39,135604.99794,0
1787313600000000,167.18,167.56,166.76,167.42,1165.562,1787317199999999,194945.12274,662,588.929,98550.31875,0
1787317200000000,167.4,167.68,164.31,166.57,4174.574,1787320799999999,693672.2023,2364,891.593,148008.12274,0
1787320800000000,166.49,166.7,162.66,164.06,3261.029,1787324399999999,535256.22059,1685,844.898,138888.04755,0
1787324400000000,164.11,167.37,163.89,166.59,2743.031,1787327999999999,454767.10303,1914,1484.9,246355.45342,0
1787328000000000,166.59,166.8,165.25,165.91,991.104,1787331599999999,164633.67736,774,332.597,55274.55277,0
1787331600000000,165.97,166.17,165.09,165.14,3446.054,1787335199999999,569706.52466,1471,2571.053,424930.46001,0
1787335200000000,165.13,165.29,163.24,163.75,1683.929,1787338799999999,276233.33533,1143,578.188,94877.95239,0
1787338800000000,163.8,163.93,162.73,163.32,2539.414,1787342399999999,414250.2356,926,1259.301,205446.97495,0
1787342400000000,163.51,163.72,163.15,163.68,441.215,1787345999999999,72161.63102,282,281.369,46026.46471,0
1787346000000000,163.68,163.98,163.36,163.58,370.49,1787349599999999,60681.0663,328,135.446,22187.44716,0
1787349600000000,163.61,163.85,163.49,163.68,352.085,1787353199999999,57609.54335,233,185.678,30376.88622,0
1787353200000000,163.73,163.95,163.35,163.72,378.462,1787356799999999,61940.01429,201,204.743,33528.77477,0
1787356800000000,163.92,164.09,163.73,163.77,601.468,1787360399999999,98539.30167,1044,290.408,47573.9868,0
1787360400000000,163.78,163.86,163.53,163.66,531.312,1787363999999999,86973.45374,1303,17.91,2931.62214,0
1787364000000000,163.66,163.89,163.59,163.59,1985.809,1787367599999999,324975.57053,2169,123.697,20246.26249,0
1787367600000000,163.6,163.63,163.03,163.39,2620.183,1787371199999999,427831.85473,1301,596.914,97464.16318,0
1787371200000000,163.38,163.59,163.18,163.27,1191.146,1787374799999999,194501.18582,416,1012.669,165365.28899,0
1787374800000000,163.26,163.34,161.07,162.92,4835.827,1787378399999999,784213.33557,8116,1455.388,236081.57233,0
1787378400000000,162.92,163.43,162.75,163.27,210.845,1787381999999999,34389.48185,217,132.91,21674.62433,0
1787382000000000,163.27,163.6,163.27,163.56,252.924,1787385599999999,41327.90664,294,123.368,20158.31385,0
1787385600000000,163.57,163.88,163.55,163.71,336.54,1787389199999999,55087.45571,294,173.923,28478.36229,0
1787389200000000,163.72,163.99,163.72,163.86,908.251,1787392799999999,148852.00937,695,520.802,85355.49718,0
1787392800000000,163.86,163.9,163.29,163.72,598.449,1787396399999999,97893.68681,302,336.207,54983.03949,0
1787396400000000,163.74,163.75,163.5,163.52,419.17,1787399999999999,68589.04773,286,136.849,22390.36108,0
1787400000000000,163.54,163.67,163.46,163.53,643.729,1787403599999999,105295.4369,359,191.328,31297.7314,0
1787403600000000,163.58,163.58,163.42,163.55,445.795,1787407199999999,72883.07991,202,36.115,5905.83476,0
1787407200000000,163.5,163.55,163.23,163.31,389.339,1787410799999999,63652.82383,241,60.124,9827.02046,0
1787410800000000,163.36,163.37,163.06,163.23,328.704,1787414399999999,53643.89696,305,267.155,43595.98817,0
1787414400000000,163.23,163.36,163.2,163.27,66.819,1787417999999999,10910.47825,66,43.786,7149.48911,0
1787418000000000,163.18,163.31,163.15,163.29,172.389,1787421599999999,28144.3257,89,41.54,6782.29946,0
1787421600000000,163.28,163.34,163.22,163.34,114.505,1787425199999999,18696.9923,152,89.017,14535.82579,0
1787425200000000,163.33,163.55,163.29,163.48,88.347,1787428799999999,14443.25519,113,78.018,12755.15911,0
1787428800000000,163.47,163.61,163.43,163.6,152.166,1787432399999999,24883.10935,109,141.883,23201.70161,0
1787432400000000,163.58,163.61,163.44,163.6,78.083,1787435999999999,12769.74756,82,65.041,10636.82027,0
1787436000000000,163.6,163.74,163.39,163.63,101.35,1787439599999999,16578.10315,88,80.75,13209.69937,0
1787439600000000,163.67,163.99,163.64,163.98,241.431,1787443199999999,39574.21472,120,197.235,32331.85444,0
1787443200000000,163.95,164.29,163.9,164.28,537.779,1787446799999999,88225.96061,225,417.734,68519.07317,0
1787446800000000,164.29,164.33,164.04,164.28,584.407,1787450399999999,95928.35884,229,63.776,10471.74531,0
1787450400000000,164.31,164.88,164.22,164.81,1222.512,1787453999999999,201287.62698,271,552.357,90938.09389,0
1787454000000000,164.82,165.76,164.64,165.42,1599.594,1787457599999999,263609.10421,585,580.007,95640.7498,0
1787457600000000,165.48,165.61,165.11,165.51,1208.422,1787461199999999,199846.64693,974,623.414,103123.15406,0
1787461200000000,165.52,165.61,164.9,164.9,531.96,1787464799999999,87855.10151,356,258.593,42706.46266,0
1787464800000000,164.9,164.91,163.85,164.41,1725.505,1787468399999999,283661.50728,3505,607.196,99746.38943,0
1787468400000000,164.45,164.95,164.39,164.92,122.593,1787471999999999,20196.30324,253,45.463,7488.12791,0
1787472000000000,164.99,165.19,164.89,165.11,232.98,1787475599999999,38451.09556,302,178.191,29409.19264,0
1787475600000000,165.06,165.5,164.97,165.44,98.933,1787479199999999,16352.69546,221,53.254,8800.41459,0
1787479200000000,165.44,165.48,165.06,165.26,33.55,1787482799999999,5543.77679,178,18.813,3108.1752,0
1787482800000000,165.27,165.48,165.23,165.46,514.265,1787486399999999,85019.47041,424,384.863,63625.00063,0
1787486400000000,165.45,165.58,165.35,165.47,289.985,1787489999999999,47981.56692,374,232.498,38470.24767,0
1787490000000000,165.5,165.88,165.28,165.72,1572.803,1787493599999999,260573.06049,772,1309.012,216866.35548,0
1787493600000000,165.71,166.25,165.56,166.21,1570.284,1787497199999999,260346.82394,854,750.736,124527.74019,0
1787497200000000,166.17,167.71,166.17,166.9,2848.773,1787500799999999,475277.63363,2068,1597.926,266602.14947,0
1787500800000000,166.92,167.72,166.65,167.1,683.388,1787504399999999,114148.12234,415,371.146,61974.25588,0
1787504400000000,167.08,168.2,166.87,167.98,570.957,1787507999999999,95700.37764,552,253.704,42523.61918,0
1787508000000000,168.01,169.19,167.72,169.19,542.375,1787511599999999,91377.42173,638,232.172,39104.98032,0
1787511600000000,169.13,169.38,168.25,168.66,3114.697,1787515199999999,526214.20949,3727,1262.195,213248.98921,0
1787515200000000,168.68,168.81,168.15,168.33,947.478,1787518799999999,159674.23341,1244,326.222,54984.99122,0
1787518800000000,168.19,168.3,167.74,168.15,227.065,1787522399999999,38132.88761,178,35.599,5979.07753,0
1787522400000000,168.2,168.33,167.48,167.68,191.747,1787525999999999,32196.81526,181,75.256,12636.86533,0
1787526000000000,167.58,169.95,167.33,169.45,1342.606,1787529599999999,226819.55325,1060,675.736,114186.29632,0
1787529600000000,169.29,169.83,163.03,165.92,12015.129,1787533199999999,1999953.80904,4847,8683.511,1448411.56546,0
1787533200000000,165.86,166.16,162.83,162.83,3456.519,1787536799999999,568553.79733,1207,550.37,90621.50702,0
1787536800000000,162.89,163.66,161.66,162.54,2681.731,1787540399999999,435524.46874,984,552.447,89729.29549,0
1787540400000000,162.43,162.43,159.22,159.42,2920.892,1787543999999999,467520.88842,967,1140.416,182436.61653,0
1787544000000000,159.52,160.89,159.37,160.18,506.816,1787547599999999,81240.11987,289,404.626,64852.94423,0
1787547600000000,160.2,161.11,158.87,159.16,3391.742,1787551199999999,541094.38404,1024,437.212,69949.8078,0
1787551200000000,159.12,159.59,158.46,159.14,2728.543,1787554799999999,434169.30346,829,194.014,30818.07754,0
1787554800000000,159.11,159.28,157.81,157.93,1189.335,1787558399999999,188253.49463,556,349.355,55400.0902,0
1787558400000000,158.02,158.94,157.38,158.74,1779.146,1787561999999999,281150.76885,724,559.558,88452.96211,0
1787562000000000,158.71,159.26,158.29,158.82,909.615,1787565599999999,144391.3835,307,348.205,55247.09894,0
1787565600000000,158.73,158.94,158.0,158.14,555.737,1787569199999999,88119.7301,254,264.261,41887.30624,0
1787569200000000,158.2,159.53,157.31,158.84,1754.096,1787572799999999,278695.19318,646,428.367,68042.22705,0
1787572800000000,158.84,158.84,157.46,157.53,2892.083,1787576399999999,457203.60753,919,395.838,62590.74727,0
1787576400000000,157.55,158.19,151.58,153.37,8581.326,1787579999999999,1329574.43321,4331,3053.557,470527.31271,0
1787580000000000,153.33,155.55,152.4,155.14,5459.746,1787583599999999,840852.78568,2212,4021.733,619521.59229,0
1787583600000000,155.18,156.54,154.41,155.64,2540.515,1787587199999999,395018.84482,1099,1700.589,264550.55487,0
1787587200000000,155.76,157.45,155.53,155.68,926.094,1787590799999999,144824.07593,966,474.268,74204.52009,0
1787590800000000,155.6,155.95,154.45,154.52,730.815,1787594399999999,113397.94469,553,335.939,52147.35795,0
1787594400000000,154.52,156.94,154.52,156.23,687.166,1787597999999999,107352.29059,781,429.104,67001.81537,0
1787598000000000,156.27,156.27,154.78,155.39,562.703,1787601599999999,87516.41437,467,190.493,29612.43982,0
1787601600000000,155.46,155.92,155.42,155.74,202.896,1787605199999999,31578.33179,241,96.467,15017.55329,0
1787605200000000,155.67,155.73,155.34,155.56,83.546,1787608799999999,12994.77132,86,23.591,3669.32529,0
1787608800000000,155.55,155.57,154.93,154.93,116.832,1787612399999999,18136.29612,162,49.911,7749.99426,0
1787612400000000,154.88,155.6,153.39,153.74,3173.6,1787615999999999,489771.03765,1882,735.134,113525.25539,0
1787616000000000,153.75,154.41,151.01,153.29,3589.226,1787619599999999,547574.60226,3330,1682.347,256860.45476,0
1787619600000000,153.24,154.63,151.73,153.6,1478.775,1787623199999999,226492.12048,1003,721.293,110576.83377,0
1787623200000000,153.7,154.43,152.63,152.94,2079.995,1787626799999999,319974.73588,921,1459.163,224730.7876,0
1787626800000000,152.99,155.25,152.79,154.37,2482.703,1787630399999999,382641.16533,847,1786.187,275233.11164,0
1787630400000000,154.36,156.65,154.35,156.2,1076.19,1787633999999999,167748.36901,860,675.383,105258.5146,0
1787634000000000,156.18,158.79,155.84,158.02,3794.075,1787637599999999,599212.51182,5079,1495.803,236153.67724,0
1787637600000000,158.27,159.81,158.22,158.34,3285.439,1787641199999999,522772.11011,2036,1471.658,234022.04466,0
1787641200000000,158.37,159.1,158.01,158.15,1059.697,1787644799999999,167689.57199,571,191.715,30383.96357,0
1787644800000000,158.14,159.53,157.81,159.33,1560.386,1787648399999999,247577.56098,890,748.828,118900.54298,0
1787648400000000,159.34,161.04,159.32,160.75,1695.281,1787651999999999,271336.51948,959,1114.417,178237.92716,0
1787652000000000,160.75,161.18,160.18,160.58,1254.426,1787655599999999,201486.07739,1603,528.099,84862.22917,0
1787655600000000,160.63,160.85,159.65,160.28,1499.705,1787659199999999,240444.27483,943,386.076,61825.5866,0
1787659200000000,160.41,160.86,159.43,160.18,1970.977,1787662799999999,316049.40298,1223,410.479,65782.70547,0
1787662800000000,160.03,161.2,157.55,158.24,4802.041,1787666399999999,765439.18014,2830,1620.327,258575.89921,0
1787666400000000,158.08,159.13,156.33,158.59,4397.137,1787669999999999,693429.66784,2441,1902.322,300528.63567,0
1787670000000000,158.59,159.43,158.4,158.82,542.097,1787673599999999,86184.64564,563,249.548,39672.19411,0
1787673600000000,158.81,159.48,158.41,158.75,854.955,1787677199999999,135997.80403,426,611.413,97262.20706,0
1787677200000000,158.77,158.79,157.53,158.37,922.894,1787680799999999,145821.56961,473,223.206,35251.08288,0
1787680800000000,158.32,159.11,158.02,158.84,656.037,1787684399999999,103833.85521,396,429.15,67883.54947,0
1787684400000000,158.65,159.53,158.07,159.5,1137.497,1787687999999999,180562.37371,526,958.807,152227.04543,0
1787688000000000,159.44,159.55,159.03,159.06,533.051,1787691599999999,84916.85268,378,192.845,30731.75405,0
1787691600000000,159.08,159.35,158.76,159.3,232.393,1787695199999999,36972.61529,173,124.659,19832.08653,0
1787695200000000,159.39,159.61,159.33,159.51,80.675,1787698799999999,12862.70964,129,51.209,8164.63263,0
1787698800000000,159.53,159.75,158.21,158.21,489.259,1787702399999999,77770.223,502,154.896,24615.45401,0
1787702400000000,158.2,160.87,157.21,157.56,3307.751,1787705999999999,525439.59108,2899,1767.065,280804.20936,0
1787706000000000,157.53,159.09,157.4,158.33,934.484,1787709599999999,147842.27039,754,489.779,77522.07643,0
1787709600000000,158.11,161.53,157.87,160.43,1424.494,1787713199999999,227978.21429,1484,1046.073,167395.11585,0
1787713200000000,160.46,161.12,159.7,160.96,461.051,1787716799999999,73912.24584,711,197.589,31693.48345,0
1787716800000000,160.72,160.89,159.97,159.99,140.349,1787720399999999,22533.48488,299,70.554,11330.48238,0
1787720400000000,159.99,160.25,158.75,159.6,587.173,1787723999999999,93668.51969,458,293.1,46759.89039,0
1787724000000000,159.55,159.59,158.34,158.84,604.538,1787727599999999,95972.71497,579,258.672,41044.96323,0
1787727600000000,158.72,158.81,158.0,158.27,797.365,1787731199999999,126144.92607,533,200.66,31761.50028,0
1787731200000000,158.4,158.92,157.85,158.47,1043.896,1787734799999999,165305.1787,641,368.778,58429.9057,0
1787734800000000,158.45,158.56,157.95,158.49,989.315,1787738399999999,156574.83871,953,416.175,65880.81773,0
1787738400000000,158.42,158.84,158.13,158.7,833.108,1787741999999999,131993.5592,449,406.83,64479.95152,0
1787742000000000,158.72,159.24,158.24,158.56,855.021,1787745599999999,135640.44585,436,241.783,38354.56004,0
1787745600000000,158.59,159.22,157.74,157.98,4327.237,1787749199999999,685435.87813,1420,1183.369,187391.21955,0
1787749200000000,157.89,161.13,157.45,160.49,5937.898,1787752799999999,947080.75498,3131,3271.464,522276.22873,0
1787752800000000,160.46,160.46,158.32,159.43,2280.809,1787756399999999,362918.88451,1247,621.584,99045.37074,0
1787756400000000,159.41,160.63,158.97,159.77,1614.461,1787759999999999,258349.78035,870,1138.48,182202.4158,0
1787760000000000,159.76,160.08,159.4,159.61,136.882,1787763599999999,21851.82399,313,67.441,10766.1835,0
1787763600000000,159.61,160.08,158.75,158.94,242.108,1787767199999999,38606.32631,318,137.86,21982.64335,0
1787767200000000,158.87,158.87,158.18,158.35,206.401,1787770799999999,32689.85826,259,117.012,18532.13037,0
1787770800000000,158.36,158.57,157.54,158.09,570.602,1787774399999999,90126.41568,673,314.826,49721.86502,0
1787774400000000,158.1,161.19,156.88,161.12,2276.882,1787777999999999,362410.77611,3997,1414.89,225549.00853,0
1787778000000000,161.18,165.04,160.42,164.47,3066.059,1787781599999999,500551.3877,3855,1269.108,206945.08923,0
1787781600000000,164.49,165.3,164.08,165.09,1281.91,1787785199999999,210937.52606,664,659.135,108351.85203,0
1787785200000000,165.04,165.9,164.25,165.85,919.563,1787788799999999,151807.66525,769,377.835,62405.03174,0
1787788800000000,165.8,166.55,161.97,162.62,2231.976,1787792399999999,367394.06937,1752,1110.124,182539.56677,0
1787792400000000,162.59,164.35,162.07,163.96,664.295,1787795999999999,108481.87372,627,405.094,66158.03946,0
1787796000000000,163.95,164.65,163.77,164.25,205.785,1787799599999999,33788.56279,223,104.555,17175.75005,0
1787799600000000,164.29,164.55,163.47,163.54,1017.192,1787803199999999,166724.54137,704,295.719,48527.65488,0
1787803200000000,163.62,163.84,163.29,163.72,256.797,1787806799999999,42006.98372,261,121.72,19909.20489,0
1787806800000000,163.8,163.94,162.8,162.8,272.623,1787810399999999,44517.33697,243,58.753,9590.37356,0
1787810400000000,162.92,163.84,162.58,163.67,180.58,1787813999999999,29462.98487,315,101.774,16603.25796,0
1787814000000000,163.63,164.44,163.61,164.31,207.949,1787817599999999,34118.99798,517,90.146,14800.92223,0
1787817600000000,164.32,165.75,164.27,165.25,1857.39,1787821199999999,306752.80179,1098,1015.175,167658.58063,0
1787821200000000,165.23,165.35,164.25,164.33,863.551,1787824799999999,142254.9313,731,445.495,73380.38897,0
1787824800000000,164.44,164.7,164.19,164.68,327.831,1787828399999999,53934.63749,187,235.822,38801.96297,0
1787828400000000,164.69,165.15,164.1,164.7,345.282,1787831999999999,56889.34926,283,252.537,41622.18909,0
1787832000000000,164.5,164.98,163.95,164.14,638.615,1787835599999999,105183.50373,480,293.825,48389.25724,0
1787835600000000,164.14,164.66,159.86,160.53,5855.574,1787839199999999,953523.64703,3944,2387.412,390264.23325,0
1787839200000000,160.53,163.42,159.74,162.24,4913.505,1787842799999999,793110.43152,2685,2726.656,440684.01982,0
1787842800000000,162.15,162.7,160.02,161.45,3272.009,1787846399999999,526496.95068,1150,835.006,134896.17279,0
1787846400000000,161.5,161.86,160.68,161.16,724.961,1787849999999999,116754.0747,520,433.007,69745.87767,0
1787850000000000,161.04,161.24,159.9,159.91,1042.273,1787853599999999,167097.16511,691,311.671,50086.70718,0
1787853600000000,159.88,160.01,158.68,159.55,1652.415,1787857199999999,263288.2519,1362,394.189,62839.13419,0
1787857200000000,159.55,161.75,159.48,161.55,526.654,1787860799999999,84444.98779,827,256.544,41159.22222,0
1787860800000000,161.49,161.63,160.55,161.18,756.936,1787864399999999,122001.43175,491,235.276,37869.77493,0
1787864400000000,161.01,161.11,160.5,160.68,348.169,1787867999999999,55940.88626,245,194.321,31221.00266,0
1787868000000000,160.72,160.76,160.47,160.64,133.62,1787871599999999,21458.16046,101,99.906,16043.58452,0
1787871600000000,160.72,160.94,160.21,160.58,922.177,1787875199999999,148175.8215,323,804.082,129211.35787,0
1787875200000000,160.73,162.28,159.68,161.33,2898.954,1787878799999999,468059.59913,1306,2222.158,359115.48135,0
1787878800000000,161.39,161.81,160.81,161.27,203.217,1787882399999999,32811.65404,190,151.751,24502.17732,0
1787882400000000,161.39,161.44,160.08,160.41,178.137,1787885999999999,28594.50952,175,52.773,8479.83317,0
1787886000000000,160.18,160.6,159.32,160.45,724.599,1787889599999999,115767.79856,647,157.148,25119.10942,0
1787889600000000,160.23,160.27,159.59,159.88,81.819,1787893199999999,13086.49719,158,44.148,7059.57338,0
1787893200000000,159.98,160.02,158.99,159.32,716.87,1787896799999999,114076.21181,495,140.706,22428.79066,0
1787896800000000,159.48,159.6,158.61,159.13,285.658,1787900399999999,45404.18231,406,132.409,21045.74716,0
1787900400000000,159.12,159.15,158.45,158.47,440.676,1787903999999999,69949.95942,321,227.312,36087.0088,0
1787904000000000,158.47,158.72,157.87,158.67,1607.948,1787907599999999,254375.94192,684,919.703,145568.1051,0
1787907600000000,158.66,158.66,158.18,158.26,351.317,1787911199999999,55611.27399,143,300.724,47598.99379,0
1787911200000000,158.14,158.55,158.12,158.45,160.11,1787914799999999,25355.97584,195,49.744,7878.25741,0
1787914800000000,158.57,158.85,158.2,158.2,81.214,1787918399999999,12879.21206,78,42.584,6755.98381,0
1787918400000000,158.22,159.09,158.03,158.44,750.515,1787921999999999,118961.35336,572,504.082,79875.19632,0
1787922000000000,158.51,161.81,157.98,161.01,7456.198,1787925599999999,1189657.42477,4161,3868.197,617341.90534,0
1787925600000000,161.15,163.11,159.78,162.62,2369.293,1787929199999999,382785.13712,2062,1183.189,191067.4904,0
1787929200000000,162.71,163.37,160.66,160.83,1386.899,1787932799999999,225153.55046,1964,754.751,122517.6629,0
1787932800000000,160.83,161.87,159.89,161.57,1998.846,1787936399999999,321516.27096,3127,861.112,138605.1097,0
1787936400000000,161.52,162.18,160.67,161.82,996.84,1787939999999999,160770.93403,2762,512.607,82677.02545,0
1787940000000000,161.81,162.11,160.37,160.61,863.782,1787943599999999,139244.26925,1731,132.72,21397.89699,0
1787943600000000,160.82,161.48,160.46,160.98,506.815,1787947199999999,81572.93091,582,156.131,25137.79616,0
1787947200000000,160.94,160.94,160.53,160.6,212.077,1787950799999999,34089.96139,269,110.228,17716.42051,0
1787950800000000,160.51,160.51,160.33,160.4,133.823,1787954399999999,21465.30732,80,38.926,6243.5941,0
1787954400000000,160.38,160.45,160.34,160.36,83.404,1787957999999999,13376.1569,60,67.269,10788.40423,0
1787958000000000,160.35,160.59,160.35,160.55,38.962,1787961599999999,6251.59611,88,29.683,4762.31381,0
1787961600000000,160.53,160.81,160.53,160.8,64.927,1787965199999999,10435.47499,67,42.165,6775.78926,0
1787965200000000,160.85,161.17,160.85,161.17,120.878,1787968799999999,19461.41007,127,44.851,7222.52956,0
1787968800000000,161.17,161.51,161.15,161.5,156.869,1787972399999999,25297.18075,143,22.399,3613.83833,0
1787972400000000,161.51,161.79,161.45,161.67,244.772,1787975999999999,39557.08112,185,103.982,16813.67473,0
1787976000000000,161.67,161.91,161.58,161.73,181.454,1787979599999999,29356.12966,550,88.761,14363.60359,0
1787979600000000,161.73,161.73,161.42,161.44,33.599,1787983199999999,5427.31713,124,6.547,1057.019,0
1787983200000000,161.52,161.77,161.45,161.67,195.413,1787986799999999,31593.70127,157,158.201,25579.81403,0
1787986800000000,161.67,161.78,161.59,161.6,22.118,1787990399999999,3575.70869,136,5.687,919.34573,0
1787990400000000,161.58,161.58,161.45,161.52,9.399,1787993999999999,1518.35045,53,2.989,482.85358,0
1787994000000000,161.54,161.84,161.52,161.84,95.29,1787997599999999,15407.28889,130,50.489,8163.98456,0
1787997600000000,161.83,161.89,161.82,161.85,22.185,1788001199999999,3590.6528,25,3.95,639.28746,0
1788001200000000,161.86,162.23,161.86,162.15,107.641,1788004799999999,17450.03521,177,64.032,10379.28407,0
1788004800000000,162.11,162.11,161.86,161.9,11.889,1788008399999999,1926.0516,25,2.332,377.87518,0
1788008400000000,161.89,161.93,161.85,161.85,14.722,1788011999999999,2383.39004,41,4.664,755.09177,0
1788012000000000,161.85,161.86,161.77,161.78,25.006,1788015599999999,4046.6254,61,9.465,1531.70758,0
1788015600000000,161.78,161.96,161.7,161.96,34.967,1788019199999999,5656.43236,56,18.984,3071.28385,0
1788019200000000,162.0,162.03,161.89,162.02,15.556,1788022799999999,2519.91237,66,6.176,1000.40038,0
1788022800000000,162.03,162.13,161.89,162.07,83.799,1788026399999999,13572.49137,88,10.314,1671.16068,0
1788026400000000,162.08,162.21,161.83,162.21,21.017,1788029999999999,3406.93618,55,15.523,2517.12044,0
1788030000000000,162.22,164.0,162.21,163.59,1593.526,1788033599999999,260484.60252,7790,1038.456,169771.77582,0
1788033600000000,163.59,164.11,163.51,163.64,1086.407,1788037199999999,177879.29462,5892,712.198,116613.19048,0
1788037200000000,163.75,163.86,163.17,163.34,298.883,1788040799999999,48857.43825,1169,186.238,30450.0569,0
1788040800000000,163.34,164.21,163.34,163.94,226.238,1788044399999999,37085.17035,517,85.706,14043.38804,0
1788044400000000,163.94,164.27,163.83,163.83,436.75,1788047999999999,71633.55994,337,36.483,5983.84405,0
1788048000000000,163.95,163.95,163.31,163.63,1232.36,1788051599999999,201671.43064,5485,163.975,26826.96095,0
1788051600000000,163.61,163.86,163.55,163.78,151.819,1788055199999999,24848.07052,605,16.923,2770.002,0
1788055200000000,163.83,164.56,163.76,164.06,867.499,1788058799999999,142269.63786,985,79.42,13037.94567,0
1788058800000000,164.05,164.11,163.74,163.9,346.511,1788062399999999,56808.60849,566,20.678,3390.49387,0
1788062400000000,163.9,164.0,163.88,163.94,95.462,1788065999999999,15650.06302,228,26.509,4345.90293,0
1788066000000000,163.94,163.97,163.76,163.84,95.149,1788069599999999,15592.28579,332,23.118,3788.91206,0
1788069600000000,163.86,164.16,163.85,164.11,338.066,1788073199999999,55438.59738,337,299.38,49094.99418,0
1788073200000000,164.11,164.11,163.7,163.7,204.671,1788076799999999,33551.62456,313,21.968,3602.18988,0
1788076800000000,163.7,163.86,163.68,163.85,26.374,1788080399999999,4319.51439,87,8.798,1441.23539,0
1788080400000000,163.83,164.01,163.82,163.86,159.17,1788083999999999,26099.57743,287,98.889,16215.48638,0
1788084000000000,163.86,163.99,163.85,163.97,58.455,1788087599999999,9581.95393,254,38.207,6263.30178,0
1788087600000000,163.97,163.97,163.72,163.74,13.917,1788091199999999,2279.49594,69,3.413,558.96391,0
1788091200000000,163.75,163.82,163.29,163.44,28.301,1788094799999999,4630.29627,62,9.434,1544.38517,0
1788094800000000,163.43,163.53,163.35,163.48,16.813,1788098399999999,2748.17318,48,6.311,1031.6395,0
1788098400000000,163.43,163.77,163.2,163.74,249.104,1788101999999999,40698.0334,172,89.179,14582.76991,0
1788102000000000,163.74,163.81,163.57,163.76,241.416,1788105599999999,39518.58656,415,72.354,11843.32827,0
1788105600000000,163.77,164.01,163.67,163.91,82.81,1788109199999999,13573.45506,200,51.275,8404.67051,0
1788109200000000,163.92,163.93,163.81,163.82,35.304,1788112799999999,5785.47271,153,17.433,2857.08972,0
1788112800000000,163.84,163.85,163.41,163.45,91.156,1788116399999999,14907.95022,265,43.47,7109.29375,0
1788116400000000,163.45,163.46,163.1,163.15,32.828,1788119999999999,5360.25955,196,15.111,2467.58775,0
1788120000000000,163.17,163.18,162.6,162.74,415.494,1788123599999999,67641.07952,2982,185.211,30152.25267,0
1788123600000000,162.71,162.81,162.31,162.45,390.247,1788127199999999,63401.79681,2439,162.939,26473.64745,0
1788127200000000,162.42,162.71,160.89,161.49,4799.777,1788130799999999,775893.05417,11924,2235.673,361422.80838,0
1788130800000000,161.48,162.16,156.41,156.52,7547.822,1788134399999999,1200369.50596,21000,3308.734,525967.82025,0
1788134400000000,156.5,158.69,155.23,157.21,17816.997,1788137999999999,2787412.48252,7505,5117.871,802000.81415,0
1788138000000000,157.18,158.0,156.59,158.0,2775.505,1788141599999999,436188.8832,1829,1854.505,291370.56817,0
1788141600000000,157.9,158.44,157.15,157.98,1035.394,1788145199999999,163083.44458,760,256.709,40505.69178,0
1788145200000000,158.06,159.16,157.43,157.82,1318.57,1788148799999999,208639.06352,1055,287.201,45478.18629,0
1788148800000000,157.82,159.43,157.54,159.39,911.361,1788152399999999,143938.32755,512,248.828,39399.17769,0
1788152400000000,159.43,160.95,159.32,159.99,983.192,1788155999999999,157463.01794,806,459.776,73668.12136,0
1788156000000000,160.07,161.91,159.96,161.5,572.423,1788159599999999,92190.62225,655,344.586,55419.32473,0
1788159600000000,161.38,161.56,161.06,161.38,871.168,1788163199999999,140626.01328,389,753.249,121612.21043,0
1788163200000000,161.41,162.45,161.19,161.35,1817.42,1788166799999999,293856.08396,983,1001.694,162016.10673,0
1788166800000000,161.32,161.51,160.45,160.45,484.893,1788170399999999,78058.58753,346,264.612,42598.43212,0
1788170400000000,160.39,161.21,160.22,160.99,230.778,1788173999999999,37123.75613,190,160.725,25852.40395,0
1788174000000000,160.99,161.11,160.53,160.63,171.173,1788177599999999,27536.78951,150,68.638,11042.45728,0
1788177600000000,160.71,161.39,160.04,160.12,1419.668,1788181199999999,228510.48632,839,604.884,97373.48899,0
1788181200000000,160.1,164.96,159.45,164.54,6934.452,1788184799999999,1123544.71946,3758,3354.017,542994.36362,0
1788184800000000,164.58,164.99,163.29,163.56,2760.589,1788188399999999,452348.12054,1825,917.63,150342.90738,0
1788188400000000,163.59,163.91,162.1,162.34,767.548,1788191999999999,125143.86409,889,372.544,60719.88259,0
1788192000000000,162.23,163.43,161.82,163.43,345.234,1788195599999999,56175.25634,436,202.73,32971.07093,0
1788195600000000,163.41,163.63,162.71,163.19,201.524,1788199199999999,32887.0932,254,93.082,15188.94522,0
1788199200000000,163.27,163.51,161.66,162.0,259.624,1788202799999999,42232.56989,386,86.673,14106.04805,0
1788202800000000,162.04,164.96,161.64,164.67,785.22,1788206399999999,128368.10398,724,331.68,54382.51204,0
1788206400000000,164.59,164.72,163.97,164.13,949.207,1788209999999999,155958.66533,401,283.75,46596.58376,0
1788210000000000,164.14,164.76,163.79,164.64,440.096,1788213599999999,72270.16152,302,311.695,51189.49501,0
1788213600000000,164.63,164.63,164.23,164.32,126.851,1788217199999999,20855.04597,121,31.274,5143.16686,0
1788217200000000,164.31,164.55,163.68,164.1,228.978,1788220799999999,37583.00197,274,121.831,20001.8211,0
1788220800000000,164.07,165.76,163.19,165.75,1044.646,1788224399999999,171706.38486,1167,483.953,79675.60951,0
1788224400000000,165.79,166.31,164.18,164.56,694.388,1788227999999999,114914.40856,712,332.933,55143.43356,0
1788228000000000,164.48,165.08,163.68,164.44,261.274,1788231599999999,42898.78556,293,169.301,27781.04905,0
1788231600000000,164.37,164.8,164.12,164.7,27.641,1788235199999999,4544.76047,65,4.915,808.18975,0
1788235200000000,164.72,165.24,164.64,164.69,133.777,1788238799999999,22054.04974,172,48.854,8054.52294,0
1788238800000000,164.64,165.44,164.34,165.16,412.479,1788242399999999,68116.64382,310,81.759,13495.57488,0
1788242400000000,165.2,165.36,164.59,164.59,242.411,1788245999999999,40022.27381,212,92.723,15306.7979,0
1788246000000000,164.71,164.91,163.89,163.89,588.833,1788249599999999,96678.41303,359,138.015,22694.37624,0
1788249600000000,163.89,164.08,160.64,161.59,4410.618,1788253199999999,716080.49732,2396,822.677,133477.52359,0
1788253200000000,161.52,161.67,160.92,161.53,1263.973,1788256799999999,203899.43641,507,174.55,28142.77224,0
1788256800000000,161.59,161.81,161.33,161.43,164.005,1788260399999999,26496.50357,162,50.21,8115.68364,0
1788260400000000,161.35,161.67,161.08,161.2,661.573,1788263999999999,106806.36195,276,62.871,10157.25771,0
1788264000000000,161.11,161.11,160.45,160.82,1061.942,1788267599999999,170705.98661,580,191.269,30759.79261,0
1788267600000000,160.82,163.0,159.92,160.27,5397.192,1788271199999999,870349.87491,2477,1751.289,282727.52852,0
1788271200000000,160.28,161.74,159.55,161.57,1373.24,1788274799999999,220354.12075,905,658.453,105611.69209,0
1788274800000000,161.59,163.91,160.62,163.42,1665.038,1788278399999999,270740.88868,940,744.25,120943.91912,0
1788278400000000,163.43,163.47,160.83,161.64,2364.325,1788281999999999,384153.72051,979,497.255,80437.80496,0
1788282000000000,161.62,161.63,160.64,160.91,228.33,1788285599999999,36758.656,215,118.127,19020.75852,0
1788285600000000,160.95,161.03,158.61,159.41,1069.037,1788289199999999,170690.72341,480,329.314,52606.58245,0
1788289200000000,159.39,161.26,159.39,160.71,311.612,1788292799999999,50093.22894,388,207.212,33341.62627,0
1788292800000000,160.75,160.87,159.65,159.8,696.672,1788296399999999,111563.48732,378,89.672,14359.92037,0
1788296400000000,159.8,159.94,159.61,159.71,126.367,1788299999999999,20192.36735,86,68.417,10933.91888,0
1788300000000000,159.83,160.0,159.16,159.45,756.48,1788303599999999,120672.33061,474,424.889,67765.09478,0
1788303600000000,159.46,159.97,159.17,159.87,1112.243,1788307199999999,177518.00385,749,619.391,98852.28416,0
1788307200000000,159.82,161.77,159.54,160.55,937.429,1788310799999999,150602.52147,686,484.736,77877.46189,0
1788310800000000,160.47,161.09,159.6,160.07,564.516,1788314399999999,90552.73576,291,326.801,52415.67038,0
1788314400000000,160.04,160.23,159.43,159.91,550.551,1788317999999999,87968.07605,158,497.328,79465.51662,0
1788318000000000,159.99,160.07,159.58,159.69,56.445,1788321599999999,9020.23822,73,20.483,3273.61001,0
1788321600000000,159.58,159.58,159.06,159.26,153.061,1788325199999999,24368.3932,128,66.301,10560.07722,0
1788325200000000,159.33,160.23,159.0,159.63,1468.979,1788328799999999,233806.87964,320,1205.628,191861.15161,0
1788328800000000,159.68,159.68,159.09,159.15,49.591,1788332399999999,7899.25864,63,19.541,3112.77894,0
1788332400000000,159.17,159.52,159.17,159.31,180.357,1788335999999999,28730.79739,186,29.193,4650.47234,0
1788336000000000,159.3,159.34,158.13,158.4,2204.975,1788339599999999,350225.68075,790,670.815,106569.44885,0
1788339600000000,158.42,158.85,157.8,158.13,1480.406,1788343199999999,234292.7716,682,589.401,93306.93284,0
1788343200000000,158.15,158.22,157.9,158.14,134.098,1788346799999999,21193.283,81,43.443,6863.85804,0
1788346800000000,158.06,159.32,157.58,159.32,656.845,1788350399999999,103792.88361,315,116.312,18421.05796,0
1788350400000000,159.33,160.24,159.2,159.23,561.837,1788353999999999,89726.91765,343,240.388,38390.26807,0
1788354000000000,159.34,161.32,158.73,160.0,2572.909,1788357599999999,412172.23677,1534,764.988,122365.17218,0
1788357600000000,160.07,161.51,159.91,160.39,2094.219,1788361199999999,336755.42338,963,1295.137,208235.9929,0
1788361200000000,160.39,162.58,160.13,162.56,785.962,1788364799999999,127075.3843,571,313.964,50774.22359,0
1788364800000000,162.49,163.03,161.81,162.06,1525.689,1788368399999999,247882.68974,736,466.321,75826.03883,0
1788368400000000,162.08,162.8,161.84,162.76,421.335,1788371999999999,68394.07741,305,144.684,23498.52462,0
1788372000000000,162.76,164.76,162.47,164.19,1003.302,1788375599999999,164060.92863,618,371.055,60678.31424,0
1788375600000000,164.17,165.38,163.92,164.91,675.354,1788379199999999,111461.09527,507,129.191,21300.32683,0
1788379200000000,164.88,164.9,163.66,164.04,632.973,1788382799999999,103886.38336,416,341.376,56033.77384,0
1788382800000000,164.06,165.13,163.75,164.62,1195.916,1788386399999999,196911.0124,769,732.756,120668.21722,0
1788386400000000,164.56,164.64,164.21,164.21,248.213,1788389999999999,40799.41064,214,122.73,20172.03981,0
1788390000000000,164.16,164.74,163.99,164.39,293.603,1788393599999999,48285.54768,227,180.953,29767.16486,0
1788393600000000,164.36,164.62,162.38,162.8,816.996,1788397199999999,133452.9093,714,378.266,61797.28706,0
1788397200000000,162.87,163.99,162.83,162.85,554.572,1788400799999999,90531.64256,388,180.372,29471.78014,0
1788400800000000,162.83,163.52,162.83,163.18,708.061,1788404399999999,115564.02244,229,383.454,62595.7687,0
1788404400000000,163.11,163.56,162.99,163.51,84.189,1788407999999999,13747.01059,121,39.095,6382.6967,0
1788408000000000,163.59,164.01,163.03,163.03,115.817,1788411599999999,18968.79049,109,90.644,14846.39785,0
1788411600000000,162.95,162.95,157.37,160.48,12381.645,1788415199999999,1973951.16272,4013,1439.834,229836.41718,0
1788415200000000,160.39,160.91,159.7,159.7,500.318,1788418799999999,80164.35718,349,159.37,25537.71982,0
1788418800000000,159.69,160.71,159.69,160.29,263.157,1788422399999999,42172.87702,240,69.02,11060.9148,0
1788422400000000,160.35,161.09,160.07,160.2,1189.121,1788425999999999,190906.75665,449,456.608,73306.55879,0
1788426000000000,160.2,160.23,159.5,159.59,400.027,1788429599999999,63951.85152,176,246.021,39343.51378,0
1788429600000000,159.62,159.88,159.42,159.79,397.422,1788433199999999,63441.41899,173,149.462,23866.88163,0
1788433200000000,159.85,160.39,159.69,159.93,358.283,1788436799999999,57364.4395,247,160.359,25682.77858,0
1788436800000000,159.99,161.83,159.73,161.61,1039.739,1788440399999999,167250.87448,592,564.31,90746.35416,0
1788440400000000,161.6,161.79,158.23,159.74,3647.988,1788443999999999,585427.70238,1542,1179.628,188897.87021,0
1788444000000000,159.74,159.74,157.91,159.42,2992.398,1788447599999999,474541.48155,1162,1943.418,308152.69677,0
1788447600000000,159.47,161.81,159.37,161.43,1708.038,1788451199999999,273827.58622,829,1052.629,168591.51644,0
1788451200000000,161.35,163.24,160.99,162.78,961.037,1788454799999999,155581.52455,541,693.232,112168.14098,0
1788454800000000,162.78,163.59,161.75,163.21,300.395,1788458399999999,48897.92881,455,139.876,22754.56125,0
1788458400000000,163.25,164.51,163.25,164.07,1022.808,1788461999999999,167430.40517,490,776.26,127015.15003,0
1788462000000000,164.15,164.19,162.56,163.54,258.732,1788465599999999,42279.00945,421,116.121,18964.74494,0
1788465600000000,163.58,163.65,162.8,162.86,374.895,1788469199999999,61113.59073,220,211.886,34524.89775,0
1788469200000000,162.86,162.93,162.78,162.79,139.312,1788472799999999,22689.67062,86,122.109,19887.90634,0
1788472800000000,162.75,162.78,162.62,162.77,135.005,1788476399999999,21965.15363,98,100.997,16431.87701,0
1788476400000000,162.77,162.77,162.36,162.77,205.887,1788479999999999,33465.76653,225,95.41,15508.97809,0
1788480000000000,162.79,164.5,162.78,163.95,1620.853,1788483599999999,265501.1639,805,1229.467,201405.60496,0
1788483600000000,164.02,164.26,162.64,163.31,434.829,1788487199999999,71089.33089,451,163.973,26824.19146,0
1788487200000000,163.31,164.24,163.31,164.07,708.52,1788490799999999,116202.4025,270,577.262,94687.74163,0
1788490800000000,164.12,164.33,163.83,164.22,953.986,1788494399999999,156663.68775,208,915.948,150417.62836,0
1788494400000000,164.22,165.43,164.22,165.28,5010.504,1788497999999999,825713.50609,1490,4709.973,776135.90859,0
1788498000000000,165.23,166.77,164.99,165.79,5349.743,1788501599999999,888986.00067,2122,4410.029,732916.35539,0
1788501600000000,165.82,165.82,164.38,164.78,1582.951,1788505199999999,261390.54648,1091,685.429,113306.89801,0
1788505200000000,164.76,165.38,164.65,165.21,1096.972,1788508799999999,181131.16316,1109,425.758,70278.6334,0
1788508800000000,165.27,166.69,165.13,166.03,2634.929,1788512399999999,437469.42735,1796,927.715,154026.28009,0
1788512400000000,166.03,166.66,165.53,166.63,315.491,1788515999999999,52368.35092,220,129.617,21524.42543,0
1788516000000000,166.69,166.9,166.32,166.62,203.928,1788519599999999,33988.95465,229,138.063,23015.07667,0
1788519600000000,166.56,166.56,166.2,166.39,132.581,1788523199999999,22055.83405,141,60.31,10032.79997,0
1788523200000000,166.32,166.7,163.02,163.95,3931.677,1788526799999999,647167.70696,1882,1338.758,219982.5443,0
1788526800000000,163.93,170.22,163.55,169.94,6707.279,1788530399999999,1118128.88515,3636,3132.515,521268.23495,0
1788530400000000,169.87,170.44,168.64,169.9,2081.713,1788533999999999,353208.37222,1221,827.535,140464.03277,0
1788534000000000,169.88,170.88,169.59,170.8,1092.55,1788537599999999,185875.49729,752,472.281,80335.40433,0
1788537600000000,170.85,173.4,170.57,172.86,2956.528,1788541199999999,510306.77301,1442,257.282,44370.99415,0
1788541200000000,172.87,173.9,172.67,173.61,9195.813,1788544799999999,1593630.02883,3529,252.11,43701.21274,0
1788544800000000,173.62,174.36,173.18,174.26,1787.218,1788548399999999,310989.54693,1033,247.124,42966.25636,0
1788548400000000,174.31,177.5,174.11,176.86,6216.094,1788551999999999,1090103.39984,2789,796.827,139967.83345,0
1788552000000000,176.82,176.82,175.61,175.76,972.945,1788555599999999,171401.30651,549,296.86,52310.43661,0
1788555600000000,175.77,176.18,175.22,175.32,716.197,1788559199999999,125700.15468,412,470.031,82501.19466,0
1788559200000000,175.33,175.34,174.93,174.93,133.658,1788562799999999,23408.16817,144,59.931,10496.44254,0
1788562800000000,174.95,175.45,174.9,175.05,241.811,1788566399999999,42337.99172,234,95.325,16690.08628,0
1788566400000000,175.05,175.09,174.92,174.97,32.85,1788569999999999,5748.3582,67,7.991,1398.51314,0
1788570000000000,174.97,175.36,174.97,175.29,59.794,1788573599999999,10472.30243,83,26.745,4684.08087,0
1788573600000000,175.29,175.81,175.29,175.62,189.867,1788577199999999,33320.42852,235,105.627,18535.6052,0
1788577200000000,175.61,175.65,175.39,175.53,76.211,1788580799999999,13378.45271,234,42.353,7434.99803,0
1788580800000000,175.54,176.5,175.54,176.45,204.061,1788584399999999,35933.35068,248,140.808,24796.42522,0
1788584400000000,176.47,177.17,176.38,176.49,420.266,1788587999999999,74301.72286,686,223.554,39520.86916,0
1788588000000000,176.45,176.45,176.08,176.32,142.16,1788591599999999,25055.92705,216,23.645,4166.30639,0
1788591600000000,176.34,176.34,175.76,175.86,42.575,1788595199999999,7491.37179,87,6.964,1225.74697,0
1788595200000000,175.85,176.11,175.61,175.85,85.521,1788598799999999,15038.44548,127,48.512,8534.55063,0
1788598800000000,175.84,176.04,175.54,175.94,161.421,1788602399999999,28375.96063,174,39.824,6998.90009,0
1788602400000000,175.97,175.97,175.71,175.71,92.496,1788605999999999,16256.60687,91,74.128,13027.18269,0
1788606000000000,175.72,176.11,175.72,176.07,135.583,1788609599999999,23855.25778,117,116.49,20494.55402,0
1788609600000000,176.09,176.09,175.79,175.81,220.868,1788613199999999,38871.10136,539,92.271,16240.49677,0
1788613200000000,175.84,175.91,175.55,175.64,106.606,1788616799999999,18736.31366,193,40.066,7040.58944,0
1788616800000000,175.67,175.88,175.64,175.75,77.876,1788620399999999,13692.0051,185,60.246,10593.42291,0
1788620400000000,175.76,175.92,175.56,175.61,62.333,1788623999999999,10957.3843,112,43.142,7584.76084,0
1788624000000000,175.6,175.6,175.34,175.41,56.014,1788627599999999,9829.01322,91,11.519,2021.39942,0
1788627600000000,175.4,175.86,175.25,175.86,560.25,1788631199999999,98236.55535,221,350.518,61459.50855,0
1788631200000000,175.9,175.99,175.85,175.99,50.307,1788634799999999,8849.99185,115,18.378,3233.39426,0
1788634800000000,175.99,176.04,175.96,175.98,43.654,1788638399999999,7683.64244,111,7.32,1288.40464,0
1788638400000000,175.99,176.2,175.89,175.96,48.216,1788641999999999,8486.51926,71,6.419,1129.96673,0
1788642000000000,175.97,176.01,175.86,175.96,9.722,1788645599999999,1710.84962,37,2.81,494.49325,0
1788645600000000,175.98,176.06,175.98,176.01,12.938,1788649199999999,2277.22742,43,9.333,1642.67467,0
1788649200000000,176.0,176.03,175.86,175.92,9.061,1788652799999999,1594.44687,81,0.738,129.86874,0
1788652800000000,175.92,175.96,175.85,175.96,76.955,1788656399999999,13535.88374,106,55.971,9844.8837,0
1788656400000000,175.97,176.1,175.73,175.8,34.123,1788659999999999,6004.4307,75,7.062,1243.11793,0
1788660000000000,175.79,176.01,175.67,176.01,94.712,1788663599999999,16657.39596,278,44.364,7803.4788,0
1788663600000000,176.0,176.26,175.94,176.09,132.05,1788667199999999,23253.79394,157,105.142,18516.59122,0
1788667200000000,176.05,176.24,175.94,176.17,81.28,1788670799999999,14313.53388,76,60.783,10704.73445,0
1788670800000000,176.16,176.94,176.14,176.91,150.111,1788674399999999,26513.15711,218,111.523,19697.88563,0
1788674400000000,176.91,177.04,176.8,176.82,114.097,1788677999999999,20189.03076,131,47.824,8463.20848,0
1788678000000000,176.88,176.88,176.45,176.73,14.674,1788681599999999,2592.34608,38,8.2,1448.37356,0
1788681600000000,176.72,177.0,176.68,177.0,48.506,1788685199999999,8577.85283,82,24.57,4345.55676,0
1788685200000000,176.99,177.04,176.87,176.97,46.387,1788688799999999,8209.29624,71,21.837,3864.92533,0
1788688800000000,176.98,177.37,176.93,177.08,97.485,1788692399999999,17264.94512,166,55.282,9788.86519,0
1788692400000000,177.06,177.17,177.01,177.14,77.871,1788695999999999,13787.91492,82,15.116,2676.75571,0
1788696000000000,177.13,177.81,177.08,177.65,248.643,1788699599999999,44143.1486,300,157.078,27887.40862,0
1788699600000000,177.7,178.01,176.37,176.4,465.504,1788703199999999,82419.26022,378,66.41,11785.94604,0
1788703200000000,176.45,176.45,175.16,175.26,700.043,1788706799999999,123019.42776,622,123.277,21650.44915,0
1788706800000000,175.35,176.34,175.05,176.26,140.768,1788710399999999,24719.72077,455,74.69,13124.08371,0
1788710400000000,176.22,176.22,175.62,175.64,68.261,1788713999999999,12007.90702,178,38.507,6775.33878,0
1788714000000000,175.68,176.44,175.6,176.38,36.367,1788717599999999,6400.38769,111,21.954,3865.71541,0
1788717600000000,176.4,176.66,176.23,176.66,88.258,1788721199999999,15568.83039,103,61.443,10837.12316,0
1788721200000000,176.71,177.07,176.71,176.82,145.038,1788724799999999,25666.27009,142,95.959,16982.07575,0
1788724800000000,176.79,176.99,176.74,176.83,21.69,1788728399999999,3836.16844,68,5.898,1043.22706,0
1788728400000000,176.83,176.91,176.53,176.91,113.009,1788731999999999,19968.78279,134,89.144,15750.91036,0
1788732000000000,176.94,177.01,176.31,176.34,78.497,1788735599999999,13875.97008,215,42.677,7545.46653,0
1788735600000000,176.26,176.92,175.94,176.82,174.475,1788739199999999,30761.43286,222,70.547,12436.7585,0
1788739200000000,176.91,178.59,176.72,178.27,1088.591,1788742799999999,193824.26261,951,736.04,131084.05972,0
1788742800000000,178.35,178.92,176.77,176.98,608.023,1788746399999999,108155.57885,510,196.021,34944.82398,0
1788746400000000,177.01,177.01,176.68,176.9,461.989,1788749999999999,81684.88242,280,229.287,40543.957,0
1788750000000000,176.93,177.62,176.71,177.62,193.559,1788753599999999,34291.80539,204,144.06,25530.1148,0
1788753600000000,177.68,179.36,177.68,178.99,1557.061,1788757199999999,278586.39003,3537,826.199,147756.81164,0
1788757200000000,178.91,179.31,178.24,179.22,160.158,1788760799999999,28628.86123,497,65.382,11691.35881,0
1788760800000000,179.2,180.61,178.91,180.27,559.691,1788764399999999,100679.91123,699,381.729,68688.43187,0
1788764400000000,180.27,180.27,179.07,179.55,754.314,1788767999999999,135325.47708,1637,523.267,93851.58387,0
1788768000000000,179.52,179.83,179.35,179.79,181.888,1788771599999999,32665.15472,808,93.761,16840.92854,0
1788771600000000,179.86,180.2,179.65,179.97,765.835,1788775199999999,137886.80692,757,184.291,33173.12328,0
1788775200000000,180.11,180.55,179.72,179.74,121.034,1788778799999999,21802.04685,190,48.968,8825.36474,0
1788778800000000,179.72,179.87,179.31,179.72,157.763,1788782399999999,28338.75253,240,25.407,4563.51816,0
1788782400000000,179.72,179.79,179.14,179.4,167.28,1788785999999999,30033.17399,171,59.523,10679.51082,0
1788786000000000,179.39,180.13,179.39,180.13,133.576,1788789599999999,24026.24845,141,114.286,20558.76768,0
1788789600000000,180.12,180.36,179.6,180.16,122.801,1788793199999999,22102.84233,246,53.81,9690.97242,0
1788793200000000,180.16,180.2,179.62,179.75,39.631,1788796799999999,7133.42258,110,7.885,1420.20807,0
1788796800000000,179.79,181.1,179.79,180.86,604.422,1788800399999999,108902.56124,493,271.352,48918.18051,0
1788800400000000,180.9,181.84,180.86,181.61,219.893,1788803999999999,39887.7744,399,80.156,14537.20449,0
1788804000000000,181.61,181.76,181.1,181.55,68.695,1788807599999999,12463.01717,214,26.098,4735.35811,0
1788807600000000,181.58,181.8,181.57,181.74,37.569,1788811199999999,6825.73869,87,13.921,2529.20789,0
1788811200000000,181.73,181.73,181.37,181.53,43.69,1788814799999999,7931.65609,104,9.076,1647.34678,0
1788814800000000,181.53,182.36,181.47,182.0,168.08,1788818399999999,30565.32391,241,119.706,21764.93624,0
1788818400000000,182.05,182.05,180.84,180.84,102.687,1788821999999999,18621.79206,211,10.093,1832.13005,0
1788822000000000,180.8,181.66,180.01,181.24,288.184,1788825599999999,52100.49151,629,75.736,13701.81173,0
1788825600000000,181.15,186.77,180.31,186.33,3754.008,1788829199999999,690049.35605,2980,1812.559,334621.61091,0
1788829200000000,186.35,186.93,184.95,186.65,1656.924,1788832799999999,307913.24716,1105,1474.929,274061.97594,0
1788832800000000,186.67,186.74,185.39,186.15,2543.729,1788836399999999,473466.19283,941,2336.242,434852.0113,0
1788836400000000,186.16,188.81,186.11,188.59,732.468,1788839999999999,137529.04267,925,476.868,89495.11317,0
1788840000000000,188.55,188.78,186.26,186.35,1308.807,1788843599999999,245012.43378,918,826.051,154338.53681,0
1788843600000000,186.3,186.61,183.13,183.24,2854.973,1788847199999999,527510.93115,1721,2210.779,408656.94922,0
1788847200000000,183.31,183.41,180.25,181.9,2325.212,1788850799999999,422106.11097,1745,1491.367,270734.2872,0
1788850800000000,181.86,182.55,180.5,180.82,310.077,1788854399999999,56218.74641,569,234.643,42510.4104,0
1788854400000000,180.9,180.91,179.2,180.39,1345.721,1788857999999999,242535.64233,1336,846.404,152629.52023,0
1788858000000000,180.39,182.08,179.92,181.78,231.457,1788861599999999,41978.00404,571,117.077,21238.62444,0
1788861600000000,181.75,182.5,181.4,182.0,316.518,1788865199999999,57584.84217,459,146.839,26741.12244,0
1788865200000000,181.9,182.4,180.43,180.75,373.726,1788868799999999,67624.88056,543,135.983,24615.25952,0
1788868800000000,180.66,181.84,179.53,181.64,599.006,1788872399999999,108099.75753,941,371.368,66984.67608,0
1788872400000000,181.65,187.84,181.36,187.25,17196.885,1788875999999999,3183402.34955,6990,2998.711,552154.32766,0
1788876000000000,187.29,188.75,186.2,188.05,2761.162,1788879599999999,517627.60392,2568,487.749,91472.82841,0
1788879600000000,188.08,189.75,187.02,188.7,1312.052,1788883199999999,247595.9521,1774,487.81,91974.31908,0
1788883200000000,188.73,189.2,186.21,186.4,443.819,1788886799999999,83457.60797,971,169.023,31731.67054,0
1788886800000000,186.45,187.62,186.37,186.6,147.879,1788890399999999,27668.59213,709,98.865,18501.05738,0
1788890400000000,186.67,188.1,186.32,187.15,193.959,1788893999999999,36347.86403,521,135.954,25475.95146,0
1788894000000000,187.21,187.24,184.04,185.43,702.84,1788897599999999,130092.3128,1105,177.511,32840.11123,0
1788897600000000,185.34,185.75,184.73,185.33,141.276,1788901199999999,26157.41987,248,13.039,2414.74348,0
1788901200000000,185.33,185.64,184.98,185.3,101.52,1788904799999999,18821.26035,216,80.095,14849.33257,0
1788904800000000,185.33,185.52,185.0,185.2,65.137,1788908399999999,12062.50675,185,26.138,4840.8732,0
1788908400000000,185.15,185.72,184.13,184.55,76.506,1788911999999999,14158.95454,335,39.198,7258.90094,0
1788912000000000,184.45,188.29,184.35,187.97,651.79,1788915599999999,121374.93636,1236,398.515,74297.14819,0
1788915600000000,187.99,188.73,187.04,187.6,285.047,1788919199999999,53468.9606,643,231.957,43491.57724,0
1788919200000000,187.65,189.55,187.65,188.78,920.432,1788922799999999,173842.35505,677,792.73,149747.35754,0
1788922800000000,188.75,189.07,186.75,187.02,714.663,1788926399999999,134273.10508,808,392.019,73660.68304,0
1788926400000000,186.98,188.4,186.37,188.2,381.074,1788929999999999,71350.94642,626,274.217,51315.66468,0
1788930000000000,188.18,188.37,186.95,187.9,198.943,1788933599999999,37343.86755,609,156.172,29315.60956,0
1788933600000000,187.88,188.66,187.79,188.19,287.52,1788937199999999,54092.64092,523,188.431,35448.55971,0
1788937200000000,188.16,188.22,187.58,188.04,85.334,1788940799999999,16031.77491,280,50.078,9406.84183,0
1788940800000000,188.02,188.63,187.83,188.38,283.367,1788944399999999,53362.74438,542,110.631,20825.56003,0
1788944400000000,188.3,188.3,185.65,185.96,1218.927,1788947999999999,227175.81093,839,299.462,55873.31991,0
1788948000000000,185.84,186.58,184.95,186.05,968.61,1788951599999999,179716.21449,751,704.328,130660.7323,0
1788951600000000,186.09,186.81,185.6,186.32,345.8,1788955199999999,64447.94478,422,193.315,36035.3954,0
1788955200000000,186.3,186.74,185.86,186.45,490.909,1788958799999999,91472.68022,473,307.47,57289.35679,0
1788958800000000,186.45,196.26,186.37,195.89,7271.13,1788962399999999,1394143.83803,4196,2286.169,437665.81293,0
1788962400000000,195.86,195.95,193.14,195.34,3515.719,1788965999999999,684461.692,2762,1397.141,272057.70325,0
1788966000000000,195.36,196.1,193.07,193.7,2811.527,1788969599999999,546538.66592,2367,1742.955,339127.93609,0
1788969600000000,193.74,194.84,192.45,194.13,1127.544,1788973199999999,218206.66889,1047,455.198,88203.66738,0
1788973200000000,194.12,196.07,193.9,195.44,492.022,1788976799999999,95840.98796,765,335.508,65340.50834,0
1788976800000000,195.43,198.49,195.43,198.14,2083.387,1788980399999999,411124.35353,1816,1309.784,258387.92255,0
1788980400000000,198.07,199.66,196.96,198.61,4054.151,1788983999999999,805586.49993,2238,2806.792,557858.31605,0
1788984000000000,198.54,198.58,197.93,198.14,1517.879,1788987599999999,300900.61255,780,782.092,155024.18116,0
1788987600000000,198.12,198.3,197.26,197.26,1037.439,1788991199999999,205240.43695,464,290.302,57504.21831,0
1788991200000000,197.27,197.5,196.55,196.91,3229.148,1788994799999999,635255.01986,1530,195.518,38500.23264,0
1788994800000000,196.89,197.69,195.45,196.44,7986.36,1788998399999999,1567714.29361,2813,1056.524,207556.78915,0
1788998400000000,196.46,197.29,191.91,191.91,1235.783,1789001999999999,240127.72785,1906,474.378,91975.04968,0
1789002000000000,192.0,193.28,190.88,193.28,375.21,1789005599999999,72032.05818,1003,193.212,37123.54114,0
1789005600000000,193.2,194.71,192.51,193.75,441.342,1789009199999999,85248.37282,722,117.705,22771.28824,0
1789009200000000,193.74,194.39,192.57,192.72,484.901,1789012799999999,93612.0953,700,116.029,22418.13894,0
1789012800000000,192.72,194.63,192.7,194.62,788.355,1789016399999999,152860.25401,754,644.672,124988.23198,0
1789016400000000,194.64,195.36,193.58,194.1,1062.252,1789019999999999,206977.72264,783,891.14,173749.84971,0
1789020000000000,194.11,194.55,193.58,193.81,111.085,1789023599999999,21554.79511,411,44.918,8718.18558,0
1789023600000000,193.85,193.88,192.64,193.46,33.467,1789027199999999,6463.45272,308,12.305,2376.26376,0
1789027200000000,193.41,193.6,192.06,192.07,305.811,1789030799999999,59045.96355,573,134.16,25889.18384,0
1789030800000000,192.05,192.45,191.05,191.75,943.18,1789034399999999,180686.43518,819,896.851,171806.99686,0
1789034400000000,191.74,192.34,191.28,191.9,2032.088,1789037999999999,390069.13177,1480,1821.89,349766.95123,0
1789038000000000,191.85,192.36,190.83,191.2,1953.326,1789041599999999,373599.66127,1256,1116.108,213247.60515,0
1789041600000000,191.19,191.73,188.1,189.03,3387.416,1789045199999999,644812.06016,1910,928.685,177339.56966,0
1789045200000000,188.95,191.4,187.32,187.65,5343.571,1789048799999999,1014409.59692,4579,2092.644,396738.50254,0
1789048800000000,187.59,191.27,187.56,191.0,2027.736,1789052399999999,384436.29743,2396,1489.878,282941.74722,0
1789052400000000,191.02,193.44,190.4,192.93,346.18,1789055999999999,66459.15887,1284,155.168,29838.98033,0
1789056000000000,192.91,193.25,189.71,190.9,416.505,1789059599999999,79438.12601,1018,106.865,20431.1694,0
1789059600000000,190.94,191.62,190.63,191.2,634.901,1789063199999999,121439.38757,627,554.714,106124.10453,0
1789063200000000,191.15,191.29,190.3,190.65,63.056,1789066799999999,12026.58702,516,28.944,5520.14707,0
1789066800000000,190.55,190.61,188.23,188.35,360.109,1789070399999999,68079.61531,804,155.798,29411.55971,0
1789070400000000,188.38,188.87,187.77,188.51,262.021,1789073999999999,49368.26534,377,216.543,40805.27234,0
1789074000000000,188.51,189.38,188.47,188.79,303.022,1789077599999999,57316.71245,361,234.569,44386.23654,0
1789077600000000,188.8,188.98,187.67,187.87,372.628,1789081199999999,70066.72629,344,27.937,5262.27084,0
1789081200000000,187.85,187.85,185.88,186.11,301.68,1789084799999999,56431.73068,975,111.362,20827.88307,0
1789084800000000,186.14,187.5,185.32,187.41,520.639,1789088399999999,96988.48805,1063,198.455,37012.58979,0
1789088400000000,187.38,187.4,185.85,186.44,1129.825,1789091999999999,210507.75669,1287,465.977,86953.5442,0
1789092000000000,186.49,187.25,186.25,186.75,80.568,1789095599999999,15053.98265,494,33.747,6301.6701,0
1789095600000000,186.76,187.15,185.7,186.75,74.104,1789099199999999,13825.32502,407,34.717,6476.20779,0
1789099200000000,186.79,189.25,186.55,187.94,265.091,1789102799999999,49850.07847,716,94.225,17717.49766,0
1789102800000000,187.93,190.63,187.62,190.04,300.529,1789106399999999,56928.06273,816,116.603,22108.95292,0
1789106400000000,190.02,190.6,189.65,190.57,41.407,1789109999999999,7871.73897,573,22.373,4253.06634,0
1789110000000000,190.6,191.11,190.12,190.34,115.424,1789113599999999,21995.45623,292,58.501,11152.50419,0
1789113600000000,190.29,191.3,189.85,191.05,385.915,1789117199999999,73624.93613,617,139.706,26655.80895,0
1789117200000000,191.1,191.25,190.28,190.74,120.914,1789120799999999,23049.37748,350,38.59,7360.37517,0
1789120800000000,190.66,191.03,190.0,190.54,81.567,1789124399999999,15536.18666,434,48.692,9275.01054,0
1789124400000000,190.49,190.89,189.34,190.79,231.375,1789127999999999,44006.92035,763,158.709,30165.5169,0
1789128000000000,190.79,194.2,188.78,193.86,1955.05,1789131599999999,374180.66996,6926,696.727,133571.8486,0
1789131600000000,193.87,194.68,187.96,189.29,2500.568,1789135199999999,479588.66788,9715,1152.93,220358.62585,0
1789135200000000,189.26,191.13,187.22,189.79,1915.507,1789138799999999,363329.37628,6608,981.567,185676.19192,0
1789138800000000,189.79,192.12,189.13,191.72,969.156,1789142399999999,184745.91423,4524,502.044,95734.7152,0
1789142400000000,191.72,192.09,189.41,190.28,615.607,1789145999999999,117242.83216,3460,313.02,59624.694,0
1789146000000000,190.28,191.51,189.8,190.82,917.176,1789149599999999,174597.75352,2840,756.465,143958.22849,0
1789149600000000,190.84,191.5,189.98,190.29,259.442,1789153199999999,49504.47479,2207,119.042,22713.87715,0
1789153200000000,190.29,190.44,189.79,189.95,140.635,1789156799999999,26731.11701,1057,75.871,14419.95942,0
1789156800000000,190.0,190.13,189.7,189.93,81.209,1789160399999999,15417.92613,591,39.675,7532.35441,0
1789160400000000,189.95,190.08,189.86,189.9,52.574,1789163999999999,9987.98789,465,23.294,4425.28909,0
1789164000000000,189.91,190.27,189.91,190.09,64.021,1789167599999999,12171.65731,835,31.459,5980.75829,0
1789167600000000,190.08,190.39,190.03,190.37,242.465,1789171199999999,46143.05444,716,196.381,37378.82368,0
1789171200000000,190.37,191.12,190.37,191.06,244.687,1789174799999999,46720.59683,1336,83.552,15954.30588,0
1789174800000000,191.05,191.14,190.87,191.03,52.136,1789178399999999,9959.03054,713,26.156,4996.41789,0
1789178400000000,191.03,191.41,190.94,191.24,592.859,1789181999999999,113370.02983,863,556.163,106353.80298,0
1789182000000000,191.24,191.41,191.16,191.37,67.356,1789185599999999,12882.73222,664,37.728,7216.29404,0
1789185600000000,191.39,191.43,191.08,191.13,72.992,1789189199999999,13957.59554,900,36.444,6969.2062,0
1789189200000000,191.14,191.45,191.02,191.19,105.522,1789192799999999,20181.97649,1250,45.17,8640.58636,0
1789192800000000,191.23,191.23,190.52,190.59,78.631,1789196399999999,15009.84474,921,41.894,7997.36154,0
1789196400000000,190.57,191.11,190.5,190.96,80.747,1789199999999999,15403.94381,901,43.979,8390.47057,0
1789200000000000,190.95,190.95,190.53,190.63,71.69,1789203599999999,13675.35069,898,32.188,6140.48982,0
1789203600000000,190.63,190.69,190.24,190.4,68.852,1789207199999999,13113.80316,1075,29.791,5674.58431,0
1789207200000000,190.4,190.55,190.24,190.44,46.308,1789210799999999,8818.27905,734,23.109,4400.63491,0
1789210800000000,190.43,190.91,190.36,190.83,116.274,1789214399999999,22173.58338,1115,63.005,12016.32419,0
1789214400000000,190.81,190.87,190.59,190.65,52.852,1789217999999999,10080.62559,718,23.972,4572.49162,0
1789218000000000,190.63,190.65,189.93,189.98,115.097,1789221599999999,21885.13219,1029,65.572,12466.46271,0
1789221600000000,189.98,190.19,189.96,190.04,88.113,1789225199999999,16747.86803,916,38.828,7380.51733,0
1789225200000000,190.05,190.57,190.04,190.47,101.69,1789228799999999,19353.43824,1151,45.063,8575.77236,0
1789228800000000,190.47,190.54,190.23,190.46,59.259,1789232399999999,11284.41613,856,28.271,5383.59019,0
1789232400000000,190.45,190.47,189.95,190.25,50.866,1789235999999999,9673.81684,630,20.542,3906.3067,0
1789236000000000,190.26,190.26,189.97,189.99,42.751,1789239599999999,8128.12609,385,16.693,3173.90844,0
1789239600000000,190.0,190.04,187.5,187.9,481.783,1789243199999999,90906.13978,1373,298.669,56387.681,0
1789243200000000,187.89,187.89,186.33,186.93,1198.175,1789246799999999,223761.31911,938,499.583,93337.58638,0
1789246800000000,186.93,187.25,186.77,187.21,94.316,1789250399999999,17646.18304,398,37.231,6966.9281,0
1789250400000000,187.24,187.4,186.88,187.37,52.944,1789253999999999,9911.60096,331,22.979,4300.48913,0
1789254000000000,187.39,187.77,187.38,187.7,91.092,1789257599999999,17088.40262,355,68.228,12797.84924,0
1789257600000000,187.71,188.07,187.01,187.96,259.99,1789261199999999,48829.7415,1112,102.608,19267.0793,0
1789261200000000,187.96,188.26,187.49,187.6,143.037,1789264799999999,26897.2238,410,58.585,11019.44634,0
1789264800000000,187.61,187.61,187.3,187.31,30.461,1789268399999999,5709.93515,318,17.869,3349.57375,0
1789268400000000,187.32,187.46,187.12,187.24,51.602,1789271999999999,9663.04865,520,28.312,5301.2861,0
1789272000000000,187.21,187.4,187.12,187.25,35.548,1789275599999999,6656.22351,602,19.085,3573.64525,0
1789275600000000,187.26,187.28,186.25,186.46,299.826,1789279199999999,55941.50153,880,148.407,27682.78415,0
1789279200000000,186.47,186.49,185.62,185.74,129.553,1789282799999999,24102.84948,684,60.628,11281.20743,0
1789282800000000,185.71,185.89,185.38,185.56,368.388,1789286399999999,68363.672,860,304.014,56416.30334,0
1789286400000000,185.58,185.58,183.15,183.43,464.086,1789289999999999,85583.86807,1452,123.69,22794.7848,0
1789290000000000,183.4,184.3,182.34,183.02,312.255,1789293599999999,57209.96072,1576,127.356,23342.07777,0
1789293600000000,183.01,183.19,182.11,182.41,189.611,1789297199999999,34646.44292,1007,46.722,8532.51766,0
1789297200000000,182.4,182.98,182.15,182.9,354.845,1789300799999999,64768.18822,792,60.078,10975.76938,0
1789300800000000,182.91,182.93,181.66,181.8,381.706,1789304399999999,69561.8613,818,191.584,34923.73299,0
1789304400000000,181.84,182.36,180.6,181.7,481.478,1789307999999999,87336.25519,1562,255.402,46335.95867,0
1789308000000000,181.69,182.05,180.95,181.76,193.148,1789311599999999,35093.86459,1232,117.6,21369.60126,0
1789311600000000,181.74,181.87,180.8,181.12,123.615,1789315199999999,22413.43855,987,48.73,8837.64279,0
1789315200000000,181.15,181.93,181.05,181.65,208.315,1789318799999999,37798.31237,1102,96.028,17427.00301,0
1789318800000000,181.65,182.34,181.62,182.2,139.007,1789322399999999,25312.7694,840,90.74,16524.05365,0
1789322400000000,182.16,182.33,181.78,181.99,105.571,1789325999999999,19233.28718,405,75.005,13664.83702,0
1789326000000000,181.95,182.01,180.48,180.81,105.147,1789329599999999,19050.67026,343,27.539,4992.02826,0
1789329600000000,180.8,181.28,180.73,181.2,44.84,1789333199999999,8116.39875,242,34.131,6178.15202,0
1789333200000000,181.15,181.69,181.03,181.53,109.515,1789336799999999,19871.96433,224,82.521,14976.24143,0
1789336800000000,181.54,181.97,180.35,181.25,334.172,1789340399999999,60575.68765,1025,174.92,31726.34144,0
1789340400000000,181.22,183.32,179.54,179.54,866.599,1789343999999999,157402.97671,1624,596.265,108428.56987,0
1789344000000000,179.65,182.24,179.63,180.51,754.9,1789347599999999,136899.10567,1711,284.55,51564.65995,0
1789347600000000,180.47,182.1,178.59,182.03,1026.445,1789351199999999,184894.50103,1614,668.818,120600.25759,0
1789351200000000,182.02,182.69,181.46,181.69,421.85,1789354799999999,76914.99544,1188,267.123,48720.04838,0
1789354800000000,181.65,181.8,180.4,180.7,188.254,1789358399999999,34071.75772,639,99.927,18070.5267,0
1789358400000000,180.74,181.05,179.9,180.17,120.047,1789361999999999,21656.76102,674,47.268,8529.88602,0
1789362000000000,180.15,180.46,179.08,179.58,170.57,1789365599999999,30650.46435,702,94.223,16934.69296,0
1789365600000000,179.6,179.79,178.79,179.16,268.256,1789369199999999,48083.41941,1152,67.104,12032.87134,0
1789369200000000,179.2,179.25,178.22,178.33,382.168,1789372799999999,68234.84059,921,65.167,11645.26786,0
1789372800000000,178.31,178.6,177.26,177.44,791.158,1789376399999999,140756.24397,1048,268.819,47773.7061,0
1789376400000000,177.4,177.8,176.48,177.42,836.219,1789379999999999,148121.42051,1141,585.277,103718.04468,0
1789380000000000,177.43,177.52,176.34,176.81,438.107,1789383599999999,77477.53759,752,317.255,56104.11038,0
1789383600000000,176.85,177.16,176.06,176.39,241.959,1789387199999999,42695.23973,900,173.246,30564.83665,0
1789387200000000,176.36,176.71,175.6,175.82,1225.347,1789390799999999,215797.49421,1163,852.423,150088.78044,0
1789390800000000,175.77,178.89,174.69,176.92,1749.766,1789394399999999,307350.61883,3177,1384.224,243013.10392,0
1789394400000000,176.9,179.83,175.24,175.93,5975.977,1789397999999999,1066850.36984,3807,1703.758,302018.38653,0
1789398000000000,175.88,176.81,174.78,176.4,550.459,1789401599999999,96584.82448,2098,350.072,61428.87746,0
1789401600000000,176.37,177.46,175.41,176.97,245.788,1789405199999999,43351.5537,1702,154.878,27315.75381,0
1789405200000000,176.95,177.35,176.48,177.33,163.034,1789408799999999,28845.36009,1244,62.407,11043.2377,0
1789408800000000,177.37,177.55,176.5,176.8,86.154,1789412399999999,15248.54778,880,40.742,7211.23165,0
1789412400000000,176.83,176.85,175.0,175.61,339.783,1789415999999999,59681.70142,891,72.639,12761.51019,0
1789416000000000,175.61,176.5,175.03,176.27,177.957,1789419599999999,31282.80151,388,64.828,11404.85367,0
1789419600000000,176.3,176.6,176.2,176.56,39.896,1789423199999999,7037.5746,258,23.96,4226.70155,0
1789423200000000,176.55,176.65,176.31,176.6,28.429,1789426799999999,5016.77108,129,17.877,3155.18309,0
1789426800000000,176.6,178.0,176.45,177.51,403.976,1789430399999999,71698.65551,748,179.259,31811.3862,0
1789430400000000,177.49,179.39,177.27,178.17,459.131,1789433999999999,81951.27331,1490,275.975,49236.28668,0
1789434000000000,178.16,179.02,177.86,178.51,110.798,1789437599999999,19771.20444,654,52.986,9462.39693,0
1789437600000000,178.51,179.49,178.26,179.3,169.868,1789441199999999,30408.27157,640,100.983,18077.90313,0
1789441200000000,179.25,179.39,177.81,177.84,207.692,1789444799999999,37072.5594,830,67.276,12020.63883,0
1789444800000000,177.82,178.05,176.37,176.37,822.968,1789448399999999,145562.36528,1239,153.18,27152.6305,0
1789448400000000,176.42,176.99,175.27,175.8,262.795,1789451999999999,46272.237,1085,117.823,20746.15628,0
1789452000000000,175.85,176.3,175.56,176.28,124.377,1789455599999999,21892.4019,787,47.42,8346.66602,0
1789455600000000,176.29,176.79,176.19,176.35,361.057,1789459199999999,63710.51865,605,308.714,54475.29325,0
1789459200000000,176.35,176.36,175.05,175.17,175.329,1789462799999999,30798.48981,797,109.898,19312.59074,0
1789462800000000,175.15,176.53,174.89,176.23,438.871,1789466399999999,76914.00723,825,395.555,69318.91882,0
1789466400000000,176.21,177.18,176.21,177.16,1462.205,1789469999999999,258649.94631,1189,1303.576,230597.57383,0
1789470000000000,177.17,177.78,176.9,177.41,173.335,1789473599999999,30748.26807,741,85.491,15166.20847,0
1789473600000000,177.43,177.9,177.04,177.49,1096.548,1789477199999999,194617.35661,1196,974.291,172911.11499,0
1789477200000000,177.49,180.96,176.91,179.19,2933.292,1789480799999999,523510.64804,3418,1546.033,275358.91825,0
1789480800000000,179.14,179.8,176.44,176.75,837.655,1789484399999999,149231.45381,1826,331.669,58860.54204,0
1789484400000000,176.8,177.0,173.01,173.19,1448.696,1789487999999999,253679.64185,2555,666.13,116430.9316,0
1789488000000000,173.21,173.94,172.44,173.68,893.846,1789491599999999,154782.93429,1274,458.959,79603.83898,0
1789491600000000,173.75,174.3,173.42,173.65,119.04,1789495199999999,20685.78994,839,60.458,10508.64763,0
1789495200000000,173.66,174.13,173.4,173.7,1019.057,1789498799999999,176974.20966,973,970.542,168544.47346,0
1789498800000000,173.72,174.9,173.34,174.9,448.728,1789502399999999,78113.48608,778,228.133,39634.37217,0
1789502400000000,174.92,174.99,174.43,174.72,13.84,1789505999999999,2417.02365,146,9.407,1642.77611,0
1789506000000000,174.7,174.7,174.28,174.3,28.445,1789509599999999,4961.36529,207,19.911,3472.0378,0
1789509600000000,174.3,174.86,174.26,174.66,83.786,1789513199999999,14629.76232,226,62.487,10910.78055,0
1789513200000000,174.66,174.87,174.43,174.43,28.532,1789516799999999,4984.11696,338,13.092,2287.14216,0
1789516800000000,174.5,177.2,174.42,176.74,366.696,1789520399999999,64608.56724,1390,123.784,21796.31346,0
1789520400000000,176.72,176.72,175.49,175.49,267.909,1789523999999999,47264.56546,676,94.252,16631.60289,0
1789524000000000,175.49,177.38,175.49,177.38,737.858,1789527599999999,130144.49508,752,409.077,72124.184,0
1789527600000000,177.36,178.69,177.36,178.56,412.57,1789531199999999,73354.08533,748,175.192,31138.77513,0
1789531200000000,178.57,179.6,178.57,178.96,337.46,1789534799999999,60441.49394,522,205.019,36726.15126,0
1789534800000000,178.95,179.94,178.54,179.7,624.592,1789538399999999,112007.54332,897,452.85,81169.59715,0
1789538400000000,179.67,180.79,179.51,180.55,1069.624,1789541999999999,192817.03772,972,993.508,179089.10635,0
1789542000000000,180.58,180.7,180.11,180.23,220.093,1789545599999999,39680.75334,750,139.622,25164.85359,0
1789545600000000,180.22,180.76,179.47,180.42,494.443,1789549199999999,89088.46709,924,251.801,45384.82394,0
1789549200000000,180.45,181.42,180.06,180.91,193.563,1789552799999999,34985.96755,715,68.439,12371.03219,0
1789552800000000,180.89,180.89,179.51,180.29,288.676,1789556399999999,51968.33492,626,65.983,11880.62568,0
1789556400000000,180.27,181.3,179.7,180.86,245.088,1789559999999999,44262.28389,784,66.727,12053.94645,0
1789560000000000,180.85,180.97,180.12,180.33,238.529,1789563599999999,43101.62858,712,56.556,10221.95797,0
1789563600000000,180.35,181.19,178.61,179.79,1224.957,1789567199999999,220600.81947,3022,489.097,88084.38547,0
1789567200000000,179.79,179.95,178.37,179.27,299.84,1789570799999999,53694.88319,1278,171.899,30808.57413,0
1789570800000000,179.3,179.92,178.84,179.05,353.98,1789574399999999,63518.74658,1836,176.909,31757.92407,0
1789574400000000,179.07,179.1,177.8,177.8,258.414,1789577999999999,46074.94664,1107,95.947,17122.30795,0
1789578000000000,177.8,179.03,176.3,178.76,383.926,1789581599999999,68055.66702,1465,145.279,25778.80605,0
1789581600000000,178.76,179.5,173.98,174.3,1334.938,1789585199999999,236147.10832,3257,754.073,133118.44836,0
1789585200000000,174.31,175.02,173.01,175.01,565.686,1789588799999999,98452.60869,1726,222.339,38639.82938,0
1789588800000000,174.99,176.33,174.86,176.22,282.023,1789592399999999,49582.67439,556,65.229,11462.39095,0
1789592400000000,176.26,177.37,176.17,177.16,405.61,1789595999999999,71694.7283,341,41.048,7259.45159,0
1789596000000000,177.16,178.38,177.03,177.79,147.106,1789599599999999,26174.27872,540,83.292,14819.71474,0
1789599600000000,177.71,179.8,177.71,179.34,425.809,1789603199999999,76200.87238,678,284.385,50880.30974,0
1789603200000000,179.3,180.39,177.31,178.09,516.923,1789606799999999,92526.22198,1519,358.591,64256.3198,0
1789606800000000,178.05,178.68,177.22,177.5,165.233,1789610399999999,29430.73615,535,64.162,11435.25589,0
1789610400000000,177.46,177.67,176.92,177.55,851.724,1789613999999999,151008.21097,706,46.449,8232.9126,0
1789614000000000,177.5,178.55,177.39,178.54,342.039,1789617599999999,60739.60381,416,18.652,3319.46238,0
1789617600000000,178.56,179.67,178.46,179.14,914.42,1789621199999999,163738.90978,510,857.889,153617.53506,0
1789621200000000,179.05,179.05,177.3,177.35,89.586,1789624799999999,15973.70568,665,27.615,4926.60854,0
1789624800000000,177.38,177.95,177.38,177.92,55.212,1789628399999999,9812.34482,262,22.023,3915.42928,0
1789628400000000,177.9,178.5,177.79,178.14,189.594,1789631999999999,33732.2209,384,17.721,3158.55102,0
1789632000000000,178.14,179.08,178.06,178.95,270.475,1789635599999999,48316.03446,896,182.812,32669.02636,0
1789635600000000,178.97,179.43,178.61,178.81,115.516,1789639199999999,20678.72157,527,29.104,5208.76593,0
1789639200000000,178.8,179.63,178.79,179.5,100.131,1789642799999999,17962.21282,533,60.59,10871.91305,0
1789642800000000,179.53,180.03,179.41,179.69,172.09,1789646399999999,30926.34783,632,106.58,19155.67065,0
1789646400000000,179.7,181.33,179.58,181.1,269.531,1789649999999999,48689.60607,973,158.469,28616.31072,0
1789650000000000,181.1,185.31,181.1,184.4,3072.852,1789653599999999,562701.25343,4270,645.611,118178.22438,0
1789653600000000,184.45,184.63,181.87,182.0,400.396,1789657199999999,73208.07153,1948,149.557,27364.40498,0
1789657200000000,181.99,182.78,181.44,182.59,303.352,1789660799999999,55200.63861,1169,117.857,21453.17772,0
1789660800000000,182.6,183.35,182.1,183.27,390.806,1789664399999999,71453.68428,997,196.824,35977.93532,0
1789664400000000,183.3,184.3,183.1,184.05,664.097,1789667999999999,122085.4954,1059,142.343,26155.47216,0
1789668000000000,184.04,184.29,183.64,184.14,403.521,1789671599999999,74197.82267,573,31.135,5729.47233,0
1789671600000000,184.17,184.45,182.84,183.1,529.577,1789675199999999,97250.88547,873,356.52,65406.62434,0
1789675200000000,183.1,183.64,183.1,183.54,76.041,1789678799999999,13948.32394,233,47.951,8797.59673,0
1789678800000000,183.53,184.08,183.48,184.04,345.075,1789682399999999,63462.92304,307,35.801,6585.0986,0
1789682400000000,184.0,184.0,183.41,183.79,137.52,1789685999999999,25269.25101,146,7.211,1324.31779,0
1789686000000000,183.7,184.39,183.37,184.12,224.81,1789689599999999,41313.31951,785,68.576,12616.84299,0
1789689600000000,184.1,184.91,183.38,184.03,232.372,1789693199999999,42790.59692,1046,82.557,15219.23439,0
1789693200000000,184.05,184.49,183.5,184.13,300.514,1789696799999999,55305.88526,514,267.884,49299.17089,0
1789696800000000,184.11,184.54,183.91,184.51,593.973,1789700399999999,109387.06416,705,88.381,16284.43616,0
1789700400000000,184.47,185.71,184.45,185.68,462.519,1789703999999999,85612.68016,674,275.934,51074.7574,0
1789704000000000,185.69,186.35,185.69,186.29,447.689,1789707599999999,83370.27626,725,41.609,7742.25476,0
1789707600000000,186.28,186.37,185.58,185.6,141.98,1789711199999999,26433.96747,431,17.037,3171.48034,0
1789711200000000,185.64,186.6,185.45,186.54,173.767,1789714799999999,32316.9765,666,127.116,23637.27807,0
1789714800000000,186.5,186.59,186.18,186.23,226.491,1789718399999999,42213.16588,412,97.533,18182.35496,0
1789718400000000,186.24,187.21,186.24,186.63,732.01,1789721999999999,136765.06644,933,179.59,33543.38673,0
1789722000000000,186.65,186.7,185.54,185.9,199.554,1789725599999999,37153.66697,701,67.9,12633.84194,0
1789725600000000,185.89,186.57,185.85,186.31,76.979,1789729199999999,14329.50562,677,34.534,6428.99398,0
1789729200000000,186.35,186.74,185.02,185.54,175.888,1789732799999999,32661.7515,861,80.707,14997.63762,0
1789732800000000,185.55,185.55,183.77,183.91,817.57,1789736399999999,150641.19801,907,635.419,117045.5134,0
1789736400000000,183.9,185.98,183.75,185.07,1439.458,1789739999999999,266049.51838,2493,809.708,149674.3261,0
1789740000000000,185.06,185.09,183.54,183.75,1308.569,1789743599999999,240981.71099,2183,581.925,107207.98867,0
1789743600000000,183.73,184.37,183.01,184.25,1299.41,1789747199999999,238447.30619,1390,1070.305,196372.55306,0
1789747200000000,184.24,184.76,184.03,184.24,1250.466,1789750799999999,230556.78039,1794,656.463,120991.36057,0
1789750800000000,184.3,186.39,184.21,186.38,471.227,1789754399999999,87214.30725,920,97.828,18125.84961,0
1789754400000000,186.39,187.45,185.15,187.16,591.048,1789757999999999,109897.87441,1302,454.254,84435.87846,0
1789758000000000,187.25,191.87,187.09,187.74,6001.951,1789761599999999,1136543.90034,5300,2845.075,538971.57041,0
1789761600000000,187.73,188.31,187.23,187.7,517.967,1789765199999999,97284.02127,729,300.495,56420.49731,0
1789765200000000,187.7,188.56,187.58,188.05,272.064,1789768799999999,51167.60456,378,195.264,36728.64242,0
1789768800000000,188.06,188.07,187.59,187.75,72.008,1789772399999999,13525.40118,157,52.761,9909.64952,0
1789772400000000,187.76,188.07,187.76,187.95,79.76,1789775999999999,14988.90121,261,64.845,12185.26074,0
1789776000000000,187.99,188.19,187.72,187.72,168.927,1789779599999999,31752.38874,263,133.151,25024.42003,0
1789779600000000,187.71,187.81,186.56,186.6,590.349,1789783199999999,110306.1231,395,131.664,24623.40383,0
1789783200000000,186.61,186.88,186.26,186.73,175.216,1789786799999999,32692.86259,434,49.549,9247.18596,0
1789786800000000,186.73,186.76,186.32,186.43,73.812,1789790399999999,13766.07475,221,29.663,5534.8425,0
1789790400000000,186.47,186.9,186.47,186.87,124.504,1789793999999999,23257.09843,265,44.445,8298.51807,0
1789794000000000,186.88,186.97,186.48,186.57,44.577,1789797599999999,8326.11904,375,25.401,4745.81199,0
1789797600000000,186.57,186.82,186.43,186.73,19.939,1789801199999999,3720.27909,275,12.11,2259.54327,0
1789801200000000,186.75,186.78,186.42,186.46,33.282,1789804799999999,6209.93621,403,16.821,3138.43154,0
1789804800000000,186.46,186.61,186.19,186.26,70.783,1789808399999999,13192.36361,504,41.533,7741.43552,0
1789808400000000,186.26,186.47,185.97,186.35,104.838,1789811999999999,19529.5769,373,79.519,14816.54304,0
1789812000000000,186.3,186.5,186.01,186.01,43.735,1789815599999999,8144.59834,275,13.569,2528.228,0
1789815600000000,186.02,186.25,186.02,186.15,27.95,1789819199999999,5202.41714,203,14.064,2617.9584,0
1789819200000000,186.13,186.24,185.93,186.11,89.673,1789822799999999,16682.29666,388,20.882,3886.75817,0
1789822800000000,186.16,186.75,186.13,186.52,328.511,1789826399999999,61214.09365,709,290.665,54157.53844,0
1789826400000000,186.51,186.55,185.95,186.18,221.346,1789829999999999,41193.70949,417,15.271,2846.09419,0
1789830000000000,186.18,186.23,186.08,186.12,44.28,1789833599999999,8242.80335,583,21.397,3983.26504,0
1789833600000000,186.13,186.21,186.06,186.11,66.679,1789837199999999,12409.13665,636,25.197,4689.54735,0
1789837200000000,186.11,186.25,185.99,186.18,65.586,1789840799999999,12208.74035,520,41.335,7694.82565,0
1789840800000000,186.19,186.31,186.15,186.29,30.231,1789844399999999,5630.08485,200,17.394,3239.17558,0
1789844400000000,186.3,186.74,186.29,186.73,31.808,1789847999999999,5930.42535,205,17.75,3309.57273,0
1789848000000000,186.74,187.74,186.74,187.55,103.136,1789851599999999,19322.16771,264,47.64,8917.84748,0
1789851600000000,187.57,187.75,187.44,187.64,99.52,1789855199999999,18670.32893,308,45.917,8614.31536,0
1789855200000000,187.66,187.68,187.01,187.01,42.164,1789858799999999,7900.39005,284,11.957,2239.76904,0
1789858800000000,187.02,187.22,186.51,186.82,212.029,1789862399999999,39633.94398,401,81.939,15313.41988,0
1789862400000000,186.79,187.19,186.71,187.0,122.331,1789865999999999,22871.84865,428,22.702,4244.12851,0
1789866000000000,186.99,187.24,186.45,187.24,244.421,1789869599999999,45679.31559,424,50.951,9523.40674,0
1789869600000000,187.24,187.5,185.53,185.64,264.716,1789873199999999,49429.3033,537,85.372,15910.29481,0
1789873200000000,185.61,186.2,185.33,186.13,159.882,1789876799999999,29703.59187,504,63.83,11856.59498,0
1789876800000000,186.1,186.18,185.85,186.02,48.411,1789880399999999,9006.95549,280,16.257,3024.62105,0
1789880400000000,186.0,186.42,185.91,186.42,98.855,1789883999999999,18401.60025,380,58.518,10891.14879,0
1789884000000000,186.42,186.52,186.1,186.45,47.695,1789887599999999,8887.46345,425,22.768,4242.9477,0
1789887600000000,186.48,186.65,186.42,186.43,29.161,1789891199999999,5439.77226,354,16.738,3122.4801,0
1789891200000000,186.42,186.73,186.25,186.38,38.038,1789894799999999,7094.09947,380,13.961,2603.90662,0
1789894800000000,186.42,186.68,186.4,186.4,59.763,1789898399999999,11147.53794,548,31.495,5875.17419,0
1789898400000000,186.36,186.36,185.99,186.03,88.745,1789901999999999,16510.6417,416,64.055,11916.39897,0
1789902000000000,186.03,186.34,185.92,186.23,79.024,1789905599999999,14711.47452,526,45.46,8464.05261,0
1789905600000000,186.24,186.28,185.97,186.04,67.784,1789909199999999,12617.50319,477,30.737,5721.41787,0
1789909200000000,186.05,186.09,185.83,185.83,41.418,1789912799999999,7703.59738,327,15.397,2863.5953,0
1789912800000000,185.84,186.0,185.52,185.66,83.432,1789916399999999,15494.08894,461,39.021,7245.56133,0
1789916400000000,185.65,186.64,185.65,186.52,139.529,1789919999999999,25960.61959,788,103.478,19249.94287,0
1789920000000000,186.51,186.91,186.45,186.7,128.186,1789923599999999,23924.75874,555,75.643,14120.06715,0
1789923600000000,186.71,186.95,186.47,186.57,150.929,1789927199999999,28190.13151,671,99.808,18644.61211,0
1789927200000000,186.57,186.57,186.24,186.36,132.4,1789930799999999,24682.81851,477,23.829,4440.89696,0
1789930800000000,186.36,186.87,186.36,186.87,94.879,1789934399999999,17711.24629,343,44.163,8242.3556,0
1789934400000000,186.87,187.32,186.86,187.29,67.471,1789937999999999,12620.84077,169,33.686,6302.32364,0
1789938000000000,187.3,187.36,186.8,187.01,106.807,1789941599999999,19975.74781,352,38.362,7172.42093,0
1789941600000000,187.02,187.98,187.02,187.95,179.078,1789945199999999,33593.02084,537,111.186,20853.63301,0
1789945200000000,187.99,188.59,187.6,188.28,203.279,1789948799999999,38263.11913,840,90.527,17044.81852,0
1789948800000000,188.25,189.5,187.16,188.82,1414.018,1789952399999999,265887.30809,2048,205.413,38679.00352,0
1789952400000000,188.83,189.33,188.03,188.03,215.109,1789955999999999,40607.54785,710,78.742,14881.67823,0
1789956000000000,188.09,188.89,188.09,188.89,233.316,1789959599999999,43992.72273,582,167.347,31551.35819,0
1789959600000000,188.89,189.38,188.89,189.2,266.395,1789963199999999,50392.51251,547,141.368,26744.5306,0
1789963200000000,189.24,189.31,188.79,188.85,378.154,1789966799999999,71520.12662,426,324.85,61444.09499,0
1789966800000000,188.83,188.83,188.01,188.28,105.613,1789970399999999,19899.23195,451,44.926,8465.02952,0
1789970400000000,188.34,189.05,188.05,188.87,442.069,1789973999999999,83279.09897,651,144.87,27301.71538,0
1789974000000000,188.9,189.24,188.6,189.23,183.419,1789977599999999,34650.87303,456,127.379,24065.2243,0
1789977600000000,189.24,190.52,189.23,190.43,2695.887,1789981199999999,512761.38825,1510,2491.21,473868.69985,0
1789981200000000,190.45,191.2,190.27,190.33,547.321,1789984799999999,104468.86438,798,329.84,62985.90778,0
1789984800000000,190.3,190.78,190.21,190.24,124.953,1789988399999999,23798.68581,515,78.021,14859.37722,0
1789988400000000,190.26,190.36,188.46,189.64,390.506,1789991999999999,73955.33047,947,221.536,41974.9477,0
1789992000000000,189.57,190.29,189.09,189.17,230.154,1789995599999999,43628.53128,763,135.331,25656.05998,0
1789995600000000,189.16,189.55,186.41,188.01,3668.869,1789999199999999,692755.28909,3976,2293.331,433222.20828,0
1789999200000000,187.98,188.5,186.16,186.98,1075.451,1790002799999999,201157.21883,2209,720.067,134632.81161,0
1790002800000000,187.05,187.75,186.57,186.65,591.373,1790006399999999,110701.40876,1782,319.005,59722.1677,0
1790006400000000,186.65,188.64,186.54,188.43,476.259,1790009999999999,89501.38934,1357,200.253,37628.97496,0
1790010000000000,188.44,188.64,186.91,187.15,226.705,1790013599999999,42590.96253,672,67.674,12715.54409,0
1790013600000000,187.11,188.39,186.71,188.31,349.244,1790017199999999,65526.01565,1047,196.572,36901.89953,0
1790017200000000,188.36,190.17,188.12,188.85,739.475,1790020799999999,140046.25556,1298,445.889,84473.24588,0
1790020800000000,188.82,189.07,188.13,188.26,359.376,1790024399999999,67712.06458,427,286.466,53956.86739,0
1790024400000000,188.3,188.57,188.14,188.57,166.749,1790027999999999,31406.10438,257,49.968,9415.29235,0
1790028000000000,188.6,189.25,188.6,189.22,451.369,1790031599999999,85240.5789,240,59.537,11253.10689,0
1790031600000000,189.16,190.83,189.11,190.82,850.161,1790035199999999,161544.57962,856,670.936,127469.70491,0
1790035200000000,190.83,193.89,190.41,193.32,2266.164,1790038799999999,437114.21453,1900,1716.185,331174.05056,0
1790038800000000,193.26,193.44,192.26,192.75,392.956,1790042399999999,75810.02403,575,203.228,39189.09392,0
1790042400000000,192.76,193.37,192.11,193.3,1607.29,1790045999999999,310163.92287,650,1558.071,300670.60289,0
1790046000000000,193.31,193.44,191.74,191.81,750.981,1790049599999999,144881.76895,483,543.969,105117.11884,0
1790049600000000,191.85,192.04,188.35,188.41,1068.845,1790053199999999,202633.01989,1421,225.206,42738.8854,0
1790053200000000,188.6,189.33,186.06,187.94,4171.521,1790056799999999,782343.91732,2447,418.35,78294.65679,0
1790056800000000,187.97,188.19,186.18,186.18,3397.307,1790060399999999,635209.06687,2096,287.783,53754.00032,0
1790060400000000,186.16,186.92,185.82,186.14,307.992,1790063999999999,57399.14076,719,146.817,27337.08746,0
1790064000000000,186.14,186.38,183.86,186.29,1003.677,1790067599999999,185974.66426,1574,616.976,114188.12379,0
1790067600000000,186.39,188.31,186.09,188.31,297.038,1790071199999999,55582.53343,870,181.405,33955.04301,0
1790071200000000,188.22,188.39,187.54,187.8,159.277,1790074799999999,29932.4954,734,39.212,7368.50428,0
1790074800000000,187.87,188.18,186.98,187.08,394.036,1790078399999999,73863.57532,677,141.519,26506.93021,0
1790078400000000,187.09,187.31,186.37,186.56,789.612,1790081999999999,147620.31214,874,556.086,104013.63322,0
1790082000000000,186.55,194.0,186.09,193.54,3422.009,1790085599999999,650404.20894,3896,1943.61,369366.75175,0
1790085600000000,193.45,196.33,193.13,193.56,3718.157,1790089199999999,724322.7881,3874,1579.753,307290.44974,0
1790089200000000,193.59,194.46,192.67,193.16,2542.245,1790092799999999,493181.06334,1962,331.523,64053.24094,0
1790092800000000,193.23,193.9,192.56,193.78,560.78,1790096399999999,108395.29417,1397,337.121,65148.42113,0
1790096400000000,193.85,194.44,193.32,194.43,1299.987,1790099999999999,252116.51195,700,998.397,193679.32425,0
1790100000000000,194.43,194.97,193.72,194.5,549.058,1790103599999999,106673.93851,691,68.84,13381.06768,0
1790103600000000,194.51,195.69,193.97,195.25,1553.535,1790107199999999,302798.06548,965,1199.188,233699.06169,0
1790107200000000,195.21,195.21,194.71,194.88,105.563,1790110799999999,20575.75407,270,15.45,3011.76557,0
1790110800000000,194.9,195.1,194.88,194.95,21.071,1790114399999999,4108.64287,86,11.265,2196.77767,0
1790114400000000,194.96,196.13,194.96,196.09,185.99,1790117999999999,36416.85311,265,69.282,13549.40523,0
1790118000000000,196.07,196.36,195.26,195.9,2048.542,1790121599999999,400863.25701,909,193.377,37912.96022,0
1790121600000000,195.86,196.05,192.31,192.73,2238.414,1790125199999999,433912.07489,1679,261.0,50570.09217,0
1790125200000000,192.75,193.68,191.86,191.96,925.442,1790128799999999,178303.41645,1054,383.4,73919.80325,0
1790128800000000,192.01,192.45,190.76,191.89,896.515,1790132399999999,171789.22614,1122,417.167,79929.06073,0
1790132400000000,191.85,192.09,191.04,191.49,469.22,1790135999999999,90021.12759,765,82.951,15906.76624,0
1790136000000000,191.48,192.67,191.46,191.91,677.606,1790139599999999,130264.80072,616,608.132,116903.65316,0
1790139600000000,191.99,192.55,191.25,192.03,411.618,1790143199999999,78922.5393,762,186.794,35816.10376,0
1790143200000000,192.04,192.89,191.89,192.24,440.793,1790146799999999,84772.68616,609,32.927,6333.9186,0
1790146800000000,192.21,192.21,191.54,191.56,164.901,1790150399999999,31631.92509,614,61.223,11736.36229,0
1790150400000000,191.57,191.8,190.84,191.26,352.443,1790153999999999,67457.02871,829,208.706,39961.65726,0
1790154000000000,191.28,191.64,191.11,191.33,494.045,1790157599999999,94499.39556,699,419.374,80214.66574,0
1790157600000000,191.33,191.68,191.04,191.65,298.029,1790161199999999,57063.10324,561,250.785,48025.8726,0
1790161200000000,191.62,191.67,189.66,190.08,928.197,1790164799999999,176752.67453,1348,648.733,123473.14224,0
1790164800000000,190.08,190.65,189.76,190.6,373.562,1790168399999999,71029.54177,956,260.781,49571.25631,0
1790168400000000,190.63,192.92,190.11,190.39,851.124,1790171999999999,163001.02752,3276,398.399,76282.33407,0
1790172000000000,190.4,190.94,186.45,190.1,3984.424,1790175599999999,749449.52327,3532,3149.709,592056.19177,0
1790175600000000,190.09,190.98,188.93,189.5,929.534,1790179199999999,176764.62934,1967,145.403,27636.49867,0
1790179200000000,189.51,189.94,188.52,188.75,459.993,1790182799999999,87170.64688,1456,107.87,20409.40617,0
1790182800000000,188.8,190.05,188.15,190.05,454.142,1790186399999999,85955.24486,1001,131.269,24825.18926,0
1790186400000000,190.09,190.28,189.17,189.19,365.461,1790189999999999,69327.97092,673,47.349,8992.23114,0
1790190000000000,189.19,189.43,188.02,189.25,1205.791,1790193599999999,227039.02007,1025,871.329,164033.3073,0
1790193600000000,189.25,189.28,188.78,189.16,67.322,1790197199999999,12724.93303,273,32.464,6135.57221,0
1790197200000000,189.18,189.3,189.13,189.16,38.9,1790200799999999,7359.42682,88,12.115,2292.34385,0
1790200800000000,189.16,189.42,188.91,189.03,125.147,1790204399999999,23690.64928,205,71.536,13542.81339,0
1790204400000000,189.03,189.12,188.46,188.46,41.661,1790207999999999,7864.93015,447,14.793,2792.3855,0
1790208000000000,188.47,188.92,188.05,188.34,143.742,1790211599999999,27090.01997,1101,85.6,16131.65296,0
1790211600000000,188.33,188.77,188.11,188.3,406.854,1790215199999999,76635.22089,517,40.704,7663.02941,0
1790215200000000,188.35,188.54,187.91,188.47,90.096,1790218799999999,16960.44109,246,46.695,8787.61939,0
1790218800000000,188.45,188.5,187.91,188.07,55.921,1790222399999999,10528.00576,143,16.122,3033.14157,0
1790222400000000,188.03,188.05,187.54,187.96,145.202,1790225999999999,27270.8756,345,61.88,11621.46459,0
1790226000000000,188.05,188.44,187.34,187.35,405.158,1790229599999999,76188.57977,496,217.745,40955.72197,0
1790229600000000,187.34,187.34,186.53,186.53,1022.387,1790233199999999,191095.67163,651,935.424,174837.23924,0
1790233200000000,186.53,187.31,186.48,187.29,2242.2,1790236799999999,419422.6369,1300,1944.509,363736.39974,0
1790236800000000,187.3,187.39,184.75,185.32,856.187,1790240399999999,159144.09292,760,385.185,71747.31494,0
1790240400000000,185.37,185.69,184.07,184.9,654.753,1790243999999999,120937.36054,583,140.684,26010.81071,0
1790244000000000,184.97,185.96,184.72,185.66,480.31,1790247599999999,88911.75766,435,131.851,24438.0385,0
1790247600000000,185.67,186.39,185.0,185.32,242.332,1790251199999999,44982.29343,485,107.464,19951.38062,0
1790251200000000,185.26,186.01,184.57,185.47,601.041,1790254799999999,111203.05743,633,283.94,52579.6738,0
1790254800000000,185.48,187.33,184.91,185.12,967.049,1790258399999999,179692.41438,1458,557.102,103581.18368,0
1790258400000000,185.25,186.7,185.01,185.46,330.295,1790261999999999,61324.02942,653,101.038,18767.25334,0
1790262000000000,185.48,186.24,185.1,186.19,207.392,1790265599999999,38495.87593,455,166.377,30886.22407,0
1790265600000000,186.16,188.81,185.32,188.22,877.059,1790269199999999,164829.31635,1068,214.074,40076.04386,0
1790269200000000,188.29,188.67,186.09,186.31,971.297,1790272799999999,181678.294,825,103.564,19396.03493,0
1790272800000000,186.31,186.83,184.89,186.82,853.356,1790276399999999,158617.2245,886,484.109,90198.9438,0
1790276400000000,186.79,186.83,186.08,186.38,988.595,1790279999999999,184392.54592,445,794.128,148130.96802,0
1790280000000000,186.31,186.73,186.13,186.38,341.009,1790283599999999,63541.58059,208,216.661,40365.17542,0
1790283600000000,186.38,186.49,186.18,186.41,276.313,1790287199999999,51525.2431,100,251.222,46848.52611,0
1790287200000000,186.31,186.49,186.22,186.43,30.792,1790290799999999,5739.59297,43,17.313,3228.26433,0
1790290800000000,186.4,186.46,186.16,186.18,50.507,1790294399999999,9414.06848,105,36.665,6834.94552,0
1790294400000000,186.23,186.9,186.13,186.9,54.829,1790297999999999,10224.27524,113,28.229,5262.06443,0
1790298000000000,186.88,188.3,186.86,187.53,546.02,1790301599999999,102485.96413,369,407.93,76563.44284,0
1790301600000000,187.61,187.88,187.1,187.61,559.382,1790305199999999,104777.503,303,398.297,74601.29321,0
1790305200000000,187.59,188.06,187.5,188.06,268.57,1790308799999999,50468.01921,160,238.655,44848.75391,0
1790308800000000,188.06,188.49,187.9,188.16,116.479,1790312399999999,21914.43415,147,31.635,5948.56154,0
1790312400000000,188.09,188.23,187.93,188.03,205.275,1790315999999999,38597.43776,107,98.671,18557.6075,0
1790316000000000,188.02,188.45,188.02,188.4,590.955,1790319599999999,111283.86019,273,559.147,105295.39179,0
1790319600000000,188.4,189.27,188.4,189.24,703.94,1790323199999999,132947.00883,522,589.599,111357.5939,0
1790323200000000,189.08,189.79,188.63,189.77,430.958,1790326799999999,81621.5491,396,245.881,46575.18135,0
1790326800000000,189.77,190.44,189.28,189.54,307.202,1790330399999999,58370.28447,415,116.809,22182.28279,0
1790330400000000,189.57,189.67,189.08,189.17,134.522,1790333999999999,25472.92685,281,68.464,12965.58708,0
1790334000000000,189.3,189.77,189.05,189.35,162.883,1790337599999999,30868.74389,296,96.001,18197.20533,0
1790337600000000,189.35,189.65,189.13,189.2,189.534,1790341199999999,35878.36183,287,116.583,22067.35112,0
1790341200000000,189.2,192.65,188.76,191.21,843.85,1790344799999999,160802.08983,1068,340.729,64871.53071,0
1790344800000000,191.46,191.62,187.93,190.63,1199.425,1790348399999999,227855.4249,1276,365.147,69290.89856,0
1790348400000000,190.41,190.93,189.4,190.84,3482.788,1790351999999999,663105.61367,799,1908.187,363467.57525,0
1790352000000000,190.84,192.41,190.8,191.55,2430.974,1790355599999999,465490.45338,1035,731.755,140033.76578,0
1790355600000000,191.7,192.2,191.21,191.31,629.876,1790359199999999,120836.10192,341,158.528,30401.41581,0
1790359200000000,191.45,191.84,191.0,191.25,355.348,1790362799999999,68058.67986,204,47.242,9042.23425,0
1790362800000000,191.27,192.0,191.11,191.46,552.028,1790366399999999,105741.69468,388,164.315,31480.55962,0
1790366400000000,191.48,191.56,191.18,191.37,48.228,1790369999999999,9228.83498,81,13.314,2548.40598,0
1790370000000000,191.36,191.43,191.19,191.28,88.009,1790373599999999,16836.80402,85,59.447,11372.94709,0
1790373600000000,191.31,191.46,191.31,191.4,140.63,1790377199999999,26919.82047,69,135.447,25927.57874,0
1790377200000000,191.44,191.45,191.36,191.36,17.32,1790380799999999,3315.6144,28,12.624,2416.71632,0
1790380800000000,191.36,191.4,190.48,190.62,60.604,1790384399999999,11575.5673,109,25.122,4795.9611,0
1790384400000000,190.63,191.06,190.6,191.06,75.799,1790387999999999,14466.13674,90,67.334,12852.00284,0
1790388000000000,191.03,191.04,190.72,190.85,39.083,1790391599999999,7463.49094,50,3.84,732.90019,0
1790391600000000,190.85,190.88,190.71,190.75,9.284,1790395199999999,1771.30239,72,5.917,1128.89066,0
1790395200000000,190.76,191.12,190.76,191.06,63.859,1790398799999999,12187.22262,99,32.639,6229.26075,0
1790398800000000,191.05,191.08,190.85,190.85,19.03,1790402399999999,3634.06773,38,8.975,1714.17844,0
1790402400000000,190.86,191.06,190.72,191.05,22.497,1790405999999999,4293.13253,50,11.116,2121.17508,0
1790406000000000,191.02,191.18,191.02,191.15,38.516,1790409599999999,7361.37354,101,32.512,6213.87312,0
1790409600000000,191.26,191.29,191.16,191.29,7.47,1790413199999999,1428.54327,21,5.26,1005.94169,0
1790413200000000,191.32,191.49,191.18,191.27,23.829,1790416799999999,4558.80121,121,9.287,1776.59717,0
1790416800000000,191.29,191.31,191.07,191.2,22.305,1790420399999999,4265.35429,124,9.117,1743.1649,0
1790420400000000,191.21,191.42,191.21,191.42,9.8,1790423999999999,1875.09221,32,5.966,1141.45212,0
1790424000000000,191.44,191.49,191.37,191.38,3.759,1790427599999999,719.47001,21,2.755,527.30821,0
1790427600000000,191.39,191.56,191.21,191.56,40.266,1790431199999999,7707.41665,87,24.137,4620.28442,0
1790431200000000,191.56,192.13,191.44,192.01,111.207,1790434799999999,21326.93924,155,82.497,15815.89774,0
1790434800000000,192.04,192.08,191.8,192.07,24.308,1790438399999999,4666.21194,114,11.765,2258.1514,0
1790438400000000,192.1,192.1,191.93,191.93,117.884,1790441999999999,22634.02339,34,110.889,21291.04051,0
1790442000000000,191.8,191.8,191.5,191.5,19.179,1790445599999999,3674.64704,50,3.972,760.84821,0
1790445600000000,191.41,191.41,191.16,191.19,8.854,1790449199999999,1693.39738,38,4.949,946.34781,0
1790449200000000,191.22,191.38,191.16,191.36,27.616,1790452799999999,5279.83242,24,0.573,109.57774,0
1790452800000000,191.3,191.33,190.97,191.02,9.678,1790456399999999,1850.51652,22,4.613,882.36406,0
1790456400000000,191.03,191.09,191.03,191.09,4.17,1790459999999999,796.69676,15,3.138,599.53712,0
1790460000000000,191.26,191.43,191.21,191.43,9.945,1790463599999999,1902.9603,18,1.525,291.68692,0
1790463600000000,191.43,191.54,191.36,191.53,7.914,1790467199999999,1515.28523,20,1.603,306.90852,0
1790467200000000,191.56,191.71,191.52,191.56,29.347,1790470799999999,5622.2409,48,21.377,4094.88042,0
1790470800000000,191.54,191.56,191.32,191.5,23.382,1790474399999999,4476.46697,46,8.308,1590.50763,0
1790474400000000,191.49,191.8,191.48,191.7,13.666,1790477999999999,2617.97236,22,11.028,2112.71483,0
1790478000000000,191.73,191.83,191.69,191.77,10.225,1790481599999999,1960.50264,12,1.09,209.09231,0
1790481600000000,191.79,191.88,191.65,191.68,8.79,1790485199999999,1685.67293,41,3.588,688.16277,0
1790485200000000,191.72,191.96,191.72,191.96,5.696,1790488799999999,1092.76106,22,3.273,627.96112,0
1790488800000000,191.96,192.1,191.92,192.06,36.411,1790492399999999,6991.72592,45,31.975,6139.99074,0
1790492400000000,192.08,192.71,192.06,192.71,38.064,1790495999999999,7327.37901,59,17.575,3383.23154,0
1790496000000000,192.72,192.72,192.06,192.06,57.736,1790499599999999,11111.90718,99,27.169,5231.96446,0
1790499600000000,192.13,192.48,192.13,192.48,20.227,1790503199999999,3888.91862,43,12.012,2309.76469,0
1790503200000000,192.48,192.48,192.23,192.41,17.818,1790506799999999,3428.16214,37,4.526,870.50193,0
1790506800000000,192.36,192.56,192.24,192.34,42.642,1790510399999999,8202.21124,63,13.313,2561.61261,0
1790510400000000,192.41,192.62,192.34,192.62,17.665,1790513999999999,3399.85623,30,7.202,1386.67779,0
1790514000000000,192.63,192.71,192.27,192.67,35.839,1790517599999999,6899.44311,75,7.207,1387.62341,0
1790517600000000,192.64,192.66,192.42,192.55,61.054,1790521199999999,11753.91099,88,27.513,5297.48529,0
1790521200000000,192.48,192.51,192.06,192.06,119.753,1790524799999999,23015.62664,121,5.664,1090.03798,0
1790524800000000,192.25,192.59,192.25,192.51,23.866,1790528399999999,4594.28372,26,5.532,1064.86756,0
1790528400000000,192.51,192.8,192.44,192.76,141.9,1790531999999999,27327.67716,257,93.901,18084.33736,0
1790532000000000,192.77,192.78,192.56,192.65,36.683,1790535599999999,7066.66827,63,19.083,3676.24704,0
1790535600000000,192.61,192.66,192.51,192.54,29.261,1790539199999999,5635.10636,120,9.269,1785.03676,0
1790539200000000,192.56,192.66,192.4,192.57,37.036,1790542799999999,7131.95816,30,6.83,1315.40288,0
1790542800000000,192.6,192.83,192.37,192.49,34.132,1790546399999999,6577.4842,58,18.608,3585.55407,0
1790546400000000,192.37,192.37,190.84,191.0,387.755,1790549999999999,74207.68006,422,88.114,16864.7387,0
1790550000000000,190.91,191.62,190.14,190.14,409.66,1790553599999999,78182.52611,981,159.357,30413.5413,0
1790553600000000,190.18,191.03,187.95,188.24,2171.989,1790557199999999,411629.90798,1278,382.095,72401.93066,0
1790557200000000,188.16,188.3,185.37,185.67,2276.637,1790560799999999,426430.9154,1241,413.245,77021.58598,0
1790560800000000,185.61,185.96,184.76,185.04,954.39,1790564399999999,176933.91792,541,586.449,108599.35754,0
1790564400000000,185.09,185.88,184.92,185.34,2916.558,1790567999999999,541180.63202,513,1988.454,368694.50223,0
1790568000000000,185.34,186.38,185.1,185.68,102.918,1790571599999999,19147.20537,151,73.677,13707.17533,0
1790571600000000,185.83,186.08,184.84,184.89,994.094,1790575199999999,184115.19157,315,638.391,118302.46301,0
1790575200000000,184.92,185.32,184.33,184.79,1396.716,1790578799999999,258039.27641,410,68.875,12716.28985,0
1790578800000000,184.81,184.81,184.41,184.68,212.464,1790582399999999,39227.16661,110,167.363,30901.54322,0
1790582400000000,184.72,184.97,183.69,183.73,163.653,1790585999999999,30170.72909,190,82.655,15227.61111,0
1790586000000000,183.72,184.09,183.15,183.86,151.153,1790589599999999,27754.33348,181,97.836,17968.4233,0
1790589600000000,184.01,184.09,183.26,183.87,148.729,1790593199999999,27287.98448,109,33.858,6220.84444,0
1790593200000000,183.95,184.84,183.76,184.81,259.681,1790596799999999,47854.98114,273,171.087,31500.80794,0
1790596800000000,184.85,186.03,184.42,185.82,491.989,1790600399999999,91050.72423,350,193.707,35817.47924,0
1790600400000000,185.79,186.62,182.85,183.72,1106.682,1790603999999999,204306.32261,1284,559.523,103287.02208,0
1790604000000000,183.58,183.67,179.49,180.35,2555.255,1790607599999999,462647.06714,1263,2122.855,384248.51037,0
1790607600000000,180.41,181.84,180.38,181.65,574.606,1790611199999999,104101.68564,384,303.34,54877.0646,0
1790611200000000,181.7,183.97,181.41,182.66,520.903,1790614799999999,95373.90546,417,179.227,32792.58738,0
1790614800000000,182.54,183.57,182.26,182.81,264.891,1790618399999999,48437.4137,310,170.696,31207.84768,0
1790618400000000,182.78,182.93,182.11,182.64,174.619,1790621999999999,31881.81253,132,128.889,23529.80722,0
1790622000000000,182.61,182.67,181.88,182.06,605.928,1790625599999999,110412.36947,311,120.686,21995.55857,0
1790625600000000,182.06,182.41,181.8,182.28,41.612,1790629199999999,7578.6093,84,26.971,4913.32056,0
1790629200000000,182.35,182.56,182.28,182.35,91.979,1790632799999999,16773.84627,52,74.504,13586.10293,0
1790632800000000,182.37,182.66,182.23,182.51,18.246,1790636399999999,3328.24741,66,12.11,2208.6047,0
1790636400000000,182.48,183.51,182.33,182.67,1143.699,1790639999999999,209240.08389,509,1124.813,205780.21794,0
1790640000000000,182.77,184.67,182.58,182.94,1275.287,1790643599999999,234714.25665,997,821.993,151397.90101,0
1790643600000000,182.86,184.1,182.3,183.7,854.497,1790647199999999,156554.51088,619,743.842,136279.13503,0
1790647200000000,183.72,183.99,182.87,183.12,144.64,1790650799999999,26530.07775,138,93.332,17112.38622,0
1790650800000000,183.21,183.51,182.56,182.67,163.574,1790654399999999,29946.18215,163,64.144,11748.84395,0
1790654400000000,182.72,182.72,181.94,181.94,384.818,1790657999999999,70125.92799,224,58.326,10625.79469,0
1790658000000000,182.02,182.56,180.81,182.36,797.242,1790661599999999,144675.17951,284,128.373,23349.42599,0
1790661600000000,182.47,184.08,182.47,183.78,361.984,1790665199999999,66331.42706,160,277.107,50744.95122,0
1790665200000000,183.73,184.62,183.73,184.19,104.638,1790668799999999,19285.8836,111,34.064,6280.99704,0
1790668800000000,184.23,185.18,184.17,184.48,89.394,1790672399999999,16498.40568,214,49.01,9037.8938,0
1790672400000000,184.38,184.54,183.9,184.14,65.891,1790675999999999,12135.99369,199,11.677,2151.22119,0
1790676000000000,184.2,185.02,184.2,184.95,100.983,1790679599999999,18651.21323,264,78.179,14438.6002,0
1790679600000000,185.0,185.03,184.37,184.96,132.614,1790683199999999,24484.98446,239,91.435,16881.94799,0
1790683200000000,184.93,185.13,184.36,184.57,50.261,1790686799999999,9278.8322,175,23.02,4251.1685,0
1790686800000000,184.57,185.81,183.15,185.55,844.82,1790690399999999,156289.44971,1133,395.774,73251.13945,0
1790690400000000,185.61,188.36,185.51,187.89,3701.23,1790693999999999,694535.01661,1543,507.013,95175.22605,0
1790694000000000,187.95,188.06,186.22,187.34,495.125,1790697599999999,92700.11774,839,233.993,43800.17863,0
1790697600000000,187.29,187.9,186.47,186.75,424.856,1790701199999999,79611.9476,389,180.658,33817.24815,0
1790701200000000,186.81,187.34,186.57,186.58,87.158,1790704799999999,16303.95056,154,53.744,10051.40117,0
1790704800000000,186.71,187.6,186.71,187.6,301.393,1790708399999999,56351.93867,247,276.493,51692.35837,0
1790708400000000,187.5,187.5,186.37,186.9,2040.13,1790711999999999,381064.35975,482,1494.508,279015.41586,0
1790712000000000,186.72,186.85,186.58,186.68,18.073,1790715599999999,3374.79764,113,8.917,1664.93065,0
1790715600000000,186.7,186.88,186.67,186.85,112.595,1790719199999999,21026.29979,140,3.609,674.27883,0
1790719200000000,186.87,187.2,186.75,186.83,91.024,1790722799999999,17012.88418,77,39.925,7464.79026,0
1790722800000000,186.82,187.07,186.53,187.07,571.581,1790726399999999,106763.03376,230,220.17,41125.23159,0
1790726400000000,187.09,188.98,186.99,187.78,2436.09,1790729999999999,457821.10834,908,1243.978,234211.61461,0
1790730000000000,187.8,188.5,187.04,187.17,386.91,1790733599999999,72628.83869,341,93.014,17444.78168,0
1790733600000000,187.29,187.46,185.36,186.08,823.289,1790737199999999,153469.62102,476,349.375,65090.38693,0
1790737200000000,186.29,186.58,185.77,186.2,259.11,1790740799999999,48203.67331,252,134.742,25058.10217,0
1790740800000000,186.21,187.18,185.78,186.68,72.886,1790744399999999,13596.24649,211,20.34,3797.76609,0
1790744400000000,186.83,187.23,185.28,186.65,423.25,1790747999999999,78719.61795,441,243.222,45252.49854,0
1790748000000000,186.48,186.78,185.42,185.85,205.118,1790751599999999,38158.19027,154,118.766,22071.25964,0
1790751600000000,185.84,186.75,185.78,186.67,509.341,1790755199999999,95016.03935,208,492.383,91857.01493,0
1790755200000000,186.65,186.95,186.2,186.38,44.447,1790758799999999,8292.95941,167,18.668,3482.50885,0
1790758800000000,186.31,186.56,186.09,186.11,144.611,1790762399999999,26948.59546,143,15.335,2857.70012,0
1790762400000000,186.12,186.3,185.74,186.27,183.687,1790765999999999,34134.39093,167,25.708,4781.47237,0
1790766000000000,186.29,186.29,185.13,185.78,174.367,1790769599999999,32366.04857,219,136.981,25415.97675,0
1790769600000000,185.78,188.01,185.29,187.16,748.509,1790773199999999,139448.90483,549,306.37,57339.75371,0
1790773200000000,187.27,188.38,185.02,185.74,2722.525,1790776799999999,510224.54477,2186,1382.559,258753.29611,0
1790776800000000,185.79,186.68,185.49,186.3,217.698,1790780399999999,40527.08136,691,94.139,17523.56323,0
1790780400000000,186.24,186.62,185.71,186.26,172.826,1790783999999999,32181.9832,273,71.359,13280.01171,0
1790784000000000,186.3,186.32,185.77,185.93,137.166,1790787599999999,25490.85387,165,14.182,2636.72381,0
1790787600000000,185.9,185.97,185.07,185.27,51.742,1790791199999999,9593.16631,252,40.15,7443.98199,0
1790791200000000,185.23,185.39,184.32,184.47,105.914,1790794799999999,19562.77356,217,71.519,13211.26465,0
1790794800000000,184.47,185.9,184.25,184.37,1488.227,1790798399999999,276087.29574,563,704.005,130577.30631,0
1790798400000000,184.35,186.53,183.49,185.67,806.844,1790801999999999,149298.34568,1400,503.265,93031.10114,0
1790802000000000,185.67,185.72,183.38,184.49,509.938,1790805599999999,93919.37074,629,327.648,60349.7125,0
1790805600000000,184.4,185.64,184.35,185.36,106.978,1790809199999999,19828.17418,179,55.038,10200.37816,0
1790809200000000,185.42,185.53,184.6,184.62,893.658,1790812799999999,165334.0237,484,31.511,5829.17272,0
1790812800000000,184.62,185.32,182.96,185.29,683.849,1790816399999999,125843.91843,965,349.917,64324.62594,0
1790816400000000,185.29,185.69,184.29,184.5,490.596,1790819999999999,90915.96778,404,135.051,24982.73978,0
1790820000000000,184.73,186.56,184.72,186.48,3117.719,1790823599999999,579583.23245,865,2944.938,547456.81219,0
1790823600000000,186.48,187.29,186.23,187.16,3443.402,1790827199999999,643893.01878,943,3083.259,576561.7757,0
1790827200000000,187.2,187.65,187.19,187.63,318.698,1790830799999999,59743.91535,130,247.875,46465.13306,0
1790830800000000,187.63,189.05,187.63,188.5,1370.584,1790834399999999,258041.14806,509,1102.818,207548.5006,0
1790834400000000,188.94,189.26,188.2,188.38,160.69,1790837999999999,30321.25085,85,115.474,21772.47927,0
1790838000000000,188.38,188.38,186.48,186.94,314.206,1790841599999999,58800.0057,260,239.282,44762.88444,0
1790841600000000,186.97,187.25,185.83,186.68,238.653,1790845199999999,44444.07103,295,147.453,27457.13593,0
1790845200000000,186.69,187.63,186.69,187.06,84.016,1790848799999999,15733.3116,201,44.922,8413.8434,0
1790848800000000,187.08,188.21,186.43,188.04,249.448,1790852399999999,46725.79599,270,172.828,32357.65818,0
1790852400000000,188.0,188.0,186.36,186.89,170.829,1790855999999999,31936.6365,235,98.18,18347.79328,0
1790856000000000,186.8,186.93,185.78,185.83,135.073,1790859599999999,25177.05014,235,65.425,12189.07175,0
1790859600000000,185.87,187.83,183.94,184.69,1150.156,1790863199999999,213250.94635,1936,867.389,160801.87079,0
1790863200000000,184.66,185.77,182.8,185.32,804.714,1790866799999999,148497.93147,1512,229.041,42140.78451,0
1790866800000000,185.31,185.72,184.23,185.42,1453.36,1790870399999999,269281.03538,597,84.509,15645.00784,0
1790870400000000,185.49,186.48,184.91,186.23,1273.662,1790873999999999,237070.71256,504,52.192,9693.97891,0
1790874000000000,186.2,190.73,186.18,190.41,3233.851,1790877599999999,611690.60023,1414,302.257,57185.73979,0
1790877600000000,190.22,192.26,188.58,192.26,1842.675,1790881199999999,351581.84051,1095,430.558,82363.65185,0
1790881200000000,192.26,193.83,191.74,193.44,1607.21,1790884799999999,309662.15416,1667,332.34,64039.34668,0
1790884800000000,193.49,193.5,192.23,192.39,304.536,1790888399999999,58700.09943,311,79.243,15268.01624,0
1790888400000000,192.4,192.54,191.75,191.9,168.734,1790891999999999,32408.44609,200,42.688,8199.95533,0
1790892000000000,191.88,192.17,191.74,192.13,267.298,1790895599999999,51301.20544,183,170.091,32651.77436,0
1790895600000000,192.06,192.33,191.52,191.6,654.683,1790899199999999,125665.97668,432,252.512,48468.4606,0
1790899200000000,191.64,192.4,190.52,191.61,1290.306,1790902799999999,246658.1698,914,772.898,147733.24977,0
1790902800000000,191.62,191.95,190.64,191.87,868.317,1790906399999999,166036.52063,550,462.744,88470.51497,0
1790906400000000,191.82,192.06,191.48,192.03,203.065,1790909999999999,38917.84889,220,96.857,18561.2169,0
1790910000000000,192.08,192.52,191.77,191.9,565.68,1790913599999999,108667.74746,414,467.155,89724.47133,0
1790913600000000,192.22,192.49,191.93,192.31,507.609,1790917199999999,97641.40411,315,488.948,94053.24041,0
1790917200000000,192.51,192.57,191.66,191.95,327.692,1790920799999999,62991.52419,272,151.85,29226.64048,0
1790920800000000,191.95,193.0,191.83,192.39,417.911,1790924399999999,80463.10465,338,296.008,56964.00441,0
1790924400000000,192.63,193.28,192.4,193.13,857.363,1790927999999999,165359.13642,378,76.617,14777.42597,0
1790928000000000,193.13,193.92,192.89,193.85,321.5,1790931599999999,62185.40475,443,87.713,16967.03104,0
1790931600000000,193.86,194.11,193.3,193.94,339.456,1790935199999999,65722.126,334,203.011,39301.01596,0
1790935200000000,193.94,193.94,192.73,192.89,167.501,1790938799999999,32359.45265,231,67.504,13037.04904,0
1790938800000000,192.83,193.52,191.68,192.18,538.762,1790942399999999,103921.79764,648,276.416,53271.56667,0
1790942400000000,192.22,194.95,191.66,194.93,653.096,1790945999999999,126384.3764,655,349.053,67479.67755,0
1790946000000000,194.95,195.18,191.64,193.42,1586.327,1790949599999999,308301.25024,1436,477.744,92810.97722,0
1790949600000000,193.53,195.07,192.45,193.25,470.805,1790953199999999,91266.64663,860,262.63,50857.07776,0
1790953200000000,193.34,194.49,192.11,194.45,204.129,1790956799999999,39441.47717,863,83.139,16046.09294,0
1790956800000000,194.34,194.82,193.3,193.77,335.704,1790960399999999,65244.02712,478,127.11,24696.23719,0
1790960400000000,193.91,194.29,192.94,193.98,674.296,1790963999999999,130558.35481,476,286.366,55435.95682,0
1790964000000000,193.99,194.48,193.5,194.15,657.516,1790967599999999,127568.27942,599,264.542,51322.55443,0
1790967600000000,194.16,195.48,193.84,195.24,510.939,1790971199999999,99378.73321,667,130.508,25380.01029,0
1790971200000000,195.16,195.6,194.41,194.5,340.821,1790974799999999,66310.68246,295,26.421,5149.67024,0
1790974800000000,194.45,194.45,194.05,194.28,66.237,1790978399999999,12867.88779,127,13.345,2591.82869,0
1790978400000000,194.32,194.48,194.01,194.17,158.964,1790981999999999,30885.07112,204,41.691,8097.06386,0
1790982000000000,194.18,194.49,194.16,194.47,162.892,1790985599999999,31635.63721,43,152.551,29626.71706,0
1790985600000000,194.46,194.66,193.94,193.94,20.862,1790989199999999,4054.86389,85,12.685,2466.75951,0
1790989200000000,193.95,194.02,193.74,193.84,4.959,1790992799999999,961.40422,47,2.368,459.06294,0
1790992800000000,193.83,194.46,193.77,194.41,534.9,1790996399999999,103919.83981,400,433.791,84283.76707,0
1790996400000000,194.4,194.65,194.27,194.65,471.136,1790999999999999,91634.39081,437,318.231,61900.30817,0
1791000000000000,194.66,196.78,194.64,196.7,363.227,1791003599999999,70996.39351,391,276.121,53956.27254,0
1791003600000000,196.82,197.64,196.24,196.98,506.516,1791007199999999,99763.48625,419,199.534,39310.66064,0
1791007200000000,196.79,197.17,196.69,197.17,112.0,1791010799999999,22047.99291,100,45.179,8893.55039,0
1791010800000000,197.18,197.32,196.76,197.15,233.386,1791014399999999,45979.77227,124,207.277,40834.71733,0
1791014400000000,197.26,197.43,197.22,197.42,30.05,1791017999999999,5930.60368,43,23.37,4612.25431,0
1791018000000000,197.42,197.43,197.06,197.38,161.534,1791021599999999,31868.89723,89,40.112,7917.30298,0
1791021600000000,197.4,197.59,197.36,197.59,22.283,1791025199999999,4398.58502,29,17.159,3387.15908,0
1791025200000000,197.59,197.6,197.3,197.42,122.425,1791028799999999,24165.23563,81,65.694,12966.90161,0
1791028800000000,197.42,197.74,197.4,197.64,25.88,1791032399999999,5113.20928,45,14.202,2805.27389,0
1791032400000000,197.63,197.64,197.44,197.44,180.668,1791035999999999,35700.48164,150,164.639,32534.25401,0
1791036000000000,197.45,197.6,197.39,197.39,131.708,1791039599999999,26015.25739,125,84.308,16653.50405,0
1791039600000000,197.44,197.59,196.14,196.18,681.31,1791043199999999,134388.94183,1026,372.477,73483.10621,0
1791043200000000,196.12,197.3,195.68,195.68,272.037,1791046799999999,53376.07346,419,205.764,40381.66752,0
1791046800000000,195.84,196.0,195.0,195.84,476.246,1791050399999999,93053.44629,486,76.393,14943.97629,0
1791050400000000,195.75,195.91,195.41,195.87,79.757,1791053999999999,15610.8334,236,64.12,12549.83103,0
1791054000000000,195.67,196.06,195.65,196.05,17.309,1791057599999999,3389.15067,33,11.968,2342.61844,0
1791057600000000,196.04,196.17,196.04,196.07,13.785,1791061199999999,2703.24945,19,13.561,2659.32744,0
1791061200000000,196.09,196.41,195.91,195.94,35.011,1791064799999999,6869.52319,40,26.076,5116.7852,0
1791064800000000,196.01,196.3,196.01,196.27,9.122,1791068399999999,1789.71898,31,6.165,1209.40666,0
1791068400000000,196.23,196.26,196.2,196.26,2.991,1791071999999999,586.99526,8,0.458,89.87724,0
