open_time,open,high,low,close,volume,close_time,quote_volume,trades,taker_buy_base,taker_buy_quote,ignore
1781200800000000,1700.0,1903.68,1700.0,1832.92,70.7329,1781204399999999,129267.294682,487,42.1458,77096.748681,0
1781204400000000,1902.99,1950.0,1818.04,1867.0,20.0562,1781207999999999,37762.536693,115,16.1262,30348.207096,0
1781208000000000,1893.19,1893.19,1858.06,1868.02,2.7933,1781211599999999,5224.146751,69,0.5561,1046.432588,0
1781211600000000,1866.09,1891.0,1866.08,1887.1,3.1522,1781215199999999,5919.185143,95,2.061,3880.909446,0
1781215200000000,1887.1,1923.89,1887.1,1907.02,16.1037,1781218799999999,30926.734302,147,15.2222,29236.422329,0
1781218800000000,1907.02,1918.21,1904.76,1916.51,0.6094,1781222399999999,1163.027948,66,0.2494,476.165389,0
1781222400000000,1915.19,1961.93,1912.32,1944.18,20.517,1781225999999999,39787.844941,290,18.5571,35977.256456,0
1781226000000000,1942.08,1942.08,1897.08,1911.73,2.6368,1781229599999999,5060.959092,114,2.1734,4173.546178,0
1781229600000000,1918.19,1931.36,1915.84,1916.46,2.7741,1781233199999999,5324.955284,28,1.1639,2236.825458,0
1781233200000000,1916.47,1923.91,1910.75,1913.5,7.859,1781236799999999,15021.002228,20,7.853,15009.503439,0
1781236800000000,1908.92,1920.97,1898.68,1908.98,18.5401,1781240399999999,35544.250093,67,17.5716,33695.707311,0
1781240400000000,1917.73,1922.2,1863.8,1863.8,22.3046,1781243999999999,42674.671175,228,16.0293,30775.154572,0
1781244000000000,1881.0,1892.14,1853.75,1860.18,2.6257,1781247599999999,4928.326921,119,2.2088,4148.025638,0
1781247600000000,1871.47,1881.66,1840.19,1880.98,2.029,1781251199999999,3771.280648,61,1.4097,2621.909898,0
1781251200000000,1892.14,1903.79,1847.23,1873.4,40.9059,1781254799999999,77259.83755,1996,27.2964,51805.123022,0
1781254800000000,1872.64,1902.82,1849.22,1887.17,15.211,1781258399999999,28443.844252,918,7.374,13916.836103,0
1781258400000000,1901.76,1904.14,1877.19,1901.46,1.2442,1781261999999999,2364.531316,48,1.1215,2133.56151,0
1781262000000000,1901.46,1907.84,1877.18,1895.0,2.8518,1781265599999999,5420.016246,83,2.1181,4030.875739,0
1781265600000000,1895.0,1911.22,1858.88,1867.99,4.4151,1781269199999999,8299.063232,151,2.7802,5228.56078,0
1781269200000000,1867.99,1983.36,1859.18,1963.68,29.1486,1781272799999999,56180.367533,355,24.8482,47890.454987,0
1781272800000000,1975.56,2000.0,1939.04,1971.85,20.025,1781276399999999,39353.496963,272,15.3664,30120.407202,0
1781276400000000,1970.72,1998.5,1954.4,1956.81,31.4151,1781279999999999,62574.02109,330,10.327,20532.60724,0
1781280000000000,1955.28,2023.52,1955.28,2013.65,40.4665,1781283599999999,80925.592497,283,23.5713,46971.114406,0
1781283600000000,2014.8,2020.34,1997.28,2002.62,29.7217,1781287199999999,59718.145178,209,19.6074,39424.273656,0
1781287200000000,1997.32,2004.11,1988.45,1992.52,11.1332,1781290799999999,22263.935143,234,7.7056,15414.730315,0
1781290800000000,1991.58,1998.5,1972.44,1984.6,31.9748,1781294399999999,63580.489373,326,11.1975,22246.455318,0
1781294400000000,1984.21,1992.5,1975.24,1985.0,12.094,1781297999999999,23974.09301,157,5.2898,10498.075239,0
1781298000000000,1984.04,1988.82,1981.21,1988.11,5.6209,1781301599999999,11154.044771,71,1.4149,2809.606034,0
1781301600000000,1987.02,1995.22,1987.02,1994.54,1.2475,1781305199999999,2484.807354,51,0.8858,1764.200806,0
1781305200000000,1995.11,2000.32,1992.74,1997.22,3.724,1781308799999999,7440.523058,156,2.1966,4388.223313,0
1781308800000000,1997.41,1997.97,1986.29,1996.44,8.0404,1781312399999999,15990.863651,61,7.3219,14561.500784,0
1781312400000000,1988.59,1988.59,1980.53,1980.53,1.5349,1781315999999999,3045.177915,20,0.005,9.93905,0
1781316000000000,1985.38,1995.25,1980.01,1994.95,2.4754,1781319599999999,4930.178951,79,1.9552,3894.840485,0
1781319600000000,1996.02,1996.02,1984.7,1992.55,0.9366,1781323199999999,1859.531401,18,0.0614,122.338107,0
1781323200000000,1994.04,2000.4,1993.02,1996.44,47.3842,1781326799999999,94617.012892,78,11.8296,23634.253009,0
1781326800000000,1996.45,2000.18,1996.44,1999.63,1.9136,1781330399999999,3821.81423,34,0.3818,763.652738,0
1781330400000000,1996.45,2000.18,1996.44,1999.96,13.0683,1781333999999999,26135.447709,50,0.4453,890.566015,0
1781334000000000,2000.17,2000.18,1996.81,2000.17,4.8818,1781337599999999,9763.473922,26,4.5463,9093.372906,0
1781337600000000,2000.17,2006.57,1998.04,1998.94,10.023,1781341199999999,20054.404794,70,9.5294,19066.093693,0
1781341200000000,1998.98,2003.59,1995.01,1995.01,1.6939,1781344799999999,3389.914125,38,0.2844,568.610356,0
1781344800000000,1995.03,2003.58,1995.03,1995.47,0.4047,1781348399999999,808.7211,25,0.2218,443.657004,0
1781348400000000,1995.0,2001.67,1995.0,1999.71,6.0649,1781351999999999,12102.413672,23,0.7252,1449.70399,0
1781352000000000,1995.12,2003.59,1995.0,2003.59,3.8283,1781355599999999,7638.328854,21,0.0722,144.493874,0
1781355600000000,2003.59,2005.39,2001.69,2005.06,1.2958,1781359199999999,2597.058272,32,1.0557,2116.20132,0
1781359200000000,2004.83,2005.31,1995.0,2005.31,18.3043,1781362799999999,36521.601438,51,1.0568,2110.443753,0
1781362800000000,1996.52,2004.2,1996.52,2004.18,0.1189,1781366399999999,238.20784,9,0.1061,212.641059,0
1781366400000000,2005.39,2005.39,1998.46,2000.23,0.4145,1781369999999999,830.03979,19,0.1976,396.189419,0
1781370000000000,1999.43,2005.42,1999.38,2005.42,0.4484,1781373599999999,897.926225,45,0.2881,577.201309,0
1781373600000000,2005.4,2005.42,2000.0,2005.2,0.1674,1781377199999999,335.36604,11,0.0719,144.187479,0
1781377200000000,2005.16,2005.22,2005.16,2005.22,0.0319,1781380799999999,63.965096,2,0.0319,63.965096,0
1781380800000000,2005.39,2005.43,2001.63,2001.63,9.207,1781384399999999,18463.904339,27,9.1659,18381.564037,0
1781384400000000,2001.48,2005.4,1996.74,2005.36,0.8478,1781387999999999,1695.954054,42,0.237,475.214016,0
1781388000000000,2005.38,2005.43,2005.32,2005.43,0.0674,1781391599999999,135.16463,6,0.0674,135.16463,0
1781391600000000,2005.42,2005.43,2005.42,2005.42,0.2597,1781395199999999,520.807719,9,0.2597,520.807719,0
1781395200000000,2005.42,2005.43,2000.27,2005.0,10.7314,1781398799999999,21520.188564,56,10.394,20844.4026,0
1781398800000000,2004.59,2005.43,2000.71,2005.32,2.2733,1781402399999999,4553.997355,77,1.1139,2233.515154,0
1781402400000000,2004.81,2005.34,2000.92,2005.26,0.1709,1781405999999999,342.418299,10,0.075,150.299711,0
1781406000000000,2005.3,2005.43,2002.57,2002.57,1.5334,1781409599999999,3074.583734,78,1.2655,2537.703041,0
1781409600000000,2002.38,2002.38,2000.73,2000.77,1.1546,1781413199999999,2310.079884,77,1.1471,2295.062109,0
1781413200000000,2000.77,2005.33,2000.71,2000.73,5.5655,1781416799999999,11135.416552,192,5.2059,10415.959201,0
1781416800000000,2000.73,2000.77,2000.71,2000.71,1.5408,1781420399999999,3082.718001,116,0.6483,1297.076107,0
1781420400000000,2000.72,2016.49,1999.2,1999.31,11.6333,1781423999999999,23286.003558,126,9.8051,19627.955991,0
1781424000000000,2006.49,2017.58,1998.1,2000.4,1.492,1781427599999999,2986.03286,101,0.2451,492.85293,0
1781427600000000,2017.61,2018.07,1999.6,2016.86,0.2339,1781431199999999,469.999464,24,0.1245,251.158532,0
1781431200000000,2016.87,2016.87,2005.67,2010.78,15.0931,1781434799999999,30440.316733,25,15.0631,30379.949824,0
1781434800000000,2014.83,2016.87,2012.19,2016.87,0.8623,1781438399999999,1738.432326,28,0.5736,1156.875479,0
1781438400000000,2016.85,2016.85,2007.76,2007.8,1.7821,1781441999999999,3581.525662,65,1.4309,2874.549969,0
1781442000000000,2004.08,2016.87,2004.08,2016.76,4.1292,1781445599999999,8324.171151,24,3.8306,7724.158593,0
1781445600000000,2016.51,2016.86,2002.46,2002.46,3.4502,1781449199999999,6932.166466,41,2.1151,4251.470095,0
1781449200000000,2016.76,2016.87,2008.37,2012.77,0.4523,1781452799999999,910.881701,16,0.1702,343.266494,0
1781452800000000,2016.52,2016.8,2005.01,2005.01,0.4248,1781456399999999,855.306848,22,0.1962,395.470224,0
1781456400000000,2015.92,2016.77,2003.87,2015.96,0.4769,1781459999999999,958.660336,11,0.2425,488.911288,0
1781460000000000,2015.25,2015.49,2003.87,2015.49,0.2655,1781463599999999,533.613999,29,0.1319,265.756144,0
1781463600000000,2014.97,2016.87,2010.95,2012.24,0.5077,1781467199999999,1022.952939,22,0.2282,460.101482,0
1781467200000000,2011.93,2015.77,2011.8,2015.77,0.1354,1781470799999999,272.529888,8,0.0352,70.942594,0
1781470800000000,2010.01,2076.2,2010.0,2057.12,30.0204,1781474399999999,61130.076041,291,19.6462,39926.524842,0
1781474400000000,2057.11,2071.14,2047.78,2062.39,4.4844,1781477999999999,9207.177851,52,0.3027,623.656308,0
1781478000000000,2056.17,2067.51,2051.7,2062.25,2.1162,1781481599999999,4366.197488,67,0.7857,1621.203714,0
1781481600000000,2064.94,2074.76,2052.01,2069.38,19.0416,1781485199999999,39289.254464,282,13.5434,27905.042582,0
1781485200000000,2061.93,2067.45,2051.82,2061.61,6.4012,1781488799999999,13216.265587,40,6.0934,12581.659565,0
1781488800000000,2059.64,2073.74,2057.9,2069.79,1.6308,1781492399999999,3370.59898,29,1.491,3081.682165,0
1781492400000000,2074.28,2079.28,2073.39,2074.95,32.2671,1781495999999999,66971.893043,39,32.0815,66586.972132,0
1781496000000000,2079.02,2085.51,2069.37,2080.27,10.4418,1781499599999999,21655.154362,89,1.6914,3522.262035,0
1781499600000000,2082.6,2087.13,2071.62,2079.93,16.4558,1781503199999999,34234.000336,121,1.3594,2831.198281,0
1781503200000000,2079.99,2085.05,2078.01,2078.02,3.8348,1781506799999999,7978.919332,43,3.7535,7809.977066,0
1781506800000000,2081.01,2093.14,2081.01,2083.48,10.2051,1781510399999999,21335.062402,56,9.7697,20425.974516,0
1781510400000000,2082.01,2100.0,2079.97,2093.13,18.9258,1781513999999999,39608.99706,77,18.1992,38093.272725,0
1781514000000000,2100.0,2103.32,2079.0,2079.0,4.1735,1781517599999999,8731.643008,62,1.457,3056.819815,0
1781517600000000,2095.89,2103.32,2078.0,2103.32,0.9764,1781521199999999,2044.084379,15,0.9013,1888.026541,0
1781521200000000,2103.32,2125.24,2078.0,2108.0,34.5644,1781524799999999,72762.768855,143,32.8206,69085.145037,0
1781524800000000,2116.3,2116.79,2082.91,2090.26,4.7133,1781528399999999,9870.633987,87,0.8777,1852.14106,0
1781528400000000,2083.89,2111.04,2022.1,2022.1,128.8283,1781531999999999,266447.453691,970,36.9787,76393.710402,0
1781532000000000,2028.33,2105.98,2022.11,2090.86,81.3321,1781535599999999,169562.778445,341,40.8868,85433.101418,0
1781535600000000,2091.07,2111.62,2087.96,2104.71,54.0982,1781539199999999,113767.658686,194,49.3584,103785.97499,0
1781539200000000,2112.77,2112.77,2101.61,2101.61,34.2345,1781542799999999,72127.076593,157,12.9958,27419.803958,0
1781542800000000,2104.31,2108.84,2084.24,2102.25,2.6544,1781546399999999,5565.45841,52,1.3135,2750.926115,0
1781546400000000,2098.65,2109.79,2088.59,2088.59,2.9119,1781549999999999,6114.934228,45,2.2519,4725.530255,0
1781550000000000,2090.31,2099.54,2085.87,2099.54,6.9638,1781553599999999,14555.943593,65,1.5889,3320.397516,0
1781553600000000,2108.74,2119.11,2095.16,2103.0,5.9653,1781557199999999,12603.197784,55,1.0199,2156.531005,0
1781557200000000,2101.98,2105.14,2097.98,2102.24,2.608,1781560799999999,5474.933007,28,0.8609,1807.081822,0
1781560800000000,2102.26,2102.26,2092.48,2097.4,0.4209,1781564399999999,883.594499,18,0.1765,370.300105,0
1781564400000000,2098.11,2102.45,2092.34,2102.14,1.8909,1781567999999999,3965.940324,18,1.3289,2784.958983,0
1781568000000000,2093.09,2095.21,2082.59,2083.79,6.9675,1781571599999999,14565.46219,63,3.2906,6879.012875,0
1781571600000000,2066.2,2088.5,2066.2,2081.68,2.0861,1781575199999999,4345.04819,30,0.1281,267.125367,0
1781575200000000,2085.96,2087.02,2075.78,2082.8,12.0067,1781578799999999,24994.864603,125,8.0277,16715.733401,0
1781578800000000,2078.2,2097.78,2078.2,2089.07,1.7119,1781582399999999,3582.866035,43,0.5987,1250.313258,0
1781582400000000,2091.68,2120.07,2088.41,2109.23,4.7019,1781585999999999,9937.25995,111,1.9223,4057.031869,0
1781586000000000,2117.64,2117.81,2103.3,2103.3,1.2117,1781589599999999,2562.178514,36,0.9193,1944.5764,0
1781589600000000,2099.14,2111.79,2099.14,2109.95,2.4876,1781593199999999,5246.199179,59,1.4073,2965.283643,0
1781593200000000,2107.17,2110.86,2100.48,2107.0,5.5995,1781596799999999,11784.60949,53,0.7223,1524.503319,0
1781596800000000,2107.0,2148.94,2099.11,2144.67,21.5746,1781600399999999,46011.880652,265,6.6447,14133.27459,0
1781600400000000,2142.52,2149.0,2136.13,2145.99,15.0469,1781603999999999,32212.391319,127,12.489,26738.510209,0
1781604000000000,2136.74,2166.83,2136.74,2154.91,22.4872,1781607599999999,48379.308927,208,16.2282,34889.941989,0
1781607600000000,2149.52,2166.84,2143.04,2153.76,5.4977,1781611199999999,11841.81793,105,4.1371,8910.113185,0
1781611200000000,2150.43,2151.69,2126.55,2126.55,2.5604,1781614799999999,5461.935779,53,0.2645,565.133566,0
1781614800000000,2128.97,2166.52,2107.0,2107.53,62.581,1781618399999999,133989.980282,602,17.8385,38142.237295,0
1781618400000000,2107.89,2124.56,2050.15,2054.2,183.7132,1781621999999999,385353.735487,1158,85.1716,177846.723263,0
1781622000000000,2055.26,2063.79,1995.7,2018.18,162.9123,1781625599999999,329734.375558,2060,104.6313,211616.395908,0
1781625600000000,2022.38,2070.23,2022.38,2037.75,17.8522,1781629199999999,36574.895858,742,4.8379,9897.683423,0
1781629200000000,2037.76,2041.85,2021.55,2036.72,6.4782,1781632799999999,13148.379532,409,3.4877,7080.239752,0
1781632800000000,2035.5,2041.49,2004.83,2007.75,13.3669,1781636399999999,26965.988515,824,5.992,12073.708609,0
1781636400000000,2005.68,2031.94,1985.01,1995.04,57.7854,1781639999999999,115911.49146,1409,44.4393,89145.456591,0
1781640000000000,1999.63,2015.87,1997.72,2011.59,2.8559,1781643599999999,5734.962304,278,1.375,2761.758468,0
1781643600000000,2013.28,2023.59,2008.57,2017.98,1.6328,1781647199999999,3289.98976,205,0.9049,1823.785698,0
1781647200000000,2019.49,2030.93,2015.02,2027.35,4.6019,1781650799999999,9324.265426,529,2.0234,4100.466852,0
1781650800000000,2022.27,2025.6,1977.66,2016.62,49.5169,1781654399999999,99447.507433,8154,13.8549,27853.096332,0
1781654400000000,2023.56,2052.06,2019.36,2035.57,10.7737,1781657999999999,21996.603274,879,1.83,3725.381687,0
1781658000000000,2037.37,2042.02,2024.14,2040.86,4.2962,1781661599999999,8748.203023,192,1.508,3075.02298,0
1781661600000000,2039.41,2049.86,2037.26,2044.43,2.8696,1781665199999999,5863.532474,97,1.6367,3345.990245,0
1781665200000000,2042.86,2045.79,2030.73,2041.29,2.3719,1781668799999999,4835.806262,45,1.1469,2341.63676,0
1781668800000000,2039.81,2045.95,2036.28,2040.37,20.5415,1781672399999999,41926.356417,45,0.1721,351.370561,0
1781672400000000,2046.41,2061.38,2042.7,2055.6,37.3591,1781675999999999,76557.635477,171,32.8588,67344.130429,0
1781676000000000,2063.86,2064.19,2052.65,2056.11,4.1911,1781679599999999,8624.721145,59,3.8142,7850.223424,0
1781679600000000,2052.52,2060.79,2051.58,2053.64,12.3195,1781683199999999,25340.286387,67,9.8113,20179.60109,0
1781683200000000,2060.78,2070.14,2046.0,2048.42,27.5867,1781686799999999,56709.741264,253,2.663,5496.182228,0
1781686800000000,2050.5,2053.68,2044.0,2045.85,10.1064,1781690399999999,20685.556042,642,0.1651,338.429543,0
1781690400000000,2044.0,2049.34,2041.0,2043.66,6.6915,1781693999999999,13664.593588,146,0.4633,946.235219,0
1781694000000000,2041.01,2049.18,2029.57,2029.57,20.0632,1781697599999999,40944.988302,136,0.5492,1122.888466,0
1781697600000000,2036.05,2099.99,2032.38,2057.67,2.2518,1781701199999999,4623.196759,46,1.6576,3404.370882,0
1781701200000000,2069.99,2070.99,1961.86,1963.08,151.4084,1781704799999999,304857.251364,688,107.1496,216488.937508,0
1781704800000000,1973.96,1999.04,1950.0,1956.57,118.8483,1781708399999999,233329.089448,664,57.0151,112348.786149,0
1781708400000000,1954.81,2002.0,1951.99,1990.0,63.2626,1781711999999999,125080.075572,620,38.842,76504.223399,0
1781712000000000,1993.07,2008.88,1990.0,1999.32,62.2422,1781715599999999,124375.221376,621,21.6244,43136.2963,0
1781715600000000,1998.51,2020.57,1994.47,2017.12,12.457,1781719199999999,24995.58058,892,6.3005,12655.665561,0
1781719200000000,2014.93,2055.06,1971.07,2015.97,156.8038,1781722799999999,317348.902165,2258,77.3694,155856.317121,0
1781722800000000,2016.62,2032.25,1952.68,1963.63,142.8634,1781726399999999,284065.823842,897,74.1795,146715.075971,0
1781726400000000,1963.63,1993.13,1963.63,1986.87,11.8127,1781729999999999,23382.650377,297,6.8338,13490.906532,0
1781730000000000,1987.47,1994.39,1987.47,1987.97,3.6549,1781733599999999,7277.075214,95,2.6064,5190.539877,0
1781733600000000,1986.73,2004.42,1985.98,2003.47,8.5824,1781737199999999,17168.450782,139,1.9277,3856.224606,0
1781737200000000,2003.47,2018.17,2003.47,2012.22,8.1906,1781740799999999,16472.429875,224,3.351,6731.268883,0
1781740800000000,2011.25,2027.22,2011.25,2013.41,34.8156,1781744399999999,70290.422391,2550,20.197,40774.35209,0
1781744400000000,2013.45,2022.38,2013.45,2021.17,7.9217,1781747999999999,16002.227451,1412,5.0319,10163.864882,0
1781748000000000,2021.03,2021.69,2016.67,2018.99,8.8435,1781751599999999,17857.253495,1492,5.869,11852.098683,0
1781751600000000,2019.69,2033.36,2018.52,2030.34,12.37,1781755199999999,25053.975795,2664,9.4744,19187.825396,0
1781755200000000,2031.34,2033.9,2020.43,2024.04,36.2264,1781758799999999,73401.131247,3040,26.7121,54103.14141,0
1781758800000000,2024.1,2033.52,2020.69,2032.92,24.835,1781762399999999,50399.963183,2091,3.8751,7857.294914,0
1781762400000000,2030.75,2035.27,2025.41,2032.4,25.2804,1781765999999999,51317.382292,1151,3.7904,7695.781465,0
1781766000000000,2032.4,2038.95,2030.71,2038.95,32.6626,1781769599999999,66424.33631,402,17.8645,36344.604146,0
1781769600000000,2037.86,2043.99,2032.24,2035.37,20.4067,1781773199999999,41541.361644,520,12.4702,25383.156135,0
1781773200000000,2034.78,2047.05,2031.56,2041.97,5.7029,1781776799999999,11630.614372,272,3.0958,6308.801032,0
1781776800000000,2045.65,2045.65,2034.47,2037.11,6.6435,1781780399999999,13533.775242,79,4.6526,9475.450205,0
1781780400000000,2037.09,2044.99,2030.59,2039.87,9.4222,1781783999999999,19187.16079,288,4.2968,8750.523433,0
1781784000000000,2038.57,2057.26,2034.93,2053.4,56.4558,1781787599999999,115633.50192,484,45.7482,93691.05739,0
1781787600000000,2053.69,2128.13,2033.32,2120.69,130.1347,1781791199999999,273257.483079,1036,77.0668,162129.260327,0
1781791200000000,2126.62,2188.57,2124.04,2167.46,83.6501,1781794799999999,180786.058388,872,43.5631,94029.693444,0
1781794800000000,2166.2,2180.45,2156.74,2169.17,51.5641,1781798399999999,111933.189993,675,28.3103,61447.457262,0
1781798400000000,2173.16,2186.22,2160.43,2170.28,55.9904,1781801999999999,121695.304209,667,31.0371,67473.690617,0
1781802000000000,2170.28,2182.59,2163.51,2176.7,23.1182,1781805599999999,50282.340154,269,10.3327,22463.688408,0
1781805600000000,2176.96,2190.92,2162.16,2167.67,137.8394,1781809199999999,300360.410147,567,57.9781,126517.134821,0
1781809200000000,2163.24,2187.16,2157.57,2185.97,66.672,1781812799999999,144828.544935,597,38.6495,83863.978093,0
1781812800000000,2192.92,2211.63,2192.92,2206.0,7.7038,1781816399999999,16966.109143,115,4.2285,9306.534117,0
1781816400000000,2205.42,2222.0,2197.86,2222.0,26.8008,1781819999999999,59072.42947,199,6.699,14824.853755,0
1781820000000000,2209.4,2226.28,2203.63,2205.38,14.5924,1781823599999999,32326.049755,131,8.3626,18561.324116,0
1781823600000000,2204.44,2212.22,2203.02,2212.22,11.5371,1781827199999999,25468.497274,166,10.6543,23522.19914,0
1781827200000000,2212.24,2217.06,2203.68,2207.61,17.3848,1781830799999999,38431.09255,288,7.7734,17199.707022,0
1781830800000000,2207.36,2210.93,2201.79,2208.01,11.2679,1781834399999999,24878.117553,406,5.6273,12426.426929,0
1781834400000000,2208.05,2215.0,2205.27,2214.81,26.4596,1781837999999999,58478.94588,444,15.1732,33555.379061,0
1781838000000000,2214.8,2215.0,2181.85,2181.85,27.8582,1781841599999999,61384.950904,546,11.6742,25758.1382,0
1781841600000000,2183.12,2190.57,2163.86,2164.7,19.8051,1781845199999999,43119.513514,1080,7.9308,17304.429798,0
1781845200000000,2164.43,2189.4,2156.73,2182.79,22.5467,1781848799999999,48874.456309,934,13.6001,29499.068504,0
1781848800000000,2184.92,2196.15,2181.56,2189.68,91.1534,1781852399999999,199393.974864,1429,42.9189,93949.546263,0
1781852400000000,2188.81,2195.21,2182.47,2189.65,20.6798,1781855999999999,45254.786257,518,6.9549,15218.68325,0
1781856000000000,2189.94,2193.32,2189.94,2192.59,1.6267,1781859599999999,3564.986729,236,0.8215,1800.457061,0
1781859600000000,2193.47,2193.47,2184.14,2184.14,6.9161,1781863199999999,15134.419948,391,4.2912,9391.438987,0
1781863200000000,2184.14,2185.78,2178.7,2183.28,23.0917,1781866799999999,50399.925953,619,14.9562,32651.693208,0
1781866800000000,2180.94,2191.54,2177.72,2190.86,12.9116,1781870399999999,28227.149099,332,6.248,13670.221585,0
1781870400000000,2191.23,2222.8,2180.39,2205.91,15.029,1781873999999999,32967.955776,747,8.6134,18897.014414,0
1781874000000000,2206.0,2208.92,2194.04,2198.88,25.6553,1781877599999999,56509.565471,768,12.5696,27706.513756,0
1781877600000000,2198.06,2204.22,2190.21,2195.95,17.7218,1781881199999999,38921.906506,498,3.5761,7860.130715,0
1781881200000000,2197.2,2203.45,2195.36,2199.02,18.8993,1781884799999999,41542.548281,475,13.6756,30054.347166,0
1781884800000000,2198.03,2202.4,2194.01,2194.6,13.4165,1781888399999999,29510.155581,449,6.3756,14023.23755,0
1781888400000000,2196.41,2205.11,2195.27,2204.8,4.9245,1781891999999999,10831.884182,288,1.8873,4150.451777,0
1781892000000000,2201.4,2203.35,2200.27,2201.72,1.1113,1781895599999999,2446.841078,215,0.4166,917.437217,0
1781895600000000,2201.73,2201.73,2200.0,2200.01,9.7902,1781899199999999,21538.848785,233,2.1393,4706.84448,0
1781899200000000,2200.34,2203.67,2197.03,2203.67,4.4892,1781902799999999,9875.010032,168,0.5769,1268.302352,0
1781902800000000,2203.29,2206.19,2201.21,2203.8,2.4385,1781906399999999,5372.577008,187,0.6479,1428.105715,0
1781906400000000,2204.25,2212.72,2204.25,2212.72,2.0241,1781909999999999,4471.35923,148,1.7071,3771.160811,0
1781910000000000,2213.14,2216.37,2210.76,2213.84,2.8625,1781913599999999,6337.53236,262,0.913,2021.02379,0
1781913600000000,2214.22,2214.72,2209.64,2214.38,5.6893,1781917199999999,12587.071878,231,4.5736,10119.354434,0
1781917200000000,2212.94,2212.94,2206.86,2207.18,3.8692,1781920799999999,8550.430451,168,1.408,3111.411385,0
1781920800000000,2208.67,2209.53,2205.55,2207.93,3.2898,1781924399999999,7262.721779,188,1.8196,4016.872687,0
1781924400000000,2208.19,2213.05,2208.19,2211.43,4.9168,1781927999999999,10870.391427,193,1.121,2478.338953,0
1781928000000000,2213.7,2216.29,2212.66,2213.45,5.9487,1781931599999999,13176.397826,381,3.4454,7633.342299,0
1781931600000000,2212.32,2216.94,2209.52,2216.75,17.4418,1781935199999999,38612.955959,409,4.0394,8949.486164,0
1781935200000000,2215.82,2235.81,2215.82,2233.15,37.9456,1781938799999999,84457.264844,565,17.4688,38790.721306,0
1781938800000000,2233.15,2233.16,2227.48,2229.43,12.8622,1781942399999999,28705.590552,375,2.9986,6685.46625,0
1781942400000000,2230.0,2234.67,2226.87,2231.34,2.4426,1781945999999999,5445.036745,287,1.1242,2506.678252,0
1781946000000000,2231.96,2240.44,2228.8,2236.94,33.7325,1781949599999999,75430.073858,404,16.8829,37753.526093,0
1781949600000000,2237.5,2237.5,2224.98,2224.98,4.8824,1781953199999999,10891.746086,239,0.45,1005.295147,0
1781953200000000,2226.83,2244.37,2224.08,2237.02,24.567,1781956799999999,54882.233385,462,12.846,28677.456507,0
1781956800000000,2238.99,2244.0,2229.12,2229.98,2.0078,1781960399999999,4490.988343,44,0.9831,2200.850362,0
1781960400000000,2232.95,2240.08,2228.0,2232.11,2.5322,1781963999999999,5654.884711,48,0.699,1562.462907,0
1781964000000000,2230.64,2234.9,2222.32,2234.9,0.4004,1781967599999999,892.225596,19,0.2678,596.715261,0
1781967600000000,2230.92,2240.0,2230.92,2238.06,2.1477,1781971199999999,4802.072655,60,0.4335,970.0523,0
1781971200000000,2238.06,2238.41,2231.65,2238.41,0.9024,1781974799999999,2019.392674,20,0.4697,1051.263008,0
1781974800000000,2238.41,2239.69,2232.23,2237.86,3.81,1781978399999999,8527.757853,53,1.155,2585.632953,0
1781978400000000,2237.87,2239.12,2237.68,2239.12,0.9919,1781981999999999,2220.584736,24,0.9876,2210.962712,0
1781982000000000,2239.12,2240.49,2238.48,2240.24,1.1867,1781985599999999,2657.924296,26,1.1816,2646.507586,0
1781985600000000,2240.24,2244.0,2239.59,2243.23,0.5076,1781989199999999,1138.736318,18,0.4958,1112.304926,0
1781989200000000,2243.14,2243.24,2243.14,2243.24,0.426,1781992799999999,955.616354,22,0.2836,636.180402,0
1781992800000000,2243.24,2248.0,2243.23,2248.0,0.3551,1781996399999999,796.757294,61,0.3263,732.150686,0
1781996400000000,2246.91,2251.28,2243.37,2251.28,0.3849,1781999999999999,865.426193,42,0.3317,745.974901,0
1782000000000000,2250.58,2250.58,2244.41,2245.8,4.9573,1782003599999999,11134.720395,52,4.5152,10141.464943,0
1782003600000000,2245.8,2245.93,2239.99,2245.92,0.929,1782007199999999,2084.226028,57,0.543,1219.472015,0
1782007200000000,2245.92,2245.93,2241.82,2245.86,4.2514,1782010799999999,9546.346534,44,3.7211,8357.295443,0
1782010800000000,2245.86,2245.93,2241.04,2245.89,0.3538,1782014399999999,794.335466,32,0.2535,569.33707,0
1782014400000000,2245.89,2245.93,2245.0,2245.9,1.0185,1782017999999999,2287.056091,33,0.4161,934.529417,0
1782018000000000,2245.9,2245.93,2245.01,2245.06,0.5935,1782021599999999,1332.933341,33,0.57,1280.175037,0
1782021600000000,2245.89,2245.93,2245.06,2245.89,1.453,1782025199999999,3263.185619,54,1.282,2879.280359,0
1782025200000000,2245.89,2245.93,2245.0,2245.01,1.7025,1782028799999999,3822.726767,55,0.6564,1474.222448,0
1782028800000000,2245.89,2245.93,2245.02,2245.93,0.9628,1782032399999999,2162.357623,34,0.9191,2064.229431,0
1782032400000000,2245.93,2245.93,2245.0,2245.89,1.6561,1782035999999999,3718.512475,44,0.6005,1348.666017,0
1782036000000000,2245.05,2245.93,2241.76,2245.72,0.3094,1782039599999999,694.636229,30,0.2189,491.61515,0
1782039600000000,2245.72,2245.93,2241.63,2245.92,0.6138,1782043199999999,1378.345873,41,0.5606,1259.059431,0
1782043200000000,2245.92,2245.93,2241.62,2245.93,1.3626,1782046799999999,3059.981325,31,0.6441,1446.598156,0
1782046800000000,2245.93,2245.93,2241.62,2242.07,2.5137,1782050399999999,5640.936696,31,2.157,4841.148468,0
1782050400000000,2242.88,2244.65,2220.16,2228.02,15.5343,1782053999999999,34595.063152,149,2.0159,4511.643075,0
1782054000000000,2223.56,2231.56,2223.47,2228.22,4.3373,1782057599999999,9658.696496,313,1.8609,4148.405577,0
1782057600000000,2228.22,2230.98,2223.48,2227.35,3.5245,1782061199999999,7847.571205,341,1.4484,3227.169089,0
1782061200000000,2227.35,2232.39,2227.35,2228.01,1.4735,1782064799999999,3286.30716,189,0.8949,1997.011697,0
1782064800000000,2228.01,2229.85,2214.62,2217.49,4.3189,1782068399999999,9594.126826,226,0.6399,1422.869557,0
1782068400000000,2216.07,2219.09,2216.0,2216.11,0.8786,1782071999999999,1948.476518,96,0.5812,1289.424024,0
1782072000000000,2216.11,2222.0,2216.11,2216.78,2.5995,1782075599999999,5769.36936,133,2.2752,5050.10967,0
1782075600000000,2216.78,2216.78,2201.69,2205.98,1.2048,1782079199999999,2661.719875,100,0.2818,622.612338,0
1782079200000000,2205.22,2216.95,2203.49,2216.95,2.9711,1782082799999999,6567.894534,119,2.6501,5859.370438,0
1782082800000000,2211.76,2215.79,2198.93,2198.93,10.2736,1782086399999999,22711.111755,87,4.493,9928.97655,0
1782086400000000,2198.94,2255.77,2195.55,2255.77,71.6359,1782089999999999,158801.901986,545,54.2889,120302.439588,0
1782090000000000,2247.57,2265.4,2242.54,2251.0,31.7169,1782093599999999,71474.574532,376,12.5758,28349.214245,0
1782093600000000,2245.48,2250.22,2241.52,2244.62,8.2241,1782097199999999,18484.251377,74,4.5167,10157.038328,0
1782097200000000,2244.62,2253.94,2233.88,2249.29,21.6552,1782100799999999,48553.25587,116,10.4131,23305.390427,0
1782100800000000,2250.39,2251.8,2229.9,2235.62,21.4625,1782104399999999,48100.053621,221,11.7108,26228.581786,0
1782104400000000,2235.0,2243.61,2234.95,2243.61,1.7743,1782107999999999,3972.816498,103,1.6389,3669.641144,0
1782108000000000,2240.37,2260.26,2240.22,2260.26,6.8099,1782111599999999,15308.869279,137,3.724,8377.166518,0
1782111600000000,2259.86,2269.83,2259.86,2267.48,26.8347,1782115199999999,60840.500331,67,26.0673,59104.742233,0
1782115200000000,2266.9,2271.72,2258.72,2271.72,5.2368,1782118799999999,11843.373738,53,0.4603,1043.928193,0
1782118800000000,2265.25,2270.06,2262.92,2268.64,13.1521,1782122399999999,29787.709369,160,3.0084,6824.618421,0
1782122400000000,2265.88,2281.39,2265.88,2272.39,5.7276,1782125999999999,13027.838466,116,4.0361,9179.355322,0
1782126000000000,2274.28,2303.01,2273.52,2301.07,23.6518,1782129599999999,54227.126852,237,11.5422,26526.591776,0
1782129600000000,2295.09,2295.09,2279.18,2279.85,2.1583,1782133199999999,4924.803168,71,0.6572,1499.469072,0
1782133200000000,2281.22,2318.11,2254.32,2283.11,209.7153,1782136799999999,479556.426072,1813,38.5458,88361.530559,0
1782136800000000,2280.38,2335.65,2280.38,2330.0,62.5264,1782140399999999,144383.078526,724,42.3228,97541.515088,0
1782140400000000,2331.71,2360.01,2290.79,2301.77,556.1493,1782143999999999,1309809.417943,715,92.659,217128.97348,0
1782144000000000,2300.28,2327.57,2295.0,2306.92,65.2946,1782147599999999,150887.106728,442,58.6273,135495.662605,0
1782147600000000,2302.47,2330.92,2302.47,2327.51,17.5247,1782151199999999,40691.481323,248,9.8219,22800.855952,0
1782151200000000,2332.91,2332.95,2311.82,2317.9,6.6211,1782154799999999,15367.471659,117,3.4296,7955.024555,0
1782154800000000,2319.02,2328.9,2290.0,2290.01,37.9038,1782158399999999,87147.419842,209,13.0779,29989.342307,0
1782158400000000,2290.0,2295.87,2284.61,2295.87,39.7005,1782161999999999,90963.974867,143,32.3245,74073.258554,0
1782162000000000,2291.0,2292.63,2267.0,2282.61,15.4372,1782165599999999,35160.518437,118,1.7805,4058.107053,0
1782165600000000,2281.92,2281.92,2262.68,2267.0,18.2559,1782169199999999,41392.882741,114,6.0015,13605.239711,0
1782169200000000,2268.0,2268.0,2259.98,2266.76,17.5668,1782172799999999,39795.135378,83,11.938,27056.614098,0
1782172800000000,2267.46,2279.15,2216.66,2235.5,227.0461,1782176399999999,509020.965065,1459,168.26,377779.497345,0
1782176400000000,2236.68,2241.4,2186.54,2195.58,96.3327,1782179999999999,213018.230599,1556,32.9466,72523.920431,0
1782180000000000,2195.58,2217.57,2164.15,2192.96,93.4698,1782183599999999,204799.722458,1240,40.4584,88763.956703,0
1782183600000000,2192.63,2193.18,2150.0,2184.04,202.6153,1782187199999999,438528.185453,1914,136.9008,296098.675039,0
1782187200000000,2184.04,2188.26,2150.0,2153.47,57.1585,1782190799999999,124260.559801,997,5.6839,12317.773703,0
1782190800000000,2153.47,2155.11,2094.45,2101.14,89.9246,1782194399999999,191292.050487,1721,77.8799,165729.801851,0
1782194400000000,2101.32,2124.96,2075.0,2109.39,158.6333,1782197999999999,332482.663002,1468,58.2866,121714.85872,0
1782198000000000,2109.39,2153.75,2105.62,2107.75,221.4912,1782201599999999,471078.101514,1087,84.7343,179891.319316,0
1782201600000000,2106.54,2119.49,2044.02,2066.52,272.0012,1782205199999999,566330.822561,1537,173.7307,362206.988155,0
1782205200000000,2071.66,2086.0,2056.19,2081.97,38.3889,1782208799999999,79699.280141,900,16.1714,33632.959861,0
1782208800000000,2081.47,2088.0,2052.56,2070.63,29.3637,1782212399999999,60773.996632,775,9.1374,18929.908716,0
1782212400000000,2071.5,2100.0,2066.46,2100.0,58.9376,1782215999999999,122969.475601,1159,21.5095,44903.435194,0
1782216000000000,2103.62,2111.72,2044.0,2044.0,29.5635,1782219599999999,61174.785917,644,6.6106,13720.231689,0
1782219600000000,2044.0,2051.97,1954.41,2009.04,467.2992,1782223199999999,933821.527568,3989,262.308,522760.39229,0
1782223200000000,2009.05,2062.09,1982.36,2004.99,160.3682,1782226799999999,322059.034961,3099,109.4671,219818.524515,0
1782226800000000,2004.99,2010.46,1983.79,1991.58,97.8326,1782230399999999,194996.073259,1653,51.106,101823.467584,0
1782230400000000,1990.49,2019.4,1988.95,1993.1,20.5236,1782233999999999,41170.710785,815,7.8503,15719.896111,0
1782234000000000,1991.33,1993.67,1955.23,1955.56,169.2934,1782237599999999,335612.028732,2142,125.3399,248565.075996,0
1782237600000000,1955.56,1971.91,1952.42,1967.62,83.7037,1782241199999999,164126.712243,2192,26.6059,52194.340876,0
1782241200000000,1964.96,1988.12,1955.07,1964.48,103.8032,1782244799999999,204229.140059,2547,59.7593,117447.210313,0
1782244800000000,1965.01,1994.62,1960.82,1982.8,28.2909,1782248399999999,56097.766079,535,8.893,17606.186812,0
1782248400000000,1982.32,2007.68,1979.7,2004.83,68.479,1782251999999999,136173.417435,837,38.0261,75492.183508,0
1782252000000000,2003.68,2016.05,1987.56,1987.92,27.0286,1782255599999999,54087.271189,360,12.5231,25064.067022,0
1782255600000000,1989.64,1992.2,1967.99,1987.65,22.9459,1782259199999999,45447.140259,450,12.1385,24047.548539,0
1782259200000000,1987.65,2055.13,1987.2,2033.98,179.7157,1782262799999999,364417.480917,1509,107.6246,218021.622421,0
1782262800000000,2035.68,2036.11,2009.06,2030.64,64.7657,1782266399999999,131153.828059,935,30.1326,61011.917861,0
1782266400000000,2030.64,2032.61,1968.97,1969.28,104.8937,1782269999999999,209846.029255,986,48.9879,97755.53426,0
1782270000000000,1970.9,1996.73,1960.92,1979.4,58.1088,1782273599999999,115408.051656,818,21.0231,41652.187143,0
1782273600000000,1979.7,1989.87,1960.31,1989.7,164.6172,1782277199999999,324651.395944,1237,86.3934,170798.25538,0
1782277200000000,1991.0,2018.05,1991.0,2003.27,111.6441,1782280799999999,223578.476509,915,79.9459,160021.625737,0
1782280800000000,2004.69,2014.18,2000.01,2007.61,109.1078,1782284399999999,219195.446564,1211,62.2913,125150.242895,0
1782284400000000,2008.26,2011.91,1992.15,2002.51,69.8917,1782287999999999,140026.90111,780,32.5846,65277.92151,0
1782288000000000,2002.64,2045.9,2002.64,2035.17,166.7071,1782291599999999,337079.593333,1616,102.9229,207546.825322,0
1782291600000000,2035.17,2037.68,2012.61,2024.32,34.916,1782295199999999,70730.381248,868,13.6397,27646.146904,0
1782295200000000,2024.31,2029.44,2017.87,2017.87,46.0786,1782298799999999,93157.303108,911,23.6778,47867.529521,0
1782298800000000,2020.89,2030.0,2010.1,2025.68,54.8895,1782302399999999,110688.154234,1121,20.2295,40826.518813,0
1782302400000000,2026.03,2037.57,2012.59,2013.98,54.9576,1782305999999999,111377.205449,982,12.6806,25688.187256,0
1782306000000000,2013.98,2022.51,1929.88,1971.2,553.8965,1782309599999999,1090622.920805,5373,301.0744,591624.571973,0
1782309600000000,1972.07,1975.24,1930.02,1949.42,349.7202,1782313199999999,680980.46959,5100,178.1149,346767.216699,0
1782313200000000,1949.86,1953.59,1912.47,1926.76,250.9232,1782316799999999,483945.840613,3874,114.0618,219775.496399,0
1782316800000000,1926.44,1943.04,1911.81,1915.11,158.6416,1782320399999999,305838.54166,2387,72.5553,139628.896842,0
1782320400000000,1915.09,1920.5,1868.0,1871.43,230.9818,1782323999999999,435712.584881,3023,144.3286,272367.80595,0
1782324000000000,1869.29,1907.72,1866.0,1872.5,76.4139,1782327599999999,144513.934986,666,56.3675,106802.655335,0
1782327600000000,1873.57,1927.61,1865.97,1914.52,74.7925,1782331199999999,140903.196123,1090,32.118,60652.03429,0
1782331200000000,1917.59,2160.88,1910.03,2128.29,505.6334,1782334799999999,1058379.520835,4695,224.9194,469678.387023,0
1782334800000000,2127.42,2133.28,2074.26,2117.94,85.6266,1782338399999999,180278.662454,1450,38.8484,81671.72667,0
1782338400000000,2121.14,2136.66,2108.32,2125.86,49.3707,1782341999999999,105000.910131,330,18.469,39273.54659,0
1782342000000000,2122.41,2154.49,2121.48,2153.55,67.4381,1782345599999999,144375.283861,532,40.9474,87646.228526,0
1782345600000000,2155.88,2165.0,2086.34,2104.37,111.2156,1782349199999999,236740.826084,900,63.3463,134976.860124,0
1782349200000000,2109.39,2126.25,2094.62,2120.4,50.2637,1782352799999999,106317.035057,364,28.8503,61008.542805,0
1782352800000000,2119.15,2123.34,2102.09,2121.24,20.4315,1782356399999999,43194.268204,161,6.326,13382.179267,0
1782356400000000,2118.87,2126.24,2113.79,2123.75,6.3281,1782359999999999,13414.629147,95,2.5972,5506.971212,0
1782360000000000,2125.1,2151.07,2123.99,2144.51,56.1456,1782363599999999,119889.340845,426,32.1734,68704.725154,0
1782363600000000,2149.88,2164.76,2140.94,2141.08,66.2933,1782367199999999,142708.169247,658,29.174,62869.121911,0
1782367200000000,2143.19,2149.45,2136.9,2136.9,10.8642,1782370799999999,23292.471636,139,5.5975,12002.939213,0
1782370800000000,2136.55,2154.68,2136.55,2146.07,5.0222,1782374399999999,10775.319593,105,2.6014,5578.835919,0
1782374400000000,2147.39,2173.75,2147.39,2157.21,103.5521,1782377999999999,223713.183831,770,74.5683,161103.482682,0
1782378000000000,2157.63,2190.98,2155.51,2181.04,18.9229,1782381599999999,41159.916901,342,7.4679,16241.777533,0
1782381600000000,2182.96,2211.49,2182.21,2204.08,45.3101,1782385199999999,99701.197531,639,24.4711,53830.394166,0
1782385200000000,2207.44,2226.07,2207.44,2214.61,72.7187,1782388799999999,161027.43531,1774,35.6602,78938.668938,0
1782388800000000,2215.64,2250.01,2200.0,2235.14,270.3864,1782392399999999,604890.338921,1734,172.0485,384839.036934,0
1782392400000000,2233.22,2291.54,2095.91,2100.84,369.1434,1782395999999999,811647.136031,4960,255.0456,559337.133998,0
1782396000000000,2102.4,2217.89,2102.4,2206.34,275.8602,1782399599999999,594124.039216,5788,143.0403,308454.134392,0
1782399600000000,2213.82,2238.04,2181.25,2220.23,89.904,1782403199999999,198677.823785,1622,64.1136,141530.044901,0
1782403200000000,2217.56,2274.64,2214.9,2270.21,146.5971,1782406799999999,330824.71842,2049,73.7493,166388.483164,0
1782406800000000,2270.96,2307.11,2260.77,2304.7,276.9795,1782410399999999,631298.667077,2317,198.677,452636.143034,0
1782410400000000,2304.7,2317.69,2284.28,2296.91,144.5638,1782413999999999,332326.929455,1667,33.8204,77863.733484,0
1782414000000000,2296.43,2343.66,2269.8,2333.11,305.6148,1782417599999999,703564.789757,3177,152.4509,348776.368537,0
1782417600000000,2334.15,2376.19,2312.99,2322.25,115.9697,1782421199999999,272186.815442,1443,62.1849,145700.690958,0
1782421200000000,2323.87,2330.9,2305.88,2308.02,26.6181,1782424799999999,61697.904265,661,11.6126,26919.675842,0
1782424800000000,2311.89,2317.62,2281.36,2317.0,111.5784,1782428399999999,256504.745353,1259,57.3725,131791.848477,0
1782428400000000,2317.0,2339.34,2312.0,2318.59,51.0696,1782431999999999,118645.563753,574,19.9328,46307.594602,0
1782432000000000,2320.0,2325.1,2259.39,2277.0,74.3797,1782435599999999,170788.651197,1056,31.3687,71957.487626,0
1782435600000000,2275.52,2286.0,2239.75,2243.43,38.7674,1782439199999999,87885.154088,633,19.5518,44313.629575,0
1782439200000000,2246.16,2246.16,2157.45,2186.77,273.3894,1782442799999999,598117.787229,2787,162.9847,355707.259201,0
1782442800000000,2185.01,2225.26,2146.0,2223.74,236.6095,1782446399999999,514293.771868,2427,97.2297,211172.06029,0
1782446400000000,2219.2,2246.16,2173.6,2185.35,150.8782,1782449999999999,332373.540753,1127,114.6864,252513.889887,0
1782450000000000,2186.54,2269.68,2186.54,2229.64,99.1871,1782453599999999,220635.161361,956,41.5388,92526.242526,0
1782453600000000,2223.87,2260.5,2203.61,2257.55,105.0592,1782457199999999,235003.753575,846,48.9999,109511.696502,0
1782457200000000,2256.43,2263.48,2240.86,2252.02,98.9666,1782460799999999,223245.214718,687,56.3753,127172.398501,0
1782460800000000,2251.17,2251.17,2196.86,2209.47,166.4361,1782464399999999,370740.657686,2035,70.042,155849.42972,0
1782464400000000,2210.67,2221.33,2192.68,2210.73,194.4944,1782467999999999,429312.204801,1661,79.3863,174978.996968,0
1782468000000000,2209.96,2250.98,2200.5,2212.7,109.8877,1782471599999999,242917.261096,1169,60.9259,134804.99906,0
1782471600000000,2211.12,2243.22,2210.84,2222.0,61.9615,1782475199999999,137944.402172,844,28.0172,62358.54508,0
1782475200000000,2220.83,2231.85,2185.7,2190.57,200.5947,1782478799999999,442530.251102,1518,84.7042,186990.149152,0
1782478800000000,2190.5,2207.52,2130.43,2204.6,471.4318,1782482399999999,1022903.549594,4207,256.8148,557526.504566,0
1782482400000000,2205.68,2262.09,2178.75,2185.0,288.8425,1782485999999999,642022.025372,3675,155.1797,345048.015993,0
1782486000000000,2186.43,2199.03,2142.27,2160.08,258.241,1782489599999999,559013.623007,2863,90.7512,196799.09046,0
1782489600000000,2158.84,2189.61,2146.35,2168.03,250.1933,1782493199999999,540842.761825,1907,99.1584,214687.907751,0
1782493200000000,2166.27,2183.75,2149.22,2150.41,101.0958,1782496799999999,219013.363907,926,24.8142,53738.563915,0
1782496800000000,2149.93,2152.63,2115.72,2118.37,86.026,1782500399999999,183022.865014,921,49.621,105442.280218,0
1782500400000000,2121.13,2154.96,2070.6,2093.42,338.0782,1782503999999999,712613.90418,2647,191.6028,402326.62919,0
1782504000000000,2095.66,2111.15,2077.41,2086.36,75.4923,1782507599999999,157854.87259,1233,35.3829,73932.009197,0
1782507600000000,2087.77,2095.68,2076.92,2095.14,7.8386,1782511199999999,16324.364694,251,3.9035,8129.361978,0
1782511200000000,2097.1,2106.79,2094.64,2104.87,2.8384,1782514799999999,5956.619006,119,1.3842,2904.172557,0
1782514800000000,2105.45,2120.49,2105.16,2113.86,4.7297,1782518399999999,9992.926723,151,2.7474,5803.699569,0
1782518400000000,2117.79,2127.69,2109.56,2117.28,18.3405,1782521999999999,38884.099369,390,6.4081,13579.528688,0
1782522000000000,2116.75,2123.12,2106.06,2106.06,13.47,1782525599999999,28527.325588,345,5.2367,11100.000704,0
1782525600000000,2106.49,2127.39,2105.06,2111.44,11.6816,1782529199999999,24696.588572,372,5.7836,12226.779274,0
1782529200000000,2110.98,2114.32,2104.87,2107.37,5.8556,1782532799999999,12349.643487,184,2.2895,4828.823285,0
1782532800000000,2106.89,2112.68,2103.69,2103.78,36.2011,1782536399999999,76229.623438,318,9.798,20663.519397,0
1782536400000000,2106.28,2108.01,2102.97,2105.05,3.468,1782539999999999,7302.71486,96,1.2554,2644.578236,0
1782540000000000,2105.05,2110.12,2101.27,2107.3,4.7392,1782543599999999,9985.315568,110,2.5111,5291.865616,0
1782543600000000,2107.88,2108.27,2106.09,2107.9,5.9983,1782547199999999,12640.143452,113,2.9748,6270.355848,0
1782547200000000,2107.89,2107.9,2102.57,2103.4,8.0581,1782550799999999,16976.815146,125,4.3097,9081.602083,0
1782550800000000,2103.87,2103.87,2090.0,2094.9,68.058,1782554399999999,142581.612555,471,30.4807,63852.228675,0
1782554400000000,2094.87,2101.85,2094.04,2095.38,24.9088,1782557999999999,52254.765614,346,14.9607,31384.48826,0
1782558000000000,2096.1,2098.66,2094.84,2098.42,18.1195,1782561599999999,37993.038572,219,11.4064,23922.557146,0
1782561600000000,2096.91,2100.32,2095.68,2096.13,4.8092,1782565199999999,10086.447105,74,2.2948,4814.674382,0
1782565200000000,2098.9,2113.39,2098.9,2110.85,29.2805,1782568799999999,61714.8262,332,20.4392,43085.153376,0
1782568800000000,2110.85,2110.85,2102.58,2103.55,9.3659,1782572399999999,19732.97101,164,4.2094,8867.949395,0
1782572400000000,2103.94,2110.27,2103.77,2104.7,19.97,1782575999999999,42058.398577,323,11.65,24529.939434,0
1782576000000000,2104.84,2105.2,2102.28,2104.17,7.3565,1782579599999999,15482.376612,112,2.1254,4472.240608,0
1782579600000000,2104.48,2106.41,2103.03,2105.12,5.0398,1782583199999999,10609.392753,123,2.7713,5833.165778,0
1782583200000000,2105.73,2108.06,2103.26,2103.26,4.4418,1782586799999999,9353.539533,88,1.9031,4007.626268,0
1782586800000000,2103.45,2104.7,2084.68,2086.84,46.5009,1782590399999999,97054.554325,411,25.9356,54111.399973,0
1782590400000000,2086.85,2098.47,2086.85,2096.76,41.7245,1782593999999999,87425.136561,486,14.8712,31147.212564,0
1782594000000000,2096.51,2101.65,2087.98,2087.98,8.3987,1782597599999999,17615.915277,143,5.3444,11211.433253,0
1782597600000000,2087.99,2096.95,2086.84,2094.97,21.3106,1782601199999999,44548.986932,275,14.4119,30132.906733,0
1782601200000000,2094.72,2099.54,2094.72,2096.63,13.9463,1782604799999999,29250.347181,144,7.9516,16680.868905,0
1782604800000000,2095.94,2105.27,2090.0,2090.0,5.3103,1782608399999999,11142.780857,82,2.9701,6237.673064,0
1782608400000000,2089.51,2096.16,2087.83,2096.16,4.7113,1782611999999999,9857.386925,68,2.9707,6215.357599,0
1782612000000000,2096.69,2099.19,2091.44,2097.26,2.0973,1782615599999999,4394.663579,45,0.7775,1629.680273,0
1782615600000000,2097.83,2099.62,2094.35,2094.35,0.7235,1782619199999999,1516.999909,20,0.3029,635.536536,0
1782619200000000,2096.18,2099.63,2093.33,2096.78,0.3054,1782622799999999,640.530478,25,0.2247,471.383207,0
1782622800000000,2096.55,2097.16,2086.74,2088.65,1.6322,1782626399999999,3412.174317,54,0.6009,1258.537369,0
1782626400000000,2091.2,2091.69,2089.03,2089.63,0.4788,1782629999999999,1001.133419,27,0.4511,943.233699,0
1782630000000000,2090.16,2098.55,2088.67,2093.68,1.4944,1782633599999999,3126.814472,89,1.3958,2920.731814,0
1782633600000000,2093.69,2101.4,2093.15,2099.06,38.3746,1782637199999999,80389.026373,208,33.4775,70130.484463,0
1782637200000000,2098.96,2103.64,2095.46,2099.93,8.6371,1782640799999999,18136.713984,136,3.4127,7168.976816,0
1782640800000000,2101.43,2102.73,2099.0,2102.73,10.0324,1782644399999999,21059.682863,106,2.4767,5200.244607,0
1782644400000000,2102.72,2109.61,2101.64,2103.9,2.742,1782647999999999,5777.048848,64,2.2101,4657.692986,0
1782648000000000,2105.02,2108.35,2103.9,2107.95,1.1371,1782651599999999,2396.331937,51,1.0408,2193.551907,0
1782651600000000,2107.28,2109.9,2102.84,2109.9,2.1166,1782655199999999,4457.193588,74,1.3074,2754.903135,0
1782655200000000,2109.43,2113.83,2106.66,2109.71,4.1964,1782658799999999,8858.958463,134,1.8669,3941.704976,0
1782658800000000,2110.1,2112.04,2108.78,2109.02,10.2078,1782662399999999,21532.543319,123,0.6857,1446.638974,0
1782662400000000,2109.02,2116.25,2109.0,2114.97,2.3139,1782665999999999,4885.450017,100,1.645,3474.039677,0
1782666000000000,2115.27,2118.13,2112.86,2115.67,3.7786,1782669599999999,7996.702208,61,3.0449,6444.515091,0
1782669600000000,2114.7,2118.36,2113.3,2116.1,0.6494,1782673199999999,1374.489424,26,0.426,901.882234,0
1782673200000000,2116.39,2122.16,2114.61,2117.27,31.6202,1782676799999999,67012.423726,253,3.2329,6851.981221,0
1782676800000000,2117.29,2131.62,2116.56,2131.62,2.3568,1782680399999999,5003.85551,125,1.0221,2172.316218,0
1782680400000000,2133.6,2134.03,2115.47,2116.1,5.9671,1782683999999999,12695.483458,119,0.1282,272.754279,0
1782684000000000,2117.56,2134.82,2116.6,2125.05,26.6361,1782687599999999,56736.673298,570,8.9465,19031.029342,0
1782687600000000,2125.05,2136.72,2117.61,2122.4,5.0605,1782691199999999,10761.439764,283,2.3244,4946.505301,0
1782691200000000,2123.58,2146.69,2046.1,2089.41,259.8883,1782694799999999,549498.265971,2133,124.1262,263546.042496,0
1782694800000000,2089.41,2106.76,2079.81,2097.58,8.0199,1782698399999999,16763.82091,316,3.1924,6675.716749,0
1782698400000000,2094.84,2099.34,2077.39,2090.24,25.9075,1782701999999999,54139.441217,384,18.0211,37647.898703,0
1782702000000000,2089.77,2105.07,2083.1,2095.29,6.63,1782705599999999,13854.858415,198,4.4015,9183.181719,0
1782705600000000,2094.29,2096.25,2067.55,2069.59,32.9249,1782709199999999,68426.666947,327,3.2532,6756.127009,0
1782709200000000,2071.98,2116.36,2060.11,2111.9,31.7766,1782712799999999,66387.481023,394,14.3171,29832.727888,0
1782712800000000,2112.66,2124.27,2106.67,2110.0,32.1769,1782716399999999,68035.496587,309,3.3898,7175.933347,0
1782716400000000,2109.57,2128.62,2107.31,2125.94,8.6895,1782719999999999,18450.726113,99,6.2991,13382.561075,0
1782720000000000,2126.45,2141.22,2118.14,2118.14,24.6385,1782723599999999,52492.407708,495,11.2435,23956.185764,0
1782723600000000,2120.88,2122.33,2100.16,2111.25,27.9756,1782727199999999,59112.511791,368,15.6563,33087.938194,0
1782727200000000,2113.46,2125.98,2111.79,2120.76,37.256,1782730799999999,78865.336747,301,7.464,15825.260945,0
1782730800000000,2121.09,2122.4,2082.29,2088.92,20.8862,1782734399999999,43763.714564,578,6.6743,13983.096608,0
1782734400000000,2088.24,2113.87,2088.09,2113.87,77.7851,1782737999999999,163325.84869,648,48.8613,102593.978172,0
1782738000000000,2115.08,2122.84,1927.53,1930.84,1019.1496,1782741599999999,2043780.185747,5128,454.8467,909781.776611,0
1782741600000000,1930.71,1966.0,1900.0,1938.06,622.8478,1782745199999999,1200777.548344,4504,359.668,693467.017589,0
1782745200000000,1937.25,1998.89,1929.64,1992.72,339.6268,1782748799999999,666485.833848,3289,107.0406,210230.14351,0
1782748800000000,1993.86,2035.8,1993.86,2021.73,255.7732,1782752399999999,515039.162681,1727,72.2143,145526.501238,0
1782752400000000,2024.2,2027.68,1982.96,2000.01,94.3586,1782755999999999,189541.756081,1164,68.43,137497.509042,0
1782756000000000,1999.57,2031.16,1998.42,2018.6,38.4454,1782759599999999,77463.129076,875,25.7497,51882.583887,0
1782759600000000,2016.51,2068.54,2007.9,2051.8,91.9788,1782763199999999,186695.189226,1383,64.531,130764.362942,0
1782763200000000,2053.35,2071.11,2040.48,2058.92,48.103,1782766799999999,99121.185213,755,23.9864,49425.344212,0
1782766800000000,2058.75,2062.6,2047.35,2047.35,5.7199,1782770399999999,11739.427287,137,2.7065,5555.124002,0
1782770400000000,2047.58,2062.83,2045.28,2058.38,13.7478,1782773999999999,28264.417531,208,6.4166,13193.27689,0
1782774000000000,2061.26,2062.31,2057.64,2061.67,33.8992,1782777599999999,69870.771831,242,23.7602,48981.994856,0
1782777600000000,2059.29,2093.49,2033.58,2048.75,105.2228,1782781199999999,216873.150693,1550,69.3313,142788.0907,0
1782781200000000,2049.78,2070.91,2040.12,2067.5,10.2444,1782784799999999,21070.248483,433,5.1921,10683.596085,0
1782784800000000,2065.18,2072.0,2053.06,2072.0,19.6617,1782788399999999,40694.823067,602,11.4398,23685.507281,0
1782788400000000,2071.99,2088.67,2070.11,2080.41,65.9574,1782791999999999,136887.450067,755,55.1362,114383.330064,0
1782792000000000,2080.41,2123.15,2080.15,2118.41,125.9937,1782795599999999,264876.045525,1448,43.3827,91327.719447,0
1782795600000000,2118.68,2125.05,2102.43,2110.97,31.6087,1782799199999999,66814.840392,510,13.0825,27653.471319,0
1782799200000000,2108.76,2110.42,2094.84,2102.83,12.4553,1782802799999999,26172.592844,199,9.2059,19345.325329,0
1782802800000000,2099.67,2099.69,2086.15,2089.9,29.919,1782806399999999,62734.222259,217,4.5898,9616.324149,0
1782806400000000,2089.9,2106.76,2079.67,2093.36,31.5043,1782809999999999,65800.290001,267,6.0794,12736.904094,0
1782810000000000,2096.32,2104.72,2092.62,2092.62,6.5938,1782813599999999,13831.212309,89,1.9428,4075.844205,0
1782813600000000,2093.81,2114.0,2086.17,2104.52,40.6334,1782817199999999,85618.980276,351,34.2286,72186.01566,0
1782817200000000,2102.81,2123.5,2094.03,2117.47,133.5777,1782820799999999,282102.039942,919,106.9432,226003.462779,0
1782820800000000,2117.31,2119.58,2076.26,2082.9,122.9158,1782824399999999,258250.446389,814,83.9041,176417.218101,0
1782824400000000,2084.21,2177.93,2070.68,2165.86,392.8612,1782827999999999,837180.23719,4036,176.4715,375039.260196,0
1782828000000000,2166.28,2213.81,2129.33,2161.32,417.3999,1782831599999999,904917.343117,3222,205.6779,446061.717645,0
1782831600000000,2162.87,2203.75,2162.87,2185.0,164.7339,1782835199999999,360764.467359,2025,75.7286,166005.979154,0
1782835200000000,2183.79,2211.87,2183.75,2188.4,90.4238,1782838799999999,199023.097523,1331,37.8825,83388.296468,0
1782838800000000,2187.5,2250.0,2186.25,2233.89,67.8878,1782842399999999,150688.52869,1225,28.5894,63353.937304,0
1782842400000000,2233.89,2272.44,2228.78,2261.37,60.543,1782845999999999,136325.508628,1280,28.2458,63739.303865,0
1782846000000000,2260.62,2281.51,2242.56,2270.84,106.5191,1782849599999999,241334.27536,1222,29.0777,65773.934305,0
1782849600000000,2270.84,2270.84,2230.61,2238.0,65.7051,1782853199999999,148114.746599,834,16.2135,36421.011215,0
1782853200000000,2238.0,2245.07,2237.44,2239.23,1.9222,1782856799999999,4308.280802,96,1.266,2837.216446,0
1782856800000000,2239.88,2255.33,2233.85,2251.04,24.6982,1782860399999999,55391.684668,432,19.8892,44615.752572,0
1782860400000000,2249.63,2262.08,2246.26,2251.57,25.6395,1782863999999999,57834.822849,454,20.0105,45158.29021,0
1782864000000000,2249.61,2254.51,2219.8,2223.25,79.1944,1782867599999999,177191.340811,914,38.6664,86803.444539,0
1782867600000000,2223.26,2224.19,2206.0,2209.44,148.7954,1782871199999999,329586.492633,1659,38.0076,84010.007601,0
1782871200000000,2207.99,2212.74,2189.9,2208.65,80.7603,1782874799999999,177370.025006,779,54.6573,119926.887233,0
1782874800000000,2206.59,2225.74,2206.0,2220.61,12.7439,1782878399999999,28230.776852,203,8.3903,18586.172898,0
1782878400000000,2219.2,2226.82,2213.39,2215.99,6.9436,1782881999999999,15413.569483,114,4.0123,8914.68739,0
1782882000000000,2215.21,2216.48,2208.84,2208.84,4.4945,1782885599999999,9941.959743,82,1.338,2962.099204,0
1782885600000000,2211.64,2211.64,2188.24,2193.88,7.4241,1782889199999999,16312.007267,151,5.0845,11171.895735,0
1782889200000000,2196.67,2198.46,2181.65,2191.17,25.6286,1782892799999999,56226.169581,251,5.0881,11162.054895,0
1782892800000000,2190.88,2190.88,2154.79,2184.59,33.8943,1782896399999999,73625.128274,460,21.8153,47369.166743,0
1782896400000000,2186.04,2186.04,2170.46,2177.94,10.9385,1782899999999999,23794.98397,233,4.9027,10664.763137,0
1782900000000000,2177.04,2193.19,2163.88,2191.12,46.6763,1782903599999999,101655.1083,484,34.1876,74435.500484,0
1782903600000000,2191.12,2207.64,2184.52,2190.21,146.1545,1782907199999999,321138.862469,807,73.2768,161144.470276,0
1782907200000000,2191.73,2192.99,2077.78,2088.24,871.7103,1782910799999999,1845038.360296,3217,464.611,980332.595333,0
1782910800000000,2090.39,2132.82,2065.22,2106.25,845.2578,1782914399999999,1774730.12744,3635,356.9525,749728.807218,0
1782914400000000,2103.89,2112.43,2023.82,2034.0,344.9713,1782917999999999,716829.040068,1874,213.5021,444782.979447,0
1782918000000000,2034.64,2082.99,2033.48,2063.29,176.6843,1782921599999999,363865.814681,1515,80.9299,166617.197579,0
1782921600000000,2063.12,2076.14,2047.94,2054.52,79.2649,1782925199999999,163426.901704,1097,41.0736,84702.072321,0
1782925200000000,2054.52,2059.92,2021.35,2023.4,297.8842,1782928799999999,608260.080614,1247,174.2874,356070.443241,0
1782928800000000,2023.79,2043.33,2005.6,2016.24,583.4101,1782932399999999,1178093.814174,1865,361.8722,730565.214257,0
1782932400000000,2014.8,2066.94,2013.58,2034.44,560.926,1782935999999999,1144125.081572,2871,265.9905,542417.03411,0
1782936000000000,2035.89,2047.22,2006.87,2040.9,428.4101,1782939599999999,867569.1528,1893,274.4851,556012.797223,0
1782939600000000,2040.89,2053.11,2033.77,2050.01,84.5313,1782943199999999,172811.547995,646,49.2632,100757.855027,0
1782943200000000,2049.16,2057.18,2042.33,2049.71,128.8712,1782946799999999,264222.796177,1067,69.6655,142898.023693,0
1782946800000000,2050.49,2053.41,2013.4,2016.62,227.1814,1782950399999999,460751.67381,1367,84.474,171193.510365,0
1782950400000000,2016.49,2027.88,1985.68,2004.66,533.9597,1782953999999999,1071645.603482,2909,286.0563,574253.884499,0
1782954000000000,2004.65,2049.04,2003.73,2045.77,244.6766,1782957599999999,496621.152087,1693,125.3656,254532.947549,0
1782957600000000,2044.05,2059.73,2028.69,2035.3,95.3318,1782961199999999,194727.31453,1073,43.0033,87877.921769,0
1782961200000000,2034.2,2035.76,2017.6,2020.56,134.3821,1782964799999999,272032.053181,1548,63.2893,128114.725266,0
1782964800000000,2021.5,2025.14,2000.2,2011.81,169.6882,1782968399999999,340956.49081,1718,57.5396,115613.764512,0
1782968400000000,2012.42,2020.56,1981.92,1982.0,231.1815,1782971999999999,461612.997493,2853,87.3594,174514.757272,0
1782972000000000,1982.0,1985.26,1952.0,1959.97,388.2049,1782975599999999,764041.082159,4241,170.1375,334911.838866,0
1782975600000000,1960.34,1970.38,1942.0,1965.13,423.4106,1782979199999999,826060.957357,2353,111.19,217037.533437,0
1782979200000000,1966.38,1992.72,1936.32,1992.67,173.0958,1782982799999999,338404.095064,1676,80.742,157996.879608,0
1782982800000000,1992.67,1992.67,1960.0,1963.02,113.5613,1782986399999999,224013.662216,1560,36.6926,72379.760561,0
1782986400000000,1962.61,1973.37,1953.35,1971.74,92.692,1782989999999999,181920.574782,1111,40.0572,78592.652906,0
1782990000000000,1972.03,1999.34,1960.87,1994.75,85.0326,1782993599999999,168249.695273,906,41.3544,81825.408636,0
1782993600000000,1995.89,2111.94,1991.2,2057.42,400.6488,1782997199999999,828539.567019,3149,253.2295,523756.834974,0
1782997200000000,2056.52,2073.45,1982.85,1999.88,1385.4687,1783000799999999,2796967.199695,11051,683.6206,1379730.519615,0
1783000800000000,2001.84,2018.5,1829.91,1841.7,1040.9098,1783004399999999,1998852.851175,5962,458.7104,879602.474314,0
1783004400000000,1841.94,1861.38,1786.6,1813.76,1950.7644,1783007999999999,3559929.369164,6894,991.2742,1802306.193686,0
1783008000000000,1812.87,1826.55,1749.27,1766.49,692.6404,1783011599999999,1235508.735303,3912,314.3468,560677.323235,0
1783011600000000,1764.47,1785.46,1713.82,1714.77,463.2442,1783015199999999,809432.268582,2385,243.0572,424048.643765,0
1783015200000000,1716.89,1760.0,1714.19,1740.42,199.4033,1783018799999999,346399.630587,4457,102.727,178534.755281,0
1783018800000000,1741.41,1752.35,1700.0,1744.36,340.3646,1783022399999999,586838.072404,3356,135.2915,233736.302654,0
1783022400000000,1745.1,1784.89,1745.1,1754.32,269.4941,1783025999999999,475731.176867,3760,184.5855,325404.576406,0
1783026000000000,1752.98,1771.99,1749.74,1766.01,49.4752,1783029599999999,87091.154094,1250,28.5284,50240.809351,0
1783029600000000,1766.83,1779.96,1764.9,1774.4,74.2214,1783033199999999,131493.270045,1368,42.9422,76068.537134,0
1783033200000000,1773.86,1779.88,1760.3,1766.73,56.427,1783036799999999,99885.595319,986,20.6979,36649.692114,0
1783036800000000,1766.06,1780.05,1750.87,1755.96,109.0457,1783040399999999,192601.884608,4200,46.6607,82533.430638,0
1783040400000000,1755.95,1797.18,1753.57,1796.3,177.9819,1783043999999999,316318.874358,3411,54.371,96667.849369,0
1783044000000000,1795.41,1800.0,1782.45,1798.0,45.8507,1783047599999999,82171.244466,818,25.5176,45735.618089,0
1783047600000000,1796.46,1811.34,1788.02,1806.77,59.2791,1783051199999999,106789.954022,963,33.3933,60151.930731,0
1783051200000000,1806.52,1843.0,1804.69,1841.47,99.5425,1783054799999999,181560.619413,1393,69.992,127676.099052,0
1783054800000000,1841.44,1842.0,1806.86,1816.97,123.8791,1783058399999999,226470.006782,1610,74.982,137113.851739,0
1783058400000000,1816.98,1834.86,1816.97,1827.86,69.9218,1783061999999999,127839.503611,808,29.7133,54312.370432,0
1783062000000000,1827.52,1831.55,1826.61,1829.36,119.1753,1783065599999999,217827.302171,634,51.2867,93750.191444,0
1783065600000000,1830.89,1838.0,1829.99,1830.67,37.2577,1783069199999999,68274.414209,443,18.6007,34102.716639,0
1783069200000000,1830.52,1840.0,1828.55,1835.72,67.6474,1783072799999999,124001.718956,840,31.9034,58501.66904,0
1783072800000000,1836.8,1891.0,1836.8,1844.58,181.044,1783076399999999,337210.622537,1457,133.4642,248782.23005,0
1783076400000000,1844.57,1863.86,1844.56,1850.92,79.7474,1783079999999999,147887.4203,1114,55.6348,103193.455553,0
1783080000000000,1852.6,1857.74,1834.36,1834.36,81.4091,1783083599999999,150265.133645,680,11.2923,20867.455618,0
1783083600000000,1833.18,1838.96,1817.42,1837.04,216.5682,1783087199999999,396432.082627,1297,107.8544,197555.511872,0
1783087200000000,1837.05,1837.68,1820.89,1830.48,109.0477,1783090799999999,199662.695965,811,19.0649,34854.397783,0
1783090800000000,1829.94,1831.89,1823.66,1827.78,84.5981,1783094399999999,154722.285956,934,34.8544,63750.142973,0
1783094400000000,1827.78,1827.78,1823.66,1826.64,37.3056,1783097999999999,68083.258599,603,19.199,35034.055204,0
1783098000000000,1826.03,1835.1,1825.97,1828.73,101.6809,1783101599999999,186202.619116,1029,66.6242,122006.370985,0
1783101600000000,1829.78,1836.01,1829.78,1833.09,82.4354,1783105199999999,151296.791847,797,41.843,76784.844543,0
1783105200000000,1833.09,1836.01,1831.88,1832.4,50.0828,1783108799999999,91922.620177,823,24.5836,45122.440596,0
1783108800000000,1831.89,1834.57,1827.77,1827.78,34.2108,1783112399999999,62627.141423,716,16.7409,30646.933454,0
1783112400000000,1827.77,1831.89,1826.09,1830.91,20.6996,1783115999999999,37849.093319,508,10.3565,18943.268987,0
1783116000000000,1828.15,1830.01,1823.95,1823.96,18.5945,1783119599999999,33978.429645,470,11.6014,21197.618816,0
1783119600000000,1823.78,1829.42,1823.72,1827.78,17.0147,1783123199999999,31086.271788,378,6.4255,11737.867988,0
1783123200000000,1827.77,1836.01,1825.89,1836.0,52.6112,1783126799999999,96299.607991,874,37.2974,68286.454424,0
1783126800000000,1832.22,1836.01,1830.9,1836.0,35.0506,1783130399999999,64268.320166,495,11.2214,20588.269064,0
1783130400000000,1836.0,1836.01,1833.29,1836.0,21.8447,1783133999999999,40104.007733,524,12.0649,22149.216857,0
1783134000000000,1836.0,1840.12,1835.18,1836.19,46.0373,1783137599999999,84596.704826,607,20.8223,38250.856758,0
1783137600000000,1836.13,1836.13,1831.88,1831.97,25.7025,1783141199999999,47151.795165,488,6.2128,11397.900614,0
1783141200000000,1831.88,1837.87,1831.88,1836.0,14.5231,1783144799999999,26648.988831,246,1.0171,1864.266513,0
1783144800000000,1836.92,1837.91,1835.54,1835.54,18.2464,1783148399999999,33501.842656,197,1.5456,2839.026827,0
1783148400000000,1836.04,1836.68,1836.0,1836.0,6.7964,1783151999999999,12480.622544,381,1.9009,3491.003355,0
1783152000000000,1836.19,1840.12,1836.0,1836.19,7.8333,1783155599999999,14393.410224,487,2.8265,5194.658878,0
1783155600000000,1836.54,1837.77,1836.0,1837.75,3.2437,1783159199999999,5957.355701,270,1.4384,2642.317637,0
1783159200000000,1837.77,1838.68,1836.0,1837.97,8.6115,1783162799999999,15815.650823,138,0.8047,1479.0996,0
1783162800000000,1837.96,1838.67,1837.96,1837.99,2.4387,1783166399999999,4482.922386,210,1.2649,2325.267167,0
1783166400000000,1838.0,1838.0,1835.0,1836.38,12.4452,1783169999999999,22848.516125,246,3.8126,7003.128546,0
1783170000000000,1836.07,1837.44,1832.12,1832.92,12.9027,1783173599999999,23682.312155,246,0.7366,1351.219196,0
1783173600000000,1832.88,1837.07,1831.88,1837.07,7.9209,1783177199999999,14534.32679,426,3.1672,5812.341203,0
1783177200000000,1836.69,1840.0,1836.69,1839.13,1.6244,1783180799999999,2986.847274,254,0.9043,1662.45533,0
1783180800000000,1838.94,1839.42,1836.75,1836.92,4.4695,1783184399999999,8213.85399,240,0.5791,1064.964635,0
1783184400000000,1836.52,1839.42,1836.0,1837.73,12.0432,1783187999999999,22117.81773,297,1.0988,2018.83394,0
1783188000000000,1836.71,1838.92,1836.0,1836.01,2.4747,1783191599999999,4545.267204,163,1.3231,2430.725684,0
1783191600000000,1836.54,1839.42,1836.45,1839.4,4.0938,1783195199999999,7524.240785,189,3.6335,6677.848534,0
1783195200000000,1839.42,1839.42,1839.32,1839.33,2.0478,1783198799999999,3766.687918,119,1.2014,2209.877404,0
1783198800000000,1839.38,1839.42,1839.32,1839.4,1.3007,1783202399999999,2392.49477,182,0.8956,1647.370799,0
1783202400000000,1839.36,1839.42,1839.32,1839.41,13.0399,1783205999999999,23985.587029,193,12.6884,23339.056563,0
1783206000000000,1839.42,1839.42,1839.36,1839.41,3.9898,1783209599999999,7338.895513,407,3.116,5731.624124,0
1783209600000000,1839.41,1840.12,1839.32,1840.12,59.8503,1783213199999999,110127.492408,1128,53.0866,97683.690352,0
1783213200000000,1840.12,1840.12,1840.1,1840.11,112.3439,1783216799999999,206725.981868,1914,85.2601,156888.811134,0
1783216800000000,1840.11,1840.14,1836.0,1840.14,49.6863,1783220399999999,91369.912082,2079,32.0361,58910.856999,0
1783220400000000,1840.14,1840.14,1836.35,1838.35,16.3783,1783223999999999,30122.969607,757,4.4154,8121.419673,0
1783224000000000,1838.55,1841.03,1832.52,1841.02,75.1561,1783227599999999,138103.853448,732,57.2068,105147.013215,0
1783227600000000,1841.01,1844.23,1840.17,1843.51,41.8033,1783231199999999,77038.931242,638,29.903,55104.287453,0
1783231200000000,1843.4,1852.45,1842.87,1848.71,82.909,1783234799999999,153173.772977,891,65.7444,121402.920221,0
1783234800000000,1848.71,1849.15,1846.31,1847.62,15.2552,1783238399999999,28191.172796,160,1.3937,2573.569482,0
1783238400000000,1846.82,1848.13,1844.38,1844.38,36.2185,1783241999999999,66856.450882,63,0.5214,962.981773,0
1783242000000000,1844.39,1844.55,1840.26,1840.27,16.3499,1783245599999999,30143.266073,43,1.9295,3558.578086,0
1783245600000000,1840.92,1846.75,1840.12,1846.75,17.1907,1783249199999999,31697.506493,56,3.4121,6292.56866,0
1783249200000000,1846.75,1852.45,1846.56,1850.77,39.5119,1783252799999999,73101.975045,472,27.6173,51068.952958,0
1783252800000000,1850.03,1856.57,1848.33,1856.57,45.7232,1783256399999999,84682.032131,220,36.0415,66762.06702,0
1783256400000000,1856.57,1868.9,1856.57,1863.83,131.2762,1783259999999999,244775.862042,1693,67.2631,125365.283736,0
1783260000000000,1863.82,1865.19,1856.56,1860.67,61.0365,1783263599999999,113546.913332,493,17.6478,32846.570962,0
1783263600000000,1860.68,1866.87,1860.67,1864.78,70.2268,1783267199999999,130936.497225,1037,29.5043,55008.530589,0
1783267200000000,1864.78,1867.0,1864.78,1866.22,3.4765,1783270799999999,6486.118731,156,0.8808,1643.932586,0
1783270800000000,1866.08,1868.9,1866.08,1868.86,3.1745,1783274399999999,5928.223505,175,1.3291,2482.809234,0
1783274400000000,1868.85,1873.01,1868.5,1872.87,53.8468,1783277999999999,100650.878173,266,44.6949,83547.457019,0
1783278000000000,1872.03,1873.0,1869.67,1869.67,4.5613,1783281599999999,8540.147238,87,0.6975,1306.046766,0
1783281600000000,1869.84,1872.56,1869.82,1870.84,6.7981,1783285199999999,12713.070102,61,2.0047,3749.812293,0
1783285200000000,1871.88,1873.01,1864.78,1864.83,24.7969,1783288799999999,46389.397382,149,0.4432,829.070859,0
1783288800000000,1870.33,1878.07,1867.06,1867.06,94.2053,1783292399999999,176448.903414,400,48.724,91305.946375,0
1783292400000000,1866.02,1875.57,1860.86,1865.09,64.8648,1783295999999999,121218.367273,436,19.0783,35690.295715,0
1783296000000000,1864.85,1929.54,1864.78,1895.72,1086.8956,1783299599999999,2062613.006466,7372,522.2781,988916.487154,0
1783299600000000,1895.09,1895.09,1825.01,1848.34,644.0935,1783303199999999,1200556.357769,4070,308.4174,573725.525822,0
1783303200000000,1848.34,1855.0,1785.0,1823.77,484.9935,1783306799999999,884583.727593,3774,244.4346,445317.211723,0
1783306800000000,1823.69,1841.35,1819.55,1840.78,146.3598,1783310399999999,268230.50957,805,50.8287,93250.591731,0
1783310400000000,1838.58,1858.49,1828.04,1856.19,126.1204,1783313999999999,232735.363428,743,84.3997,155799.07993,0
1783314000000000,1852.45,1852.88,1839.3,1848.33,67.0799,1783317599999999,123840.615641,640,31.7021,58538.536006,0
1783317600000000,1848.34,1852.84,1842.98,1848.53,32.5144,1783321199999999,60102.80654,297,11.9575,22083.141903,0
1783321200000000,1851.06,1852.45,1840.55,1844.27,33.646,1783324799999999,62179.663984,897,15.2114,28130.886587,0
1783324800000000,1844.22,1856.57,1834.72,1840.41,180.3085,1783328399999999,332504.292167,1920,100.1239,184632.778241,0
1783328400000000,1840.11,1841.97,1808.14,1822.0,216.8994,1783331999999999,395533.18572,2723,117.5734,214359.794139,0
1783332000000000,1822.0,1823.67,1810.89,1819.15,190.3833,1783335599999999,345751.203266,3256,119.3421,216758.158427,0
1783335600000000,1819.49,1842.23,1793.51,1834.37,259.7771,1783339199999999,472092.235959,3475,138.7028,251758.158764,0
1783339200000000,1834.37,1849.1,1833.15,1847.73,173.646,1783342799999999,319782.087889,2682,114.2859,210485.773799,0
1783342800000000,1848.17,1848.17,1760.0,1792.92,931.627,1783346399999999,1679842.049001,8014,491.2977,883927.60412,0
1783346400000000,1792.92,1840.81,1789.94,1823.33,371.4791,1783349999999999,675169.565416,3434,142.8133,259553.504053,0
1783350000000000,1822.08,1824.42,1785.55,1819.53,265.187,1783353599999999,480427.02413,1866,126.5311,228682.055297,0
1783353600000000,1819.55,1826.6,1764.66,1764.9,201.1013,1783357199999999,361232.896686,2353,132.9881,239002.05221,0
1783357200000000,1765.03,1772.2,1721.0,1726.95,571.1595,1783360799999999,994704.767259,4769,441.4464,768500.233242,0
1783360800000000,1728.54,1750.42,1724.59,1724.59,193.0812,1783364399999999,335593.266018,2614,137.6756,239395.351903,0
1783364400000000,1727.55,1755.7,1726.3,1748.03,175.6997,1783367999999999,306200.176947,2733,133.8427,233245.510927,0
1783368000000000,1747.92,1751.1,1740.0,1748.07,272.4394,1783371599999999,475585.297409,2801,206.6551,360721.126927,0
1783371600000000,1747.58,1753.51,1745.7,1750.56,123.6258,1783375199999999,216414.714647,1386,60.7234,106278.607223,0
1783375200000000,1750.57,1753.59,1695.56,1707.5,544.7859,1783378799999999,939569.276186,4455,298.5895,514169.611885,0
1783378800000000,1706.03,1732.16,1684.99,1692.56,1203.0266,1783382399999999,2050399.242496,6549,641.0451,1092132.876862,0
1783382400000000,1692.57,1723.61,1665.56,1673.62,1228.497,1783385999999999,2072397.848473,7670,816.4462,1376952.724252,0
1783386000000000,1675.79,1696.35,1655.4,1682.77,1070.5296,1783389599999999,1789737.345474,6498,585.7719,978031.809741,0
1783389600000000,1683.0,1688.35,1666.88,1673.08,435.22,1783393199999999,729400.098571,2637,177.6096,297551.951861,0
1783393200000000,1673.29,1685.85,1640.65,1654.11,529.3121,1783396799999999,878025.255077,4237,378.8701,628335.245027,0
1783396800000000,1654.11,1662.42,1638.44,1643.7,989.2119,1783400399999999,1629562.799149,10835,721.7545,1189008.68363,0
1783400400000000,1642.07,1678.59,1623.66,1668.45,1138.1559,1783403999999999,1868340.361098,12665,666.463,1092015.564753,0
1783404000000000,1669.07,1689.48,1654.4,1686.3,420.1804,1783407599999999,700930.713627,3422,176.5075,294367.918395,0
1783407600000000,1684.57,1688.82,1672.7,1673.63,351.3358,1783411199999999,589325.997159,4488,220.0183,369129.232309,0
1783411200000000,1673.63,1680.79,1653.0,1653.05,1568.0307,1783414799999999,2609416.070252,13508,1396.3487,2323666.37549,0
1783414800000000,1653.64,1658.71,1629.26,1639.91,1741.9187,1783418399999999,2860199.185786,14346,1562.94,2566706.614622,0
1783418400000000,1639.53,1656.2,1636.47,1655.5,1095.1393,1783421999999999,1800765.374562,9196,879.8867,1446621.834126,0
1783422000000000,1655.5,1660.82,1642.25,1655.13,518.089,1783425599999999,854381.020718,4096,354.7336,584953.054253,0
1783425600000000,1655.13,1684.85,1648.98,1652.59,630.7518,1783429199999999,1051026.502834,5293,439.5487,732331.004331,0
1783429200000000,1654.4,1655.07,1576.0,1584.25,1569.8524,1783432799999999,2534717.779428,9888,831.6028,1342792.148362,0
1783432800000000,1583.86,1594.25,1491.4,1550.19,3219.2067,1783436399999999,4940141.40324,11470,1907.7232,2923495.156314,0
1783436400000000,1552.07,1586.1,1536.9,1570.45,1226.5491,1783439999999999,1916544.869962,7237,590.6325,923685.200399,0
1783440000000000,1570.14,1610.32,1566.9,1600.99,912.3461,1783443599999999,1455505.216356,4832,372.5619,594085.419127,0
1783443600000000,1600.13,1623.48,1594.58,1614.15,441.1531,1783447199999999,709343.408407,2770,176.7729,284458.88621,0
1783447200000000,1614.69,1619.02,1568.86,1568.86,194.4136,1783450799999999,310271.011962,1768,90.8557,145020.651721,0
1783450800000000,1570.01,1625.48,1558.39,1623.49,446.6348,1783454399999999,707268.431267,7878,326.9346,516885.72777,0
1783454400000000,1622.01,1646.25,1620.85,1637.28,261.2466,1783457999999999,425945.155332,3794,185.1967,301920.657845,0
1783458000000000,1637.28,1652.5,1611.15,1611.15,341.8345,1783461599999999,557785.111651,4363,180.5185,294427.958161,0
1783461600000000,1610.36,1616.82,1600.4,1611.79,193.662,1783465199999999,311691.732119,2532,117.1822,188503.593691,0
1783465200000000,1611.61,1611.61,1575.5,1582.58,345.6448,1783468799999999,547911.507184,2232,221.6617,351078.651391,0
1783468800000000,1582.6,1716.0,1565.7,1708.1,958.1525,1783472399999999,1575608.963755,8177,480.5768,787406.990837,0
1783472400000000,1707.61,1707.61,1639.06,1656.74,668.9258,1783475999999999,1113613.20829,5887,388.7289,645808.247007,0
1783476000000000,1655.03,1666.46,1634.24,1658.45,845.8856,1783479599999999,1394193.477215,10419,297.1202,490390.790866,0
1783479600000000,1659.75,1684.67,1656.8,1656.8,191.5647,1783483199999999,319724.861211,2060,138.1803,230503.180094,0
1783483200000000,1656.3,1660.49,1602.35,1629.21,528.9568,1783486799999999,859031.084359,4009,224.1094,363122.829467,0
1783486800000000,1629.99,1639.59,1592.0,1607.73,746.2509,1783490399999999,1197179.455902,12407,559.3854,897209.165393,0
1783490400000000,1608.2,1609.31,1551.0,1565.61,1540.5837,1783493999999999,2427131.650011,16389,1253.4504,1975274.637162,0
1783494000000000,1566.26,1591.06,1561.13,1585.49,637.3703,1783497599999999,1003378.6438,5979,556.3123,875854.768382,0
1783497600000000,1586.0,1588.18,1505.26,1527.04,2027.9844,1783501199999999,3113358.938898,12396,1422.7453,2182877.759057,0
1783501200000000,1527.84,1531.53,1496.34,1522.04,742.5541,1783504799999999,1127361.19795,4806,478.8532,727760.961268,0
1783504800000000,1520.9,1557.71,1518.85,1537.18,786.7389,1783508399999999,1213962.290797,3823,575.3742,887261.511883,0
1783508400000000,1537.52,1549.01,1517.64,1540.63,902.3419,1783511999999999,1382808.028123,4130,567.8493,869871.006874,0
1783512000000000,1540.82,1589.65,1536.68,1569.04,395.1628,1783515599999999,617441.732619,1583,251.4193,393050.687843,0
1783515600000000,1571.21,1700.41,1566.68,1686.54,1290.5578,1783519199999999,2120451.364018,13606,684.0627,1121500.838389,0
1783519200000000,1686.78,1710.57,1637.96,1657.98,894.2945,1783522799999999,1504165.463695,9191,521.3462,876835.325755,0
1783522800000000,1657.98,1666.5,1595.95,1608.11,681.6691,1783526399999999,1110391.9836,6906,481.506,784666.291664,0
1783526400000000,1608.45,1650.41,1608.45,1641.91,294.6546,1783529999999999,481613.491442,2795,171.6381,280978.943799,0
1783530000000000,1641.95,1677.31,1636.81,1665.35,243.6155,1783533599999999,404091.084977,2127,138.3832,229424.955361,0
1783533600000000,1665.76,1686.72,1663.46,1676.16,73.6875,1783537199999999,123558.492272,1160,49.0912,82380.617615,0
1783537200000000,1677.12,1737.12,1668.83,1729.47,519.3752,1783540799999999,881601.854643,3640,392.0586,666456.643947,0
1783540800000000,1729.96,1742.0,1697.32,1701.81,285.1342,1783544399999999,491109.048863,2163,138.6466,238666.892734,0
1783544400000000,1700.47,1721.74,1700.47,1716.06,17.45,1783547999999999,29904.367567,312,6.9643,11925.575246,0
1783548000000000,1715.34,1719.33,1710.4,1719.0,51.9366,1783551599999999,89067.483345,730,34.1062,58472.827521,0
1783551600000000,1719.0,1747.48,1715.35,1746.52,133.9366,1783555199999999,230948.567143,2064,93.2233,160642.433197,0
1783555200000000,1744.19,1769.17,1721.99,1725.03,291.44,1783558799999999,508576.525169,2752,157.4345,274723.254005,0
1783558800000000,1722.93,1741.52,1691.22,1693.61,155.8094,1783562399999999,267566.247053,3190,30.8564,52908.089138,0
1783562400000000,1696.08,1716.85,1672.99,1673.65,153.0553,1783565999999999,258348.147483,2452,80.1978,135109.758419,0
1783566000000000,1674.76,1701.12,1659.76,1693.46,323.3569,1783569599999999,542042.404835,6362,187.2545,313277.006385,0
1783569600000000,1693.79,1697.88,1677.37,1690.17,103.6229,1783573199999999,174701.778084,1362,57.4581,96711.806269,0
1783573200000000,1689.01,1712.72,1675.18,1712.62,114.624,1783576799999999,193953.774683,1411,37.1732,62886.879242,0
1783576800000000,1713.22,1750.37,1703.01,1738.64,161.236,1783580399999999,280217.003479,2578,75.5658,131506.533146,0
1783580400000000,1737.43,1769.15,1737.43,1764.02,285.0632,1783583999999999,501445.254633,3555,219.3458,385836.092838,0
1783584000000000,1763.65,1797.0,1757.57,1764.17,352.4311,1783587599999999,626228.004743,4283,156.7848,278723.990686,0
1783587600000000,1765.72,1787.0,1744.79,1772.16,411.4114,1783591199999999,727050.03686,9107,275.1311,485958.724895,0
1783591200000000,1773.11,1782.34,1760.22,1764.68,464.57,1783594799999999,821158.069233,4312,298.4395,527556.24269,0
1783594800000000,1765.85,1820.0,1765.85,1807.08,688.1331,1783598399999999,1234354.851875,3767,383.8241,688190.467321,0
1783598400000000,1807.47,1841.8,1802.67,1821.57,500.8612,1783601999999999,913080.371315,4155,201.6909,367817.487887,0
1783602000000000,1821.61,1857.31,1802.68,1843.63,761.7492,1783605599999999,1392756.63134,7200,422.1336,771971.062323,0
1783605600000000,1844.97,1869.0,1813.1,1863.95,804.6628,1783609199999999,1489180.57615,7047,379.1194,703217.381323,0
1783609200000000,1864.61,1892.68,1864.61,1871.07,344.1148,1783612799999999,646677.603863,4138,197.6532,371478.024571,0
1783612800000000,1873.37,1888.75,1870.76,1876.87,251.3243,1783616399999999,471693.903233,2661,152.9196,286980.890594,0
1783616400000000,1875.75,1938.79,1875.75,1935.52,247.5216,1783619999999999,473855.233169,1869,141.192,269453.011843,0
1783620000000000,1936.76,1949.46,1908.6,1913.74,199.1373,1783623599999999,384761.186651,1835,82.6772,159559.926576,0
1783623600000000,1912.96,1912.96,1852.94,1860.15,240.8358,1783627199999999,452985.49998,2190,89.1463,167274.003951,0
1783627200000000,1859.99,1864.54,1835.96,1853.26,180.8218,1783630799999999,334530.490219,2104,59.6026,110101.691257,0
1783630800000000,1853.27,1875.89,1853.27,1867.54,45.9076,1783634399999999,85712.609529,1035,11.6048,21643.515324,0
1783634400000000,1865.95,1885.1,1864.84,1881.21,41.3162,1783637999999999,77227.877393,456,18.724,35003.009298,0
1783638000000000,1882.6,1897.31,1875.89,1889.95,56.3521,1783641599999999,106388.686571,912,12.7377,24038.157979,0
1783641600000000,1889.06,1890.54,1840.0,1877.2,327.4417,1783645199999999,606533.79846,5415,104.2518,193240.157376,0
1783645200000000,1875.63,1892.59,1860.09,1879.49,91.0802,1783648799999999,171050.658944,1651,49.1147,92249.227037,0
1783648800000000,1877.79,1886.25,1865.49,1886.25,125.4112,1783652399999999,235474.714919,1946,80.2275,150571.94898,0
1783652400000000,1886.31,1886.31,1867.42,1874.26,48.3699,1783655999999999,90720.672109,1027,28.8593,54119.613181,0
1783656000000000,1875.21,1882.52,1857.05,1857.99,35.0626,1783659599999999,65617.929868,1329,13.0701,24452.695978,0
1783659600000000,1858.52,1861.85,1820.48,1830.81,160.981,1783663199999999,295795.07357,4021,88.4088,162135.117309,0
1783663200000000,1830.15,1831.78,1799.0,1818.11,533.1441,1783666799999999,965897.734376,8638,288.6239,522454.917441,0
1783666800000000,1818.11,1819.33,1797.18,1813.56,133.3816,1783670399999999,241335.16357,2825,68.4218,123796.139074,0
1783670400000000,1814.47,1823.04,1771.92,1788.44,389.5445,1783673999999999,696424.617005,7891,196.5656,351185.223389,0
1783674000000000,1788.23,1828.8,1776.28,1819.65,194.0824,1783677599999999,350135.547388,2798,111.6743,201624.200771,0
1783677600000000,1818.14,1821.69,1800.67,1814.58,213.4898,1783681199999999,386733.327472,3130,60.5313,109617.804333,0
1783681200000000,1814.47,1841.71,1810.89,1814.04,169.0053,1783684799999999,308700.686142,2712,90.9383,166086.902021,0
1783684800000000,1814.04,1827.24,1785.89,1787.19,1366.7421,1783688399999999,2480203.387483,18636,232.2167,421368.656261,0
1783688400000000,1785.9,1855.0,1770.15,1843.25,436.9695,1783691999999999,789715.326078,5297,189.5813,343804.824507,0
1783692000000000,1843.8,1886.72,1834.35,1846.45,730.2236,1783695599999999,1359682.853161,7415,180.3815,336003.444088,0
1783695600000000,1847.68,1912.95,1843.56,1870.71,466.8007,1783699199999999,878580.045349,4079,217.309,409594.082637,0
1783699200000000,1873.14,1924.29,1873.14,1907.87,1141.4516,1783702799999999,2175827.179876,10215,263.0902,500509.878451,0
1783702800000000,1909.8,1941.87,1900.24,1925.52,2304.9287,1783706399999999,4451369.507004,24459,173.7819,335213.21707,0
1783706400000000,1926.1,1941.38,1910.25,1919.12,818.0374,1783709999999999,1576043.875527,7636,83.0187,159851.201282,0
1783710000000000,1919.12,1935.0,1894.48,1913.72,225.5055,1783713599999999,432535.396709,2509,69.3974,133239.573093,0
1783713600000000,1913.33,1930.12,1909.22,1926.27,493.9458,1783717199999999,947669.310319,4286,80.9045,155347.815488,0
1783717200000000,1926.27,1928.07,1920.23,1920.23,365.9631,1783720799999999,705343.196726,6637,12.4903,24061.034683,0
1783720800000000,1920.24,1923.0,1914.04,1920.19,40.6999,1783724399999999,78109.549085,896,12.0965,23219.245808,0
1783724400000000,1918.82,1931.82,1909.04,1930.96,169.5757,1783727999999999,324609.160174,1255,14.6142,28088.843278,0
1783728000000000,1930.96,1931.71,1911.33,1912.5,84.8631,1783731599999999,163296.737933,1153,36.7266,70588.470105,0
1783731600000000,1912.32,1918.13,1908.09,1917.17,100.1214,1783735199999999,191517.423804,1588,53.2255,101836.714364,0
1783735200000000,1917.37,1927.65,1915.0,1920.43,54.0635,1783738799999999,103933.021593,1184,35.9824,69160.813797,0
1783738800000000,1920.67,1926.92,1919.92,1921.33,23.4215,1783742399999999,45038.661543,374,11.0424,21235.590505,0
1783742400000000,1921.47,1925.2,1916.24,1922.18,39.9155,1783745999999999,76660.575425,554,18.5128,35564.176497,0
1783746000000000,1922.32,1924.38,1918.45,1921.83,24.8482,1783749599999999,47746.758555,428,11.2327,21582.97524,0
1783749600000000,1922.18,1925.85,1920.02,1923.9,34.3232,1783753199999999,66001.154136,486,20.5393,39500.582457,0
1783753200000000,1924.58,1925.32,1921.29,1924.01,15.1379,1783756799999999,29117.978105,272,5.5525,10681.206261,0
1783756800000000,1923.85,1925.73,1922.58,1925.37,24.9052,1783760399999999,47932.601701,345,16.2468,31271.617668,0
1783760400000000,1924.82,1985.0,1923.62,1942.41,297.7246,1783763999999999,582016.445014,3065,150.4726,293990.836528,0
1783764000000000,1942.15,1947.3,1934.04,1943.86,56.2874,1783767599999999,109334.430168,864,30.8036,59836.226201,0
1783767600000000,1942.43,1944.95,1935.99,1940.74,44.0489,1783771199999999,85487.14135,754,14.3007,27755.145689,0
1783771200000000,1940.86,1947.12,1937.56,1939.86,128.9745,1783774799999999,250227.461621,2360,26.1935,50860.911561,0
1783774800000000,1939.85,1942.69,1935.99,1940.86,28.3865,1783778399999999,55034.579783,480,12.3048,23858.442968,0
1783778400000000,1939.56,1947.36,1936.01,1942.7,71.9743,1783781999999999,139703.874557,1227,44.02,85435.840556,0
1783782000000000,1943.25,1947.88,1937.22,1941.84,46.2451,1783785599999999,89805.847199,751,26.0596,50623.058138,0
1783785600000000,1941.07,1947.09,1939.9,1944.4,32.1819,1783789199999999,62546.816569,538,13.8314,26891.559393,0
1783789200000000,1944.43,1965.0,1943.62,1956.13,108.3924,1783792799999999,212051.914273,2533,58.1193,113694.406967,0
1783792800000000,1957.28,1961.67,1954.27,1961.36,29.4301,1783796399999999,57580.559044,529,12.0868,23647.822731,0
1783796400000000,1961.17,1972.9,1959.69,1964.11,59.6241,1783799999999999,117193.580357,1702,29.828,58642.304635,0
1783800000000000,1963.83,1963.83,1947.88,1953.19,64.5898,1783803599999999,126356.542632,1094,23.2444,45488.580727,0
1783803600000000,1953.56,1959.4,1949.72,1952.61,15.1915,1783807199999999,29690.218466,327,6.6124,12926.745423,0
1783807200000000,1952.83,1957.26,1942.7,1947.16,24.5067,1783810799999999,47789.301752,526,13.1068,25560.87047,0
1783810800000000,1947.96,1950.09,1938.03,1942.37,33.5733,1783814399999999,65304.431289,598,18.7636,36510.626707,0
1783814400000000,1941.37,1947.98,1939.78,1941.55,31.0855,1783817999999999,60431.760175,729,26.1718,50881.657619,0
1783818000000000,1941.24,1945.21,1938.48,1944.52,23.3958,1783821599999999,45413.83927,465,15.1141,29343.333631,0
1783821600000000,1944.52,1949.11,1942.32,1944.38,42.0938,1783825199999999,81860.348944,801,19.9924,38888.193307,0
1783825200000000,1943.98,1951.86,1943.78,1950.75,38.5071,1783828799999999,75019.134536,807,20.6659,40264.753005,0
1783828800000000,1951.72,1954.59,1948.5,1950.59,41.4431,1783832399999999,80845.140908,885,12.6884,24759.971242,0
1783832400000000,1951.41,1953.03,1949.21,1949.79,26.5702,1783835999999999,51847.671389,486,8.8666,17305.98592,0
1783836000000000,1949.64,1950.15,1940.25,1943.9,48.8631,1783839599999999,94995.133454,775,18.4726,35912.458095,0
1783839600000000,1943.57,1949.13,1941.11,1946.46,27.979,1783843199999999,54408.750633,584,6.4933,12629.818816,0
1783843200000000,1945.83,1949.8,1945.83,1949.27,27.3906,1783846799999999,53349.414053,535,10.9182,21271.202366,0
1783846800000000,1948.08,1948.91,1942.59,1945.98,44.5665,1783850399999999,86692.77199,545,23.8651,46410.568429,0
1783850400000000,1946.07,1947.8,1941.99,1943.65,34.7106,1783853999999999,67492.180558,682,7.531,14643.212461,0
1783854000000000,1944.7,1953.46,1944.27,1953.19,71.6627,1783857599999999,139789.27244,1337,53.7404,104850.078074,0
1783857600000000,1953.16,1953.53,1948.7,1949.2,32.6653,1783861199999999,63721.492628,611,9.8694,19258.132816,0
1783861200000000,1949.68,1951.93,1947.99,1950.98,45.9214,1783864799999999,89532.393986,605,13.4859,26298.481369,0
1783864800000000,1950.16,1951.97,1946.97,1950.1,37.2347,1783868399999999,72578.398359,575,10.3395,20157.729772,0
1783868400000000,1949.59,1951.52,1947.08,1950.63,15.7919,1783871999999999,30784.575664,311,8.8407,17236.540067,0
1783872000000000,1951.15,1955.66,1950.61,1954.18,20.4079,1783875599999999,39855.826778,555,7.9743,15574.081025,0
1783875600000000,1953.89,1954.75,1947.0,1947.0,16.8648,1783879199999999,32908.141465,311,2.7383,5345.624479,0
1783879200000000,1947.0,1952.83,1941.1,1950.5,27.6462,1783882799999999,53799.094037,600,14.7132,28637.918758,0
1783882800000000,1950.73,1955.49,1950.5,1953.08,14.4781,1783886399999999,28279.652607,378,7.2632,14188.000032,0
1783886400000000,1953.43,1962.27,1951.65,1957.46,20.0376,1783889999999999,39231.901894,876,9.4927,18587.972995,0
1783890000000000,1957.4,1968.48,1955.63,1959.38,24.7873,1783893599999999,48601.52359,675,12.5704,24651.764853,0
1783893600000000,1959.16,1963.3,1925.87,1937.34,123.8378,1783897199999999,240216.064308,8766,52.2604,101484.294586,0
1783897200000000,1937.33,1946.41,1920.62,1923.96,102.8673,1783900799999999,198362.059478,902,29.0387,56076.099534,0
1783900800000000,1924.7,1927.35,1854.17,1859.45,1454.2474,1783904399999999,2770185.785361,10689,76.6725,145946.631414,0
1783904400000000,1860.92,1875.36,1829.0,1833.54,2298.1482,1783907999999999,4247354.121436,63708,184.8375,342051.775147,0
1783908000000000,1833.94,1842.52,1816.76,1816.94,644.8303,1783911599999999,1178450.004278,9477,155.8752,284501.889246,0
1783911600000000,1816.95,1823.18,1803.15,1811.18,426.1137,1783915199999999,772628.633752,4833,60.6184,109977.889575,0
1783915200000000,1812.26,1818.03,1791.4,1802.18,531.8084,1783918799999999,960269.519498,4259,167.482,301772.06119,0
1783918800000000,1802.0,1824.16,1791.71,1813.55,366.3273,1783922399999999,662858.274522,3709,70.1857,126962.068725,0
1783922400000000,1815.39,1819.35,1780.01,1788.25,471.9101,1783925999999999,847773.405918,3631,163.4642,294067.507035,0
1783926000000000,1786.97,1793.76,1776.82,1777.42,331.7814,1783929599999999,592626.99643,2874,41.0036,73286.16061,0
1783929600000000,1779.18,1792.9,1764.39,1788.57,455.9427,1783933199999999,812331.805337,3620,147.9007,263709.650775,0
1783933200000000,1788.55,1798.79,1785.32,1797.26,381.2179,1783936799999999,683383.682474,2828,71.4757,128175.806578,0
1783936800000000,1797.25,1798.67,1779.81,1788.66,393.7449,1783940399999999,703995.770623,6394,44.4289,79432.961006,0
1783940400000000,1789.4,1833.84,1789.4,1819.81,854.0799,1783943999999999,1550925.817288,19460,168.8059,306303.499653,0
1783944000000000,1820.62,1822.43,1786.44,1804.92,532.897,1783947599999999,961356.794506,4599,126.9281,228686.433207,0
1783947600000000,1804.98,1816.9,1705.0,1737.12,620.7615,1783951199999999,1096843.964455,4753,246.6638,434514.45485,0
1783951200000000,1739.36,1779.76,1733.76,1769.08,778.9703,1783954799999999,1366881.723876,5136,256.2737,449534.762092,0
1783954800000000,1771.56,1780.0,1709.0,1713.71,296.7476,1783958399999999,516677.247923,1360,149.2281,259363.685944,0
1783958400000000,1713.74,1724.2,1664.62,1703.67,456.0528,1783961999999999,769410.025775,2408,317.6231,535311.510583,0
1783962000000000,1703.65,1710.32,1670.0,1677.25,172.4385,1783965599999999,292518.266515,978,50.7826,85903.045699,0
1783965600000000,1679.39,1691.68,1660.39,1665.09,149.8234,1783969199999999,250830.691434,1539,108.2442,181297.995204,0
1783969200000000,1664.85,1700.19,1649.42,1672.62,228.117,1783972799999999,381165.890197,1715,145.6748,243004.566547,0
1783972800000000,1675.72,1677.39,1645.08,1658.64,148.6869,1783976399999999,246865.126387,1415,93.1942,154514.844825,0
1783976400000000,1658.64,1666.79,1652.3,1662.84,55.9693,1783979999999999,92875.272947,1930,52.5063,87127.696116,0
1783980000000000,1664.26,1669.98,1652.92,1652.96,32.0048,1783983599999999,53208.666276,529,26.6531,44307.310182,0
1783983600000000,1652.95,1652.95,1617.82,1636.64,246.4928,1783987199999999,402800.561161,2872,124.9387,203754.346537,0
1783987200000000,1638.17,1710.77,1628.76,1701.5,353.0876,1783990799999999,589263.063526,4705,225.8986,377579.428636,0
1783990800000000,1701.99,1711.0,1670.27,1677.21,79.5293,1783994399999999,134407.591443,1436,35.5694,60238.5158,0
1783994400000000,1677.07,1678.78,1639.0,1651.46,175.9746,1783997999999999,291190.728506,1969,34.4143,57037.188132,0
1783998000000000,1648.55,1662.0,1619.49,1658.55,165.8215,1784001599999999,271764.300133,1828,65.9629,107998.341633,0
1784001600000000,1659.99,1696.29,1648.6,1690.44,150.1676,1784005199999999,251158.774359,1624,103.2068,172729.59324,0
1784005200000000,1690.02,1738.0,1685.21,1722.0,492.2915,1784008799999999,845864.92282,5707,179.9533,308362.632706,0
1784008800000000,1722.0,1741.29,1721.0,1731.09,228.8718,1784012399999999,396293.549489,2589,53.4874,92570.692617,0
1784012400000000,1728.08,1746.03,1724.45,1732.0,88.9373,1784015999999999,154142.227164,662,21.7812,37777.804385,0
1784016000000000,1732.0,1783.41,1732.0,1763.78,663.7255,1784019599999999,1174044.277261,4170,392.3698,695828.988851,0
1784019600000000,1763.78,1783.43,1751.68,1760.1,447.5066,1784023199999999,792206.534705,3258,298.0879,527939.267538,0
1784023200000000,1758.18,1770.23,1750.76,1762.0,52.6944,1784026799999999,92800.403971,609,39.2185,69047.608018,0
1784026800000000,1761.24,1764.37,1740.37,1750.22,186.8231,1784030399999999,327099.891321,1768,113.7779,199315.486434,0
1784030400000000,1750.14,1813.41,1734.02,1785.0,1409.8136,1784033999999999,2518919.834712,17436,1088.7147,1944713.231527,0
1784034000000000,1786.79,1817.14,1763.2,1774.29,817.6495,1784037599999999,1467548.541065,7455,604.1664,1083936.046006,0
1784037600000000,1773.84,1779.31,1715.14,1736.97,407.3751,1784041199999999,710021.361477,3047,220.6884,384639.429864,0
1784041200000000,1735.82,1783.51,1735.82,1765.02,440.0383,1784044799999999,779235.365954,2892,342.4321,606560.825729,0
1784044800000000,1766.16,1786.75,1740.48,1775.43,239.1535,1784048399999999,420444.691684,2586,147.3944,259222.993116,0
1784048400000000,1775.04,1785.0,1764.28,1785.0,157.5546,1784051999999999,279423.126824,876,40.8457,72491.198291,0
1784052000000000,1785.02,1790.76,1764.29,1766.68,128.5767,1784055599999999,228615.003687,802,78.2731,139469.556272,0
1784055600000000,1765.03,1775.5,1750.57,1761.87,102.9188,1784059199999999,181078.811512,674,27.2957,48071.419087,0
1784059200000000,1759.8,1767.6,1749.65,1750.67,75.4518,1784062799999999,132840.445159,741,53.2886,93948.357503,0
1784062800000000,1749.46,1750.45,1740.1,1740.23,28.5562,1784066399999999,49859.569794,595,11.734,20505.61483,0
1784066400000000,1741.68,1750.76,1740.1,1748.44,34.0315,1784069999999999,59329.871636,339,13.1103,22885.812277,0
1784070000000000,1747.98,1771.83,1747.98,1770.47,27.2268,1784073599999999,48041.087319,1377,23.4582,41411.103016,0
1784073600000000,1768.64,1806.19,1759.62,1796.15,196.8934,1784077199999999,352031.537882,2688,162.5613,290608.171637,0
1784077200000000,1793.07,1793.07,1766.84,1782.85,95.9045,1784080799999999,170592.897187,981,74.7349,132934.67084,0
1784080800000000,1784.74,1795.22,1781.02,1781.28,70.7616,1784084399999999,126564.84219,1275,49.118,87873.645868,0
1784084400000000,1782.69,1799.83,1780.95,1797.21,95.2694,1784087999999999,170584.062558,1545,79.8631,143001.138475,0
1784088000000000,1798.56,1798.56,1787.26,1797.03,54.9769,1784091599999999,98675.022179,1115,36.6605,65816.217321,0
1784091600000000,1797.1,1805.84,1781.68,1791.84,118.5945,1784095199999999,212114.771798,1650,101.5687,181659.527701,0
1784095200000000,1792.25,1796.22,1774.09,1776.26,88.0558,1784098799999999,157331.700991,1692,53.3679,95474.348717,0
1784098800000000,1777.54,1783.1,1764.77,1777.01,52.5675,1784102399999999,93315.64874,768,31.9044,56666.197972,0
1784102400000000,1777.83,1777.83,1720.18,1730.18,328.1578,1784105999999999,569293.331408,3563,227.3483,393924.493833,0
1784106000000000,1730.18,1737.01,1721.42,1727.21,46.4112,1784109599999999,80365.520374,523,8.2891,14364.120583,0
1784109600000000,1725.49,1728.48,1706.56,1726.2,251.3899,1784113199999999,431551.798141,2579,182.0187,312163.527792,0
1784113200000000,1726.69,1731.57,1716.07,1723.77,138.6278,1784116799999999,239379.505684,1112,32.5039,56040.526163,0
1784116800000000,1722.22,1730.76,1707.09,1722.04,251.8436,1784120399999999,433315.490478,2348,89.5667,154272.222623,0
1784120400000000,1722.36,1730.9,1643.01,1662.54,1303.3636,1784123999999999,2184739.164712,10473,681.2676,1136887.236259,0
1784124000000000,1663.85,1667.65,1507.28,1542.93,2544.1887,1784127599999999,3988335.369561,14533,1344.186,2093754.668384,0
1784127600000000,1544.33,1563.44,1530.54,1547.44,529.862,1784131199999999,818849.064515,2386,209.414,323929.784496,0
1784131200000000,1546.38,1549.27,1483.4,1539.45,1683.53,1784134799999999,2542582.728582,7010,951.3178,1435698.557489,0
1784134800000000,1539.3,1623.0,1538.46,1612.14,636.5836,1784138399999999,1006861.02253,2234,331.1337,523741.299574,0
1784138400000000,1613.79,1652.02,1594.77,1606.95,380.8128,1784141999999999,618539.186561,3404,199.0301,323580.162827,0
1784142000000000,1607.11,1655.81,1606.75,1615.0,243.7866,1784145599999999,398287.684177,2035,150.0624,245399.56967,0
1784145600000000,1616.11,1627.83,1605.77,1616.65,176.0533,1784149199999999,283946.099419,1061,105.335,170149.126195,0
1784149200000000,1614.49,1616.0,1601.48,1606.05,74.7989,1784152799999999,120296.53586,1197,67.4552,108498.094522,0
1784152800000000,1606.96,1613.58,1571.95,1584.94,86.0219,1784156399999999,136299.92497,1255,59.0482,93466.495865,0
1784156400000000,1584.43,1598.59,1580.0,1581.44,74.4528,1784159999999999,118121.765445,1060,50.6627,80354.600307,0
1784160000000000,1582.06,1606.55,1556.11,1561.84,323.2003,1784163599999999,509485.795534,5366,182.2669,287527.061491,0
1784163600000000,1563.55,1586.96,1560.19,1573.65,430.1459,1784167199999999,674297.73986,4743,253.5655,398023.869897,0
1784167200000000,1575.3,1587.65,1566.33,1585.35,90.8334,1784170799999999,143463.009846,1595,43.2835,68430.218541,0
1784170800000000,1585.04,1595.63,1575.93,1590.65,133.5047,1784174399999999,211595.268094,2087,48.6652,77210.505471,0
1784174400000000,1590.69,1591.52,1577.93,1579.52,19.6509,1784177999999999,31112.06448,482,8.6896,13764.892918,0
1784178000000000,1580.78,1614.82,1578.43,1595.47,211.8643,1784181599999999,338465.858412,2753,106.2977,169684.750382,0
1784181600000000,1596.8,1600.93,1571.26,1578.0,143.7547,1784185199999999,227951.780005,2277,39.9423,63442.925646,0
1784185200000000,1576.58,1577.16,1542.87,1550.1,256.2761,1784188799999999,397870.5785,2437,195.2361,302960.504418,0
1784188800000000,1551.3,1551.64,1507.43,1529.85,688.9837,1784192399999999,1050493.06675,6027,389.7644,593938.519584,0
1784192400000000,1532.55,1537.0,1517.54,1518.37,237.4726,1784195999999999,363299.493325,1586,117.1583,179225.896869,0
1784196000000000,1519.37,1525.39,1503.0,1522.14,319.1145,1784199599999999,483921.164158,3806,222.566,337515.648359,0
1784199600000000,1521.89,1522.93,1490.0,1495.0,637.9281,1784203199999999,957962.150189,6286,477.9461,718024.631651,0
1784203200000000,1495.0,1505.78,1487.6,1496.61,688.02,1784206799999999,1029658.293538,8529,545.2522,816118.077349,0
1784206800000000,1496.56,1556.2,1456.25,1500.48,1269.6591,1784210399999999,1909166.351129,10036,547.8639,828697.164868,0
1784210400000000,1497.6,1532.99,1465.0,1482.96,645.6988,1784213999999999,967550.287482,4892,262.1023,394322.095906,0
1784214000000000,1486.02,1500.5,1441.3,1449.42,835.348,1784217599999999,1222004.312397,4434,418.1277,613538.849307,0
1784217600000000,1450.8,1460.0,1427.84,1455.54,778.2044,1784221199999999,1121884.300422,4260,529.7693,764693.861549,0
1784221200000000,1456.08,1456.09,1412.0,1419.37,1567.9957,1784224799999999,2246047.705362,24461,1229.5349,1761294.187582,0
1784224800000000,1419.01,1450.57,1408.0,1410.99,1514.4449,1784228399999999,2156615.849965,19484,1342.4073,1911989.357891,0
1784228400000000,1410.28,1425.36,1393.21,1414.52,879.3384,1784231999999999,1240217.883439,6755,631.471,891030.07298,0
1784232000000000,1413.9,1420.59,1404.87,1418.84,461.936,1784235599999999,651889.898408,8218,394.6372,556889.061996,0
1784235600000000,1417.73,1420.08,1411.42,1413.0,110.5204,1784239199999999,156468.775395,1932,73.6831,104292.085987,0
1784239200000000,1413.0,1414.67,1366.0,1378.67,1100.8646,1784242799999999,1522007.100645,9606,521.3001,719781.167012,0
1784242800000000,1379.05,1382.92,1357.02,1369.29,1335.2151,1784246399999999,1827255.712568,13841,983.5241,1345494.76121,0
1784246400000000,1369.23,1378.78,1342.86,1367.05,1015.2272,1784249999999999,1379018.20296,11249,670.9369,911279.011617,0
1784250000000000,1366.27,1392.13,1357.0,1370.66,717.2829,1784253599999999,988448.977464,10476,480.0297,661567.726603,0
1784253600000000,1370.59,1377.4,1353.01,1359.97,1315.0244,1784257199999999,1796051.703621,11288,1026.9279,1402779.526875,0
1784257200000000,1360.98,1393.48,1357.93,1377.03,824.1246,1784260799999999,1139497.330403,6522,729.9039,1009715.055768,0
1784260800000000,1376.15,1386.14,1357.61,1366.9,503.54,1784264399999999,689372.96846,3726,363.14,497018.181985,0
1784264400000000,1366.77,1369.37,1323.12,1330.06,1389.984,1784267999999999,1863122.395255,9872,886.2362,1186515.778617,0
1784268000000000,1329.97,1350.0,1320.71,1332.56,2395.3076,1784271599999999,3201129.326539,18696,1989.4837,2658947.513443,0
1784271600000000,1332.55,1339.5,1315.5,1323.12,2503.9939,1784275199999999,3320812.880024,19531,1805.6533,2395906.927848,0
1784275200000000,1323.7,1339.91,1312.09,1329.09,5180.0954,1784278799999999,6849003.861537,29011,4516.7035,5971464.89888,0
1784278800000000,1327.66,1384.0,1326.92,1383.18,1916.8391,1784282399999999,2596629.921491,9961,916.2812,1240233.119612,0
1784282400000000,1384.0,1436.2,1381.64,1412.52,2321.4397,1784285999999999,3279954.24401,25140,1184.0647,1671278.445191,0
1784286000000000,1413.06,1421.19,1386.53,1395.06,912.3705,1784289599999999,1277271.402625,5193,514.2792,720156.392629,0
1784289600000000,1395.22,1401.19,1367.77,1387.89,2155.0851,1784293199999999,2975250.033785,8580,1239.8242,1711721.219099,0
1784293200000000,1388.4,1398.5,1329.56,1391.4,5485.3836,1784296799999999,7460442.629468,25793,3680.165,5006548.863086,0
1784296800000000,1390.55,1464.0,1389.32,1413.5,2841.463,1784300399999999,4074639.865663,17639,1299.6375,1862414.908589,0
1784300400000000,1413.73,1489.32,1388.36,1481.31,2180.4735,1784303999999999,3147770.662533,14397,1130.2369,1620304.191824,0
1784304000000000,1482.3,1498.0,1458.54,1472.58,4277.456,1784307599999999,6348024.32846,28138,1051.3126,1556676.172124,0
1784307600000000,1472.44,1495.2,1438.46,1442.39,847.5462,1784311199999999,1248167.855903,6716,457.2423,673066.492244,0
1784311200000000,1444.09,1448.34,1409.06,1422.69,744.9534,1784314799999999,1061714.846991,7549,342.0395,487169.784573,0
1784314800000000,1422.39,1428.84,1350.0,1357.55,1009.5735,1784318399999999,1400663.45687,9604,493.4403,684961.040519,0
1784318400000000,1358.02,1363.75,1337.92,1351.58,1351.3163,1784321999999999,1821440.604424,8299,811.1201,1093007.470754,0
1784322000000000,1351.87,1355.58,1340.0,1341.7,267.032,1784325599999999,359481.943186,2225,119.4322,160635.212382,0
1784325600000000,1342.4,1347.57,1338.4,1343.23,716.3406,1784329199999999,962273.941545,6037,307.8486,413250.153188,0
1784329200000000,1343.15,1357.29,1342.82,1352.62,610.2011,1784332799999999,822817.566584,6330,111.9797,151247.112243,0
1784332800000000,1352.62,1359.54,1349.36,1358.24,526.8093,1784336399999999,713434.422747,5602,166.3978,225389.112167,0
1784336400000000,1358.7,1364.42,1355.88,1358.41,461.6712,1784339999999999,627972.859513,6235,56.4999,76850.738306,0
1784340000000000,1358.42,1363.11,1355.13,1360.13,315.4864,1784343599999999,428618.593811,4539,63.414,86190.380506,0
1784343600000000,1360.31,1362.6,1357.44,1360.87,172.063,1784347199999999,234067.947651,1934,46.6008,63384.524673,0
1784347200000000,1360.87,1362.31,1356.28,1357.24,134.0863,1784350799999999,182151.97777,1346,50.4342,68486.337983,0
1784350800000000,1357.24,1359.53,1355.41,1356.44,119.6653,1784354399999999,162465.544562,970,59.9536,81390.682781,0
1784354400000000,1357.01,1357.83,1347.17,1351.06,197.06,1784357999999999,266408.249368,3877,24.451,33067.426554,0
1784358000000000,1350.8,1355.72,1348.05,1353.44,176.0756,1784361599999999,238262.925459,4059,110.0285,148961.333439,0
1784361600000000,1353.19,1353.95,1350.49,1351.98,61.4714,1784365199999999,83115.144599,847,30.9265,41816.553462,0
1784365200000000,1352.39,1352.39,1341.65,1347.66,217.797,1784368799999999,293146.936952,4197,52.6602,70860.670218,0
1784368800000000,1347.49,1349.13,1345.18,1348.12,78.8655,1784372399999999,106255.50353,998,51.4727,69356.284127,0
1784372400000000,1347.88,1348.33,1342.32,1347.47,56.0636,1784375999999999,75441.203982,732,30.0683,40477.616486,0
1784376000000000,1347.01,1348.26,1342.32,1344.6,110.395,1784379599999999,148541.80994,1867,42.2124,56826.354074,0
1784379600000000,1344.62,1348.81,1341.99,1346.38,74.9054,1784383199999999,100706.959717,1573,27.9846,37650.074539,0
1784383200000000,1346.38,1347.06,1343.2,1346.83,54.4769,1784386799999999,73331.543356,966,21.3737,28765.463973,0
1784386800000000,1346.95,1347.05,1342.13,1343.61,187.6952,1784390399999999,252289.33278,2755,34.0385,45765.192703,0
1784390400000000,1343.54,1346.73,1340.01,1346.59,77.3526,1784393999999999,103821.255555,1286,9.9804,13408.865523,0
1784394000000000,1345.61,1345.7,1340.54,1344.54,79.7433,1784397599999999,107023.107133,1967,14.7689,19824.288698,0
1784397600000000,1344.29,1354.0,1341.84,1343.3,209.9493,1784401199999999,282786.173739,8879,131.6642,177297.466273,0
1784401200000000,1343.21,1346.13,1342.39,1345.51,53.3743,1784404799999999,71741.249429,1372,21.448,28830.976438,0
1784404800000000,1345.53,1346.2,1342.76,1343.25,51.0423,1784408399999999,68624.249454,745,25.4546,34226.441905,0
1784408400000000,1344.18,1350.33,1342.51,1349.32,477.681,1784411999999999,641913.312949,2092,248.5909,334141.889515,0
1784412000000000,1348.41,1350.05,1344.32,1345.64,52.6585,1784415599999999,70942.00806,1462,32.7122,44071.369186,0
1784415600000000,1345.64,1347.85,1343.91,1345.72,23.979,1784419199999999,32283.144689,636,14.0648,18935.683037,0
1784419200000000,1345.2,1350.8,1344.68,1350.1,47.6685,1784422799999999,64200.885092,946,26.6111,35834.473143,0
1784422800000000,1349.83,1355.55,1346.88,1355.37,133.6973,1784426399999999,180739.073163,3505,102.2082,138203.588458,0
1784426400000000,1355.38,1361.81,1352.31,1357.99,184.0216,1784429999999999,249635.39907,3921,112.0435,152009.561421,0
1784430000000000,1358.0,1358.91,1354.05,1355.76,208.5826,1784433599999999,282830.438456,7146,102.0787,138421.074144,0
1784433600000000,1355.6,1363.4,1355.39,1360.09,198.2431,1784437199999999,269433.504173,4668,126.9371,172532.120429,0
1784437200000000,1360.29,1362.13,1357.85,1359.39,153.8988,1784440799999999,209251.894647,4278,84.1796,114483.336903,0
1784440800000000,1359.89,1365.01,1359.0,1362.64,155.6601,1784444399999999,212056.282222,4302,114.9428,156621.03257,0
1784444400000000,1362.45,1382.1,1361.67,1367.49,182.1564,1784447999999999,248879.120103,3215,97.2865,132998.263336,0
1784448000000000,1368.6,1378.11,1368.22,1377.04,113.9753,1784451599999999,156606.659241,1629,45.7294,62862.373488,0
1784451600000000,1376.99,1376.99,1362.64,1371.85,403.977,1784455199999999,552896.526368,18476,168.2927,230390.458136,0
1784455200000000,1371.54,1372.09,1358.71,1363.01,504.7916,1784458799999999,688744.592864,3572,146.4372,199832.866774,0
1784458800000000,1362.92,1366.03,1358.0,1359.19,66.1062,1784462399999999,89982.065339,973,36.4643,49637.253854,0
1784462400000000,1359.57,1361.5,1352.37,1359.14,108.386,1784465999999999,147097.121279,3871,46.925,63681.484913,0
1784466000000000,1358.88,1366.51,1357.79,1363.58,147.5071,1784469599999999,201045.677592,4270,101.9013,138890.110527,0
1784469600000000,1363.26,1363.26,1355.0,1359.77,215.2398,1784473199999999,292429.97131,2873,38.6618,52514.886296,0
1784473200000000,1359.73,1361.68,1355.21,1356.37,53.3295,1784476799999999,72457.85887,623,30.6753,41686.57815,0
1784476800000000,1356.0,1357.62,1348.18,1351.89,107.7265,1784480399999999,145706.882678,1761,44.4466,60138.789601,0
1784480400000000,1352.2,1359.5,1350.0,1354.58,127.6589,1784483999999999,173156.459853,3131,76.4824,103756.443343,0
1784484000000000,1354.26,1355.36,1348.81,1354.44,58.1603,1784487599999999,78683.213192,726,19.2407,26034.173638,0
1784487600000000,1354.37,1371.71,1353.37,1367.97,398.5626,1784491199999999,545218.316519,18025,339.854,464866.936222,0
1784491200000000,1367.76,1371.42,1363.16,1370.29,494.9048,1784494799999999,676670.810296,7258,267.0419,365185.480471,0
1784494800000000,1369.97,1377.5,1366.55,1369.02,402.8937,1784498399999999,552024.008892,4411,190.5011,261116.318176,0
1784498400000000,1368.59,1387.04,1360.73,1381.37,337.8981,1784501999999999,464847.360387,7215,191.0818,263123.590395,0
1784502000000000,1382.38,1394.21,1363.33,1378.6,250.6127,1784505599999999,345353.019988,6877,102.14,140968.265713,0
1784505600000000,1377.75,1406.87,1353.64,1355.46,1106.6223,1784509199999999,1533142.676127,14203,632.0788,873302.945613,0
1784509200000000,1356.02,1373.52,1341.3,1348.14,485.5262,1784512799999999,659131.385491,7362,267.431,363671.931639,0
1784512800000000,1348.14,1366.0,1342.62,1364.03,330.079,1784516399999999,447324.284859,7954,141.5462,191685.099477,0
1784516400000000,1363.72,1371.17,1355.0,1361.64,384.274,1784519999999999,524208.107705,10589,194.5537,265445.915368,0
1784520000000000,1361.94,1380.77,1354.06,1373.88,314.9053,1784523599999999,430454.549281,9457,158.2175,216444.865508,0
1784523600000000,1374.34,1377.93,1360.2,1362.47,325.3506,1784527199999999,445663.854032,6601,206.2121,282707.671384,0
1784527200000000,1363.29,1367.63,1354.73,1363.81,371.2253,1784530799999999,505043.929668,10375,126.7938,172580.583417,0
1784530800000000,1364.24,1381.58,1361.95,1374.96,225.4927,1784534399999999,309082.841893,4983,103.4735,141893.105941,0
1784534400000000,1374.81,1390.93,1372.55,1384.01,342.0003,1784537999999999,472549.771383,4853,172.3735,238262.033048,0
1784538000000000,1383.05,1414.27,1382.05,1403.0,510.9236,1784541599999999,714344.754026,8443,242.2468,338607.271509,0
1784541600000000,1402.91,1422.29,1392.02,1409.95,776.8208,1784545199999999,1092550.55068,26524,431.0763,606251.367602,0
1784545200000000,1410.15,1427.52,1404.88,1424.39,581.7774,1784548799999999,825563.166654,13553,255.4602,362469.916987,0
1784548800000000,1424.53,1425.79,1396.22,1402.7,754.5374,1784552399999999,1063572.156004,20939,423.9629,597115.156103,0
1784552400000000,1403.07,1452.33,1397.54,1412.24,1660.4011,1784555999999999,2359654.824921,25446,871.0555,1237912.939437,0
1784556000000000,1412.74,1435.58,1385.3,1408.32,1315.8188,1784559599999999,1861028.452863,10453,773.3155,1096481.054298,0
1784559600000000,1407.56,1437.03,1402.8,1431.25,402.3757,1784563199999999,571598.999408,4022,172.8568,246080.217082,0
1784563200000000,1431.4,1455.96,1424.07,1431.78,576.7551,1784566799999999,831613.597686,3845,261.9834,377686.842889,0
1784566800000000,1431.83,1439.13,1418.54,1434.71,363.8153,1784570399999999,520650.492352,2370,70.7325,101087.451234,0
1784570400000000,1436.68,1438.59,1403.65,1409.51,353.0815,1784573999999999,502786.956573,2856,76.7542,108817.710723,0
1784574000000000,1409.32,1414.6,1377.71,1391.69,364.3771,1784577599999999,507133.902087,2789,178.4949,248638.926379,0
1784577600000000,1392.92,1411.58,1392.35,1405.79,167.947,1784581199999999,235014.38268,984,72.8964,102040.635359,0
1784581200000000,1405.92,1408.49,1400.08,1407.74,61.5322,1784584799999999,86516.321135,520,35.7139,50244.218675,0
1784584800000000,1406.94,1407.6,1397.84,1402.92,44.8641,1784588399999999,62886.401028,661,17.7719,24924.441635,0
1784588400000000,1402.62,1411.06,1400.88,1409.14,39.9613,1784591999999999,56239.43439,568,16.8946,23786.156959,0
1784592000000000,1408.51,1424.14,1391.24,1415.14,122.8825,1784595599999999,172855.398712,1956,52.1101,73409.07916,0
1784595600000000,1415.62,1438.11,1414.83,1426.8,107.4318,1784599199999999,153697.945034,1180,48.9477,70009.537038,0
1784599200000000,1426.8,1440.0,1419.69,1438.99,356.626,1784602799999999,511380.825085,3650,281.6345,404158.171645,0
1784602800000000,1439.07,1485.0,1438.83,1479.87,464.2266,1784606399999999,678484.780811,6462,312.1172,455540.108991,0
1784606400000000,1479.62,1482.24,1468.98,1469.46,269.6005,1784609999999999,398072.058421,2861,77.2234,114072.766602,0
1784610000000000,1469.4,1478.32,1458.33,1472.45,90.2499,1784613599999999,132543.282507,1521,40.8023,60041.299946,0
1784613600000000,1471.74,1485.94,1471.4,1485.6,112.2487,1784617199999999,166036.888158,1148,39.7026,58664.582977,0
1784617200000000,1484.34,1490.6,1478.08,1488.95,521.823,1784620799999999,775099.889997,3752,273.9787,407503.542775,0
1784620800000000,1488.06,1517.05,1486.67,1508.76,497.6066,1784624399999999,748548.045681,2841,292.3851,439448.530794,0
1784624400000000,1507.95,1512.0,1490.47,1491.2,614.3679,1784627999999999,923023.509456,4063,181.8573,273357.361057,0
1784628000000000,1493.25,1508.42,1493.17,1499.3,235.191,1784631599999999,353085.766213,1618,141.1857,212043.675605,0
1784631600000000,1500.81,1504.0,1489.5,1496.38,295.6085,1784635199999999,442862.692851,2295,131.3794,196856.075515,0
1784635200000000,1497.67,1502.36,1484.62,1493.25,693.8442,1784638799999999,1036397.12871,4204,264.639,395463.836229,0
1784638800000000,1492.97,1545.0,1486.89,1529.08,1846.2231,1784642399999999,2800077.313018,9626,1042.1515,1581567.850108,0
1784642400000000,1529.21,1541.51,1492.47,1540.38,1102.8673,1784645999999999,1668191.17053,5190,411.8847,623636.111592,0
1784646000000000,1540.38,1561.38,1536.93,1539.68,1104.4557,1784649599999999,1712811.962909,4113,555.8626,861751.184319,0
1784649600000000,1540.2,1575.79,1539.12,1573.05,576.7057,1784653199999999,902979.02936,3153,328.7362,514966.172183,0
1784653200000000,1573.42,1583.67,1560.23,1562.46,522.0798,1784656799999999,820357.39129,2468,178.5971,280604.452307,0
1784656800000000,1563.0,1570.43,1552.56,1557.93,131.4445,1784660399999999,205194.269847,1541,64.3156,100333.509131,0
1784660400000000,1558.53,1594.99,1548.47,1587.74,254.9621,1784663999999999,400360.654452,2164,181.5305,285207.221303,0
1784664000000000,1587.43,1623.86,1580.69,1622.37,876.1533,1784667599999999,1404108.055929,4714,290.0868,464864.457555,0
1784667600000000,1622.4,1639.59,1621.56,1623.12,1304.2556,1784671199999999,2129241.70695,12339,289.6015,472485.421434,0
1784671200000000,1622.4,1630.88,1616.11,1619.97,340.0156,1784674799999999,551363.93841,2500,192.4187,312020.123891,0
1784674800000000,1619.97,1633.9,1617.59,1631.47,274.7157,1784678399999999,446633.543704,1722,65.917,107128.212068,0
1784678400000000,1631.47,1668.05,1612.8,1614.61,954.3579,1784681999999999,1566473.282143,6853,365.4539,599595.799581,0
1784682000000000,1614.62,1624.78,1603.83,1609.94,262.3376,1784685599999999,423289.944632,1791,119.8557,193314.856212,0
1784685600000000,1610.98,1614.25,1588.39,1591.32,332.5037,1784689199999999,533790.725309,2863,45.9335,73775.627559,0
1784689200000000,1591.41,1603.26,1579.79,1588.05,300.2835,1784692799999999,477725.29541,2915,75.5539,120056.41916,0
1784692800000000,1587.85,1600.24,1579.26,1586.49,169.4569,1784696399999999,269363.167893,2191,57.829,91963.38378,0
1784696400000000,1586.24,1586.25,1553.61,1569.33,415.8393,1784699999999999,651193.911465,5142,248.8302,389461.268101,0
1784700000000000,1570.03,1570.03,1546.38,1562.41,642.3746,1784703599999999,1000630.145932,7047,489.3728,762300.255727,0
1784703600000000,1562.43,1562.93,1547.0,1553.19,469.6489,1784707199999999,729674.045019,3261,192.8496,299723.788048,0
1784707200000000,1551.12,1557.47,1540.67,1548.79,877.4864,1784710799999999,1359202.010592,8251,431.5778,668785.766508,0
1784710800000000,1548.78,1565.58,1544.21,1549.02,324.7527,1784714399999999,504812.717591,1923,166.1081,258380.593641,0
1784714400000000,1549.62,1557.43,1547.39,1555.99,184.5167,1784717999999999,286611.252516,1168,68.8759,106999.504802,0
1784718000000000,1555.89,1563.33,1524.43,1538.07,400.7398,1784721599999999,618024.291072,2582,187.6296,289612.453012,0
1784721600000000,1539.18,1541.59,1506.0,1517.43,406.4385,1784725199999999,616868.274029,2337,193.9983,294375.477257,0
1784725200000000,1517.43,1580.49,1517.43,1577.19,1099.0648,1784728799999999,1700803.495723,5216,587.7336,911579.836284,0
1784728800000000,1576.21,1603.6,1561.88,1587.99,759.0028,1784732399999999,1204455.064119,3778,418.4455,663702.723384,0
1784732400000000,1590.0,1603.94,1585.51,1598.42,384.0303,1784735999999999,612823.946235,2365,150.4712,240081.506895,0
1784736000000000,1598.65,1617.34,1595.98,1606.16,366.776,1784739599999999,587738.489746,1758,214.7769,344438.016883,0
1784739600000000,1607.36,1626.88,1597.0,1600.69,337.8332,1784743199999999,545789.813091,1588,193.6297,312708.043035,0
1784743200000000,1600.78,1612.26,1579.79,1608.6,189.9346,1784746799999999,303363.579187,993,76.7318,122614.150164,0
1784746800000000,1609.15,1622.53,1588.03,1600.5,304.7912,1784750399999999,490265.591699,2176,132.4247,213601.214795,0
1784750400000000,1599.74,1637.43,1572.41,1622.32,801.378,1784753999999999,1295802.081288,4462,409.0187,660615.006901,0
1784754000000000,1622.6,1650.0,1611.5,1617.17,631.3652,1784757599999999,1028725.809177,3870,154.8465,252004.357522,0
1784757600000000,1616.7,1620.87,1591.57,1598.98,231.9395,1784761199999999,372833.816941,1564,51.5583,82833.333531,0
1784761200000000,1598.93,1621.25,1592.03,1619.24,100.5458,1784764799999999,161631.229285,845,31.1825,50092.233082,0
1784764800000000,1620.72,1638.0,1614.3,1631.39,809.8767,1784768399999999,1319189.440095,6091,128.7659,209827.488385,0
1784768400000000,1630.75,1648.49,1609.8,1610.7,982.0842,1784771999999999,1599060.435274,12947,99.662,162692.462643,0
1784772000000000,1610.2,1612.93,1582.05,1598.78,736.5644,1784775599999999,1179470.457293,15515,71.7304,114520.719794,0
1784775600000000,1599.02,1613.45,1585.15,1607.59,245.3475,1784779199999999,390988.273649,2094,72.1673,114897.698402,0
1784779200000000,1605.56,1613.82,1594.93,1609.53,94.5677,1784782799999999,151983.104591,942,31.2687,50270.28599,0
1784782800000000,1610.74,1624.88,1601.6,1603.22,247.8752,1784786399999999,398499.761037,1939,39.5693,63541.713407,0
1784786400000000,1603.28,1607.3,1590.74,1600.74,215.8794,1784789999999999,345075.147346,1826,42.045,67052.496331,0
1784790000000000,1600.46,1602.26,1586.0,1599.83,189.755,1784793599999999,302530.184304,1757,37.0154,59048.480695,0
1784793600000000,1600.11,1627.77,1591.95,1625.77,396.9216,1784797199999999,640874.422385,2518,165.1166,266283.242015,0
1784797200000000,1625.77,1635.99,1619.73,1623.92,194.0718,1784800799999999,315785.834818,1683,64.122,104439.80917,0
1784800800000000,1624.53,1632.83,1618.35,1627.17,84.7056,1784804399999999,137769.873889,856,49.0558,79818.385484,0
1784804400000000,1627.18,1633.78,1588.15,1601.38,759.4867,1784807999999999,1215892.214109,5916,120.0648,192635.721536,0
1784808000000000,1601.22,1602.93,1566.91,1574.2,630.7562,1784811599999999,996863.782299,4439,229.7421,362602.412659,0
1784811600000000,1574.31,1648.67,1547.51,1604.65,2644.4141,1784815199999999,4255737.763844,13729,768.8755,1230008.600401,0
1784815200000000,1605.57,1649.36,1605.51,1636.22,807.9327,1784818799999999,1319546.969342,4440,244.0515,398002.830899,0
1784818800000000,1635.6,1642.18,1610.11,1641.96,396.23,1784822399999999,646417.319068,2246,172.2137,280634.625421,0
1784822400000000,1641.96,1694.39,1641.52,1667.76,973.912,1784825999999999,1628333.036724,4557,218.4272,364773.848911,0
1784826000000000,1667.25,1681.92,1657.79,1667.61,156.4694,1784829599999999,261359.279698,1338,46.8854,78267.584894,0
1784829600000000,1667.6,1670.89,1633.0,1639.38,235.0678,1784833199999999,389594.086976,1387,62.0947,103091.837154,0
1784833200000000,1640.1,1642.62,1597.05,1613.14,109.2264,1784836799999999,176369.981348,1335,51.9581,83980.23146,0
1784836800000000,1613.49,1634.31,1611.28,1625.76,79.4667,1784840399999999,129135.49517,723,22.3401,36333.887559,0
1784840400000000,1625.05,1633.13,1611.29,1616.62,43.9033,1784843999999999,71272.022137,371,16.4784,26760.659946,0
1784844000000000,1616.57,1619.38,1607.2,1619.38,64.9314,1784847599999999,104752.989852,459,42.9818,69356.792391,0
1784847600000000,1620.51,1621.79,1610.36,1616.9,29.1466,1784851199999999,47118.57137,349,12.5873,20352.806632,0
1784851200000000,1616.34,1625.3,1593.81,1600.91,150.3009,1784854799999999,242515.749074,933,80.5527,129999.446382,0
1784854800000000,1601.7,1616.21,1598.1,1598.84,47.196,1784858399999999,75856.783538,512,21.3398,34306.759651,0
1784858400000000,1597.95,1599.4,1575.57,1576.22,84.8033,1784861999999999,134477.699594,712,43.2956,68644.284927,0
1784862000000000,1577.48,1590.02,1564.9,1567.51,60.628,1784865599999999,95737.500511,618,27.4319,43335.684307,0
1784865600000000,1569.35,1576.15,1558.88,1574.15,227.8146,1784869199999999,357453.842988,1372,60.4762,94781.602918,0
1784869200000000,1573.19,1584.84,1567.69,1573.45,78.3622,1784872799999999,123697.485044,913,34.4918,54403.313425,0
1784872800000000,1572.32,1575.9,1563.33,1571.98,49.7772,1784876399999999,78095.01856,518,30.7261,48206.297,0
1784876400000000,1572.64,1586.17,1571.85,1579.14,121.6194,1784879999999999,192344.624908,1490,55.7281,88080.596579,0
1784880000000000,1579.32,1580.65,1565.0,1572.37,140.1534,1784883599999999,220228.206356,1631,90.9267,142820.386138,0
1784883600000000,1572.92,1580.88,1567.11,1578.24,118.2224,1784887199999999,186050.888224,1560,71.4885,112582.037265,0
1784887200000000,1578.23,1578.48,1555.55,1559.17,234.691,1784890799999999,367689.556958,8094,94.9987,148828.305712,0
1784890800000000,1558.94,1573.81,1550.54,1569.32,393.304,1784894399999999,613417.822031,1932,229.3729,357963.401782,0
1784894400000000,1569.32,1590.35,1566.06,1567.52,477.1734,1784897999999999,753156.870214,1349,208.2315,328339.617761,0
1784898000000000,1567.05,1575.97,1481.36,1494.24,1838.5537,1784901599999999,2816409.087869,10379,1024.0942,1565601.009782,0
1784901600000000,1495.32,1511.95,1456.0,1484.79,505.8973,1784905199999999,749571.53523,3064,253.7946,376921.833973,0
1784905200000000,1484.79,1518.86,1469.5,1514.87,294.1816,1784908799999999,439488.174862,1483,127.4592,190867.643602,0
1784908800000000,1514.87,1529.31,1485.04,1493.5,200.7915,1784912399999999,302033.894978,950,112.6664,169462.979867,0
1784912400000000,1494.62,1503.43,1480.93,1481.89,150.0548,1784915999999999,223763.692677,684,86.45,128964.332123,0
1784916000000000,1481.18,1481.18,1419.0,1429.82,336.9834,1784919599999999,485560.512808,1733,140.785,202556.630102,0
1784919600000000,1430.8,1452.64,1412.0,1437.02,290.3177,1784923199999999,416292.987895,2048,125.2533,179840.860619,0
1784923200000000,1437.82,1447.82,1434.01,1443.18,87.0208,1784926799999999,125465.100123,660,31.3461,45206.521078,0
1784926800000000,1443.41,1443.41,1427.31,1429.56,179.2531,1784930399999999,257405.869653,844,38.9866,56029.152718,0
1784930400000000,1430.83,1439.24,1429.88,1434.56,51.9727,1784933999999999,74548.67033,369,28.9339,41511.504065,0
1784934000000000,1434.36,1438.34,1426.23,1435.35,44.639,1784937599999999,63916.022234,482,29.1811,41785.816067,0
1784937600000000,1434.49,1441.08,1428.33,1436.88,118.2028,1784941199999999,169698.747357,1370,37.3976,53662.350432,0
1784941200000000,1437.18,1437.47,1433.39,1433.97,66.6489,1784944799999999,95601.618834,1541,54.8222,78630.902899,0
1784944800000000,1433.97,1453.13,1430.0,1443.45,264.4658,1784948399999999,382141.837026,5924,165.6563,239215.927335,0
1784948400000000,1443.45,1450.95,1441.33,1445.94,163.2407,1784951999999999,236227.40413,3128,118.1969,171065.498796,0
1784952000000000,1445.94,1453.88,1442.65,1445.41,99.6626,1784955599999999,144278.494787,2701,37.5078,54319.752725,0
1784955600000000,1445.41,1447.05,1442.85,1444.27,92.0892,1784959199999999,133067.15818,2226,20.6744,29864.79827,0
1784959200000000,1444.58,1447.58,1443.31,1447.5,24.0545,1784962799999999,34761.897076,488,5.4197,7832.692463,0
1784962800000000,1446.82,1446.94,1443.58,1445.03,28.8971,1784966399999999,41759.27319,586,16.0539,23193.06669,0
1784966400000000,1445.02,1447.07,1444.31,1445.18,23.7394,1784969999999999,34327.8797,433,15.9518,23067.247396,0
1784970000000000,1444.24,1444.76,1430.23,1435.96,196.9683,1784973599999999,282874.733616,7762,100.0305,143714.153082,0
1784973600000000,1435.95,1438.79,1435.71,1437.58,29.6277,1784977199999999,42578.040323,525,18.3332,26344.636772,0
1784977200000000,1437.1,1437.1,1432.44,1436.73,17.1642,1784980799999999,24630.735523,348,8.6889,12464.371791,0
1784980800000000,1435.96,1439.17,1435.51,1436.98,35.1212,1784984399999999,50480.437067,659,15.8933,22843.708361,0
1784984400000000,1436.7,1446.54,1435.78,1436.49,114.9412,1784987999999999,165700.101803,4066,54.8572,79067.390445,0
1784988000000000,1436.18,1438.98,1434.1,1438.68,58.2308,1784991599999999,83649.529253,1092,27.0249,38819.728181,0
1784991600000000,1438.6,1438.6,1433.99,1435.07,65.8274,1784995199999999,94546.482359,1021,32.2898,46368.585107,0
1784995200000000,1435.27,1442.26,1434.64,1438.26,83.2317,1784998799999999,119723.046668,1071,55.6034,79976.307917,0
1784998800000000,1438.25,1444.14,1435.99,1442.2,108.4591,1785002399999999,156360.89995,1646,49.2976,71042.654871,0
1785002400000000,1442.21,1445.54,1439.1,1439.1,87.9344,1785005999999999,126833.060469,1423,49.5562,71498.720656,0
1785006000000000,1439.1,1443.63,1438.06,1441.54,69.8601,1785009599999999,100664.733203,2032,29.9032,43085.514599,0
1785009600000000,1440.14,1443.54,1440.14,1442.6,32.7477,1785013199999999,47216.657294,727,17.1247,24684.842998,0
1785013200000000,1442.75,1445.69,1441.75,1445.14,19.4844,1785016799999999,28126.121712,484,10.4016,15013.322468,0
1785016800000000,1443.94,1446.4,1441.33,1442.6,43.9798,1785020399999999,63491.686727,822,26.2453,37881.333389,0
1785020400000000,1442.92,1445.75,1441.3,1443.34,31.2824,1785023999999999,45161.981692,548,16.7475,24173.275891,0
1785024000000000,1442.38,1445.45,1437.89,1442.53,35.4726,1785027599999999,51110.219132,885,20.9482,30177.093095,0
1785027600000000,1442.62,1455.65,1442.62,1448.42,139.7477,1785031199999999,202791.331036,3309,80.2336,116367.072811,0
1785031200000000,1449.7,1450.79,1446.96,1450.75,49.3963,1785034799999999,71544.323819,1060,20.1883,29248.315929,0
1785034800000000,1450.76,1453.34,1449.27,1450.78,58.0704,1785038399999999,84302.027552,992,23.7842,34526.422163,0
1785038400000000,1451.46,1453.37,1450.51,1451.48,15.3352,1785041999999999,22268.364886,442,5.2565,7632.451847,0
1785042000000000,1451.35,1451.35,1443.9,1448.87,114.9066,1785045599999999,166295.769679,4590,39.5064,57165.912735,0
1785045600000000,1448.87,1454.25,1447.86,1452.66,77.4807,1785049199999999,112414.853835,1139,40.4092,58621.449159,0
1785049200000000,1452.65,1456.58,1451.17,1455.49,79.2695,1785052799999999,115237.978929,1068,48.1368,69988.007086,0
1785052800000000,1455.49,1456.23,1451.67,1456.23,3.0681,1785056399999999,4459.551057,61,1.4646,2128.262442,0
1785056400000000,1456.1,1456.59,1452.28,1455.61,7.7154,1785059999999999,11219.520677,108,2.1934,3190.581702,0
1785060000000000,1455.35,1465.26,1455.35,1463.51,107.6678,1785063599999999,157572.705997,1704,66.0752,96694.167458,0
1785063600000000,1463.6,1465.13,1459.39,1460.3,113.4529,1785067199999999,165862.375627,5693,73.8245,107953.021656,0
1785067200000000,1460.8,1461.52,1454.62,1456.98,33.6021,1785070799999999,48970.825744,321,10.2561,14945.685796,0
1785070800000000,1457.15,1461.07,1456.39,1459.38,13.9694,1785074399999999,20374.071193,124,7.884,11503.74099,0
1785074400000000,1461.07,1468.01,1459.29,1460.88,62.255,1785077999999999,91204.135192,340,49.244,72178.170063,0
1785078000000000,1460.57,1466.0,1459.59,1462.08,27.1096,1785081599999999,39634.066648,153,6.7466,9867.647854,0
1785081600000000,1462.07,1465.46,1458.93,1461.15,38.4549,1785085199999999,56224.851734,680,17.3418,25371.88696,0
1785085200000000,1460.43,1464.21,1460.0,1462.85,5.4308,1785088799999999,7936.213752,196,2.2774,3328.496764,0
1785088800000000,1463.02,1463.41,1461.06,1461.85,3.8499,1785092399999999,5630.447848,70,1.8105,2648.490566,0
1785092400000000,1462.07,1462.07,1455.3,1455.3,28.3696,1785095999999999,41371.524702,1844,8.209,11976.300079,0
1785096000000000,1455.3,1456.56,1451.0,1452.25,145.4194,1785099599999999,211260.480599,9062,36.0994,52458.02381,0
1785099600000000,1452.25,1457.12,1452.25,1454.95,64.3781,1785103199999999,93709.755326,450,33.3624,48566.401416,0
1785103200000000,1455.64,1485.31,1455.64,1481.64,504.1521,1785106799999999,745912.003082,18415,299.0296,442509.926596,0
1785106800000000,1481.64,1490.02,1473.64,1487.09,306.9985,1785110399999999,455348.232982,10228,40.8812,60642.286783,0
1785110400000000,1487.26,1502.07,1470.44,1479.46,524.7162,1785113999999999,778506.918209,17040,143.4098,212982.319062,0
1785114000000000,1479.63,1483.67,1455.85,1471.22,365.6671,1785117599999999,535847.121245,6726,136.6742,200284.681364,0
1785117600000000,1471.29,1485.0,1469.1,1474.4,74.4197,1785121199999999,109883.726558,1587,39.1791,57848.045417,0
1785121200000000,1474.35,1483.71,1469.42,1473.77,91.1681,1785124799999999,134537.846259,2860,33.0237,48758.483548,0
1785124800000000,1473.63,1484.53,1472.89,1481.52,136.0286,1785128399999999,200959.133803,4179,67.2952,99470.866504,0
1785128400000000,1481.28,1495.0,1480.17,1485.59,254.6508,1785131999999999,378648.149296,3127,90.5032,134608.607624,0
1785132000000000,1485.49,1512.41,1484.79,1512.1,231.8405,1785135599999999,347767.649723,2642,158.3315,237518.438653,0
1785135600000000,1512.01,1517.96,1497.83,1501.9,128.8543,1785139199999999,194505.90431,1799,58.0928,87736.855118,0
1785139200000000,1500.86,1511.16,1489.4,1506.85,520.061,1785142799999999,780575.810497,3881,321.8384,483147.16882,0
1785142800000000,1506.92,1514.61,1501.94,1509.86,292.4288,1785146399999999,440589.90414,4004,127.0856,191537.350151,0
1785146400000000,1509.86,1510.16,1496.6,1498.58,340.9616,1785149999999999,512256.424541,4095,171.5242,257697.288506,0
1785150000000000,1498.14,1498.14,1470.0,1480.38,667.5518,1785153599999999,989768.600522,10639,383.696,568739.624057,0
1785153600000000,1480.56,1487.96,1465.93,1486.93,549.534,1785157199999999,813177.069596,9602,274.8013,406647.964471,0
1785157200000000,1487.22,1488.86,1330.6,1335.55,4755.5248,1785160799999999,6746213.630023,43379,1773.3164,2484238.60556,0
1785160800000000,1336.08,1339.5,1231.51,1280.14,10474.9148,1785164399999999,13364263.800627,49085,5712.1612,7270299.566819,0
1785164400000000,1280.41,1287.72,1255.0,1282.16,2573.0383,1785167999999999,3265757.202028,21932,1026.558,1302629.433261,0
1785168000000000,1282.32,1304.63,1264.0,1268.71,1966.0205,1785171599999999,2531798.022493,17652,898.9606,1160528.446298,0
1785171600000000,1268.66,1273.19,1251.3,1269.41,761.0482,1785175199999999,960546.509001,3962,426.8113,539530.31,0
1785175200000000,1270.54,1274.55,1224.24,1265.85,1029.6846,1785178799999999,1285918.118826,12084,504.464,630941.633392,0
1785178800000000,1266.72,1299.3,1258.92,1280.12,854.3187,1785182399999999,1090697.273226,9487,484.6176,618963.81334,0
1785182400000000,1280.25,1293.17,1270.66,1271.57,398.6731,1785185999999999,510518.233102,2847,234.2901,299949.858197,0
1785186000000000,1271.33,1279.32,1258.98,1261.76,131.0039,1785189599999999,166257.784602,1597,63.1735,80110.409011,0
1785189600000000,1262.07,1264.31,1239.52,1243.85,351.5657,1785193199999999,439646.991268,3059,160.8096,201214.307131,0
1785193200000000,1243.71,1251.69,1231.82,1248.88,247.4287,1785196799999999,307259.806802,3280,152.3332,189160.295348,0
1785196800000000,1249.56,1267.03,1227.05,1231.96,600.1329,1785200399999999,743704.215568,4890,425.6958,527514.722045,0
1785200400000000,1231.18,1237.48,1214.27,1224.57,1422.9453,1785203999999999,1745509.026408,6682,776.188,951498.774941,0
1785204000000000,1224.4,1234.53,1217.77,1226.57,946.6406,1785207599999999,1159676.950736,4475,735.0138,900449.739452,0
1785207600000000,1226.12,1235.59,1215.51,1233.23,561.1818,1785211199999999,688878.419492,7333,278.8914,342732.602526,0
1785211200000000,1233.12,1234.47,1220.44,1221.99,993.684,1785214799999999,1220124.121844,14850,446.4367,547586.147052,0
1785214800000000,1222.01,1226.86,1206.0,1208.91,1330.4194,1785218399999999,1616095.895998,12749,782.1603,949901.655753,0
1785218400000000,1208.91,1218.56,1193.0,1215.83,2649.1183,1785221999999999,3200428.024162,11850,1857.3889,2246247.888387,0
1785222000000000,1216.35,1225.17,1206.91,1212.0,1979.6391,1785225599999999,2407974.451804,13164,1485.1718,1807167.784148,0
1785225600000000,1211.71,1232.68,1203.97,1218.03,2971.9228,1785229199999999,3619202.741135,20735,2368.9037,2884731.0919,0
1785229200000000,1218.16,1225.73,1205.46,1210.89,1600.3431,1785232799999999,1944956.711544,10064,1131.0538,1374332.432343,0
1785232800000000,1210.56,1216.47,1203.77,1212.64,602.0005,1785236399999999,728522.173953,3098,382.1389,462458.075531,0
1785236400000000,1213.56,1213.96,1166.33,1186.81,2414.7329,1785239999999999,2855815.219772,14381,1529.9856,1809665.123714,0
1785240000000000,1186.48,1196.56,1176.86,1184.82,1273.4946,1785243599999999,1513077.586283,14183,915.2656,1087479.324686,0
1785243600000000,1184.3,1199.16,1090.9,1090.9,9333.4982,1785247199999999,10567276.756112,46452,6626.911,7492960.977008,0
1785247200000000,1091.32,1122.27,1054.51,1095.22,6642.5806,1785250799999999,7212356.93919,39789,5166.295,5607536.672649,0
1785250800000000,1095.7,1120.0,1082.0,1113.52,2666.6075,1785254399999999,2933870.834691,31390,1873.105,2060054.373847,0
1785254400000000,1113.99,1126.4,1092.58,1103.49,2898.7446,1785257999999999,3208306.438449,22463,2155.7067,2385150.542741,0
1785258000000000,1103.46,1105.85,1072.6,1083.53,1540.0728,1785261599999999,1673015.970453,16340,1143.1903,1240872.546016,0
1785261600000000,1083.78,1091.79,1074.0,1089.76,2965.1032,1785265199999999,3210869.550905,17518,1980.3462,2145364.869593,0
1785265200000000,1091.54,1130.0,1091.54,1097.32,1978.3217,1785268799999999,2200623.230299,9691,1463.2133,1627479.019726,0
1785268800000000,1098.45,1132.91,1074.0,1119.5,766.574,1785272399999999,845478.938506,5959,402.5489,444550.286176,0
1785272400000000,1120.76,1138.06,1116.32,1129.31,489.8213,1785275999999999,551712.628439,4503,302.1302,339950.240555,0
1785276000000000,1129.69,1132.98,1027.06,1039.0,1903.7142,1785279599999999,2019166.587563,11030,914.013,963620.061648,0
1785279600000000,1039.08,1127.21,1036.79,1120.33,2505.3193,1785283199999999,2692304.280649,27097,1805.2318,1935353.329389,0
1785283200000000,1120.96,1166.82,1102.41,1113.55,2376.3732,1785286799999999,2683541.184257,20436,1539.3701,1732719.696374,0
1785286800000000,1113.35,1119.51,1047.21,1058.66,2251.5077,1785290399999999,2422728.870038,20684,1680.2886,1807270.367775,0
1785290400000000,1058.09,1071.27,1039.46,1044.57,3058.9269,1785293999999999,3228292.134018,17094,2013.7528,2123396.715886,0
1785294000000000,1043.78,1057.78,1005.19,1016.24,6457.0048,1785297599999999,6646600.069417,25717,5060.8786,5212528.178323,0
1785297600000000,1016.09,1034.07,992.52,1032.15,8936.7073,1785301199999999,9012142.959767,40272,6262.1692,6314947.598738,0
1785301200000000,1032.15,1063.21,1026.25,1051.03,2918.4592,1785304799999999,3054067.074521,15370,1592.318,1667544.162032,0
1785304800000000,1050.58,1068.0,1036.51,1062.56,2923.1251,1785308399999999,3062271.780929,24010,2180.8953,2282756.132792,0
1785308400000000,1062.84,1075.94,1057.35,1063.42,1701.6503,1785311999999999,1812120.987151,12924,1010.0368,1075071.378265,0
1785312000000000,1063.21,1080.6,1051.31,1072.63,3414.06,1785315599999999,3638802.414483,44258,2525.6433,2690329.8903,0
1785315600000000,1072.92,1124.7,1072.45,1116.0,3475.0334,1785319199999999,3830998.63288,27299,1618.6188,1783770.043242,0
1785319200000000,1116.14,1122.88,1074.2,1077.54,1776.4533,1785322799999999,1949210.455949,8973,836.7486,915980.947445,0
1785322800000000,1078.07,1106.97,1072.05,1100.08,1322.387,1785326399999999,1442162.474442,7420,674.0981,735139.492996,0
1785326400000000,1100.41,1102.88,1076.26,1093.92,1480.0449,1785329999999999,1610574.855845,9634,898.1462,977352.427999,0
1785330000000000,1093.97,1124.15,1018.91,1037.97,10173.1096,1785333599999999,10834605.09767,31786,6263.3934,6658069.098603,0
1785333600000000,1037.99,1071.02,1005.0,1027.36,6982.3283,1785337199999999,7190711.394212,31164,4194.8314,4313032.689692,0
1785337200000000,1027.49,1038.48,1005.0,1023.29,3796.0213,1785340799999999,3896105.870302,24576,2675.2235,2746580.403237,0
1785340800000000,1023.71,1031.02,999.84,1028.26,2203.7638,1785344399999999,2242593.41395,13848,1540.8135,1568742.845214,0
1785344400000000,1028.99,1057.68,1027.44,1050.92,872.6385,1785347999999999,913292.093839,18903,465.0438,486348.691327,0
1785348000000000,1050.73,1115.17,1049.21,1114.97,3301.2056,1785351599999999,3568444.727366,18519,1616.3689,1743967.005564,0
1785351600000000,1115.09,1123.84,1005.02,1016.83,4940.8988,1785355199999999,5254788.362173,15536,2329.1695,2465221.888272,0
1785355200000000,1017.12,1027.78,986.52,994.12,4000.2969,1785358799999999,4019250.772808,14344,2410.4521,2422248.512603,0
1785358800000000,993.8,1000.78,971.47,997.26,3317.1806,1785362399999999,3269626.366292,12277,2150.2949,2121829.126441,0
1785362400000000,998.0,1021.1,993.55,1004.42,2493.6684,1785365999999999,2517952.599486,11877,1588.2835,1604418.813116,0
1785366000000000,1004.37,1014.24,996.2,1009.34,1194.8966,1785369599999999,1202940.002538,12860,734.9271,739996.856181,0
1785369600000000,1010.14,1025.36,995.67,1017.67,1201.1487,1785373199999999,1215594.480759,15672,498.3994,504439.31905,0
1785373200000000,1018.25,1069.0,1014.88,1050.38,1976.6411,1785376799999999,2076776.292946,12462,745.565,781729.342164,0
1785376800000000,1050.92,1059.67,1021.23,1022.81,1155.3752,1785380399999999,1197366.155134,12568,735.8585,762845.528359,0
1785380400000000,1022.81,1035.91,1010.88,1028.86,1823.2612,1785383999999999,1863929.866955,16891,1077.5198,1101128.707827,0
1785384000000000,1029.02,1033.57,1014.97,1017.76,1472.8214,1785387599999999,1507564.856318,13690,952.0995,974436.04119,0
1785387600000000,1017.99,1029.27,1011.14,1023.45,2963.1895,1785391199999999,3023478.474032,20827,2164.5444,2208807.151553,0
1785391200000000,1022.93,1025.19,1007.76,1010.86,2173.2105,1785394799999999,2210955.811164,12080,1742.2332,1773407.668288,0
1785394800000000,1010.41,1018.93,1004.0,1006.01,2582.108,1785398399999999,2609225.464003,13349,1350.7225,1364759.354656,0
1785398400000000,1006.39,1026.57,999.0,1012.61,5445.7228,1785401999999999,5508636.434502,23991,4115.7421,4162704.557932,0
1785402000000000,1012.61,1033.5,1011.67,1026.91,4570.5324,1785405599999999,4686819.910346,18612,3124.6995,3203508.796143,0
1785405600000000,1026.94,1052.06,1025.3,1038.24,4506.4221,1785409199999999,4688113.14261,14748,3226.5781,3355980.247698,0
1785409200000000,1038.21,1081.0,1037.78,1071.89,2136.6353,1785412799999999,2268298.545198,10849,1151.3896,1221736.455303,0
1785412800000000,1072.0,1106.42,1064.36,1100.6,2936.2712,1785416399999999,3186670.966588,11642,1542.5315,1673777.340533,0
1785416400000000,1100.85,1236.59,1090.01,1232.89,19360.2174,1785419999999999,22899980.803906,99183,5554.7971,6542577.388219,0
1785420000000000,1232.51,1266.44,1190.69,1234.85,21152.8938,1785423599999999,26186271.918417,118637,3761.3096,4651153.850139,0
1785423600000000,1235.46,1261.24,1222.22,1250.19,3816.5941,1785427199999999,4742047.978679,23835,1113.8589,1384693.260272,0
1785427200000000,1250.2,1267.59,1238.15,1253.01,4466.7667,1785430799999999,5619036.084496,38473,713.6441,896105.251847,0
1785430800000000,1252.75,1273.06,1249.95,1257.07,1999.2355,1785434399999999,2522635.674662,17734,624.9689,790124.128461,0
1785434400000000,1257.07,1259.98,1244.97,1255.2,1686.5993,1785437999999999,2112488.662964,16105,235.5274,295006.161032,0
1785438000000000,1255.5,1285.35,1255.5,1278.96,3563.3687,1785441599999999,4529337.758691,23240,558.2808,710739.425306,0
1785441600000000,1279.0,1331.32,1271.53,1322.17,9890.1441,1785445199999999,12994816.252282,43505,2356.1847,3088440.924394,0
1785445200000000,1322.84,1363.51,1313.67,1337.25,6657.0868,1785448799999999,8901745.997492,35435,1300.1942,1743341.578598,0
1785448800000000,1337.82,1357.93,1328.07,1346.56,1945.9591,1785452399999999,2623845.173114,5949,596.795,805042.466617,0
1785452400000000,1346.19,1354.6,1320.73,1352.85,4718.2135,1785455999999999,6321283.611541,20673,1265.8308,1693187.467531,0
1785456000000000,1352.86,1430.71,1338.41,1377.59,8205.949,1785459599999999,11235176.540488,44454,1748.8114,2403532.260874,0
1785459600000000,1377.34,1412.23,1340.88,1360.47,3021.7335,1785463199999999,4189280.248485,12914,855.7973,1184637.380403,0
1785463200000000,1360.22,1368.71,1331.03,1342.86,2284.7157,1785466799999999,3066006.734329,8920,753.155,1010201.213618,0
1785466800000000,1343.18,1358.88,1335.74,1342.9,2256.181,1785470399999999,3035499.468298,11837,687.1254,924589.177061,0
1785470400000000,1342.8,1374.11,1338.28,1367.23,3787.471,1785473999999999,5153485.681102,14402,1118.3051,1520781.016636,0
1785474000000000,1367.2,1391.18,1364.14,1382.63,4202.2079,1785477599999999,5791732.989519,15216,905.4756,1247592.732353,0
1785477600000000,1382.61,1394.82,1297.2,1314.66,6014.1786,1785481199999999,8119355.882724,18025,2185.8505,2943767.027033,0
1785481200000000,1314.18,1343.92,1307.7,1332.81,2884.2121,1785484799999999,3824714.755199,21555,1381.0807,1832458.999141,0
1785484800000000,1333.01,1354.95,1302.38,1353.18,3508.1689,1785488399999999,4656954.748436,10160,1291.242,1712223.087774,0
1785488400000000,1354.06,1372.8,1324.57,1326.34,2957.6847,1785491999999999,4016380.890839,10627,913.6996,1237264.535233,0
1785492000000000,1327.1,1353.22,1324.45,1341.42,704.4371,1785495599999999,944380.908357,3211,293.4557,393557.541113,0
1785495600000000,1341.4,1367.97,1341.4,1359.35,2204.0225,1785499199999999,2993124.797639,6722,1063.9365,1444872.07036,0
1785499200000000,1360.1,1360.1,1323.36,1329.9,1835.5879,1785502799999999,2456171.787027,5599,688.5684,920357.253455,0
1785502800000000,1329.12,1403.92,1226.42,1244.24,12106.5824,1785506399999999,15837569.062595,35456,7025.7814,9130354.460796,0
1785506400000000,1244.31,1251.77,1190.38,1248.53,8041.1344,1785509999999999,9823823.297864,25571,4822.5215,5887520.398316,0
1785510000000000,1248.76,1269.5,1204.04,1221.94,3018.159,1785513599999999,3737031.2917,11137,1383.961,1706557.798559,0
1785513600000000,1221.94,1245.73,1219.08,1238.26,439.7968,1785517199999999,541631.774201,4980,196.2201,241645.468543,0
1785517200000000,1238.15,1275.15,1238.15,1255.12,384.9433,1785520799999999,484091.283663,7470,199.9298,251367.884212,0
1785520800000000,1254.96,1259.9,1231.44,1250.44,404.4334,1785524399999999,503783.533676,4574,191.4416,238502.269802,0
1785524400000000,1251.3,1256.07,1209.56,1216.53,939.9345,1785527999999999,1156941.558789,7005,207.1169,254045.001952,0
1785528000000000,1216.83,1220.58,1203.25,1210.09,660.4272,1785531599999999,801510.226035,6034,294.0023,357164.35876,0
1785531600000000,1209.88,1219.8,1209.51,1211.47,266.7985,1785535199999999,323946.506065,2517,127.4193,154807.758232,0
1785535200000000,1211.53,1214.44,1203.94,1211.45,411.0852,1785538799999999,497107.860923,3348,179.0324,216502.015863,0
1785538800000000,1211.15,1213.06,1205.76,1207.19,199.733,1785542399999999,241668.78275,2250,107.683,130344.453245,0
1785542400000000,1207.78,1224.79,1207.78,1215.36,186.6424,1785545999999999,227257.394636,6545,120.984,147376.356568,0
1785546000000000,1215.76,1220.0,1213.66,1217.47,290.5508,1785549599999999,353274.766625,5396,116.5203,141693.545753,0
1785549600000000,1217.97,1221.12,1215.17,1217.71,103.8135,1785553199999999,126491.604944,2083,42.3858,51657.541,0
1785553200000000,1217.71,1218.21,1215.27,1216.88,65.9943,1785556799999999,80310.638103,1130,29.5203,35922.396526,0
1785556800000000,1216.72,1218.62,1216.11,1217.16,56.1876,1785560399999999,68409.695605,767,43.0339,52397.155237,0
1785560400000000,1217.0,1219.33,1215.69,1217.53,39.2335,1785563999999999,47752.579165,520,22.2181,27046.653857,0
1785564000000000,1217.37,1223.91,1216.73,1219.76,43.8596,1785567599999999,53546.931157,1260,28.2619,34514.505968,0
1785567600000000,1219.5,1227.6,1219.5,1226.19,21.0107,1785571199999999,25677.076862,369,11.865,14492.554662,0
1785571200000000,1226.19,1227.39,1221.65,1221.89,70.212,1785574799999999,85997.259018,829,49.926,61155.720196,0
1785574800000000,1221.78,1224.71,1221.78,1224.13,71.5085,1785578399999999,87498.178341,737,38.4411,47041.932775,0
1785578400000000,1224.2,1224.58,1222.87,1224.25,19.3088,1785581999999999,23631.134788,181,7.8973,9665.981998,0
1785582000000000,1224.25,1229.26,1223.23,1227.07,53.0123,1785585599999999,65042.648524,1214,38.2282,46901.337509,0
1785585600000000,1227.34,1228.0,1222.52,1222.52,58.4131,1785589199999999,71570.307026,535,19.4745,23861.154337,0
1785589200000000,1222.42,1223.28,1215.94,1220.35,238.8224,1785592799999999,291182.941493,8753,115.9095,141342.637939,0
1785592800000000,1219.93,1221.2,1217.67,1218.84,28.962,1785596399999999,35312.947569,905,16.0403,19555.416222,0
1785596400000000,1218.74,1219.02,1214.94,1215.05,165.5094,1785599999999999,201589.299436,2992,143.7894,175148.000478,0
1785600000000000,1215.09,1217.0,1208.52,1211.31,75.1306,1785603599999999,91047.913514,1211,44.1215,53459.446192,0
1785603600000000,1211.28,1215.77,1208.48,1209.24,56.1895,1785607199999999,68062.513753,950,42.844,51891.144604,0
1785607200000000,1209.44,1211.45,1167.39,1199.06,648.0433,1785610799999999,774947.820943,10567,229.526,274122.991338,0
1785610800000000,1198.32,1200.77,1191.99,1194.54,134.3103,1785614399999999,160699.348841,2917,55.2602,66134.758589,0
1785614400000000,1194.67,1202.42,1193.14,1201.44,29.8236,1785617999999999,35743.275254,179,12.6211,15118.094765,0
1785618000000000,1200.93,1217.3,1198.01,1215.21,330.8751,1785621599999999,398922.294921,3020,266.6425,321612.839456,0
1785621600000000,1215.17,1216.66,1209.34,1215.87,103.7918,1785625199999999,125995.599412,3618,67.8704,82397.922662,0
1785625200000000,1216.04,1221.47,1213.92,1218.16,258.0807,1785628799999999,314289.722225,2647,166.2841,202513.187833,0
1785628800000000,1217.88,1225.54,1217.27,1217.97,168.226,1785632399999999,205301.453173,2242,130.2214,158917.471679,0
1785632400000000,1217.97,1219.47,1213.91,1215.67,124.5234,1785635999999999,151483.361987,4614,49.9021,60724.570411,0
1785636000000000,1215.67,1248.3,1214.5,1234.65,569.5524,1785639599999999,705599.518895,7754,419.5514,519840.918415,0
1785639600000000,1234.47,1240.4,1233.58,1238.46,162.0224,1785643199999999,200285.863332,3611,82.0117,101410.511412,0
1785643200000000,1238.79,1249.32,1238.79,1239.92,439.6838,1785646799999999,546234.425182,12830,101.3332,125988.653405,0
1785646800000000,1239.56,1247.67,1238.79,1245.83,73.7332,1785650399999999,91481.715604,1128,49.3314,61198.186416,0
1785650400000000,1245.1,1246.57,1242.96,1244.16,50.7713,1785653999999999,63208.685503,530,34.6851,43194.325945,0
1785654000000000,1244.39,1246.76,1239.83,1245.42,42.2812,1785657599999999,52604.190778,549,27.2978,33964.83344,0
1785657600000000,1245.46,1255.2,1242.17,1246.14,264.1473,1785661199999999,329932.328098,1936,128.6729,160700.986622,0
1785661200000000,1245.88,1248.4,1240.17,1245.68,175.2846,1785664799999999,218005.407829,1513,76.3698,95010.382328,0
1785664800000000,1245.56,1247.9,1241.55,1242.96,104.5711,1785668399999999,130112.529777,773,73.906,91974.038072,0
1785668400000000,1242.36,1243.86,1223.8,1228.45,266.5238,1785671999999999,328200.131278,1826,99.1905,122140.243038,0
1785672000000000,1228.16,1243.25,1227.9,1236.98,439.7653,1785675599999999,542920.01999,4001,309.7829,382489.846217,0
1785675600000000,1236.92,1238.45,1232.07,1235.97,113.8614,1785679199999999,140683.323375,1395,59.6634,73731.310623,0
1785679200000000,1235.97,1240.58,1232.39,1236.13,165.0258,1785682799999999,204035.360359,2275,102.4599,126744.05812,0
1785682800000000,1235.95,1240.0,1232.28,1237.99,166.881,1785686399999999,206644.438989,2187,77.8044,96344.333434,0
1785686400000000,1238.04,1258.22,1235.22,1246.08,171.8392,1785689999999999,214175.078845,1828,93.9552,117102.606604,0
1785690000000000,1246.02,1259.1,1242.73,1244.94,315.6529,1785693599999999,394537.144894,8257,175.7189,219641.326131,0
1785693600000000,1244.94,1248.42,1241.11,1241.42,138.0189,1785697199999999,171960.592165,4734,53.8594,67102.64327,0
1785697200000000,1241.43,1252.03,1241.43,1251.7,117.4221,1785700799999999,146629.683436,1298,91.8422,114694.724269,0
1785700800000000,1250.68,1252.17,1242.41,1243.34,52.7925,1785704399999999,65861.210888,456,18.6039,23230.343717,0
1785704400000000,1243.34,1247.48,1232.51,1239.95,226.9729,1785707999999999,281768.837931,1538,95.6089,118667.911107,0
1785708000000000,1240.4,1246.43,1233.74,1244.29,133.5226,1785711599999999,165657.343675,615,86.341,107150.817524,0
1785711600000000,1245.18,1256.4,1236.99,1243.37,318.2329,1785715199999999,396225.730782,4877,188.9662,235414.214976,0
1785715200000000,1242.87,1264.78,1224.32,1260.82,1135.3121,1785718799999999,1410192.083248,3909,550.2617,683802.28991,0
1785718800000000,1258.61,1266.49,1241.17,1256.88,360.4116,1785722399999999,451728.661321,1477,147.8309,185249.478707,0
1785722400000000,1255.94,1263.69,1252.05,1257.96,217.1462,1785725999999999,273315.684118,1068,71.9559,90646.749643,0
1785726000000000,1258.02,1260.4,1248.05,1258.53,261.7077,1785729599999999,328386.134247,1383,108.2564,135903.703353,0
1785729600000000,1258.16,1259.8,1242.0,1243.17,302.831,1785733199999999,379867.223356,1614,127.0644,159604.143486,0
1785733200000000,1243.56,1256.52,1238.77,1254.1,336.2629,1785736799999999,419876.234958,1978,132.6218,165659.983434,0
1785736800000000,1254.31,1255.13,1237.87,1239.71,394.4536,1785740399999999,490981.500754,2295,74.9743,93339.118439,0
1785740400000000,1240.21,1245.32,1232.75,1237.23,227.5034,1785743999999999,281805.172472,1148,59.8554,74203.79196,0
1785744000000000,1237.21,1237.95,1204.46,1232.46,1248.726,1785747599999999,1523944.346096,3475,688.2478,839264.745478,0
1785747600000000,1233.1,1233.18,1208.92,1219.51,541.5282,1785751199999999,661901.543157,1457,288.4498,352703.23355,0
1785751200000000,1218.78,1218.94,1171.89,1193.36,3375.7598,1785754799999999,3999595.615332,8930,2392.3167,2831092.913513,0
1785754800000000,1193.04,1194.28,1158.0,1163.35,2239.5245,1785758399999999,2618020.945829,9397,1321.8997,1544592.508413,0
1785758400000000,1162.88,1179.23,1150.46,1170.1,1673.1513,1785761999999999,1949019.868764,8710,1080.3096,1258710.365184,0
1785762000000000,1170.7,1221.58,1124.2,1220.79,12195.8258,1785765599999999,14347880.929901,17950,6384.684,7499538.55222,0
1785765600000000,1219.84,1274.62,1192.43,1262.38,6176.0911,1785769199999999,7611896.25453,16491,2671.8178,3293914.847153,0
1785769200000000,1261.72,1262.17,1236.34,1255.74,2034.2192,1785772799999999,2547022.252733,5929,994.091,1245937.283363,0
1785772800000000,1255.55,1288.52,1255.55,1276.0,995.6373,1785776399999999,1269515.171287,3273,594.4824,758523.594618,0
1785776400000000,1275.94,1316.77,1272.81,1312.12,814.1741,1785779999999999,1052225.532932,2442,529.8902,685155.674106,0
1785780000000000,1313.02,1317.14,1289.86,1293.26,355.4683,1785783599999999,462403.482086,2461,194.3083,252847.244292,0
1785783600000000,1293.13,1306.42,1281.15,1289.32,2657.8707,1785787199999999,3432148.961848,7650,1879.7811,2425738.670256,0
1785787200000000,1289.42,1299.4,1274.68,1293.35,457.5171,1785790799999999,588091.621466,2666,171.4117,220103.311508,0
1785790800000000,1294.14,1327.15,1290.16,1307.79,1442.3049,1785794399999999,1883182.974276,4972,791.2745,1034619.384545,0
1785794400000000,1307.87,1315.98,1304.58,1313.17,746.5599,1785797999999999,978276.994686,2459,362.5887,475241.422652,0
1785798000000000,1312.41,1329.69,1308.01,1329.18,555.1312,1785801599999999,729993.660455,1822,235.1032,309195.553011,0
1785801600000000,1326.61,1333.63,1274.87,1278.54,1716.1782,1785805199999999,2226482.598615,6580,794.4161,1025312.073008,0
1785805200000000,1278.81,1315.0,1266.73,1310.13,975.9441,1785808799999999,1258344.165705,4687,517.6214,664869.636577,0
1785808800000000,1311.13,1311.13,1287.47,1292.7,1163.3056,1785812399999999,1506873.706642,5608,252.052,326253.567243,0
1785812400000000,1292.87,1297.6,1283.19,1293.19,501.8029,1785815999999999,648424.504256,3219,96.2377,124349.073378,0
1785816000000000,1293.85,1294.56,1284.06,1289.17,405.7817,1785819599999999,523301.973981,2411,66.2063,85441.421795,0
1785819600000000,1290.26,1309.0,1282.05,1306.93,321.4019,1785823199999999,416318.300653,2217,96.4124,124974.837453,0
1785823200000000,1306.8,1317.67,1303.9,1316.63,1031.1264,1785826799999999,1350646.400668,5443,317.2907,415694.361907,0
1785826800000000,1316.7,1326.45,1311.3,1315.9,642.1108,1785830399999999,847352.381237,3839,187.0578,246772.830078,0
1785830400000000,1315.48,1342.15,1314.68,1320.71,2760.691,1785833999999999,3674759.826253,9555,999.1513,1330126.997111,0
1785834000000000,1322.24,1322.56,1305.04,1318.13,820.536,1785837599999999,1079129.53301,2120,382.0126,502084.400994,0
1785837600000000,1318.4,1348.05,1316.23,1336.47,913.0372,1785841199999999,1217987.876565,3200,462.3871,616711.098582,0
1785841200000000,1336.29,1370.09,1336.29,1369.93,1303.9126,1785844799999999,1767377.079101,6455,689.1732,934861.097948,0
1785844800000000,1369.93,1370.84,1352.0,1358.24,929.5049,1785848399999999,1262036.784566,4154,337.1078,457928.062184,0
1785848400000000,1358.43,1416.26,1341.52,1383.52,8786.4006,1785851999999999,12153420.48521,21228,3724.1113,5149941.303939,0
1785852000000000,1383.92,1400.0,1371.46,1394.91,2129.8603,1785855599999999,2957922.063822,9087,1097.1645,1523631.276422,0
1785855600000000,1395.18,1431.99,1393.09,1409.21,4109.0751,1785859199999999,5802701.064234,8024,2423.4093,3407656.016554,0
1785859200000000,1409.84,1443.28,1409.66,1439.88,879.8992,1785862799999999,1254576.83956,2792,555.8307,792727.537677,0
1785862800000000,1439.22,1446.91,1429.66,1434.96,1013.026,1785866399999999,1455268.01305,5353,266.7231,383738.333114,0
1785866400000000,1434.7,1438.22,1420.53,1424.34,1114.0688,1785869999999999,1593827.671848,3702,481.3489,688451.497932,0
1785870000000000,1424.32,1439.43,1415.41,1428.82,1615.5186,1785873599999999,2303472.969031,8415,483.114,689145.448915,0
1785873600000000,1428.99,1443.42,1380.27,1398.85,2806.8943,1785877199999999,3941478.027017,11063,1021.9289,1433692.626566,0
1785877200000000,1398.76,1433.02,1395.68,1413.08,1777.317,1785880799999999,2514965.458647,7863,736.1818,1039098.671232,0
1785880800000000,1413.77,1421.63,1405.42,1414.89,522.0858,1785884399999999,738311.966762,2555,291.3012,411895.720562,0
1785884400000000,1414.94,1438.41,1410.18,1437.1,760.5862,1785887999999999,1085649.414833,4228,306.9943,437907.917636,0
1785888000000000,1436.81,1444.04,1414.84,1423.2,998.9694,1785891599999999,1427974.145856,6558,456.4339,652405.579555,0
1785891600000000,1422.9,1429.59,1401.71,1425.21,832.6121,1785895199999999,1178425.666846,4810,363.7298,514733.681792,0
1785895200000000,1425.21,1430.02,1414.4,1417.94,811.5373,1785898799999999,1151672.004121,5066,248.667,352924.391889,0
1785898800000000,1418.37,1429.7,1418.21,1427.86,312.0873,1785902399999999,444567.404681,3043,112.857,160768.147802,0
1785902400000000,1427.99,1443.11,1427.17,1442.65,209.2146,1785905999999999,300484.097659,1881,107.2944,154132.405907,0
1785906000000000,1443.21,1482.24,1442.12,1465.91,1285.3976,1785909599999999,1884251.29151,7487,955.3971,1400207.215125,0
1785909600000000,1465.8,1467.53,1442.74,1450.67,517.3126,1785913199999999,751809.528184,4119,324.0277,470919.760739,0
1785913200000000,1450.45,1459.86,1432.26,1443.7,348.3248,1785916799999999,502714.786126,1967,195.3835,282162.97338,0
1785916800000000,1445.07,1454.7,1401.11,1413.56,2286.0339,1785920399999999,3241894.406839,6771,1149.4159,1630131.433351,0
1785920400000000,1413.38,1424.99,1405.35,1417.57,681.4593,1785923999999999,965588.136206,2166,342.0436,484628.403647,0
1785924000000000,1417.65,1420.07,1385.0,1397.57,1367.6906,1785927599999999,1920708.68211,3746,743.2694,1045223.358572,0
1785927600000000,1397.56,1418.48,1396.59,1403.48,1233.5701,1785931199999999,1735850.169991,3126,535.175,752866.480447,0
1785931200000000,1403.51,1418.3,1394.72,1408.44,1247.6187,1785934799999999,1754879.612471,3187,698.8628,984017.566053,0
1785934800000000,1410.38,1440.99,1374.65,1438.45,8611.3984,1785938399999999,12148941.072293,12367,4199.2457,5912230.186337,0
1785938400000000,1437.63,1437.63,1366.03,1394.12,2538.2802,1785941999999999,3552451.746872,5204,964.8514,1347699.656253,0
1785942000000000,1395.59,1427.43,1392.0,1406.94,1282.9372,1785945599999999,1809319.446928,2775,811.4504,1144391.530818,0
1785945600000000,1406.6,1429.37,1404.48,1422.4,644.4623,1785949199999999,913497.284579,2546,417.6389,592056.245335,0
1785949200000000,1423.06,1424.31,1409.41,1417.64,454.2157,1785952799999999,643718.533401,2370,242.8874,344422.715404,0
1785952800000000,1418.03,1419.41,1396.97,1401.62,799.7749,1785956399999999,1128762.771541,3103,159.1214,224309.725235,0
1785956400000000,1401.1,1411.35,1348.97,1351.2,1682.4298,1785959999999999,2313640.948782,4134,730.6204,1001195.334537,0
1785960000000000,1353.32,1387.58,1251.86,1304.44,18552.0117,1785963599999999,24172874.111392,66481,10579.0467,13759491.979968,0
1785963600000000,1305.83,1311.9,1255.04,1267.8,4035.918,1785967199999999,5140650.945082,33247,1198.38,1530709.74243,0
1785967200000000,1268.22,1290.24,1258.14,1270.98,3218.4196,1785970799999999,4107594.276997,29614,1844.7043,2354158.335867,0
1785970800000000,1270.98,1274.3,1243.22,1247.62,2473.8598,1785974399999999,3111408.733125,7929,1550.953,1950852.476793,0
1785974400000000,1248.36,1268.44,1236.26,1246.6,7419.3191,1785977999999999,9310678.624,27539,6750.2569,8471880.904518,0
1785978000000000,1246.6,1257.12,1226.64,1247.59,7483.955,1785981599999999,9310310.369624,51990,6471.8557,8052464.945506,0
1785981600000000,1247.47,1255.98,1242.0,1245.21,4706.4298,1785985199999999,5882297.764835,33051,4303.3313,5379131.078886,0
1785985200000000,1244.2,1249.44,1235.29,1246.81,1434.3201,1785988799999999,1783132.5869,13149,1249.6633,1553690.411898,0
1785988800000000,1246.25,1249.35,1231.58,1241.04,1663.2829,1785992399999999,2067693.550965,6993,1395.7681,1735675.341829,0
1785992400000000,1241.17,1248.57,1232.49,1239.7,2122.6242,1785995999999999,2639727.449766,9666,1793.9705,2231313.471628,0
1785996000000000,1239.72,1245.92,1227.74,1242.6,2535.4296,1785999599999999,3144810.383304,10589,1757.0777,2179963.849366,0
1785999600000000,1242.73,1246.14,1233.65,1235.64,1547.067,1786003199999999,1919314.625982,6332,939.6824,1165962.551264,0
1786003200000000,1236.2,1252.82,1217.56,1239.84,5900.3586,1786006799999999,7299730.062224,20999,3726.8552,4611011.111364,0
1786006800000000,1239.86,1240.04,1224.88,1235.15,3378.0446,1786010399999999,4155924.34979,7281,2038.3778,2507617.01707,0
1786010400000000,1235.22,1237.89,1211.69,1215.7,2550.7795,1786013999999999,3120522.610792,6964,1523.928,1864175.547336,0
1786014000000000,1215.99,1228.56,1195.61,1226.07,5361.6671,1786017599999999,6499773.949336,31565,3488.5287,4232365.680124,0
1786017600000000,1225.89,1227.99,1200.96,1214.77,3177.3653,1786021199999999,3862389.439971,14200,2365.9495,2877642.843467,0
1786021200000000,1213.46,1277.9,1166.45,1276.24,15704.7486,1786024799999999,18781459.891892,60686,8381.2926,10011810.110544,0
1786024800000000,1277.67,1295.85,1253.76,1277.45,5891.4349,1786028399999999,7502598.001509,7325,2525.2949,3214311.08385,0
1786028400000000,1277.85,1323.63,1276.24,1283.79,4122.9307,1786031999999999,5382752.80689,5718,1353.5587,1764793.345607,0
1786032000000000,1284.72,1297.61,1268.4,1294.18,4876.431,1786035599999999,6249006.880679,5874,2133.0001,2732965.924818,0
1786035600000000,1294.2,1299.37,1276.89,1285.0,2520.1087,1786039199999999,3248887.810026,4766,1391.8765,1796066.627203,0
1786039200000000,1285.37,1296.31,1270.49,1279.79,2726.676,1786042799999999,3496195.063932,5294,927.19,1188180.623353,0
1786042800000000,1280.36,1293.31,1256.24,1259.73,2677.3846,1786046399999999,3422877.886551,7376,740.1124,947375.416939,0
1786046400000000,1259.31,1266.43,1240.34,1265.97,2052.0513,1786049999999999,2572601.282084,4799,872.3038,1094533.897251,0
1786050000000000,1266.39,1278.11,1265.77,1271.87,1074.35,1786053599999999,1367796.698409,8488,640.5086,815250.221051,0
1786053600000000,1271.79,1282.7,1270.06,1279.16,556.0749,1786057199999999,710305.841233,5177,343.4639,438723.624774,0
1786057200000000,1278.42,1278.89,1271.94,1276.76,556.9305,1786060799999999,710639.531292,1914,369.6217,471703.149541,0
1786060800000000,1276.82,1288.49,1263.6,1271.51,410.38,1786064399999999,522329.280063,2378,212.0119,269741.651285,0
1786064400000000,1272.6,1273.3,1252.25,1257.02,560.8591,1786067999999999,706200.898015,3107,296.1892,372973.530951,0
1786068000000000,1257.02,1270.0,1254.95,1269.49,229.591,1786071599999999,289725.608839,1208,79.3202,100150.467755,0
1786071600000000,1270.88,1272.82,1259.98,1260.73,136.5625,1786075199999999,172948.616618,897,48.6694,61654.628129,0
1786075200000000,1260.73,1266.65,1254.89,1259.59,627.7573,1786078799999999,789649.251702,2815,433.4417,544921.816038,0
1786078800000000,1259.59,1273.67,1259.29,1272.33,359.0245,1786082399999999,454684.315038,1514,220.3648,279250.962214,0
1786082400000000,1271.67,1281.58,1267.42,1268.22,332.5168,1786085999999999,423829.323149,2997,213.168,271791.17212,0
1786086000000000,1268.37,1284.85,1266.0,1284.42,475.3749,1786089599999999,608588.834837,6097,287.7088,368270.044673,0
1786089600000000,1284.43,1310.9,1283.31,1302.59,2503.596,1786093199999999,3248003.788019,7753,1349.7307,1751016.539792,0
1786093200000000,1303.16,1305.85,1292.57,1293.83,845.9414,1786096799999999,1099530.920877,3016,423.1751,550188.888103,0
1786096800000000,1293.73,1296.1,1284.2,1284.57,573.6936,1786100399999999,740963.627565,1953,331.0352,427702.911786,0
1786100400000000,1284.59,1296.68,1284.59,1285.91,1051.4544,1786103999999999,1357101.890836,3554,420.9146,542985.361698,0
1786104000000000,1285.91,1328.05,1285.2,1317.62,3986.6838,1786107599999999,5216497.904654,15626,2125.4288,2775003.540246,0
1786107600000000,1317.6,1318.84,1216.0,1223.74,12454.3711,1786111199999999,15821814.932769,31987,7304.274,9227830.228699,0
1786111200000000,1223.74,1225.93,1185.84,1203.9,5210.0249,1786114799999999,6286806.018999,30644,3166.9645,3822907.659648,0
1786114800000000,1203.52,1243.67,1201.84,1231.07,1355.6418,1786118399999999,1662962.647775,8533,697.3935,854492.868962,0
1786118400000000,1231.96,1245.97,1219.35,1231.67,1149.0733,1786121999999999,1416519.919094,2943,479.2499,591689.098327,0
1786122000000000,1230.97,1236.0,1225.56,1227.94,608.2909,1786125599999999,749202.682183,2620,352.1853,433959.908961,0
1786125600000000,1228.46,1231.73,1222.38,1230.2,407.6912,1786129199999999,500146.345379,2099,239.2007,293565.304962,0
1786129200000000,1231.44,1235.05,1210.6,1213.22,761.2571,1786132799999999,927202.604916,2581,337.3981,411298.95798,0
1786132800000000,1213.57,1219.12,1207.3,1217.74,485.669,1786136399999999,589262.359363,1001,174.5244,211816.664368,0
1786136400000000,1217.82,1217.82,1211.18,1212.64,235.1708,1786139999999999,285402.004631,475,29.3007,35541.154779,0
1786140000000000,1213.09,1214.09,1208.09,1212.85,225.8344,1786143599999999,273438.917822,678,67.7508,82026.564362,0
1786143600000000,1212.83,1219.0,1210.51,1219.0,130.6659,1786147199999999,158668.046791,896,47.9626,58274.197043,0
1786147200000000,1219.0,1221.48,1215.11,1216.94,160.0703,1786150799999999,195032.953733,769,97.7754,119126.262567,0
1786150800000000,1216.94,1219.18,1215.0,1218.32,228.5935,1786154399999999,278104.637273,871,81.8641,99606.307758,0
1786154400000000,1218.32,1219.18,1215.53,1216.48,74.2231,1786157999999999,90368.234108,646,48.0523,58515.467735,0
1786158000000000,1216.48,1217.24,1211.74,1215.13,262.4393,1786161599999999,318802.752108,1604,205.8716,250098.860279,0
1786161600000000,1215.13,1216.81,1211.85,1212.58,255.1276,1786165199999999,309853.590286,1242,213.2839,259075.351277,0
1786165200000000,1212.62,1214.0,1209.02,1210.14,102.7974,1786168799999999,124573.733802,415,85.4138,103519.568771,0
1786168800000000,1210.21,1211.38,1210.03,1210.77,125.0667,1786172399999999,151367.143354,660,18.4325,22316.737636,0
1786172400000000,1210.73,1213.24,1210.18,1212.08,29.6787,1786175999999999,35937.76634,260,17.605,21320.771265,0
1786176000000000,1211.32,1212.57,1210.58,1210.67,27.4216,1786179599999999,33224.256587,168,17.7433,21501.7965,0
1786179600000000,1211.99,1212.0,1210.26,1210.85,15.7047,1786183199999999,19020.000791,132,6.6757,8087.971708,0
1786183200000000,1210.47,1213.89,1210.47,1212.92,85.2959,1786186799999999,103485.700397,373,19.3089,23420.841616,0
1786186800000000,1212.9,1215.2,1212.8,1212.85,45.4689,1786190399999999,55177.500012,256,15.5854,18918.986003,0
1786190400000000,1212.85,1214.49,1212.18,1213.56,27.905,1786193999999999,33848.709227,124,7.8402,9514.881631,0
1786194000000000,1213.81,1220.32,1213.52,1217.24,357.1459,1786197599999999,434686.055556,1595,90.4925,110098.630433,0
1786197600000000,1217.01,1218.79,1213.37,1214.3,70.8625,1786201199999999,86132.314223,431,29.9256,36371.798936,0
1786201200000000,1214.65,1216.3,1213.0,1215.67,86.133,1786204799999999,104647.955924,297,51.016,61992.854391,0
1786204800000000,1215.2,1218.11,1214.68,1217.72,41.2604,1786208399999999,50183.919218,149,29.1344,35441.183413,0
1786208400000000,1218.4,1220.85,1217.0,1218.92,55.0055,1786211999999999,67057.692602,277,28.6633,34949.338666,0
1786212000000000,1218.64,1218.84,1214.59,1214.59,21.0025,1786215599999999,25555.417075,157,12.9876,15803.053276,0
1786215600000000,1215.18,1218.15,1215.05,1216.9,29.8567,1786219199999999,36310.499252,73,17.6863,21499.912914,0
1786219200000000,1217.13,1218.58,1216.69,1217.73,23.8008,1786222799999999,28983.113672,130,10.0131,12192.812427,0
1786222800000000,1218.55,1218.88,1217.46,1218.3,31.1164,1786226399999999,37910.786604,123,21.4047,26079.279799,0
1786226400000000,1218.03,1219.63,1217.27,1219.45,21.5398,1786229999999999,26245.489575,146,11.3474,13830.790748,0
1786230000000000,1219.49,1220.44,1217.25,1218.89,31.1922,1786233599999999,38013.105946,139,22.1659,27014.978692,0
1786233600000000,1218.89,1220.7,1218.35,1219.04,21.5936,1786237199999999,26329.611219,85,9.401,11461.305917,0
1786237200000000,1219.25,1221.25,1216.66,1217.42,91.1682,1786240799999999,111125.958474,202,18.4899,22539.079489,0
1786240800000000,1218.29,1218.62,1217.44,1218.48,46.5399,1786244399999999,56695.775002,232,28.5575,34790.595333,0
1786244400000000,1218.41,1220.0,1217.41,1220.0,33.2258,1786247999999999,40485.284995,120,19.0441,23211.083866,0
1786248000000000,1219.91,1220.56,1219.19,1219.65,22.3808,1786251599999999,27298.607364,90,9.4898,11574.346237,0
1786251600000000,1219.97,1225.24,1216.01,1222.92,165.7907,1786255199999999,202223.012738,704,79.9826,97651.03694,0
1786255200000000,1222.92,1224.92,1222.88,1223.7,42.9566,1786258799999999,52573.324838,387,27.2862,33393.065497,0
1786258800000000,1223.55,1223.55,1219.37,1220.72,210.3039,1786262399999999,256851.596412,787,89.1996,108944.868986,0
1786262400000000,1221.01,1221.77,1214.59,1215.62,58.8351,1786265999999999,71663.693753,262,23.3407,28427.623492,0
1786266000000000,1215.42,1217.83,1215.27,1217.06,29.918,1786269599999999,36392.213706,141,14.8438,18064.096591,0
1786269600000000,1217.19,1217.75,1214.38,1217.22,198.3192,1786273199999999,241261.793534,627,75.4947,91870.834896,0
1786273200000000,1217.49,1218.33,1216.26,1217.57,66.9125,1786276799999999,81469.906049,168,36.3582,44268.822512,0
1786276800000000,1217.84,1218.14,1215.82,1217.69,68.2139,1786280399999999,83029.554418,262,35.1579,42796.45171,0
1786280400000000,1217.33,1219.89,1216.17,1217.58,50.6904,1786283999999999,61732.165085,196,25.4866,31047.669838,0
1786284000000000,1217.64,1220.44,1217.24,1220.44,81.866,1786287599999999,99787.721819,408,41.2788,50325.032006,0
1786287600000000,1220.44,1222.29,1220.02,1221.5,163.9189,1786291199999999,200203.261737,557,49.3944,60334.874052,0
1786291200000000,1221.73,1222.93,1220.17,1222.75,145.8868,1786294799999999,178167.206314,542,49.0397,59898.382006,0
1786294800000000,1222.83,1232.9,1221.57,1229.27,128.2345,1786298399999999,157243.187016,899,89.0804,109184.292161,0
1786298400000000,1229.06,1232.84,1226.53,1226.66,129.9301,1786301999999999,159723.363008,737,67.3121,82770.551867,0
1786302000000000,1226.86,1231.45,1225.94,1230.97,130.0958,1786305599999999,159790.350992,608,42.3481,52031.759581,0
1786305600000000,1230.97,1231.14,1227.21,1229.21,79.5124,1786309199999999,97712.431223,454,16.7504,20587.403485,0
1786309200000000,1229.21,1232.1,1227.16,1231.06,61.4235,1786312799999999,75510.136904,689,18.55,22813.951135,0
1786312800000000,1231.75,1233.21,1222.13,1223.44,75.7918,1786316399999999,93063.698328,793,32.2852,39675.722997,0
1786316400000000,1224.76,1228.76,1217.85,1220.75,289.3373,1786319999999999,353410.645295,1466,118.3467,144546.765752,0
1786320000000000,1220.6,1236.66,1208.57,1215.31,1527.5947,1786323599999999,1866168.659389,8520,346.1853,423530.063367,0
1786323600000000,1215.03,1223.88,1210.0,1221.49,1337.3539,1786327199999999,1627933.285062,7315,394.6961,480455.950597,0
1786327200000000,1222.13,1222.17,1212.84,1218.01,1151.1115,1786330799999999,1401216.435959,6625,219.4447,267034.939395,0
1786330800000000,1218.0,1220.2,1215.89,1217.78,1021.5699,1786334399999999,1244642.961365,5957,194.0251,236361.905142,0
1786334400000000,1217.79,1221.48,1212.2,1213.63,2117.2162,1786337999999999,2576667.230262,11388,370.4454,450715.37979,0
1786338000000000,1213.62,1221.18,1213.49,1220.17,1083.6468,1786341599999999,1320316.110779,5754,198.144,241300.425964,0
1786341600000000,1220.35,1228.79,1219.46,1224.4,256.6196,1786345199999999,314080.120805,1331,69.3872,84929.432754,0
1786345200000000,1224.2,1229.11,1223.35,1226.27,518.283,1786348799999999,635834.170855,2030,217.2872,266600.387408,0
1786348800000000,1225.68,1239.65,1222.87,1226.83,827.3195,1786352399999999,1018450.565129,1998,236.2074,290781.427352,0
1786352400000000,1226.25,1226.25,1210.45,1216.43,304.1403,1786355999999999,370115.46966,2855,145.4806,177007.067439,0
1786356000000000,1216.35,1221.58,1212.95,1213.9,380.8906,1786359599999999,463829.246366,1333,184.1147,224305.28553,0
1786359600000000,1213.75,1217.29,1189.3,1209.08,1995.574,1786363199999999,2394082.904751,7222,721.1456,865264.451898,0
1786363200000000,1208.69,1209.21,1191.25,1195.4,1450.8142,1786366799999999,1741766.151738,3380,342.7265,410587.088444,0
1786366800000000,1195.61,1253.35,1193.41,1245.99,10456.5006,1786370399999999,12802730.921842,52889,4032.376,4925581.202642,0
1786370400000000,1245.99,1277.75,1233.7,1235.62,7704.1139,1786373999999999,9687018.326727,116592,1583.3049,1986036.126489,0
1786374000000000,1235.87,1250.0,1226.79,1245.6,3655.5536,1786377599999999,4531675.680547,46961,999.7544,1239503.45069,0
1786377600000000,1245.61,1261.73,1243.02,1253.32,3061.5825,1786381199999999,3834517.591272,12956,1158.7438,1450867.919474,0
1786381200000000,1253.13,1263.32,1250.39,1262.07,889.7036,1786384799999999,1119162.643843,2690,397.9359,500883.833462,0
1786384800000000,1261.64,1263.76,1251.42,1252.87,345.4506,1786388399999999,434297.259799,952,96.9745,122092.832558,0
1786388400000000,1252.85,1255.92,1234.92,1238.1,644.5493,1786391999999999,802698.917673,1641,155.846,194061.34238,0
1786392000000000,1238.95,1243.45,1229.24,1241.2,474.7255,1786395599999999,586973.737353,1119,173.3826,214381.444234,0
1786395600000000,1241.09,1241.94,1237.92,1239.05,145.067,1786399199999999,179901.003168,334,80.197,99472.796882,0
1786399200000000,1239.3,1242.51,1233.95,1235.92,156.7838,1786402799999999,194096.366264,341,94.9821,117499.134886,0
1786402800000000,1235.92,1236.9,1227.16,1236.59,252.8626,1786406399999999,311628.424001,686,108.5955,133895.648497,0
1786406400000000,1236.53,1241.48,1233.18,1238.28,223.8432,1786409999999999,277076.863892,1009,128.6302,159283.77111,0
1786410000000000,1238.28,1259.25,1235.32,1250.14,570.2364,1786413599999999,712808.367605,2213,333.3389,416830.82468,0
1786413600000000,1250.47,1254.38,1248.09,1252.31,106.0455,1786417199999999,132664.913319,614,66.6295,83331.586093,0
1786417200000000,1251.46,1259.95,1250.71,1257.36,127.5359,1786420799999999,159999.450287,702,79.8875,100288.035194,0
1786420800000000,1258.13,1265.85,1258.13,1260.2,223.6836,1786424399999999,282493.681007,1567,163.384,206341.026794,0
1786424400000000,1259.82,1262.63,1252.06,1252.14,196.2767,1786427999999999,246817.896319,1106,100.0998,125808.943441,0
1786428000000000,1252.35,1256.37,1241.99,1246.51,293.4756,1786431599999999,366583.921681,1521,121.9063,152276.89001,0
1786431600000000,1245.32,1253.33,1245.25,1251.08,185.7225,1786435199999999,231872.09381,1133,142.1527,177400.297197,0
1786435200000000,1251.41,1259.52,1233.51,1239.86,555.8585,1786438799999999,692011.350403,3211,286.2419,356083.40213,0
1786438800000000,1240.25,1243.98,1232.16,1242.53,243.1556,1786442399999999,301489.515064,1090,138.0907,171335.836831,0
1786442400000000,1242.53,1246.76,1237.84,1244.57,302.1949,1786445999999999,375653.860542,1400,220.2894,273839.063361,0
1786446000000000,1245.42,1253.69,1245.2,1247.81,825.1468,1786449599999999,1031026.945155,2301,556.3123,695123.926422,0
1786449600000000,1248.21,1260.96,1245.27,1258.29,1177.3768,1786453199999999,1478795.253704,3385,756.1285,949732.365443,0
1786453200000000,1257.21,1287.21,1243.39,1253.95,10486.7995,1786456799999999,13281538.123266,12103,4866.8367,6163213.891533,0
1786456800000000,1253.37,1268.36,1244.4,1265.97,3917.0361,1786460399999999,4924880.263638,6086,1944.8777,2445520.607116,0
1786460400000000,1266.07,1280.24,1259.71,1270.0,2889.5514,1786463999999999,3676122.305925,10059,907.6286,1153157.535531,0
1786464000000000,1270.0,1277.75,1266.7,1269.24,1495.4552,1786467599999999,1903141.316925,6021,322.7138,410557.454562,0
1786467600000000,1269.49,1269.81,1260.32,1268.35,755.6234,1786471199999999,955553.760277,2176,144.4795,182716.170646,0
1786471200000000,1267.49,1273.0,1261.89,1269.94,390.8963,1786474799999999,495323.921136,1511,109.4061,138702.358307,0
1786474800000000,1269.95,1284.31,1267.85,1271.44,1135.8774,1786478399999999,1450996.082694,3075,393.7504,502611.956825,0
1786478400000000,1271.85,1280.89,1269.75,1274.43,702.9465,1786481999999999,896216.37316,1604,295.7933,377391.015308,0
1786482000000000,1274.51,1276.64,1273.32,1274.67,250.2503,1786485599999999,319035.171011,1036,58.6746,74802.490623,0
1786485600000000,1274.73,1281.0,1273.28,1279.47,159.7835,1786489199999999,203962.753648,517,87.6511,111977.134778,0
1786489200000000,1279.25,1279.34,1275.52,1278.01,163.1866,1786492799999999,208521.43044,440,50.6376,64703.701556,0
1786492800000000,1278.01,1284.14,1270.6,1275.02,371.3009,1786496399999999,474258.244542,1252,167.4018,213917.055608,0
1786496400000000,1274.95,1293.04,1272.91,1292.19,293.6463,1786499999999999,376526.839678,1179,125.0322,160804.355646,0
1786500000000000,1293.2,1311.03,1288.78,1306.68,892.5528,1786503599999999,1160375.26047,2525,437.7702,568750.886619,0
1786503600000000,1306.89,1319.66,1306.14,1308.51,732.228,1786507199999999,962692.598393,3121,149.8811,197106.714458,0
1786507200000000,1308.68,1312.2,1302.97,1305.11,141.7375,1786510799999999,185195.651066,648,53.2618,69596.699019,0
1786510800000000,1304.6,1306.06,1295.77,1304.11,239.0679,1786514399999999,310840.907388,596,99.4103,129283.929664,0
1786514400000000,1304.21,1306.17,1298.98,1303.13,119.0955,1786517999999999,155191.909999,397,62.6787,81685.35326,0
1786518000000000,1303.24,1309.78,1303.18,1309.71,106.2024,1786521599999999,138692.002443,602,48.4472,63274.953793,0
1786521600000000,1309.72,1331.13,1301.72,1326.27,2176.8435,1786525199999999,2881927.01124,7313,940.0451,1243426.16144,0
1786525200000000,1326.17,1330.41,1320.59,1323.71,715.0117,1786528799999999,947285.059664,1781,440.835,583945.620271,0
1786528800000000,1323.17,1326.41,1319.06,1320.7,519.5459,1786532399999999,687751.709669,1311,215.5512,285313.816981,0
1786532400000000,1321.96,1327.44,1317.49,1326.26,384.489,1786535999999999,508254.276384,1049,227.2918,300406.138381,0
1786536000000000,1326.09,1346.65,1314.15,1346.03,4233.5537,1786539599999999,5642447.771526,12922,1398.3168,1863487.404027,0
1786539600000000,1346.04,1372.4,1311.5,1365.9,11684.4004,1786543199999999,15714339.22238,25361,4176.8599,5611921.80432,0
1786543200000000,1365.66,1388.88,1356.52,1376.14,3345.8672,1786546799999999,4598183.155812,6016,1334.2769,1832737.751791,0
1786546800000000,1375.7,1385.0,1370.97,1376.95,1056.3497,1786550399999999,1455349.572561,2039,474.0894,653510.854784,0
1786550400000000,1377.64,1384.7,1365.3,1367.38,941.3279,1786553999999999,1291636.072459,1631,265.6747,364420.083292,0
1786554000000000,1368.01,1381.3,1365.82,1378.21,314.3066,1786557599999999,431944.758427,805,233.9995,321612.537485,0
1786557600000000,1378.43,1379.19,1343.92,1346.9,823.2383,1786561199999999,1117012.088922,1549,528.1278,716144.964652,0
1786561200000000,1346.66,1352.25,1335.88,1345.08,882.2108,1786564799999999,1185682.926033,3011,510.8773,686692.503383,0
1786564800000000,1345.54,1352.56,1339.34,1342.36,665.1148,1786568399999999,894489.719972,2080,349.3777,469739.877373,0
1786568400000000,1342.33,1353.39,1340.67,1350.0,199.1809,1786571999999999,268550.437291,1026,172.2559,232272.548525,0
1786572000000000,1349.64,1350.77,1345.61,1350.01,115.2508,1786575599999999,155380.093352,667,61.9368,83505.097493,0
1786575600000000,1349.68,1363.2,1349.52,1362.35,295.603,1786579199999999,401340.184298,1085,186.1389,252665.374967,0
1786579200000000,1361.2,1374.08,1352.98,1360.93,433.1529,1786582799999999,590852.570885,2634,239.7125,326770.689912,0
1786582800000000,1360.88,1366.68,1355.76,1365.85,348.9333,1786586399999999,475132.061613,1708,134.4121,182994.338332,0
1786586400000000,1365.7,1369.55,1362.77,1366.57,299.4232,1786589999999999,408929.005023,1313,114.2771,156043.145278,0
1786590000000000,1366.15,1368.93,1361.93,1365.35,208.6668,1786593599999999,284984.466238,914,95.6904,130632.333716,0
1786593600000000,1364.71,1368.48,1362.77,1364.23,192.9134,1786597199999999,263278.786127,845,60.2004,82155.167281,0
1786597200000000,1363.9,1368.93,1357.56,1357.92,217.2883,1786600799999999,296467.789299,995,102.6189,140128.645758,0
1786600800000000,1357.64,1362.25,1351.58,1353.11,1375.2797,1786604399999999,1865017.543601,3283,753.7918,1021658.214636,0
1786604400000000,1353.0,1353.72,1343.97,1348.74,401.5416,1786607999999999,541445.560049,1467,157.3347,212117.860232,0
1786608000000000,1349.65,1349.68,1330.86,1343.41,977.0105,1786611599999999,1307360.265268,2650,595.2465,795876.55145,0
1786611600000000,1343.41,1349.76,1336.04,1349.76,247.1663,1786615199999999,331731.540403,991,176.3932,236813.212906,0
1786615200000000,1350.29,1355.84,1340.95,1353.18,412.5162,1786618799999999,556013.768707,1453,233.8081,315214.480915,0
1786618800000000,1353.1,1360.39,1352.09,1356.1,403.326,1786622399999999,546941.741076,1096,145.0801,196783.598647,0
1786622400000000,1355.69,1358.56,1339.23,1353.63,1801.2402,1786625999999999,2429898.853087,4196,920.1655,1241805.874723,0
1786626000000000,1353.97,1414.19,1332.51,1410.99,7379.5331,1786629599999999,10084070.957612,13560,3464.1904,4736321.245034,0
1786629600000000,1410.8,1431.56,1387.95,1404.54,8626.132,1786633199999999,12220488.659135,21887,2153.9247,3040623.084903,0
1786633200000000,1403.79,1579.95,1399.43,1532.99,13210.7539,1786636799999999,19795160.727942,27260,3710.7504,5574843.765409,0
1786636800000000,1533.68,1562.2,1533.68,1548.8,4141.8008,1786640399999999,6413793.851208,8179,1538.5905,2381787.846574,0
1786640400000000,1548.75,1573.0,1547.94,1560.61,2178.9813,1786643999999999,3405501.055231,3178,1222.2928,1910232.499847,0
1786644000000000,1560.51,1566.47,1544.08,1545.58,1886.7836,1786647599999999,2933569.293352,3061,1126.3465,1751676.191911,0
1786647600000000,1544.55,1554.72,1515.18,1528.28,1370.552,1786651199999999,2098351.406429,3417,833.6254,1276403.788306,0
1786651200000000,1529.85,1550.27,1527.5,1546.76,890.5495,1786654799999999,1370837.984566,1536,270.6296,416566.141828,0
1786654800000000,1545.42,1549.4,1541.21,1547.33,150.7741,1786658399999999,233012.453662,399,36.7473,56818.729421,0
1786658400000000,1546.09,1565.15,1546.09,1564.58,421.4884,1786661999999999,655715.816911,1372,167.3744,260375.501716,0
1786662000000000,1564.58,1570.14,1559.01,1570.14,856.519,1786665599999999,1340730.718273,2818,410.1266,642383.975188,0
1786665600000000,1570.14,1570.66,1538.0,1539.9,420.7396,1786669199999999,652704.12137,1828,191.4862,296721.900175,0
1786669200000000,1538.09,1544.32,1533.0,1541.46,254.9228,1786672799999999,392374.771849,1360,118.2342,182049.952438,0
1786672800000000,1541.24,1553.24,1541.24,1543.26,427.5553,1786676399999999,660997.684177,2718,252.1485,389773.961955,0
1786676400000000,1542.93,1548.3,1541.57,1545.23,303.4254,1786679999999999,468769.656407,1861,186.3527,287890.067737,0
1786680000000000,1545.23,1552.58,1542.34,1547.68,279.4166,1786683599999999,432687.407129,1344,146.5664,226899.009319,0
1786683600000000,1546.86,1558.84,1544.24,1556.05,319.9284,1786687199999999,495593.826299,1234,150.0925,232507.819882,0
1786687200000000,1556.05,1564.55,1551.46,1562.0,492.2893,1786690799999999,766404.880586,1665,260.4309,405404.880895,0
1786690800000000,1561.92,1567.19,1557.48,1561.59,501.7328,1786694399999999,783879.502354,1595,240.6808,375895.044079,0
1786694400000000,1560.86,1630.34,1557.87,1587.05,3655.0438,1786697999999999,5818641.83386,10685,1910.3816,3046252.07187,0
1786698000000000,1586.67,1619.74,1583.03,1614.01,1657.4783,1786701599999999,2645730.575201,3604,877.3301,1400089.108283,0
1786701600000000,1614.07,1625.15,1608.62,1618.48,1281.3722,1786705199999999,2071098.716103,2847,556.782,899656.487933,0
1786705200000000,1618.86,1644.23,1618.38,1632.94,3241.6425,1786708799999999,5300917.308059,7231,1513.2491,2474289.180197,0
1786708800000000,1632.37,1637.57,1618.97,1636.51,3177.6039,1786712399999999,5170065.609839,6190,1343.1546,2185333.02749,0
1786712400000000,1636.45,1650.26,1568.55,1620.27,5591.4127,1786715999999999,9051911.90336,13128,2585.3878,4184815.778185,0
1786716000000000,1619.65,1667.25,1588.67,1628.48,4341.3512,1786719599999999,7056946.447798,6383,2059.3029,3340918.169743,0
1786719600000000,1627.36,1648.67,1610.0,1623.74,3017.6062,1786723199999999,4919303.434067,5116,761.8998,1240947.501278,0
1786723200000000,1623.61,1633.43,1612.05,1628.33,1407.0209,1786726799999999,2284908.53762,1808,432.4231,702908.564952,0
1786726800000000,1628.91,1634.56,1621.63,1632.67,820.3345,1786730399999999,1336426.193928,1379,391.0074,637009.899885,0
1786730400000000,1632.96,1638.56,1624.73,1632.61,560.7303,1786733999999999,914972.457346,1415,258.1081,421124.699234,0
1786734000000000,1632.4,1647.27,1612.56,1641.39,1484.8917,1786737599999999,2420500.866712,2458,529.1143,862633.60238,0
1786737600000000,1641.75,1655.0,1636.35,1646.0,1074.7507,1786741199999999,1769403.195762,1658,475.8265,783546.302803,0
1786741200000000,1646.05,1666.86,1644.68,1661.17,843.4854,1786744799999999,1398384.779443,1558,609.9654,1011001.580637,0
1786744800000000,1661.76,1678.77,1653.39,1656.91,846.7012,1786748399999999,1409203.790055,2035,368.0539,613564.025895,0
1786748400000000,1656.88,1662.0,1655.12,1659.27,466.8004,1786751999999999,774169.388163,1029,80.6408,133760.640413,0
1786752000000000,1659.27,1659.58,1651.49,1654.07,117.5365,1786755599999999,194491.965465,442,35.7911,59257.658371,0
1786755600000000,1654.25,1654.85,1645.0,1648.79,91.9554,1786759199999999,151637.454901,407,35.2657,58155.029434,0
1786759200000000,1648.83,1649.2,1644.0,1647.02,85.5428,1786762799999999,140830.332899,390,37.9589,62523.648762,0
1786762800000000,1646.95,1651.81,1644.96,1648.68,140.7133,1786766399999999,231950.426196,894,96.278,158715.391164,0
1786766400000000,1648.68,1650.51,1646.96,1648.39,102.9127,1786769999999999,169678.213018,646,58.2446,96034.718301,0
1786770000000000,1648.83,1649.88,1647.7,1648.6,35.2314,1786773599999999,58089.912703,340,16.5389,27270.939602,0
1786773600000000,1649.21,1655.0,1648.4,1654.37,74.8538,1786777199999999,123649.742575,575,48.2604,79739.977329,0
1786777200000000,1654.58,1656.62,1651.51,1655.35,54.265,1786780799999999,89745.03809,630,42.0607,69568.349363,0
1786780800000000,1654.8,1655.37,1653.14,1654.66,112.0856,1786784399999999,185448.17802,655,40.8487,67574.447386,0
1786784400000000,1654.66,1654.67,1651.02,1652.08,46.3093,1786787999999999,76541.458569,357,22.7733,37645.827079,0
1786788000000000,1652.17,1654.82,1650.89,1653.75,68.7616,1786791599999999,113676.040976,316,42.5848,70403.761249,0
1786791600000000,1653.65,1653.65,1650.72,1651.42,22.8964,1786795199999999,37816.898939,189,9.1231,15066.793357,0
1786795200000000,1651.42,1654.24,1651.42,1654.24,55.5644,1786798799999999,91848.188179,437,26.2875,43451.722344,0
1786798800000000,1654.14,1655.47,1652.94,1654.45,55.6155,1786802399999999,92005.302475,511,40.4323,66886.942492,0
1786802400000000,1654.13,1655.04,1652.81,1653.13,30.6991,1786805999999999,50782.383085,319,18.8084,31112.723569,0
1786806000000000,1652.75,1655.16,1651.85,1653.69,49.9213,1786809599999999,82547.408968,392,37.6572,62266.088094,0
1786809600000000,1653.54,1653.97,1650.49,1650.82,42.0056,1786813199999999,69409.450845,324,20.4683,33825.462515,0
1786813200000000,1650.27,1654.16,1650.05,1652.84,15.3023,1786816799999999,25286.153713,152,10.4338,17239.512472,0
1786816800000000,1652.8,1654.22,1652.42,1653.2,24.5336,1786820399999999,40557.841213,178,14.6918,24289.143017,0
1786820400000000,1653.21,1654.92,1651.28,1651.86,12.3208,1786823999999999,20369.562734,117,7.8768,13024.089075,0
1786824000000000,1651.8,1653.57,1651.19,1653.57,8.526,1786827599999999,14091.56023,73,4.0645,6717.181282,0
1786827600000000,1652.86,1654.58,1652.81,1653.76,4.683,1786831199999999,7746.474317,38,3.4549,5715.594251,0
1786831200000000,1653.85,1654.02,1652.17,1654.0,16.3012,1786834799999999,26950.206202,173,14.4936,23962.329314,0
1786834800000000,1653.93,1654.68,1652.89,1653.62,12.0668,1786838399999999,19955.884311,153,8.0608,13331.573961,0
1786838400000000,1653.59,1655.54,1653.59,1654.4,21.3868,1786841999999999,35381.880581,125,12.2107,20204.954353,0
1786842000000000,1654.14,1655.62,1654.14,1655.32,11.8326,1786845599999999,19581.015268,143,5.9846,9903.489093,0
1786845600000000,1655.43,1663.76,1655.43,1658.7,81.7476,1786849199999999,135713.519035,490,59.9151,99478.272407,0
1786849200000000,1658.58,1674.06,1658.58,1665.75,94.5198,1786852799999999,157504.0993,491,39.5218,65879.990649,0
1786852800000000,1665.45,1665.98,1661.09,1663.36,59.4298,1786856399999999,98872.792422,550,25.3817,42224.186314,0
1786856400000000,1663.07,1664.64,1662.54,1663.46,11.9788,1786859999999999,19922.70664,136,9.9437,16537.023046,0
1786860000000000,1663.66,1667.34,1663.3,1667.34,21.5888,1786863599999999,35953.652375,168,16.5928,27637.823742,0
1786863600000000,1666.39,1666.39,1663.75,1665.5,8.7461,1786867199999999,14562.067605,95,6.1964,10316.712613,0
1786867200000000,1665.72,1665.77,1663.94,1664.07,5.8918,1786870799999999,9808.346021,64,2.6185,4359.65484,0
1786870800000000,1664.1,1664.65,1659.33,1661.01,24.0287,1786874399999999,39918.553068,216,4.7399,7874.23155,0
1786874400000000,1660.86,1662.69,1657.38,1661.55,52.6416,1786877999999999,87456.769602,771,27.983,46493.629299,0
1786878000000000,1661.87,1661.87,1659.24,1660.6,8.7952,1786881599999999,14601.433279,88,3.7834,6281.945661,0
1786881600000000,1659.64,1659.83,1648.33,1651.47,130.7251,1786885199999999,216133.852678,1052,40.7039,67328.721136,0
1786885200000000,1651.46,1658.32,1650.75,1654.33,85.2865,1786888799999999,141041.089136,523,62.2955,103036.727347,0
1786888800000000,1654.29,1656.82,1652.29,1654.71,32.5135,1786892399999999,53810.964297,196,22.5909,37389.42692,0
1786892400000000,1654.85,1661.1,1654.02,1659.37,24.6773,1786895999999999,40915.48272,204,18.2956,30330.537957,0
1786896000000000,1658.18,1665.0,1657.46,1662.58,73.7237,1786899599999999,122453.120829,316,48.3482,80316.509674,0
1786899600000000,1663.01,1665.91,1662.57,1665.2,13.2014,1786903199999999,21967.412862,117,6.6323,11036.935212,0
1786903200000000,1665.47,1668.53,1663.18,1663.95,28.6161,1786906799999999,47697.098163,188,19.2615,32116.553981,0
1786906800000000,1663.39,1664.42,1660.82,1660.82,26.6433,1786910399999999,44295.402369,191,9.0764,15089.452514,0
1786910400000000,1660.82,1664.5,1660.82,1661.97,11.2072,1786913999999999,18636.991833,97,8.5277,14180.791543,0
1786914000000000,1661.58,1664.08,1660.15,1661.23,13.4464,1786917599999999,22353.174761,186,7.8707,13084.788383,0
1786917600000000,1661.09,1665.37,1655.65,1658.07,55.9411,1786921199999999,92851.396619,507,23.8338,39560.063748,0
1786921200000000,1657.98,1659.05,1654.73,1657.68,75.5099,1786924799999999,125105.324885,491,52.7821,87457.332649,0
1786924800000000,1657.44,1687.9,1657.44,1677.0,987.5276,1786928399999999,1654015.99596,4812,317.4481,531870.61682,0
1786928400000000,1676.69,1684.24,1673.15,1673.15,140.1535,1786931999999999,235231.928713,1096,48.2325,80948.294357,0
1786932000000000,1672.75,1772.45,1672.43,1718.25,2734.2806,1786935599999999,4718241.761661,9946,2007.0702,3463285.121791,0
1786935600000000,1718.47,1731.84,1716.7,1721.71,619.2536,1786939199999999,1068290.173004,2431,274.9496,474434.06593,0
1786939200000000,1721.88,1730.61,1714.68,1723.28,432.4754,1786942799999999,745411.113069,2296,195.2989,336760.376995,0
1786942800000000,1723.27,1750.74,1723.27,1743.97,681.3094,1786946399999999,1185321.446673,2819,382.2219,665228.00962,0
1786946400000000,1744.12,1751.52,1736.38,1741.1,372.155,1786949999999999,647910.000752,2166,140.0424,244013.81863,0
1786950000000000,1741.04,1743.17,1726.14,1741.21,478.2075,1786953599999999,829491.581808,2785,193.0844,334865.976905,0
1786953600000000,1741.46,1741.54,1726.25,1732.21,735.6858,1786957199999999,1276239.145484,2579,200.1425,347296.864509,0
1786957200000000,1732.01,1732.45,1715.97,1722.15,584.1069,1786960799999999,1006876.905919,1944,233.1373,401599.308559,0
1786960800000000,1721.04,1737.02,1720.77,1733.36,459.173,1786964399999999,794924.729016,1541,280.7724,486244.937186,0
1786964400000000,1732.7,1737.68,1706.79,1712.99,874.7215,1786967999999999,1506446.984248,3283,374.6485,645069.062662,0
1786968000000000,1712.79,1713.68,1688.44,1700.12,1911.8185,1786971599999999,3250148.202142,7058,918.8303,1562432.11721,0
1786971600000000,1699.83,1782.72,1687.6,1780.29,6278.5992,1786975199999999,10862643.065391,17161,2626.4563,4540215.66563,0
1786975200000000,1780.4,1818.75,1757.74,1809.59,2783.9387,1786978799999999,4974909.523087,13771,1039.2697,1861561.440519,0
1786978800000000,1809.34,1827.5,1780.91,1784.63,2051.7196,1786982399999999,3705520.456102,6158,623.8236,1125443.506264,0
1786982400000000,1784.93,1806.95,1784.93,1805.21,793.1967,1786985999999999,1423926.179843,3773,465.8633,836445.518493,0
1786986000000000,1805.13,1813.38,1785.0,1791.47,661.9341,1786989599999999,1190049.971754,5605,301.4528,542187.716308,0
1786989600000000,1791.25,1796.05,1776.84,1782.21,510.7561,1786993199999999,911607.123799,2620,223.266,398750.378533,0
1786993200000000,1781.23,1790.43,1762.0,1787.82,771.2017,1786996799999999,1372811.352431,2718,269.0884,478843.066611,0
1786996800000000,1787.16,1795.59,1775.36,1778.78,334.5418,1787000399999999,596988.371139,1126,138.5864,247296.855271,0
1787000400000000,1780.04,1793.1,1779.48,1791.03,161.0885,1787003999999999,287375.124009,457,73.0684,130316.222226,0
1787004000000000,1790.67,1816.3,1789.62,1816.04,894.3605,1787007599999999,1613469.041386,2737,585.4519,1056426.924902,0
1787007600000000,1815.2,1820.0,1805.69,1806.2,281.3307,1787011199999999,510130.522169,853,108.3047,196427.008751,0
1787011200000000,1805.8,1816.0,1795.42,1801.86,328.9571,1787014799999999,593811.273235,1359,119.1511,215249.735033,0
1787014800000000,1800.0,1803.09,1728.0,1750.88,886.0161,1787018399999999,1555291.984103,3431,367.4074,645465.537408,0
1787018400000000,1751.0,1754.16,1713.16,1721.53,913.7027,1787021999999999,1582310.417391,2974,482.8894,835769.414578,0
1787022000000000,1721.77,1734.52,1708.63,1724.97,826.3552,1787025599999999,1423606.273473,2297,569.2534,980335.957237,0
1787025600000000,1725.23,1736.76,1716.29,1727.7,335.8404,1787029199999999,580231.660123,924,190.9407,329916.980943,0
1787029200000000,1727.98,1727.98,1711.75,1711.75,354.2323,1787032799999999,608317.653999,1243,245.9674,422281.718924,0
1787032800000000,1712.21,1729.28,1710.0,1727.97,372.1323,1787036399999999,639575.564582,1039,234.4227,402975.187061,0
1787036400000000,1726.0,1731.79,1713.65,1716.73,200.7674,1787039999999999,345577.954627,526,105.866,182203.630439,0
1787040000000000,1717.07,1720.2,1674.25,1684.65,2685.5394,1787043599999999,4538790.62547,6178,1404.6744,2369934.074696,0
1787043600000000,1685.91,1689.24,1674.0,1683.26,385.1837,1787047199999999,647556.244841,908,172.7983,290481.194812,0
1787047200000000,1683.36,1690.95,1676.53,1689.86,326.0971,1787050799999999,549411.727721,761,154.94,261154.491645,0
1787050800000000,1689.54,1717.44,1686.82,1705.6,783.6996,1787054399999999,1336937.332884,2432,447.0509,762750.702716,0
1787054400000000,1704.52,1712.26,1681.84,1686.98,1059.9112,1787057999999999,1793066.187451,1911,385.1329,652081.471596,0
1787058000000000,1686.68,1725.08,1650.74,1675.37,6373.2929,1787061599999999,10752685.612755,10467,3053.2025,5160143.424996,0
1787061600000000,1675.4,1685.0,1618.88,1623.12,3504.5702,1787065199999999,5803385.920635,5395,1737.9327,2874926.006085,0
1787065200000000,1622.31,1658.16,1615.63,1646.41,2528.9844,1787068799999999,4130821.295761,3829,1321.9021,2158856.33855,0
1787068800000000,1646.8,1649.84,1620.6,1626.78,1281.4839,1787072399999999,2092090.676859,2505,686.9096,1120378.035695,0
1787072400000000,1625.13,1630.72,1605.47,1612.96,564.5867,1787075999999999,911370.174921,1178,259.9053,419697.227836,0
1787076000000000,1612.92,1619.49,1602.51,1615.15,292.3939,1787079599999999,470840.123809,814,195.431,314786.408598,0
1787079600000000,1614.1,1633.67,1604.48,1626.16,1391.3654,1787083199999999,2255518.867655,3215,748.8012,1212862.463444,0
1787083200000000,1626.2,1629.01,1613.29,1614.76,692.1881,1787086799999999,1121291.702815,1539,208.8376,338530.758413,0
1787086800000000,1615.81,1619.36,1610.84,1612.11,283.2201,1787090399999999,457401.594123,725,171.7309,277469.603794,0
1787090400000000,1612.77,1623.54,1589.43,1591.46,1078.2801,1787093999999999,1725343.913816,3299,459.4491,736270.701089,0
1787094000000000,1591.69,1598.2,1581.75,1587.7,658.9064,1787097599999999,1047848.819549,1551,470.0393,747574.378771,0
1787097600000000,1588.67,1618.5,1566.34,1596.01,1264.5731,1787101199999999,2011400.202186,4668,686.7994,1093566.938546,0
1787101200000000,1595.77,1626.66,1595.39,1614.71,741.7152,1787104799999999,1196903.725892,2784,381.7464,615565.075631,0
1787104800000000,1614.0,1614.0,1588.55,1597.78,718.9513,1787108399999999,1147748.036222,2480,479.2353,765314.242638,0
1787108400000000,1598.12,1605.19,1591.05,1594.35,234.6581,1787111999999999,374911.78907,777,199.9807,319562.927445,0
1787112000000000,1594.59,1596.69,1571.57,1575.83,3204.4112,1787115599999999,5049737.897004,5116,2967.092,4674775.93047,0
1787115600000000,1575.77,1583.4,1567.1,1570.01,3489.6275,1787119199999999,5482007.264583,13300,3128.1758,4913760.924264,0
1787119200000000,1569.79,1617.85,1566.7,1611.82,1520.1435,1787122799999999,2423434.628526,14197,586.8949,931317.429475,0
1787122800000000,1612.1,1680.77,1602.0,1669.04,3830.7084,1787126399999999,6300099.05991,9429,901.3485,1479785.600335,0
1787126400000000,1669.63,1692.32,1653.53,1662.52,3998.5231,1787129999999999,6689836.087703,6981,1591.4249,2658992.559943,0
1787130000000000,1662.02,1668.76,1612.63,1618.65,2435.3443,1787133599999999,3984532.20106,4884,1159.4649,1894397.873432,0
1787133600000000,1618.0,1622.16,1593.02,1611.01,1430.121,1787137199999999,2300945.820811,3275,773.8094,1245900.892239,0
1787137200000000,1610.61,1648.03,1605.94,1629.0,1606.7058,1787140799999999,2616206.92068,3037,916.4989,1493126.470568,0
1787140800000000,1629.19,1706.99,1624.55,1706.38,3596.4038,1787144399999999,6011841.387954,12754,1023.1487,1702330.37921,0
1787144400000000,1706.34,1711.99,1572.85,1590.39,8710.6845,1787147999999999,14415039.20258,19875,4233.6805,6986218.255304,0
1787148000000000,1590.0,1608.08,1546.0,1584.81,6582.5035,1787151599999999,10327428.079299,10866,4075.342,6391975.742112,0
1787151600000000,1585.92,1599.1,1573.9,1589.78,1375.8753,1787155199999999,2186376.563047,3019,813.9018,1293642.419107,0
1787155200000000,1588.66,1598.88,1580.0,1585.72,2028.1833,1787158799999999,3227960.685069,3350,360.8692,574734.19382,0
1787158800000000,1584.86,1589.22,1556.96,1566.36,680.957,1787162399999999,1070950.653504,2494,338.3231,532916.339775,0
1787162400000000,1566.45,1573.2,1547.42,1566.9,599.1688,1787165999999999,935973.630147,2453,317.2068,496481.931771,0
1787166000000000,1566.89,1579.0,1555.03,1569.41,821.4827,1787169599999999,1285651.960375,2914,384.946,602854.15809,0
1787169600000000,1570.0,1590.69,1569.89,1589.6,924.5372,1787173199999999,1461443.633471,2504,609.2272,963042.674832,0
1787173200000000,1589.72,1600.61,1584.65,1588.32,896.1384,1787176799999999,1426554.702078,4066,545.348,868690.62089,0
1787176800000000,1588.58,1610.0,1587.57,1607.71,323.0296,1787180399999999,517009.827818,2260,170.1351,272208.385308,0
1787180400000000,1607.57,1611.88,1594.77,1604.5,555.8918,1787183999999999,891140.884576,2003,201.8773,323565.862959,0
1787184000000000,1604.36,1612.0,1575.5,1610.44,839.5251,1787187599999999,1338654.779523,4716,489.2531,780746.641374,0
1787187600000000,1611.61,1619.77,1595.08,1601.78,328.2327,1787191199999999,526952.169433,2667,172.6848,277525.774465,0
1787191200000000,1601.7,1609.38,1592.38,1598.47,175.0999,1787194799999999,280456.070757,1469,68.761,110308.890374,0
1787194800000000,1598.14,1605.35,1592.9,1602.66,95.7802,1787198399999999,153185.70975,1351,57.2737,91652.380216,0
1787198400000000,1601.88,1617.11,1601.35,1603.21,204.3747,1787201999999999,329179.279043,1293,75.8737,122207.623828,0
1787202000000000,1603.46,1610.29,1598.43,1603.01,118.5266,1787205599999999,190131.911538,1206,46.0509,73915.485221,0
1787205600000000,1603.21,1634.8,1603.21,1624.21,368.9234,1787209199999999,597729.784841,1627,247.3865,401006.894508,0
1787209200000000,1624.16,1624.16,1609.57,1610.33,118.9463,1787212799999999,192309.828941,1138,51.2231,82836.324182,0
1787212800000000,1610.21,1616.0,1572.0,1581.08,1107.3762,1787216399999999,1759410.387648,3637,519.8762,824753.260524,0
1787216400000000,1581.94,1598.0,1580.0,1597.22,537.9705,1787219999999999,855762.581693,1237,306.8966,488173.719605,0
1787220000000000,1596.14,1601.82,1585.08,1595.81,481.3493,1787223599999999,767118.279776,1052,304.0974,484597.451798,0
1787223600000000,1596.63,1596.89,1556.0,1563.95,1200.6769,1787227199999999,1892192.210294,2359,698.311,1099880.679234,0
1787227200000000,1564.0,1567.9,1528.38,1554.05,2965.8438,1787230799999999,4585720.214847,7476,1898.2962,2937854.964647,0
1787230800000000,1554.72,1621.71,1542.69,1586.45,9557.1882,1787234399999999,15156404.974146,12684,4562.2078,7226893.96217,0
1787234400000000,1585.73,1631.2,1576.8,1608.76,5382.8083,1787237999999999,8649505.287081,7834,2413.9753,3874553.787544,0
1787238000000000,1608.4,1620.43,1587.63,1600.65,1371.5222,1787241599999999,2199050.965703,2925,642.7965,1030097.702361,0
1787241600000000,1601.17,1611.63,1594.43,1596.78,363.3593,1787245199999999,582124.678475,1955,209.9806,336488.594797,0
1787245200000000,1596.66,1598.55,1582.81,1585.79,466.4626,1787248799999999,741287.147653,2121,189.3925,301042.454769,0
1787248800000000,1585.81,1587.93,1566.84,1584.13,454.1936,1787252399999999,716476.31324,1841,270.4815,426448.708908,0
1787252400000000,1583.47,1606.93,1583.04,1601.38,896.4271,1787255999999999,1429445.145452,3237,460.147,734252.20681,0
1787256000000000,1601.25,1606.5,1590.38,1596.18,816.4801,1787259599999999,1304617.408363,1701,300.5448,480346.497204,0
1787259600000000,1596.19,1597.76,1588.05,1590.67,485.2816,1787263199999999,772467.483623,1130,131.2449,208811.629166,0
1787263200000000,1591.3,1593.72,1582.97,1591.91,353.5069,1787266799999999,561010.453073,1001,110.7134,175799.202214,0
1787266800000000,1591.76,1593.79,1577.32,1577.5,405.182,1787270399999999,642178.254842,1387,125.7234,199319.785653,0
1787270400000000,1577.49,1606.24,1576.31,1595.36,317.6493,1787273999999999,504844.24816,2378,158.5925,252058.081771,0
1787274000000000,1594.51,1613.0,1584.92,1603.71,362.1367,1787277599999999,579028.836472,2801,164.1512,263339.534751,0
1787277600000000,1604.05,1611.56,1600.09,1607.97,180.3992,1787281199999999,289740.711391,1374,78.4737,126096.864146,0
1787281200000000,1609.6,1610.0,1595.94,1597.12,157.0294,1787284799999999,251364.837163,1002,62.5903,100229.645322,0
1787284800000000,1596.31,1601.56,1589.7,1600.46,135.5179,1787288399999999,216121.013927,790,47.1733,75220.687665,0
1787288400000000,1600.89,1606.8,1596.0,1597.75,72.9326,1787291999999999,116885.189867,371,24.121,38656.798735,0
1787292000000000,1597.37,1608.32,1594.0,1607.36,168.2586,1787295599999999,269393.72637,722,123.9009,198410.073229,0
1787295600000000,1607.59,1627.08,1607.15,1613.0,267.445,1787299199999999,432680.914304,1174,165.9647,268502.314187,0
1787299200000000,1614.09,1622.96,1585.61,1599.59,990.058,1787302799999999,1583474.004161,2890,526.4466,842312.654128,0
1787302800000000,1600.0,1616.0,1596.0,1611.92,592.0017,1787306399999999,950754.781497,2758,289.5122,465336.618848,0
1787306400000000,1611.83,1617.0,1602.95,1605.69,239.5722,1787309999999999,385607.679879,954,77.487,124878.142709,0
1787310000000000,1605.39,1617.86,1596.71,1611.2,127.3531,1787313599999999,204773.928592,832,75.9128,122056.274931,0
1787313600000000,1611.33,1623.51,1609.36,1617.2,147.7446,1787317199999999,239016.655836,926,77.8409,125949.669851,0
1787317200000000,1616.93,1618.59,1572.0,1599.12,2353.5921,1787320799999999,3758877.353469,6009,1181.4235,1886714.622439,0
1787320800000000,1598.15,1602.43,1575.39,1590.31,1203.2619,1787324399999999,1911973.379174,3398,592.5166,940971.794969,0
1787324400000000,1590.47,1601.36,1583.38,1597.42,579.0704,1787327999999999,921702.504337,1398,235.9471,375418.900692,0
1787328000000000,1597.94,1610.5,1586.95,1605.3,526.8084,1787331599999999,842250.428313,1103,192.2492,307664.740257,0
1787331600000000,1605.33,1607.1,1598.01,1601.82,318.9591,1787335199999999,510884.194862,699,116.416,186468.547854,0
1787335200000000,1601.81,1604.9,1598.08,1603.27,102.9341,1787338799999999,164808.578433,239,54.2765,86930.698207,0
1787338800000000,1603.38,1603.87,1591.63,1596.46,331.6816,1787342399999999,529347.865925,710,117.1236,186986.835482,0
1787342400000000,1596.75,1599.03,1592.13,1596.2,304.1097,1787345999999999,485025.857953,628,116.329,185582.707208,0
1787346000000000,1595.98,1600.0,1595.51,1597.79,115.263,1787349599999999,184100.86412,351,67.0253,107048.96325,0
1787349600000000,1597.97,1600.68,1595.88,1596.58,295.2953,1787353199999999,471479.872347,1034,200.7451,320432.049912,0
1787353200000000,1596.47,1596.47,1587.6,1593.41,345.9801,1787356799999999,550542.203826,770,71.2541,113423.072056,0
1787356800000000,1593.27,1601.96,1593.22,1600.24,121.6952,1787360399999999,194543.59621,580,76.1042,121699.040933,0
1787360400000000,1599.49,1599.49,1591.94,1595.77,77.2298,1787363999999999,123109.025138,418,12.1666,19393.893627,0
1787364000000000,1596.69,1597.9,1594.01,1597.9,131.2614,1787367599999999,209544.014118,812,104.1793,166312.84243,0
1787367600000000,1597.9,1598.24,1593.17,1594.43,201.8237,1787371199999999,321896.96451,832,86.1414,137464.991668,0
1787371200000000,1594.44,1596.97,1592.31,1593.65,355.4096,1787374799999999,566495.58466,922,205.0643,326847.603555,0
1787374800000000,1593.74,1597.29,1580.16,1596.83,520.5814,1787378399999999,827614.573707,1957,321.5462,511247.754963,0
1787378400000000,1596.7,1602.41,1595.06,1599.19,106.758,1787381999999999,170705.938383,531,72.1972,115444.888966,0
1787382000000000,1599.8,1601.0,1597.72,1598.97,46.988,1787385599999999,75152.319736,159,11.1403,17821.057544,0
1787385600000000,1599.35,1600.31,1596.68,1599.37,22.2578,1787389199999999,35592.368749,144,17.5693,28096.430385,0
1787389200000000,1599.89,1600.25,1597.13,1599.62,10.5869,1787392799999999,16926.700457,129,6.4525,10318.029821,0
1787392800000000,1599.66,1599.66,1594.82,1598.02,67.5491,1787396399999999,107918.95073,371,53.0245,84724.766834,0
1787396400000000,1597.72,1598.0,1595.89,1597.2,14.0059,1787399999999999,22362.822402,90,7.4941,11966.156244,0
1787400000000000,1597.41,1599.12,1596.05,1596.21,11.4921,1787403599999999,18358.700346,120,8.916,14244.272391,0
1787403600000000,1596.26,1597.67,1595.8,1595.81,10.2901,1787407199999999,16431.80336,102,3.1421,5017.572409,0
1787407200000000,1596.0,1596.87,1594.27,1595.14,50.5659,1787410799999999,80667.693575,231,13.6149,21727.316388,0
1787410800000000,1595.14,1595.19,1588.33,1592.01,18.8305,1787414399999999,29975.303446,208,6.3165,10056.683982,0
1787414400000000,1592.0,1593.92,1591.04,1591.04,79.1175,1787417999999999,125951.57214,205,7.86,12517.963597,0
1787418000000000,1591.49,1594.8,1591.49,1594.31,33.3671,1787421599999999,53173.603129,112,31.5111,50215.363435,0
1787421600000000,1594.16,1594.82,1592.5,1594.09,7.9546,1787425199999999,12674.749864,58,6.6987,10673.057312,0
1787425200000000,1594.18,1595.28,1593.62,1593.62,55.862,1787428799999999,89060.58896,152,26.0026,41456.527818,0
1787428800000000,1593.02,1595.31,1593.0,1595.31,9.2552,1787432399999999,14755.541978,62,7.8835,12568.505233,0
1787432400000000,1595.02,1595.11,1591.14,1592.16,41.3452,1787435999999999,65843.274055,156,35.4943,56525.869832,0
1787436000000000,1593.0,1593.82,1588.83,1589.19,30.2146,1787439599999999,48098.577804,199,19.5334,31112.635694,0
1787439600000000,1589.2,1593.39,1588.83,1592.47,29.4149,1787443199999999,46768.922907,168,14.9174,23723.224089,0
1787443200000000,1593.34,1594.6,1592.72,1594.06,97.9739,1787446799999999,156127.284401,222,82.9887,132251.903044,0
1787446800000000,1594.12,1594.49,1590.93,1593.31,24.8222,1787450399999999,39526.4755,132,13.9615,22236.843291,0
1787450400000000,1592.87,1596.31,1592.48,1596.07,29.9568,1787453999999999,47790.653168,140,27.9998,44671.702049,0
1787454000000000,1595.51,1597.2,1593.96,1597.19,44.5705,1787457599999999,71120.983306,188,39.7325,63402.301966,0
1787457600000000,1597.34,1597.69,1595.0,1596.91,108.6163,1787461199999999,173422.742569,506,88.7993,141782.766778,0
1787461200000000,1597.16,1597.18,1590.69,1592.0,79.6167,1787464799999999,126785.389188,295,53.7268,85562.241858,0
1787464800000000,1592.0,1592.01,1582.76,1585.48,193.6025,1787468399999999,307309.536412,4115,69.7238,110584.064453,0
1787468400000000,1586.24,1591.1,1586.24,1590.06,7.48,1787471999999999,11881.562608,105,3.5964,5714.005975,0
1787472000000000,1590.5,1592.58,1589.52,1592.22,12.9621,1787475599999999,20619.191253,97,8.2894,13185.537201,0
1787475600000000,1592.22,1592.22,1589.91,1590.77,7.7916,1787479199999999,12396.731705,83,5.0046,7961.909219,0
1787479200000000,1590.58,1591.54,1588.52,1591.03,6.7159,1787482799999999,10682.552629,68,3.0549,4859.418341,0
1787482800000000,1590.97,1595.21,1590.52,1594.97,39.0801,1787486399999999,62233.906204,206,16.7846,26717.781162,0
1787486400000000,1594.78,1595.31,1593.4,1595.11,14.7751,1787489999999999,23554.905979,127,8.6708,13824.222304,0
1787490000000000,1595.07,1597.07,1591.21,1594.11,139.1314,1787493599999999,221919.020341,1393,77.1124,122995.266705,0
1787493600000000,1593.21,1596.51,1592.17,1595.77,165.1302,1787497199999999,263270.697743,900,112.2873,179033.104435,0
1787497200000000,1595.89,1620.73,1595.89,1611.33,576.95,1787500799999999,928859.136927,2703,351.3356,565615.67199,0
1787500800000000,1611.33,1617.61,1609.58,1612.48,265.9954,1787504399999999,429015.756689,2562,123.5753,199241.723415,0
1787504400000000,1612.34,1617.57,1610.0,1614.73,111.8463,1787507999999999,180372.088908,897,41.3121,66646.431286,0
1787508000000000,1614.88,1622.23,1614.2,1621.99,31.7247,1787511599999999,51348.21719,434,13.1719,21317.813022,0
1787511600000000,1622.0,1622.54,1614.92,1616.75,139.879,1787515199999999,226554.607284,1496,31.4029,50888.532989,0
1787515200000000,1616.73,1618.36,1612.68,1612.73,38.2742,1787518799999999,61860.7297,1479,11.504,18589.598215,0
1787518800000000,1612.98,1616.0,1611.96,1616.0,25.5684,1787522399999999,41253.046301,265,20.6385,33299.582435,0
1787522400000000,1616.48,1618.61,1610.0,1615.06,33.6883,1787525999999999,54354.908851,338,17.4788,28214.367648,0
1787526000000000,1614.1,1626.59,1614.0,1625.75,77.6104,1787529599999999,125994.136125,435,50.8474,82560.279354,0
1787529600000000,1625.44,1625.75,1584.48,1596.37,200.1401,1787533199999999,320544.936761,1944,86.4804,138355.846637,0
1787533200000000,1596.75,1597.46,1565.98,1566.75,176.8174,1787536799999999,279251.457987,951,34.1445,53910.091372,0
1787536800000000,1567.86,1571.13,1551.0,1557.45,745.2312,1787540399999999,1164680.084886,3269,541.3849,846404.382637,0
1787540400000000,1557.42,1557.42,1521.25,1531.07,614.1329,1787543999999999,942783.618365,3325,308.0027,472473.186916,0
1787544000000000,1531.56,1544.62,1530.0,1534.31,196.749,1787547599999999,302816.187204,1024,104.1595,160374.946692,0
1787547600000000,1535.23,1542.42,1528.12,1532.17,241.164,1787551199999999,369620.241471,1304,131.4216,201521.845522,0
1787551200000000,1531.81,1534.56,1527.0,1530.0,159.5445,1787554799999999,244089.789281,1166,95.0372,145396.231231,0
1787554800000000,1529.88,1537.2,1515.97,1522.51,260.4681,1787558399999999,396380.083484,1049,74.3378,113211.80103,0
1787558400000000,1523.04,1534.58,1512.5,1531.85,849.8757,1787561999999999,1294033.222104,3349,636.4148,968842.965259,0
1787562000000000,1531.18,1532.81,1518.75,1522.87,265.8427,1787565599999999,405420.432014,968,206.8695,315500.380051,0
1787565600000000,1522.23,1525.03,1513.47,1518.36,553.3046,1787569199999999,840312.88696,2217,270.3394,410600.693818,0
1787569200000000,1518.59,1527.87,1506.36,1516.0,1105.8685,1787572799999999,1676512.565635,3675,614.6064,931811.228201,0
1787572800000000,1515.87,1515.87,1502.77,1505.71,571.0335,1787576399999999,861615.009682,1707,162.8504,245951.807817,0
1787576400000000,1505.73,1510.49,1418.51,1430.46,14715.7369,1787579999999999,21400422.44007,51738,10698.8121,15538245.370506,0
1787580000000000,1430.32,1469.17,1420.0,1461.56,2748.0536,1787583599999999,3967190.508641,19106,1088.5658,1567169.797818,0
1787583600000000,1461.42,1493.28,1453.52,1487.41,1594.0657,1787587199999999,2341640.672978,8622,621.4182,911073.979487,0
1787587200000000,1488.0,1515.8,1482.06,1493.13,934.9415,1787590799999999,1400956.560874,2366,347.0952,519552.59114,0
1787590800000000,1492.81,1497.39,1473.34,1479.29,726.9632,1787594399999999,1078367.45943,3971,427.4225,634333.818492,0
1787594400000000,1479.65,1512.3,1479.65,1496.45,472.7165,1787597999999999,707717.244863,1458,212.7701,318155.871342,0
1787598000000000,1496.65,1500.95,1474.95,1492.07,1226.5273,1787601599999999,1823666.234855,2119,930.0821,1383727.468961,0
1787601600000000,1492.43,1504.66,1486.68,1489.73,512.3809,1787605199999999,767377.176231,1071,288.5168,432380.169531,0
1787605200000000,1489.58,1489.58,1485.99,1487.52,114.8446,1787608799999999,170783.455089,390,84.2274,125256.132944,0
1787608800000000,1487.57,1487.9,1477.95,1479.83,134.2837,1787612399999999,199093.310226,529,63.311,93817.659268,0
1787612400000000,1479.83,1483.4,1471.09,1473.58,295.3281,1787615999999999,436069.793899,863,145.7327,215292.690609,0
1787616000000000,1474.0,1484.26,1455.0,1479.5,642.8715,1787619599999999,945133.321693,2812,394.8473,580124.861391,0
1787619600000000,1478.72,1488.96,1466.61,1482.38,114.4888,1787623199999999,169188.504285,1123,61.5041,90876.416827,0
1787623200000000,1482.36,1498.14,1475.21,1479.28,163.3406,1787626799999999,242780.627144,1034,76.2062,113318.927246,0
1787626800000000,1479.5,1499.24,1479.5,1493.54,98.8238,1787630399999999,147184.64369,590,50.8994,75805.429633,0
1787630400000000,1492.59,1511.33,1492.21,1506.38,90.0852,1787633999999999,135327.048274,723,48.4402,72744.36165,0
1787634000000000,1504.67,1527.57,1503.89,1517.25,239.1256,1787637599999999,362767.791845,1277,120.0754,181991.622459,0
1787637600000000,1518.58,1528.6,1512.12,1516.09,244.9053,1787641199999999,372098.31875,906,90.8351,138304.972149,0
1787641200000000,1516.88,1527.94,1505.37,1511.6,206.7245,1787644799999999,313771.394797,1017,76.7686,116772.183416,0
1787644800000000,1511.36,1527.86,1510.71,1526.22,545.2272,1787648399999999,830175.762721,1734,222.1723,338320.61385,0
1787648400000000,1526.12,1553.28,1523.76,1549.69,1283.4679,1787651999999999,1977044.072684,2544,570.1379,877638.315974,0
1787652000000000,1549.71,1564.25,1541.87,1545.32,1851.4579,1787655599999999,2878987.284369,5141,356.5101,553838.932098,0
1787655600000000,1545.18,1558.74,1536.47,1550.58,451.558,1787659199999999,698145.968705,1994,113.4403,175508.938129,0
1787659200000000,1550.0,1557.16,1535.59,1537.6,443.7188,1787662799999999,686445.91344,4421,240.1668,371920.327086,0
1787662800000000,1537.68,1565.0,1506.8,1518.52,6069.006,1787666399999999,9301625.960773,25365,3622.5889,5554015.683141,0
1787666400000000,1518.52,1528.87,1486.03,1502.11,2479.0667,1787669999999999,3734053.786012,18592,1231.6366,1855419.477706,0
1787670000000000,1502.1,1513.83,1498.96,1504.04,893.0833,1787673599999999,1345110.234189,8957,465.876,701855.86153,0
1787673600000000,1504.04,1512.92,1485.8,1489.47,602.78,1787677199999999,904872.36587,7576,386.5887,579935.738382,0
1787677200000000,1489.49,1491.35,1477.99,1487.88,255.6529,1787680799999999,379871.389305,4486,116.4135,173066.366124,0
1787680800000000,1487.88,1488.7,1478.44,1478.44,219.3703,1787684399999999,325791.955623,2969,82.5513,122649.088862,0
1787684400000000,1478.29,1483.71,1467.35,1481.12,582.5925,1787687999999999,859491.19504,5564,181.1443,267318.883273,0
1787688000000000,1481.16,1487.44,1476.52,1479.2,259.3308,1787691599999999,384565.817461,2235,103.0985,152942.244266,0
1787691600000000,1479.28,1486.31,1476.24,1485.92,107.3,1787695199999999,158797.21766,3458,46.4858,68857.181008,0
1787695200000000,1485.76,1486.42,1481.99,1484.57,90.7125,1787698799999999,134633.846718,1849,32.1206,47688.834967,0
1787698800000000,1484.6,1485.41,1475.97,1476.72,158.1628,1787702399999999,233958.63984,2072,68.3825,101181.422227,0
1787702400000000,1476.45,1496.54,1471.24,1471.51,461.2239,1787705999999999,684266.095756,7857,261.451,387986.236669,0
1787706000000000,1471.57,1480.68,1460.71,1468.64,519.5974,1787709599999999,763863.039029,7583,335.7891,493679.729903,0
1787709600000000,1468.65,1491.5,1464.91,1484.06,970.5848,1787713199999999,1434809.440341,9377,757.1076,1118091.559924,0
1787713200000000,1484.06,1491.93,1480.01,1490.8,348.433,1787716799999999,517456.794495,5413,184.4888,274039.228668,0
1787716800000000,1490.74,1494.1,1484.59,1485.93,448.5541,1787720399999999,668508.441263,5324,231.2527,344712.816056,0
1787720400000000,1485.96,1490.0,1480.73,1483.85,386.7634,1787723999999999,574415.089969,4108,217.3441,322881.6274,0
1787724000000000,1483.73,1484.28,1471.05,1478.67,488.9629,1787727599999999,722620.494116,4936,210.4497,310957.476931,0
1787727600000000,1478.63,1480.37,1468.36,1476.05,488.0311,1787731199999999,719408.743178,4462,305.7963,450727.295205,0
1787731200000000,1476.06,1481.49,1465.54,1469.99,2565.4194,1787734799999999,3779653.986894,12279,1787.2767,2633571.268344,0
1787734800000000,1469.96,1472.27,1466.0,1472.06,961.6894,1787738399999999,1412549.920814,6137,352.4699,517720.305013,0
1787738400000000,1472.06,1477.84,1466.54,1477.31,452.214,1787741999999999,665433.040928,4995,359.2257,528499.1493,0
1787742000000000,1477.26,1482.74,1467.15,1470.21,557.0541,1787745599999999,821034.859428,5963,253.931,374661.253229,0
1787745600000000,1470.23,1473.27,1451.95,1452.69,1819.1872,1787749199999999,2662460.511503,9873,1130.8644,1655818.429278,0
1787749200000000,1452.71,1490.7,1443.21,1484.0,6063.8148,1787752799999999,8906063.122484,27276,3101.7149,4550441.545255,0
1787752800000000,1483.81,1492.86,1458.5,1484.55,1509.2236,1787756399999999,2222830.011049,13721,739.9498,1089416.058918,0
1787756400000000,1484.69,1509.81,1481.95,1497.77,1182.3877,1787759999999999,1770132.69149,10341,675.0278,1010083.643576,0
1787760000000000,1497.72,1506.0,1492.94,1499.91,711.2802,1787763599999999,1065872.770456,5189,226.6788,339736.934632,0
1787763600000000,1499.96,1510.73,1498.7,1504.17,945.4342,1787767199999999,1423642.973109,6151,387.7266,584033.867733,0
1787767200000000,1504.3,1504.62,1495.87,1497.2,206.9169,1787770799999999,310244.865273,3832,76.7573,115086.173849,0
1787770800000000,1497.08,1505.13,1491.8,1498.86,2977.2439,1787774399999999,4464494.212183,12730,651.6822,976642.296013,0
1787774400000000,1498.47,1542.54,1480.77,1542.2,2226.2498,1787777999999999,3363802.615774,16573,1021.2503,1543382.47274,0
1787778000000000,1542.27,1566.0,1531.98,1558.21,2609.4896,1787781599999999,4049216.491525,18966,645.0079,1000645.384271,0
1787781600000000,1558.43,1561.28,1549.48,1551.89,2051.3102,1787785199999999,3187971.384591,13511,375.1499,582941.446145,0
1787785200000000,1551.85,1554.18,1545.14,1553.25,1631.0059,1787788799999999,2528331.877346,13465,149.0276,231046.990354,0
1787788800000000,1553.58,1557.63,1519.61,1527.03,1023.5368,1787792399999999,1578427.522523,18554,423.2604,652150.850543,0
1787792400000000,1527.04,1546.14,1524.65,1541.84,308.8832,1787795999999999,474386.74936,7669,178.3695,273873.78776,0
1787796000000000,1541.85,1554.52,1539.41,1551.66,232.2928,1787799599999999,359241.848863,5296,139.7581,216165.311292,0
1787799600000000,1551.69,1556.8,1542.2,1546.75,338.053,1787803199999999,524282.954915,6073,132.012,204809.763855,0
1787803200000000,1546.76,1548.56,1539.51,1543.71,202.2999,1787806799999999,312403.694418,3929,90.3455,139529.610468,0
1787806800000000,1543.77,1544.01,1533.28,1539.66,203.5873,1787810399999999,313273.171577,3884,95.6853,147264.367196,0
1787810400000000,1540.07,1551.74,1536.99,1549.13,224.2271,1787813999999999,346564.92597,3357,144.4739,223395.833223,0
1787814000000000,1549.13,1554.12,1547.42,1552.04,123.1286,1787817599999999,191073.758219,2566,62.5996,97146.497566,0
1787817600000000,1552.04,1585.31,1551.46,1580.41,1744.0297,1787821199999999,2736798.674799,16219,713.0141,1120864.557775,0
1787821200000000,1580.4,1582.83,1566.65,1567.32,406.2662,1787824799999999,639255.555896,6154,191.9612,302153.325054,0
1787824800000000,1567.44,1571.6,1560.0,1567.08,450.4002,1787828399999999,705267.026786,4064,218.4995,342366.650472,0
1787828400000000,1567.2,1575.02,1561.04,1566.73,497.5306,1787831999999999,779954.092379,5043,228.9503,359088.144356,0
1787832000000000,1566.68,1570.28,1552.01,1555.37,601.8389,1787835599999999,941770.13854,5675,358.7938,562135.907952,0
1787835600000000,1555.31,1561.74,1457.82,1473.98,7315.1894,1787839199999999,11040520.361062,22163,4742.654,7133851.874368,0
1787839200000000,1474.02,1495.53,1469.84,1474.73,2959.1289,1787842799999999,4387302.308524,16901,1828.2194,2709850.550095,0
1787842800000000,1474.69,1481.57,1461.2,1476.95,2860.3586,1787846399999999,4206075.253324,17042,1807.8979,2658091.210351,0
1787846400000000,1476.81,1483.05,1468.91,1477.59,929.3844,1787849999999999,1372178.025537,7334,472.6564,697858.600985,0
1787850000000000,1477.43,1482.66,1470.5,1478.12,740.8439,1787853599999999,1094437.664577,5443,353.6084,522609.046344,0
1787853600000000,1478.06,1481.34,1469.81,1478.82,701.304,1787857199999999,1035931.245206,5136,359.5978,531418.094843,0
1787857200000000,1478.85,1487.08,1471.39,1483.44,704.8979,1787860799999999,1042798.627962,5242,333.3935,493208.542756,0
1787860800000000,1483.68,1485.01,1474.27,1478.39,750.0282,1787864399999999,1108836.348109,4904,372.248,550507.231709,0
1787864400000000,1478.36,1478.64,1470.14,1472.12,305.9366,1787867999999999,450776.115521,2305,135.4254,199483.994602,0
1787868000000000,1472.12,1474.2,1470.09,1471.67,213.6386,1787871599999999,314615.437435,1663,112.0397,165057.911713,0
1787871600000000,1471.68,1472.19,1461.5,1465.67,634.5805,1787875199999999,930082.190927,5184,337.0992,494058.550297,0
1787875200000000,1465.66,1472.57,1456.13,1466.32,845.6842,1787878799999999,1238550.028092,8628,500.534,732925.50997,0
1787878800000000,1466.38,1469.71,1461.17,1465.88,306.7043,1787882399999999,449592.688292,4546,174.0533,255149.59103,0
1787882400000000,1465.89,1467.99,1458.31,1462.5,175.3195,1787885999999999,256554.452297,2237,60.4903,88519.364836,0
1787886000000000,1462.48,1463.7,1456.74,1460.54,115.5085,1787889599999999,168779.157499,1873,46.358,67748.39086,0
1787889600000000,1460.47,1461.29,1450.0,1455.44,636.8287,1787893199999999,926129.13978,3062,190.7949,277431.8785,0
1787893200000000,1455.47,1455.95,1436.0,1441.92,729.3123,1787896799999999,1053743.839803,5122,283.6067,409692.898735,0
1787896800000000,1441.94,1452.2,1437.79,1452.2,713.4933,1787900399999999,1030320.020414,5126,513.8134,742169.683476,0
1787900400000000,1452.16,1454.66,1447.27,1451.79,330.9983,1787903999999999,480436.554219,4140,214.2559,310942.009688,0
1787904000000000,1451.66,1455.58,1439.0,1454.53,1560.6256,1787907599999999,2258242.343841,9784,981.377,1419787.306813,0
1787907600000000,1454.47,1454.59,1446.43,1448.69,383.3522,1787911199999999,555921.896558,4554,172.7812,250519.559702,0
1787911200000000,1448.75,1452.95,1443.81,1452.71,248.0483,1787914799999999,359210.619792,3085,209.0316,302697.86183,0
1787914800000000,1452.74,1458.96,1449.07,1450.48,366.5491,1787918399999999,532707.902085,3162,135.9773,197770.981287,0
1787918400000000,1450.52,1464.66,1447.02,1460.24,405.4156,1787921999999999,589804.577669,4147,184.8791,269272.366902,0
1787922000000000,1460.27,1497.74,1436.21,1491.45,5647.9351,1787925599999999,8269479.460749,20909,3108.761,4546117.340314,0
1787925600000000,1491.57,1515.38,1472.1,1495.15,2605.0197,1787929199999999,3894278.822289,18722,1236.1969,1848667.116429,0
1787929200000000,1495.13,1511.12,1477.11,1482.37,1156.7169,1787932799999999,1727780.46884,13014,702.4253,1048787.077965,0
1787932800000000,1482.34,1489.2,1470.89,1482.84,1012.0789,1787936399999999,1499519.427043,12933,478.3872,708909.726195,0
1787936400000000,1482.74,1490.05,1473.68,1485.08,656.9912,1787939999999999,973671.254354,9038,378.334,561108.506244,0
1787940000000000,1485.08,1488.36,1477.2,1480.14,295.1748,1787943599999999,437743.075869,5330,171.8746,254950.52007,0
1787943600000000,1480.09,1487.79,1474.37,1485.53,781.7401,1787947199999999,1158864.137079,5438,470.7328,698073.048079,0
1787947200000000,1485.42,1486.4,1481.1,1481.51,490.3149,1787950799999999,727478.197743,19696,257.3326,381822.950665,0
1787950800000000,1481.52,1483.19,1479.44,1480.06,158.3329,1787954399999999,234501.942711,5190,71.3578,105718.127756,0
1787954400000000,1480.06,1480.12,1476.82,1478.11,78.4293,1787957999999999,115973.940093,696,12.379,18302.17081,0
1787958000000000,1478.04,1483.21,1477.8,1482.97,48.5816,1787961599999999,71905.683123,908,16.4784,24389.672658,0
1787961600000000,1482.97,1486.14,1481.74,1483.68,34.8768,1787965199999999,51745.707452,848,8.1434,12084.465979,0
1787965200000000,1483.68,1483.84,1482.58,1483.41,92.5444,1787968799999999,137298.599049,1059,4.3155,6402.438587,0
1787968800000000,1483.43,1486.0,1482.87,1485.69,28.0953,1787972399999999,41702.216327,542,13.5411,20101.477656,0
1787972400000000,1485.67,1486.04,1485.15,1486.04,21.1329,1787975999999999,31398.000951,229,10.6651,15845.988056,0
1787976000000000,1486.16,1492.38,1486.16,1488.73,296.041,1787979599999999,441343.849608,2242,102.255,152445.60071,0
1787979600000000,1488.73,1488.78,1485.19,1486.89,55.4066,1787983199999999,82382.256529,741,14.4088,21428.009232,0
1787983200000000,1486.89,1490.0,1486.89,1488.93,29.3477,1787986799999999,43684.335519,680,15.1305,22519.875098,0
1787986800000000,1488.98,1489.64,1487.53,1487.72,29.8576,1787990399999999,44448.631383,481,16.5683,24664.675785,0
1787990400000000,1487.73,1488.66,1480.14,1483.33,77.1542,1787993999999999,114490.976951,1218,19.3325,28696.10749,0
1787994000000000,1483.34,1485.96,1481.58,1484.33,60.9761,1787997599999999,90493.47049,1048,39.4507,58552.895464,0
1787997600000000,1484.33,1485.53,1483.72,1483.72,13.5022,1788001199999999,20044.112122,252,6.7592,10034.965952,0
1788001200000000,1483.69,1495.08,1482.73,1489.36,186.683,1788004799999999,278156.345767,3733,122.8598,182998.331012,0
1788004800000000,1489.36,1491.64,1488.03,1490.17,15.5102,1788008399999999,23102.277186,291,10.1574,15134.324215,0
1788008400000000,1490.12,1490.81,1487.99,1488.97,13.5478,1788011999999999,20168.477975,246,1.5586,2321.4065,0
1788012000000000,1488.95,1489.93,1486.67,1488.04,43.0596,1788015599999999,64105.090026,2355,18.1748,27061.69913,0
1788015600000000,1488.01,1488.14,1485.77,1487.93,168.6702,1788019199999999,250788.936633,13382,77.6716,115493.426463,0
1788019200000000,1487.93,1488.17,1486.25,1486.52,30.8988,1788022799999999,45957.350651,1577,13.7324,20424.873169,0
1788022800000000,1486.54,1487.63,1486.54,1487.07,4.9175,1788026399999999,7311.982744,179,3.196,4751.82157,0
1788026400000000,1487.09,1487.82,1486.12,1487.82,4.8281,1788029999999999,7180.772693,164,3.1811,4731.607921,0
1788030000000000,1487.81,1492.0,1487.36,1489.93,31.7701,1788033599999999,47313.846875,735,22.8899,34086.972288,0
1788033600000000,1489.84,1492.52,1489.52,1490.59,16.6843,1788037199999999,24873.585974,310,5.5399,8261.057162,0
1788037200000000,1490.6,1492.78,1489.88,1490.51,214.5228,1788040799999999,319845.837733,845,23.106,34466.513848,0
1788040800000000,1490.57,1492.73,1490.57,1492.19,11.5638,1788044399999999,17249.380805,398,6.955,10374.509881,0
1788044400000000,1492.19,1493.18,1490.8,1491.83,23.6098,1788047999999999,35225.253462,479,16.2035,24176.242845,0
1788048000000000,1491.84,1492.25,1489.43,1491.01,49.0347,1788051599999999,73109.761407,570,40.7005,60687.50199,0
1788051600000000,1491.12,1491.89,1490.47,1491.03,25.9793,1788055199999999,38729.863335,455,19.5978,29216.810542,0
1788055200000000,1491.02,1495.33,1490.93,1493.87,106.4474,1788058799999999,159022.379066,1174,83.0653,124091.539427,0
1788058800000000,1493.87,1494.6,1492.42,1492.42,15.1991,1788062399999999,22704.871695,225,11.8533,17707.811024,0
1788062400000000,1492.42,1493.8,1492.42,1493.67,7.5724,1788065999999999,11309.458056,92,7.0469,10524.548885,0
1788066000000000,1493.67,1496.93,1493.44,1496.08,64.383,1788069599999999,96291.991747,806,33.4849,50070.61663,0
1788069600000000,1496.08,1502.73,1496.07,1502.43,68.0403,1788073199999999,101918.626746,764,42.6022,63850.290939,0
1788073200000000,1502.38,1503.85,1498.79,1498.79,69.7612,1788076799999999,104738.214596,2884,55.349,83102.876287,0
1788076800000000,1498.88,1500.87,1498.28,1499.02,29.3343,1788080399999999,43984.744616,653,12.6218,18927.534286,0
1788080400000000,1499.08,1500.53,1498.01,1500.53,39.6802,1788083999999999,59485.875751,624,23.3574,35018.004725,0
1788084000000000,1500.63,1502.73,1500.45,1501.72,22.4133,1788087599999999,33650.819045,638,17.2084,25835.714123,0
1788087600000000,1501.73,1501.73,1499.01,1499.19,24.8511,1788091199999999,37261.013591,566,20.6686,30987.33598,0
1788091200000000,1499.2,1500.08,1489.27,1491.34,133.2591,1788094799999999,199356.674148,2166,22.1379,33118.149054,0
1788094800000000,1491.34,1494.0,1489.94,1493.26,203.7199,1788098399999999,304015.738318,11410,72.3535,107985.660862,0
1788098400000000,1493.27,1497.26,1492.95,1495.22,102.1387,1788101999999999,152685.89395,5047,48.1151,71922.384948,0
1788102000000000,1495.21,1495.21,1491.62,1492.99,10.9455,1788105599999999,16340.476121,426,4.655,6949.546527,0
1788105600000000,1493.05,1501.42,1492.06,1501.22,137.704,1788109199999999,206497.455144,4201,54.1561,81175.239815,0
1788109200000000,1501.22,1501.22,1497.97,1498.19,74.7768,1788112799999999,112161.537803,998,33.5093,50262.727264,0
1788112800000000,1498.31,1499.08,1495.69,1497.53,31.1549,1788116399999999,46638.121882,522,20.4227,30567.837519,0
1788116400000000,1497.63,1497.63,1493.06,1493.36,11.4256,1788119999999999,17085.557699,389,4.1559,6210.634361,0
1788120000000000,1493.42,1493.42,1489.57,1491.44,29.5724,1788123599999999,44104.059441,1082,14.1935,21172.818704,0
1788123600000000,1491.43,1493.57,1489.44,1491.18,109.808,1788127199999999,163776.090952,901,58.3745,87097.006931,0
1788127200000000,1491.23,1493.96,1480.22,1483.3,507.3205,1788130799999999,752474.617603,18302,152.4067,226165.000927,0
1788130800000000,1483.27,1484.69,1450.0,1456.25,3608.5956,1788134399999999,5296248.67881,29873,1699.4606,2491930.962782,0
1788134400000000,1456.28,1472.22,1447.98,1460.78,1533.8937,1788137999999999,2231901.740327,11550,859.4294,1250092.114424,0
1788138000000000,1460.81,1463.2,1455.3,1460.0,482.7761,1788141599999999,704476.955796,6019,328.8098,479914.017378,0
1788141600000000,1460.03,1463.18,1450.0,1457.89,351.9631,1788145199999999,511933.968503,5364,163.3559,237629.855374,0
1788145200000000,1457.87,1462.43,1456.89,1459.57,235.4598,1788148799999999,343683.900693,4880,136.8656,199785.861649,0
1788148800000000,1459.58,1467.65,1455.0,1466.44,185.7471,1788152399999999,271197.131658,9341,93.7322,136896.04485,0
1788152400000000,1466.41,1480.0,1466.07,1474.57,232.253,1788155999999999,342277.363819,4837,110.0024,162068.596955,0
1788156000000000,1474.57,1490.97,1474.12,1487.77,789.9592,1788159599999999,1171871.423848,6335,428.3481,635382.139415,0
1788159600000000,1487.71,1488.51,1481.23,1486.07,1622.2599,1788163199999999,2408604.293094,12703,614.5301,912365.948508,0
1788163200000000,1486.1,1508.8,1484.24,1493.66,1768.7598,1788166799999999,2648350.682396,11527,934.071,1398654.027288,0
1788166800000000,1493.77,1495.18,1481.0,1481.96,160.2472,1788170399999999,238762.368072,2235,70.6916,105345.001558,0
1788170400000000,1481.96,1492.39,1479.15,1490.36,1055.0521,1788173999999999,1569559.214486,6067,808.6135,1203048.623074,0
1788174000000000,1490.32,1497.0,1484.86,1487.47,374.6608,1788177599999999,558002.453152,4099,206.2624,307142.5629,0
1788177600000000,1487.47,1494.4,1476.38,1479.23,465.4155,1788181199999999,691874.807694,3619,224.294,333531.393013,0
1788181200000000,1479.44,1540.0,1474.27,1530.3,5374.0167,1788184799999999,8133114.205569,24551,2718.8229,4104641.230589,0
1788184800000000,1530.14,1535.61,1504.47,1524.19,1731.4033,1788188399999999,2634496.378783,20491,871.0826,1325116.856965,0
1788188400000000,1524.37,1540.64,1510.0,1513.85,734.0391,1788191999999999,1120172.934425,6965,381.713,581446.322357,0
1788192000000000,1513.91,1514.03,1492.29,1506.23,370.1177,1788195599999999,555910.898808,4429,184.8328,277621.32043,0
1788195600000000,1506.29,1509.74,1497.56,1501.58,294.4325,1788199199999999,442502.510371,2913,103.6932,155846.392282,0
1788199200000000,1501.64,1509.37,1462.3,1471.96,725.5267,1788202799999999,1080133.987661,5720,334.6645,497903.310901,0
1788202800000000,1471.97,1571.76,1451.14,1567.75,4411.2938,1788206399999999,6680703.528009,20172,2518.7338,3808806.830794,0
1788206400000000,1567.12,1577.9,1548.41,1550.1,2029.4746,1788209999999999,3162291.555982,9884,582.2479,907658.412976,0
1788210000000000,1550.1,1558.84,1543.37,1553.38,1506.2547,1788213599999999,2333142.262074,5466,390.7637,606046.829051,0
1788213600000000,1553.32,1555.91,1548.99,1550.26,594.4217,1788217199999999,922182.984638,2860,172.295,267349.219697,0
1788217200000000,1550.27,1552.69,1545.25,1549.36,778.4302,1788220799999999,1205741.839023,3809,125.8418,194965.875028,0
1788220800000000,1549.37,1554.81,1540.86,1549.39,818.6393,1788224399999999,1266189.848749,7405,201.901,312225.882747,0
1788224400000000,1549.33,1552.16,1541.86,1544.11,514.1087,1788227999999999,794945.098242,5213,77.1171,119262.830386,0
1788228000000000,1544.06,1545.26,1536.53,1542.29,496.7819,1788231599999999,765119.64304,3692,53.1991,81967.394697,0
1788231600000000,1542.32,1547.27,1537.39,1545.77,163.2973,1788235199999999,252176.512857,1715,85.5492,132124.107121,0
1788235200000000,1545.9,1553.95,1542.85,1544.73,303.0833,1788238799999999,468958.849045,2013,178.0141,275697.285067,0
1788238800000000,1544.77,1552.0,1541.48,1550.71,118.4815,1788242399999999,183373.029395,1658,63.0407,97573.890967,0
1788242400000000,1550.77,1553.59,1545.37,1546.25,504.423,1788245999999999,781148.262551,2249,357.0868,552962.292832,0
1788246000000000,1546.28,1551.72,1543.62,1544.33,152.4999,1788249599999999,236157.783251,1885,88.6561,137284.725546,0
1788249600000000,1544.34,1545.62,1516.04,1516.04,1351.7741,1788253199999999,2069005.256007,9463,675.2049,1033661.493916,0
1788253200000000,1516.07,1524.07,1513.76,1520.99,460.178,1788256799999999,699232.789606,4487,241.6474,367098.06524,0
1788256800000000,1521.05,1523.32,1515.94,1519.27,246.9867,1788260399999999,375277.427593,2386,97.8451,148744.173878,0
1788260400000000,1519.28,1526.17,1510.23,1523.58,468.0264,1788263999999999,710165.612824,3766,174.8787,265567.920915,0
1788264000000000,1523.4,1527.17,1516.26,1522.87,510.3588,1788267599999999,776693.212145,4065,296.5337,451407.593632,0
1788267600000000,1522.81,1554.9,1512.19,1539.07,4573.3884,1788271199999999,7011655.97445,20991,2352.1736,3606294.633744,0
1788271200000000,1539.08,1565.45,1530.26,1565.45,1486.507,1788274799999999,2295759.015107,15726,722.4854,1114995.453969,0
1788274800000000,1565.76,1608.26,1551.64,1599.01,3439.8905,1788278399999999,5450624.635664,16983,1177.4425,1862165.546572,0
1788278400000000,1598.96,1600.16,1565.93,1572.0,1230.4007,1788281999999999,1949696.986055,9370,533.5519,843945.95557,0
1788282000000000,1572.02,1574.0,1555.0,1563.77,541.2356,1788285599999999,845821.349257,5468,224.4478,350803.816809,0
1788285600000000,1563.76,1564.76,1524.36,1538.18,881.4631,1788289199999999,1357963.343628,6798,386.5147,596372.88399,0
1788289200000000,1538.23,1552.4,1530.23,1537.37,901.2431,1788292799999999,1388455.272883,7725,559.2141,861460.633401,0
1788292800000000,1537.6,1540.72,1531.66,1534.22,373.8059,1788296399999999,574420.236958,2992,187.9712,288900.189879,0
1788296400000000,1534.16,1535.38,1532.11,1533.25,206.0682,1788299999999999,316084.722333,1097,142.1812,218110.059657,0
1788300000000000,1533.21,1534.14,1525.6,1527.66,352.5876,1788303599999999,539602.677779,2341,150.7436,230715.380364,0
1788303600000000,1527.66,1533.27,1526.69,1533.04,143.5272,1788307199999999,219764.431589,1569,93.1646,142691.060611,0
1788307200000000,1533.05,1544.3,1525.25,1536.67,393.9542,1788310799999999,604884.693345,5313,176.4903,271162.775727,0
1788310800000000,1536.61,1541.46,1527.64,1533.71,196.4835,1788314399999999,301237.538199,2645,89.1862,136753.25546,0
1788314400000000,1533.7,1537.33,1530.02,1533.43,95.5273,1788317999999999,146512.778273,1650,49.0011,75190.150487,0
1788318000000000,1533.44,1535.5,1530.65,1531.06,32.4222,1788321599999999,49706.362212,871,13.2529,20318.143364,0
1788321600000000,1531.03,1532.95,1528.63,1530.79,73.1086,1788325199999999,111908.92088,969,23.305,35687.911687,0
1788325200000000,1530.73,1541.26,1528.55,1535.99,115.3024,1788328799999999,177060.815727,1520,51.6626,79366.260336,0
1788328800000000,1536.05,1536.43,1530.42,1532.99,70.0206,1788332399999999,107346.664799,1386,30.0787,46103.6714,0
1788332400000000,1533.05,1536.81,1532.57,1532.57,30.4723,1788335999999999,46767.386166,857,21.4422,32912.753155,0
1788336000000000,1532.56,1533.28,1515.62,1519.76,961.0294,1788339599999999,1465263.660702,6629,417.3875,636659.391151,0
1788339600000000,1519.79,1525.45,1514.44,1521.05,365.7887,1788343199999999,556368.835219,2928,204.0121,310404.205612,0
1788343200000000,1521.05,1524.84,1518.26,1523.42,243.8004,1788346799999999,371041.59695,2655,175.8682,267654.485169,0
1788346800000000,1523.45,1527.29,1515.0,1526.62,496.4961,1788350399999999,755082.325004,3996,257.996,392428.851206,0
1788350400000000,1526.59,1542.62,1525.46,1529.36,901.7571,1788353999999999,1384282.804652,5966,448.4601,688311.313176,0
1788354000000000,1529.35,1588.48,1511.09,1524.14,3606.538,1788357599999999,5591163.13836,20814,1563.0402,2415774.785999,0
1788357600000000,1524.17,1545.87,1515.68,1526.34,2620.4947,1788361199999999,4011013.255977,18446,1294.3933,1981987.026262,0
1788361200000000,1526.26,1550.0,1520.44,1544.85,669.0149,1788364799999999,1029252.77904,15710,339.7943,522609.205532,0
1788364800000000,1544.89,1551.89,1532.32,1537.31,512.5631,1788368399999999,791655.966797,17864,244.6997,378099.681539,0
1788368400000000,1537.21,1545.57,1535.47,1539.47,274.8832,1788371999999999,423552.901826,3805,107.7607,166031.091154,0
1788372000000000,1539.5,1549.57,1534.6,1548.44,463.395,1788375599999999,715106.46132,3395,309.5999,478159.21477,0
1788375600000000,1548.47,1562.64,1538.02,1552.51,593.4563,1788379199999999,920175.664361,4700,331.0865,513491.706701,0
1788379200000000,1552.5,1552.61,1537.5,1543.51,549.2402,1788382799999999,847730.579758,2766,291.3961,449735.539556,0
1788382800000000,1543.48,1551.4,1539.21,1542.52,483.4325,1788386399999999,746897.906641,2472,147.2856,227653.827165,0
1788386400000000,1542.06,1544.26,1540.08,1543.12,128.9253,1788389999999999,198902.846289,723,110.1061,169870.423891,0
1788390000000000,1543.0,1547.39,1541.76,1546.71,197.5145,1788393599999999,304916.260527,1100,125.808,194248.69749,0
1788393600000000,1546.71,1547.73,1538.02,1540.34,195.9612,1788397199999999,302244.363119,2433,82.2269,126873.344692,0
1788397200000000,1540.34,1545.53,1540.34,1540.49,30.4771,1788400799999999,47038.51303,1027,19.485,30074.835253,0
1788400800000000,1540.32,1545.18,1540.32,1544.56,44.2438,1788404399999999,68233.542414,666,23.2509,35849.744926,0
1788404400000000,1544.51,1551.67,1544.11,1550.48,52.7689,1788407999999999,81703.935955,755,39.06,60476.628457,0
1788408000000000,1550.48,1553.02,1545.97,1546.11,54.7678,1788411599999999,84860.520786,691,34.7198,53783.436082,0
1788411600000000,1546.13,1547.15,1527.11,1541.83,331.8128,1788415199999999,509387.267585,3919,164.3764,252376.183805,0
1788415200000000,1541.73,1544.15,1539.62,1540.91,90.0895,1788418799999999,138947.951265,1390,60.2812,92971.043615,0
1788418800000000,1540.94,1546.0,1540.27,1544.47,68.2202,1788422399999999,105331.586685,1263,49.4642,76374.353722,0
1788422400000000,1544.51,1550.29,1540.72,1541.54,291.1682,1788425999999999,449986.930115,3395,138.7204,214401.57422,0
1788426000000000,1541.46,1543.0,1533.0,1534.89,166.2405,1788429599999999,255573.685694,1480,74.9551,115257.039475,0
1788429600000000,1534.94,1539.92,1534.94,1539.8,91.1752,1788433199999999,140157.05314,1102,41.432,63678.373921,0
1788433200000000,1539.85,1544.46,1536.66,1536.98,228.7212,1788436799999999,352260.16643,2217,128.6887,198174.337481,0
1788436800000000,1537.04,1554.2,1533.16,1550.15,608.2135,1788440399999999,938251.345173,4582,388.2431,599105.68874,0
1788440400000000,1550.18,1557.5,1514.0,1545.43,3329.9793,1788443999999999,5112856.93713,20158,1663.1316,2550478.096387,0
1788444000000000,1545.43,1545.53,1514.01,1528.96,2332.6424,1788447599999999,3554317.849789,41923,1326.6109,2020518.074157,0
1788447600000000,1528.97,1543.44,1527.73,1536.26,760.7735,1788451199999999,1168602.545543,18189,486.437,747416.267349,0
1788451200000000,1536.24,1567.21,1533.54,1560.84,417.1921,1788454799999999,645202.568233,5787,232.0448,358875.892935,0
1788454800000000,1560.73,1570.9,1549.01,1563.01,442.162,1788458399999999,689240.149517,5304,206.1185,321194.240716,0
1788458400000000,1563.02,1577.14,1558.78,1564.25,387.367,1788461999999999,606658.028892,4525,256.7314,402067.318238,0
1788462000000000,1564.28,1565.09,1535.66,1554.62,1060.407,1788465599999999,1642246.23124,8406,490.9343,760313.23039,0
1788465600000000,1553.87,1554.79,1546.73,1547.27,253.9649,1788469199999999,393872.2116,1815,98.391,152620.567065,0
1788469200000000,1547.42,1548.38,1545.85,1547.02,151.2009,1788472799999999,233875.625029,1118,22.4391,34721.223248,0
1788472800000000,1547.0,1549.8,1546.41,1549.6,74.3748,1788476399999999,115108.58601,1049,51.7375,80075.469222,0
1788476400000000,1549.59,1550.0,1547.76,1548.31,96.005,1788479999999999,148679.432613,1357,72.8975,112899.075541,0
1788480000000000,1548.25,1563.7,1547.02,1561.29,509.0287,1788483599999999,792073.042693,5628,234.5986,364472.18289,0
1788483600000000,1561.31,1563.26,1552.07,1555.84,538.0232,1788487199999999,838178.857261,2849,117.9665,183899.467864,0
1788487200000000,1555.8,1559.32,1554.95,1558.91,72.641,1788490799999999,113098.717726,879,37.0065,57623.821968,0
1788490800000000,1558.94,1561.48,1557.31,1561.07,80.5128,1788494399999999,125586.934951,871,48.015,74892.119327,0
1788494400000000,1561.13,1575.0,1561.13,1573.28,244.0812,1788497999999999,382914.771207,2810,151.5222,237614.923497,0
1788498000000000,1573.27,1585.43,1571.23,1581.01,644.7197,1788501599999999,1018937.50013,5481,306.425,484218.629655,0
1788501600000000,1581.02,1582.37,1568.46,1571.21,536.2694,1788505199999999,844204.273347,2466,79.9141,125911.063831,0
1788505200000000,1571.33,1580.95,1571.33,1580.25,182.9171,1788508799999999,288488.075363,1262,95.1817,150142.214317,0
1788508800000000,1580.24,1598.25,1579.05,1594.69,709.6941,1788512399999999,1130351.665263,5281,235.5037,374767.444143,0
1788512400000000,1594.51,1600.35,1588.93,1600.18,427.7813,1788515999999999,681732.936749,2453,94.1252,150139.359095,0
1788516000000000,1600.24,1607.01,1594.75,1596.08,169.6728,1788519599999999,271601.32623,3139,103.3894,165562.923763,0
1788519600000000,1596.14,1605.0,1592.44,1603.78,367.8652,1788523199999999,588627.193484,6964,217.8275,348679.10652,0
1788523200000000,1603.9,1607.01,1561.95,1575.68,2373.254,1788526799999999,3759185.864779,13928,738.2526,1168148.523754,0
1788526800000000,1575.64,1660.0,1570.0,1655.8,4931.3848,1788530399999999,8006897.436902,24697,2173.7277,3512125.32325,0
1788530400000000,1655.88,1691.63,1643.21,1683.03,5501.1309,1788533999999999,9160352.682269,26704,1693.0866,2824237.433981,0
1788534000000000,1683.03,1698.65,1681.7,1698.16,2140.3202,1788537599999999,3611102.785349,16103,713.1627,1203401.494906,0
1788537600000000,1698.2,1736.1,1693.0,1734.2,1541.5808,1788541199999999,2632320.83719,13491,598.2824,1025178.711953,0
1788541200000000,1733.99,1735.7,1712.13,1718.52,1117.383,1788544799999999,1919930.551963,4950,182.4932,313712.31625,0
1788544800000000,1718.36,1721.23,1712.46,1718.11,310.7601,1788548399999999,533773.835612,6785,157.8524,271230.238607,0
1788548400000000,1718.19,1740.0,1704.44,1738.21,1335.0222,1788551999999999,2293897.461702,3500,954.6793,1640629.621351,0
1788552000000000,1738.11,1744.69,1727.8,1732.5,1074.1228,1788555599999999,1863669.341999,2236,299.0301,519081.062173,0
1788555600000000,1732.73,1736.55,1728.88,1731.09,558.9334,1788559199999999,968333.685755,1407,118.2564,204933.245746,0
1788559200000000,1731.09,1732.66,1730.86,1731.3,21.7835,1788562799999999,37726.392321,313,16.2693,28177.329121,0
1788562800000000,1731.31,1733.28,1729.38,1732.33,46.3801,1788566399999999,80260.43438,465,23.3057,40331.460335,0
1788566400000000,1731.93,1733.12,1729.35,1729.45,73.6279,1788569999999999,127506.685685,427,45.6577,79090.658491,0
1788570000000000,1729.47,1733.11,1729.47,1733.07,80.5749,1788573599999999,139489.727902,370,69.5492,120405.2739,0
1788573600000000,1732.91,1762.56,1732.81,1755.03,802.7812,1788577199999999,1405777.226611,3872,526.9229,921773.772686,0
1788577200000000,1754.01,1755.13,1747.39,1751.13,39.9497,1788580799999999,69975.057688,688,21.8253,38242.741391,0
1788580800000000,1750.82,1767.73,1750.01,1761.05,141.3662,1788584399999999,248553.441701,1443,88.4622,155473.602295,0
1788584400000000,1761.48,1781.62,1761.48,1770.33,390.214,1788587999999999,691408.799299,4266,159.3324,282384.458022,0
1788588000000000,1770.32,1773.9,1766.55,1769.41,150.4097,1788591599999999,266250.254807,1493,80.9346,143271.138606,0
1788591600000000,1769.31,1769.31,1751.48,1758.36,201.5989,1788595199999999,354533.577386,4655,56.5686,99417.164876,0
1788595200000000,1758.43,1759.67,1751.67,1754.9,160.8359,1788598799999999,282475.915334,1424,28.6631,50346.728099,0
1788598800000000,1754.86,1758.12,1753.89,1758.12,43.557,1788602399999999,76504.530481,663,32.4981,57080.780067,0
1788602400000000,1758.1,1758.35,1753.13,1756.2,34.5984,1788605999999999,60768.140404,1123,15.7971,27748.200302,0
1788606000000000,1756.14,1766.0,1756.14,1762.28,129.7984,1788609599999999,228732.54416,1540,101.606,179042.281876,0
1788609600000000,1762.32,1762.32,1755.38,1759.49,213.7315,1788613199999999,376055.605391,1243,54.7239,96305.087104,0
1788613200000000,1759.49,1761.63,1758.07,1758.41,126.9231,1788616799999999,223472.938682,923,64.0359,112752.534164,0
1788616800000000,1758.59,1761.37,1758.18,1760.03,188.173,1788620399999999,331175.729131,16739,94.6392,166572.547717,0
1788620400000000,1760.04,1763.99,1759.92,1761.49,413.5984,1788623999999999,728587.268162,14352,208.9722,368113.463312,0
1788624000000000,1761.51,1762.56,1758.61,1761.85,94.3834,1788627599999999,166232.031835,3711,44.7555,78836.008604,0
1788627600000000,1761.87,1768.0,1761.12,1766.05,176.8454,1788631199999999,311924.315398,9699,114.5845,202108.204152,0
1788631200000000,1766.05,1767.71,1764.47,1765.96,73.9597,1788634799999999,130596.210998,1468,18.6759,32981.476926,0
1788634800000000,1765.97,1767.54,1765.32,1766.2,146.5665,1788638399999999,258875.569516,9084,72.2077,127532.789597,0
1788638400000000,1766.23,1770.16,1762.18,1763.75,102.7001,1788641999999999,181438.55637,1823,51.7745,91480.041876,0
1788642000000000,1763.8,1763.85,1760.32,1763.29,30.2073,1788645599999999,53234.325228,931,12.8417,22632.006787,0
1788645600000000,1763.25,1764.06,1761.71,1763.11,21.7479,1788649199999999,38333.164929,516,9.0977,16036.929757,0
1788649200000000,1763.11,1765.35,1762.01,1762.93,7.1209,1788652799999999,12558.006416,375,3.2273,5692.502688,0
1788652800000000,1762.9,1763.08,1761.17,1761.17,16.8546,1788656399999999,29696.776227,328,4.1001,7225.149701,0
1788656400000000,1761.27,1766.21,1761.27,1763.99,25.2873,1788659999999999,44611.193197,556,8.3929,14803.986249,0
1788660000000000,1764.05,1769.24,1764.05,1768.58,44.4034,1788663599999999,78496.918799,877,36.0453,63723.919092,0
1788663600000000,1768.58,1772.49,1767.58,1769.79,92.2698,1788667199999999,163382.602972,1252,64.5722,114349.505128,0
1788667200000000,1769.79,1776.18,1766.47,1773.0,254.2256,1788670799999999,449748.383558,1282,72.4388,128286.371383,0
1788670800000000,1773.27,1783.42,1771.97,1777.84,199.8201,1788674399999999,355538.506225,1601,123.5544,219763.839017,0
1788674400000000,1777.83,1784.14,1777.57,1780.7,195.6815,1788677999999999,348387.65044,1449,126.3893,225041.897524,0
1788678000000000,1780.72,1782.0,1774.01,1782.0,129.9113,1788681599999999,231157.170821,1039,66.3006,117967.773624,0
1788681600000000,1781.98,1788.23,1778.73,1782.29,115.1618,1788685199999999,205341.355036,912,51.2408,91410.915309,0
1788685200000000,1782.29,1784.57,1780.13,1783.78,67.2746,1788688799999999,119906.427887,794,46.7249,83286.508976,0
1788688800000000,1783.79,1793.56,1782.78,1788.04,221.0434,1788692399999999,395001.531871,1505,61.8202,110623.627456,0
1788692400000000,1788.09,1790.74,1785.77,1790.23,59.4979,1788695999999999,106439.527527,898,42.7768,76528.420357,0
1788696000000000,1790.28,1796.61,1787.87,1793.62,296.3622,1788699599999999,531151.528653,2022,164.6278,295059.118548,0
1788699600000000,1793.62,1794.76,1778.73,1784.31,134.1686,1788703199999999,239613.820632,2332,44.644,79659.342888,0
1788703200000000,1784.27,1784.27,1757.52,1763.37,547.6978,1788706799999999,968474.736088,14630,222.5842,393987.457274,0
1788706800000000,1763.35,1772.74,1762.0,1772.33,238.0787,1788710399999999,420801.289994,11655,93.0438,164416.46993,0
1788710400000000,1772.49,1772.65,1765.61,1768.34,117.7954,1788713999999999,208284.974951,7876,58.5148,103472.539586,0
1788714000000000,1768.34,1771.74,1767.88,1770.58,38.5725,1788717599999999,68274.654731,839,28.0263,49612.975071,0
1788717600000000,1770.59,1772.07,1767.71,1771.6,63.2146,1788721199999999,111872.356751,802,48.9375,86603.114429,0
1788721200000000,1771.43,1783.72,1771.1,1781.14,92.2917,1788724799999999,164227.62352,2568,69.3638,123419.963923,0
1788724800000000,1781.14,1789.0,1780.67,1784.09,132.3733,1788728399999999,236256.873021,3703,88.6062,158166.618842,0
1788728400000000,1784.21,1784.84,1777.87,1784.33,45.4472,1788731999999999,80939.450517,1193,13.5228,24091.183511,0
1788732000000000,1784.32,1787.38,1779.6,1782.21,120.5032,1788735599999999,214712.611398,2039,52.0096,92663.941485,0
1788735600000000,1782.31,1782.99,1774.39,1778.72,230.436,1788739199999999,409887.749283,2666,55.9255,99528.088301,0
1788739200000000,1778.81,1791.41,1772.12,1775.15,439.3392,1788742799999999,784433.875475,5130,233.0174,416013.470975,0
1788742800000000,1775.17,1775.17,1763.31,1771.07,136.6168,1788746399999999,241929.463219,5375,56.79,100562.45271,0
1788746400000000,1771.07,1777.94,1766.74,1771.78,91.4512,1788749999999999,162023.010068,1628,63.4425,112394.87413,0
1788750000000000,1771.75,1777.98,1770.75,1777.59,32.2784,1788753599999999,57287.492761,822,27.2677,48396.709138,0
1788753600000000,1777.68,1788.45,1777.68,1783.19,196.4705,1788757199999999,350548.480579,5940,109.4372,195359.076626,0
1788757200000000,1783.13,1787.68,1781.51,1783.61,63.3296,1788760799999999,113043.246267,1243,38.336,68448.59944,0
1788760800000000,1783.54,1793.46,1782.31,1791.25,138.5184,1788764399999999,247524.891906,1883,80.5717,144088.502524,0
1788764400000000,1791.21,1791.21,1782.07,1786.78,48.7489,1788767999999999,87066.718745,1174,12.0526,21528.696618,0
1788768000000000,1786.76,1787.74,1784.41,1786.25,254.7907,1788771599999999,455169.8105,1226,23.0149,41115.127855,0
1788771600000000,1786.28,1788.79,1783.49,1784.29,24.951,1788775199999999,44562.265166,1010,8.5352,15249.582693,0
1788775200000000,1784.42,1786.69,1783.35,1784.13,25.2267,1788778799999999,45042.766117,1004,6.0603,10821.088624,0
1788778800000000,1784.06,1784.91,1777.5,1778.57,43.8149,1788782399999999,78028.634139,3024,16.6417,29640.695634,0
1788782400000000,1778.59,1781.98,1775.69,1778.2,28.1244,1788785999999999,50029.532673,1755,13.9762,24867.419877,0
1788786000000000,1778.18,1790.99,1777.48,1783.99,84.2925,1788789599999999,150398.818241,1934,62.8731,112173.83024,0
1788789600000000,1783.99,1787.63,1781.44,1785.53,37.4573,1788793199999999,66869.110287,1197,20.9326,37374.823471,0
1788793200000000,1785.56,1788.88,1778.82,1780.52,52.766,1788796799999999,94070.525812,1534,20.6363,36804.740172,0
1788796800000000,1780.57,1785.5,1780.57,1784.17,23.7416,1788800399999999,42341.78594,942,14.628,26089.286565,0
1788800400000000,1784.27,1790.0,1784.27,1788.0,102.9706,1788803999999999,184087.228674,1202,65.9449,117890.082609,0
1788804000000000,1788.0,1788.25,1784.46,1786.83,32.8651,1788807599999999,58708.748637,711,15.0177,26832.155708,0
1788807600000000,1786.79,1787.83,1785.8,1787.71,10.8338,1788811199999999,19361.191462,456,5.249,9380.347002,0
1788811200000000,1787.68,1788.0,1783.91,1785.53,18.0318,1788814799999999,32198.275087,586,10.4377,18639.754823,0
1788814800000000,1785.47,1788.65,1785.47,1787.08,18.0997,1788818399999999,32342.448953,374,14.0144,25042.984097,0
1788818400000000,1787.08,1787.34,1778.17,1778.31,49.117,1788821999999999,87555.40856,1486,13.3789,23855.323841,0
1788822000000000,1778.31,1784.45,1776.43,1781.92,54.6721,1788825599999999,97324.565373,1400,32.8867,58557.957225,0
1788825600000000,1781.92,1821.21,1776.0,1808.37,821.8004,1788829199999999,1482520.101664,9924,545.5793,984467.849458,0
1788829200000000,1808.42,1808.57,1797.29,1805.28,149.8718,1788832799999999,270347.21615,3480,79.0944,142718.10892,0
1788832800000000,1805.39,1805.43,1798.25,1799.8,45.5858,1788836399999999,82181.567399,1885,20.3346,36651.460348,0
1788836400000000,1799.76,1808.89,1799.69,1808.59,72.141,1788839999999999,130251.131258,2080,46.1827,83399.829215,0
1788840000000000,1808.56,1814.0,1800.88,1800.89,112.485,1788843599999999,203134.725504,2620,43.4529,78520.228527,0
1788843600000000,1800.89,1802.56,1776.64,1777.35,347.7165,1788847199999999,622077.379374,6184,85.8521,153331.753907,0
1788847200000000,1777.61,1779.31,1750.48,1761.15,517.1528,1788850799999999,910524.154265,8910,100.9494,177903.028812,0
1788850800000000,1761.1,1771.39,1759.73,1760.76,64.9959,1788854399999999,114778.60318,3316,31.9673,56455.220327,0
1788854400000000,1760.81,1762.12,1733.13,1744.0,662.5954,1788857999999999,1154638.68861,10267,343.3469,597967.301841,0
1788858000000000,1743.96,1772.76,1739.82,1769.93,209.425,1788861599999999,369105.557887,4069,86.4512,152163.86684,0
1788861600000000,1770.05,1781.61,1761.67,1772.3,315.6247,1788865199999999,558768.734602,4084,102.6052,181896.733864,0
1788865200000000,1772.18,1776.39,1745.16,1749.02,328.1782,1788868799999999,577493.318123,4991,95.0361,167059.09644,0
1788868800000000,1748.85,1764.9,1738.74,1761.53,368.2308,1788872399999999,644468.612738,5941,206.3348,361096.089828,0
1788872400000000,1761.2,1793.52,1742.61,1779.77,2489.2061,1788875999999999,4414052.240685,23099,989.0436,1753558.98252,0
1788876000000000,1779.83,1787.4,1756.3,1779.7,1118.6878,1788879599999999,1983224.610784,13567,604.2346,1071874.730979,0
1788879600000000,1779.7,1806.76,1769.85,1797.7,1103.413,1788883199999999,1973849.304913,9132,336.1581,602069.794794,0
1788883200000000,1797.73,1802.63,1776.32,1778.17,430.5899,1788886799999999,770801.092845,4934,117.2452,210077.411834,0
1788886800000000,1778.17,1794.23,1778.17,1788.92,126.0669,1788890399999999,224990.851983,3240,62.5388,111658.351034,0
1788890400000000,1789.0,1800.83,1787.85,1790.87,167.6544,1788893999999999,300971.733623,3573,103.4877,185739.975871,0
1788894000000000,1790.94,1791.71,1734.68,1738.9,1499.5596,1788897599999999,2632469.683521,10454,349.4931,611565.67609,0
1788897600000000,1738.95,1747.25,1731.34,1745.72,207.8553,1788901199999999,361920.671403,2936,143.9408,250621.171287,0
1788901200000000,1745.71,1749.13,1743.9,1746.2,204.1495,1788904799999999,356529.199632,1438,136.7209,238790.668583,0
1788904800000000,1746.23,1751.51,1742.29,1749.53,160.1555,1788908399999999,279500.342261,1574,73.6978,128746.7376,0
1788908400000000,1749.52,1753.88,1741.36,1742.92,76.777,1788911999999999,134224.776706,1471,44.6147,78009.937935,0
1788912000000000,1742.91,1755.96,1742.46,1754.45,241.6396,1788915599999999,422802.94537,4379,167.6394,293300.525916,0
1788915600000000,1754.27,1759.37,1751.06,1752.91,47.0252,1788919199999999,82569.811703,1758,31.8524,55935.794154,0
1788919200000000,1753.25,1761.89,1752.87,1757.98,86.4844,1788922799999999,151925.173848,1517,58.2799,102357.08428,0
1788922800000000,1757.92,1759.1,1746.2,1746.97,71.3559,1788926399999999,125027.123461,1449,52.7603,92450.472467,0
1788926400000000,1747.04,1759.24,1746.38,1754.18,224.5635,1788929999999999,394156.713715,2269,183.4886,322129.056089,0
1788930000000000,1754.14,1756.25,1747.9,1753.62,47.8528,1788933599999999,83825.499322,1575,26.3835,46230.940781,0
1788933600000000,1753.74,1757.76,1751.8,1754.35,82.5475,1788937199999999,144884.287548,1403,19.4643,34170.26436,0
1788937200000000,1754.59,1756.91,1751.46,1755.47,66.4698,1788940799999999,116604.798199,1499,17.3562,30448.974577,0
1788940800000000,1755.47,1761.52,1752.85,1756.26,165.9505,1788944399999999,291667.189731,3691,65.392,114942.228798,0
1788944400000000,1756.25,1757.08,1725.7,1727.47,222.769,1788947999999999,387335.706889,3686,62.6716,108981.353098,0
1788948000000000,1727.47,1735.38,1721.27,1731.97,748.363,1788951599999999,1292927.087848,6580,481.6349,832345.872384,0
1788951600000000,1731.97,1737.47,1727.57,1730.96,161.7214,1788955199999999,279867.561157,2966,85.5574,148103.726771,0
1788955200000000,1730.96,1735.87,1723.48,1730.24,376.0524,1788958799999999,650413.449918,3357,227.6679,394017.139729,0
1788958800000000,1730.27,1792.23,1729.78,1791.61,1908.3955,1788962399999999,3341074.484584,15393,1112.2325,1950312.538788,0
1788962400000000,1791.31,1806.75,1767.31,1789.93,2228.9762,1788965999999999,3988326.159173,15676,553.4053,988743.185368,0
1788966000000000,1789.85,1797.0,1764.71,1767.0,1622.3891,1788969599999999,2888833.767656,11756,540.9504,963276.399291,0
1788969600000000,1767.28,1783.66,1764.91,1777.46,764.6297,1788973199999999,1354867.625102,5863,288.2857,510917.428833,0
1788973200000000,1777.46,1780.12,1769.62,1770.78,182.7782,1788976799999999,324348.829453,3869,109.1459,193687.984381,0
1788976800000000,1770.75,1774.38,1760.83,1760.83,633.8686,1788980399999999,1122093.535317,4010,518.1984,917400.36913,0
1788980400000000,1760.77,1764.5,1745.47,1762.61,789.3169,1788983999999999,1387995.905175,7477,391.5892,688598.869228,0
1788984000000000,1762.62,1765.48,1759.9,1764.6,145.2089,1788987599999999,255939.979185,1228,112.8013,198834.126523,0
1788987600000000,1764.61,1765.11,1760.65,1762.4,109.0928,1788991199999999,192426.996975,614,82.3224,145261.644954,0
1788991200000000,1762.43,1763.04,1757.86,1758.57,251.6421,1788994799999999,442957.269172,1488,45.313,79747.200722,0
1788994800000000,1758.61,1763.97,1758.28,1763.53,74.1587,1788998399999999,130519.878323,1340,34.752,61183.462944,0
1788998400000000,1763.5,1768.61,1745.61,1746.01,194.2467,1789001999999999,341551.312142,3283,74.4762,130826.748989,0
1789002000000000,1746.0,1751.32,1738.48,1750.89,111.7165,1789005599999999,194849.849676,2905,49.9889,87272.001638,0
1789005600000000,1750.87,1760.55,1749.21,1757.17,255.1664,1789009199999999,447953.235338,2411,156.0764,273992.524261,0
1789009200000000,1757.18,1758.95,1752.21,1756.09,50.7713,1789012799999999,89147.221909,1361,33.4031,58646.881308,0
1789012800000000,1755.98,1764.54,1755.98,1763.87,30.2768,1789016399999999,53283.295321,942,19.6374,34565.664924,0
1789016400000000,1763.9,1772.74,1760.45,1764.96,60.1015,1789019999999999,106136.441573,1640,44.5466,78665.668483,0
1789020000000000,1764.49,1767.53,1760.06,1764.3,76.2882,1789023599999999,134596.221021,1691,29.4278,51904.927893,0
1789023600000000,1764.2,1764.31,1754.52,1759.33,222.0059,1789027199999999,390796.098686,1786,183.5466,323159.807671,0
1789027200000000,1759.37,1762.25,1749.46,1750.64,434.963,1789030799999999,762232.80029,3558,316.326,554123.649117,0
1789030800000000,1750.51,1753.82,1742.8,1748.78,132.7746,1789034399999999,232003.601642,2321,50.5041,88263.789875,0
1789034400000000,1748.87,1751.45,1743.3,1748.0,173.7211,1789037999999999,303472.130646,2750,58.6891,102564.081716,0
1789038000000000,1748.1,1748.16,1737.59,1738.36,115.741,1789041599999999,201693.55332,3080,53.809,93781.206793,0
1789041600000000,1738.4,1740.91,1708.0,1718.59,864.672,1789045199999999,1491026.431425,9019,503.4292,868099.394488,0
1789045200000000,1718.51,1736.35,1685.68,1692.43,4882.0271,1789048799999999,8344459.043835,25860,3119.6694,5337216.55863,0
1789048800000000,1692.17,1713.26,1688.56,1694.53,1527.3691,1789052399999999,2591510.114816,13767,1121.9686,1903764.471091,0
1789052400000000,1694.32,1705.2,1693.01,1700.09,527.2163,1789055999999999,895150.270178,7890,427.7151,726200.786782,0
1789056000000000,1700.09,1703.51,1674.36,1693.72,726.858,1789059599999999,1226702.090402,10176,392.5695,663067.085059,0
1789059600000000,1693.66,1710.16,1691.88,1709.0,564.6019,1789063199999999,959122.173497,5883,446.0114,757430.388914,0
1789063200000000,1709.11,1721.97,1705.34,1711.07,214.8964,1789066799999999,368281.009684,5972,96.9669,166142.814101,0
1789066800000000,1711.07,1715.5,1690.66,1694.98,467.5216,1789070399999999,796056.962623,8323,213.1856,362797.274431,0
1789070400000000,1694.74,1696.15,1683.84,1689.73,485.7719,1789073999999999,821218.973235,4635,216.516,365959.081629,0
1789074000000000,1689.7,1698.0,1686.35,1690.1,397.0104,1789077599999999,671782.641915,3247,181.704,307624.807526,0
1789077600000000,1690.18,1691.58,1682.35,1684.51,179.2339,1789081199999999,302238.053392,2118,76.6139,129061.22455,0
1789081200000000,1684.49,1686.45,1676.01,1677.65,297.2251,1789084799999999,499536.127504,3073,263.9197,443508.670404,0
1789084800000000,1677.52,1689.9,1675.54,1687.57,333.7415,1789088399999999,560612.648975,5994,145.8536,245365.104063,0
1789088400000000,1687.57,1690.25,1679.44,1684.16,111.4837,1789091999999999,188108.279651,2963,37.3285,62944.610653,0
1789092000000000,1684.15,1686.57,1676.71,1678.39,28.4663,1789095599999999,47854.210081,1788,11.055,18594.0417,0
1789095600000000,1678.36,1679.15,1665.77,1669.25,204.0131,1789099199999999,340876.964434,3034,58.8141,98274.118583,0
1789099200000000,1669.25,1685.72,1667.6,1682.5,72.0163,1789102799999999,120916.937835,2823,47.9511,80529.672125,0
1789102800000000,1682.51,1696.29,1680.42,1693.07,88.2931,1789106399999999,148950.709373,2872,68.748,115975.184343,0
1789106400000000,1693.06,1699.29,1688.59,1696.4,78.0672,1789109999999999,132190.002921,2632,51.5295,87235.840126,0
1789110000000000,1696.37,1704.23,1695.65,1697.33,44.6495,1789113599999999,75858.171071,1986,10.2018,17336.121389,0
1789113600000000,1697.41,1710.83,1694.76,1707.2,356.4619,1789117199999999,607191.019782,5456,199.2773,339585.266809,0
1789117200000000,1707.32,1708.83,1698.18,1700.45,135.6615,1789120799999999,230757.738335,2405,50.4554,85786.211287,0
1789120800000000,1700.45,1705.12,1697.76,1699.6,147.4466,1789124399999999,250859.790002,1838,115.2694,196162.614397,0
1789124400000000,1699.76,1707.24,1692.36,1702.99,170.1985,1789127999999999,289174.784132,2986,68.4366,116308.524067,0
1789128000000000,1703.09,1725.41,1686.38,1723.49,918.3053,1789131599999999,1568784.801463,11212,407.3751,695980.354677,0
1789131600000000,1724.01,1734.66,1631.74,1633.13,3673.0828,1789135199999999,6165344.009266,26741,2314.2083,3877466.599997,0
1789135200000000,1633.13,1655.83,1619.21,1636.28,1943.108,1789138799999999,3171785.558565,35198,1402.6092,2289640.115502,0
1789138800000000,1636.18,1648.42,1625.48,1641.1,419.6418,1789142399999999,688018.95203,10970,213.0541,349300.241988,0
1789142400000000,1641.13,1643.42,1626.24,1633.54,397.1017,1789145999999999,648291.629766,7853,285.2156,465641.885634,0
1789146000000000,1633.42,1640.26,1631.68,1634.72,302.5057,1789149599999999,494900.986509,6717,243.8779,399024.268579,0
1789149600000000,1634.71,1639.9,1631.42,1633.01,132.0452,1789153199999999,215899.668181,6012,59.8878,97926.65346,0
1789153200000000,1633.04,1638.16,1629.65,1633.5,374.8778,1789156799999999,612477.660637,7239,153.8,251345.621118,0
1789156800000000,1633.47,1634.94,1629.67,1630.39,342.2192,1789160399999999,558268.444631,17449,72.4448,118190.446723,0
1789160400000000,1630.37,1632.0,1628.71,1630.02,235.1021,1789163999999999,383285.898919,12398,40.5807,66145.065165,0
1789164000000000,1630.06,1631.83,1628.83,1630.72,69.5218,1789167599999999,113357.74737,3474,25.7227,41944.54932,0
1789167600000000,1630.6,1633.26,1630.27,1632.09,84.6683,1789171199999999,138160.820972,1347,62.6741,102269.639567,0
1789171200000000,1632.09,1642.52,1632.09,1640.14,122.4044,1789174799999999,200524.832984,6419,88.2266,144508.116233,0
1789174800000000,1640.05,1640.63,1635.73,1635.73,107.0857,1789178399999999,175406.891345,4373,39.3426,64457.324136,0
1789178400000000,1635.77,1636.54,1632.53,1635.66,113.6702,1789181999999999,185811.169782,1529,23.5444,38490.709342,0
1789182000000000,1635.67,1635.67,1633.72,1635.53,19.2931,1789185599999999,31541.363339,654,7.9004,12916.374272,0
1789185600000000,1635.53,1636.83,1631.9,1633.62,40.0186,1789189199999999,65406.278897,680,10.9118,17843.330493,0
1789189200000000,1633.55,1634.99,1633.49,1634.7,5.1157,1789192799999999,8361.220199,268,2.6533,4336.453788,0
1789192800000000,1634.69,1635.01,1631.77,1631.9,27.1987,1789196399999999,44429.429571,457,2.1295,3477.831346,0
1789196400000000,1631.92,1632.35,1629.07,1631.35,40.6701,1789199999999999,66334.866787,895,12.1148,19760.988862,0
1789200000000000,1631.32,1631.9,1629.41,1630.17,9.6717,1789203599999999,15766.854966,605,4.0568,6614.755931,0
1789203600000000,1630.33,1631.27,1629.38,1630.56,16.5961,1789207199999999,27058.382706,1281,7.0392,11478.442843,0
1789207200000000,1630.6,1631.55,1630.31,1630.64,64.4272,1789210799999999,105080.211332,656,55.3219,90228.886617,0
1789210800000000,1630.65,1632.86,1630.6,1632.43,9.1463,1789214399999999,14924.202056,567,5.4429,8880.745991,0
1789214400000000,1632.43,1633.01,1631.3,1631.41,8.4439,1789217999999999,13782.203991,602,2.7568,4500.124801,0
1789218000000000,1631.39,1632.37,1629.58,1630.9,21.0599,1789221599999999,34349.829672,558,14.2989,23323.26275,0
1789221600000000,1630.93,1631.84,1630.47,1631.41,17.7123,1789225199999999,28891.291543,461,11.9693,19523.677448,0
1789225200000000,1631.43,1632.83,1631.12,1632.78,36.2188,1789228799999999,59096.550652,993,16.1341,26328.61448,0
1789228800000000,1632.83,1635.56,1632.79,1635.22,24.3408,1789232399999999,39787.481276,2125,15.0669,24628.284925,0
1789232400000000,1635.19,1635.19,1632.0,1633.14,39.6473,1789235999999999,64742.102739,782,9.1444,14937.529995,0
1789236000000000,1633.15,1633.34,1631.4,1632.22,21.5998,1789239599999999,35261.469598,485,8.1032,13227.68275,0
1789239600000000,1632.23,1632.29,1625.42,1627.88,59.2899,1789243199999999,96578.373039,1177,33.7971,55047.071902,0
1789243200000000,1627.87,1628.3,1620.92,1624.26,45.1425,1789246799999999,73361.556572,1196,17.3864,28267.753196,0
1789246800000000,1624.24,1627.09,1621.17,1623.59,31.6508,1789250399999999,51418.557691,723,22.2472,36145.438828,0
1789250400000000,1623.65,1627.96,1623.64,1625.19,25.2445,1789253999999999,41045.418649,693,7.889,12822.606171,0
1789254000000000,1625.25,1627.0,1624.67,1627.0,6.3804,1789257599999999,10373.784708,510,3.1717,5156.986208,0
1789257600000000,1626.86,1632.96,1625.34,1628.53,60.5886,1789261199999999,98777.977324,1619,45.1533,73615.162272,0
1789261200000000,1628.49,1630.44,1626.6,1627.0,18.6013,1789264799999999,30288.880732,730,6.2957,10253.492559,0
1789264800000000,1626.94,1627.34,1625.78,1625.95,7.0277,1789268399999999,11431.349303,451,1.9562,3181.577372,0
1789268400000000,1625.89,1626.07,1622.58,1623.95,52.7531,1789271999999999,85709.686866,907,22.8382,37113.965851,0
1789272000000000,1623.71,1624.99,1623.06,1624.42,13.6052,1789275599999999,22094.329619,475,6.7396,10945.546998,0
1789275600000000,1624.42,1624.75,1584.0,1609.82,1482.4497,1789279199999999,2382894.570481,47761,558.6078,896597.363882,0
1789279200000000,1609.9,1611.49,1590.9,1596.8,880.5297,1789282799999999,1411632.129771,12006,271.3679,434764.835151,0
1789282800000000,1596.85,1601.33,1594.67,1596.67,81.8718,1789286399999999,130810.646401,2148,46.895,74922.220262,0
1789286400000000,1596.62,1597.83,1579.96,1582.32,555.2733,1789289999999999,882022.786469,6220,319.7383,507963.046165,0
1789290000000000,1582.32,1586.89,1570.53,1582.14,752.628,1789293599999999,1186292.627521,4461,403.2302,636007.326798,0
1789293600000000,1582.17,1584.39,1574.17,1578.03,154.9171,1789297199999999,244513.596707,2240,113.0141,178289.155346,0
1789297200000000,1577.99,1579.59,1572.89,1574.61,90.117,1789300799999999,142086.720768,1693,57.2855,90312.650445,0
1789300800000000,1574.69,1579.73,1567.0,1568.74,193.6857,1789304399999999,304732.498317,3187,119.0764,187381.085905,0
1789304400000000,1569.52,1585.69,1554.86,1578.38,421.6388,1789307999999999,662571.538575,13379,291.8489,458706.480696,0
1789308000000000,1578.47,1585.58,1570.55,1575.82,292.6189,1789311599999999,462348.267487,14096,153.8764,243205.593044,0
1789311600000000,1575.88,1579.46,1570.67,1570.94,140.1163,1789315199999999,220634.024568,3487,70.1134,110433.465871,0
1789315200000000,1571.06,1583.54,1571.06,1579.76,92.2347,1789318799999999,145653.427404,3113,54.0254,85283.474401,0
1789318800000000,1579.83,1584.2,1579.19,1583.14,30.3223,1789322399999999,47984.751688,1506,20.0453,31721.014256,0
1789322400000000,1583.11,1583.45,1578.23,1579.25,31.3701,1789325999999999,49586.145838,1123,7.5197,11889.649771,0
1789326000000000,1579.25,1580.08,1560.37,1565.35,305.266,1789329599999999,477884.845514,15225,45.4071,71088.589234,0
1789329600000000,1565.36,1576.71,1560.94,1575.94,71.0587,1789333199999999,111439.288619,2263,42.0215,65993.809254,0
1789333200000000,1575.85,1582.72,1573.24,1578.33,79.7947,1789336799999999,125879.954868,2085,56.1452,88571.013748,0
1789336800000000,1578.26,1578.92,1562.52,1565.27,198.2558,1789340399999999,311080.715051,7813,75.1531,117907.173083,0
1789340400000000,1565.27,1575.39,1562.51,1563.26,67.3587,1789343999999999,105627.08683,3551,25.3964,39869.240665,0
1789344000000000,1563.5,1571.44,1546.06,1551.19,622.1564,1789347599999999,970018.756771,13304,372.7986,581636.654088,0
1789347600000000,1551.17,1570.05,1547.68,1569.16,220.697,1789351199999999,343893.92292,4776,169.1294,263717.524776,0
1789351200000000,1569.18,1573.0,1564.0,1569.68,108.7838,1789354799999999,170717.770594,3443,68.2326,107075.100026,0
1789354800000000,1569.69,1572.5,1562.2,1567.31,675.002,1789358399999999,1057195.465203,5534,324.8197,508727.702936,0
1789358400000000,1567.31,1570.07,1562.59,1568.69,383.7003,1789361999999999,601258.327627,3441,214.5733,336248.784287,0
1789362000000000,1568.36,1570.05,1557.81,1562.0,144.5094,1789365599999999,225852.466577,2344,71.7776,112092.100458,0
1789365600000000,1562.0,1565.87,1557.33,1558.52,177.7772,1789369199999999,277572.048803,3679,107.6797,168125.916266,0
1789369200000000,1558.55,1558.81,1546.8,1550.96,405.6849,1789372799999999,629642.381052,5507,226.6959,351821.442594,0
1789372800000000,1550.97,1557.37,1541.32,1551.64,562.8139,1789376399999999,871535.34,7676,369.579,572357.574327,0
1789376400000000,1551.65,1553.81,1541.9,1549.82,279.695,1789379999999999,432852.533846,4036,208.4609,322671.705147,0
1789380000000000,1549.79,1554.5,1545.32,1551.52,144.8708,1789383599999999,224462.342765,4517,80.0791,124165.775856,0
1789383600000000,1551.53,1551.77,1533.29,1535.21,539.4834,1789387199999999,829991.617024,6030,172.7577,265806.317291,0
1789387200000000,1535.23,1541.94,1528.88,1533.47,356.2777,1789390799999999,546652.318194,6121,145.3974,223300.135264,0
1789390800000000,1533.37,1547.71,1506.5,1533.31,3196.5703,1789394399999999,4875495.138165,23301,1524.0591,2324851.090922,0
1789394400000000,1533.26,1565.3,1531.59,1543.76,1687.2902,1789397999999999,2621458.578976,14562,548.8714,851227.761099,0
1789398000000000,1543.82,1552.35,1525.89,1535.45,574.9279,1789401599999999,884513.633048,11765,256.5843,394841.072917,0
1789401600000000,1535.3,1555.01,1528.0,1554.32,693.7672,1789405199999999,1070155.389209,8035,548.2439,846119.913439,0
1789405200000000,1554.52,1580.07,1553.72,1577.77,508.9534,1789408799999999,798605.14794,7403,358.0096,561530.699295,0
1789408800000000,1577.81,1581.21,1560.45,1563.67,483.8049,1789412399999999,758850.898365,4962,177.1703,277922.969283,0
1789412400000000,1563.69,1565.99,1550.12,1551.12,687.3695,1789415999999999,1070934.518185,6170,313.3528,487788.379318,0
1789416000000000,1551.14,1562.42,1541.67,1559.39,802.2808,1789419599999999,1247440.562037,13467,317.0511,493489.81093,0
1789419600000000,1559.32,1560.49,1554.33,1556.87,84.087,1789423199999999,130933.770459,1106,34.1775,53239.467399,0
1789423200000000,1556.92,1558.46,1555.11,1557.77,50.4322,1789426799999999,78522.575336,761,31.0569,48361.422691,0
1789426800000000,1557.76,1565.05,1556.65,1563.31,166.75,1789430399999999,260617.674991,1986,119.532,186833.267649,0
1789430400000000,1563.32,1578.1,1556.44,1570.94,188.8484,1789433999999999,296555.477497,5653,69.0488,108254.488449,0
1789434000000000,1570.78,1577.0,1562.77,1569.27,148.5503,1789437599999999,232769.253281,2910,21.6679,34006.971115,0
1789437600000000,1569.53,1576.06,1566.86,1574.02,60.9086,1789441199999999,95697.2179,1707,24.4912,38511.54444,0
1789441200000000,1574.05,1574.05,1564.54,1564.54,67.4363,1789444799999999,105868.702812,1347,16.3692,25690.147379,0
1789444800000000,1564.55,1568.54,1556.53,1556.95,138.5171,1789448399999999,216420.01126,3611,57.7287,90272.215853,0
1789448400000000,1556.96,1564.97,1551.31,1559.92,120.8251,1789451999999999,188115.251473,3454,22.1596,34526.863859,0
1789452000000000,1559.93,1562.68,1556.81,1560.66,77.8838,1789455599999999,121426.684139,2425,13.3118,20752.120558,0
1789455600000000,1560.73,1564.46,1559.23,1562.54,62.6301,1789459199999999,97851.907978,2308,47.1331,73644.253179,0
1789459200000000,1562.53,1563.52,1547.02,1552.36,453.0785,1789462799999999,704275.931133,5021,79.9697,124332.706203,0
1789462800000000,1552.34,1564.07,1549.12,1562.62,250.626,1789466399999999,389803.26008,2736,42.3875,65953.208728,0
1789466400000000,1562.6,1570.33,1562.47,1565.63,344.8941,1789469999999999,540045.739429,2179,138.2022,216424.518489,0
1789470000000000,1565.66,1574.57,1565.66,1570.69,242.2293,1789473599999999,380511.717525,3076,106.4032,167149.67855,0
1789473600000000,1570.69,1574.37,1564.28,1570.22,387.2087,1789477199999999,607997.097557,4455,161.7607,253919.634569,0
1789477200000000,1570.34,1580.29,1547.9,1558.39,1398.3675,1789480799999999,2188217.31719,13429,652.3635,1021045.486413,0
1789480800000000,1558.36,1568.82,1540.14,1544.21,761.8796,1789484399999999,1187733.179251,10444,245.2445,382719.400138,0
1789484400000000,1544.13,1546.22,1529.5,1531.99,362.6152,1789487999999999,557264.525176,7426,175.0212,268844.90245,0
1789488000000000,1532.1,1537.32,1518.03,1531.61,578.4537,1789491599999999,883958.50146,6537,325.1429,496579.621607,0
1789491600000000,1531.64,1538.45,1524.19,1524.43,291.0983,1789495199999999,445925.623636,3952,121.6398,186385.377333,0
1789495200000000,1524.43,1525.17,1511.84,1517.2,581.7665,1789498799999999,882637.727274,5987,286.1072,434148.389674,0
1789498800000000,1517.19,1536.49,1517.12,1532.23,438.6959,1789502399999999,670560.37979,6111,242.5289,370497.130415,0
1789502400000000,1532.24,1533.95,1527.73,1530.16,187.5928,1789505999999999,287153.846288,2157,93.3949,142967.093126,0
1789506000000000,1530.05,1530.73,1528.0,1529.44,55.5749,1789509599999999,85024.334953,629,34.9936,53536.865232,0
1789509600000000,1529.49,1532.64,1528.9,1530.98,274.1276,1789513199999999,419889.447855,4733,238.2819,365000.448266,0
1789513200000000,1530.99,1531.61,1527.72,1528.13,146.8441,1789516799999999,224621.453337,1873,85.4189,130685.671838,0
1789516800000000,1528.18,1538.5,1526.36,1534.88,225.2664,1789520399999999,345265.207137,4766,144.9116,222176.068029,0
1789520400000000,1535.0,1535.75,1517.32,1517.58,173.7971,1789523999999999,265098.816461,3006,101.1227,154312.158061,0
1789524000000000,1517.55,1531.18,1517.55,1530.96,275.8412,1789527599999999,420731.660175,3410,200.2674,305178.011116,0
1789527600000000,1530.96,1537.89,1530.96,1537.15,91.1699,1789531199999999,139959.98301,2139,52.2973,80296.156675,0
1789531200000000,1537.12,1545.58,1535.67,1535.98,176.7529,1789534799999999,272132.396653,2663,117.1132,180259.112061,0
1789534800000000,1536.06,1541.71,1533.46,1539.32,67.9362,1789538399999999,104478.393651,2118,43.9583,67604.7327,0
1789538400000000,1539.35,1546.6,1539.35,1546.41,132.8681,1789541999999999,205068.658087,2272,94.5502,145951.414611,0
1789542000000000,1546.41,1549.73,1543.3,1546.79,233.1069,1789545599999999,360222.265786,2495,96.2322,148719.387049,0
1789545600000000,1546.79,1552.66,1539.05,1546.11,294.0441,1789549199999999,454291.276288,4468,124.42,192209.759292,0
1789549200000000,1546.1,1548.56,1544.12,1547.17,144.9997,1789552799999999,224266.754576,1880,105.5804,163296.871755,0
1789552800000000,1547.12,1547.12,1541.28,1545.03,73.2783,1789556399999999,113098.733949,1165,38.0417,58712.673274,0
1789556400000000,1544.73,1554.37,1542.44,1550.84,229.2676,1789559999999999,355370.273384,3583,148.204,229777.03,0
1789560000000000,1550.79,1552.87,1542.25,1548.0,267.1405,1789563599999999,413990.517765,2791,129.6866,201060.794981,0
1789563600000000,1547.95,1560.97,1522.24,1531.62,1624.8107,1789567199999999,2503117.134351,12042,1082.7981,1667229.149559,0
1789567200000000,1531.68,1551.83,1524.05,1539.35,700.1267,1789570799999999,1078235.236637,7928,347.7702,535325.359738,0
1789570800000000,1539.23,1545.0,1530.51,1530.72,396.8124,1789574399999999,610040.248863,4057,223.0368,342878.269056,0
1789574400000000,1530.72,1538.07,1527.07,1534.73,470.0648,1789577999999999,719828.966456,3222,311.8595,477676.926266,0
1789578000000000,1534.74,1537.81,1529.34,1535.87,246.1304,1789581599999999,377130.691811,3040,131.0287,200877.619489,0
1789581600000000,1535.96,1552.4,1521.57,1529.85,1089.583,1789585199999999,1673070.139969,16171,573.724,880996.284857,0
1789585200000000,1529.88,1539.49,1507.08,1522.55,1399.6575,1789588799999999,2130871.464474,17097,733.3414,1116941.146572,0
1789588800000000,1522.6,1530.47,1518.59,1528.42,801.6054,1789592399999999,1223443.36014,8333,536.2616,818856.623473,0
1789592400000000,1528.41,1532.61,1527.92,1528.07,727.6857,1789595999999999,1113109.787476,8555,596.6257,912657.75102,0
1789596000000000,1528.07,1535.75,1526.21,1535.38,740.7144,1789599599999999,1133196.604353,5092,593.7691,908369.437664,0
1789599600000000,1535.4,1545.58,1535.09,1540.31,903.2473,1789603199999999,1392295.705846,10979,620.3916,956173.04371,0
1789603200000000,1540.31,1546.01,1534.73,1539.04,761.084,1789606799999999,1172549.133735,12688,529.2541,815402.785245,0
1789606800000000,1539.13,1543.14,1534.75,1535.72,553.5288,1789610399999999,852319.63641,3536,192.5271,296541.398866,0
1789610400000000,1535.73,1537.24,1530.0,1532.31,403.3078,1789613999999999,618505.828653,2624,201.6966,309338.511136,0
1789614000000000,1532.3,1537.86,1531.34,1537.82,319.5314,1789617599999999,490071.457003,1836,189.9076,291311.363644,0
1789617600000000,1537.77,1541.28,1536.3,1537.16,202.7774,1789621199999999,312017.295664,1794,141.0321,216997.696987,0
1789621200000000,1536.94,1536.94,1530.0,1530.05,97.5872,1789624799999999,149634.65032,1464,48.5031,74373.479705,0
1789624800000000,1530.05,1534.52,1529.7,1534.13,82.7518,1789628399999999,126849.513078,1107,62.5336,95879.656827,0
1789628400000000,1534.13,1540.81,1533.89,1539.29,118.2427,1789631999999999,181903.930746,1486,51.4418,79118.272517,0
1789632000000000,1539.21,1548.01,1538.05,1546.86,223.384,1789635599999999,344523.35745,2868,82.2474,126860.548897,0
1789635600000000,1547.06,1550.92,1543.66,1546.0,260.6189,1789639199999999,403007.889305,1885,48.3154,74741.167012,0
1789639200000000,1546.04,1550.63,1544.57,1549.85,141.2333,1789642799999999,218712.981731,1212,104.6505,162117.383155,0
1789642800000000,1549.89,1557.64,1549.89,1553.79,191.2694,1789646399999999,297191.677563,2430,104.8403,162907.661597,0
1789646400000000,1553.83,1574.22,1552.32,1572.48,580.4248,1789649999999999,908065.344135,4468,378.6242,592007.217235,0
1789650000000000,1572.42,1625.57,1566.66,1615.02,2772.6366,1789653599999999,4420503.406578,21016,1142.2975,1817697.208377,0
1789653600000000,1615.14,1617.3,1581.95,1605.39,1026.8922,1789657199999999,1643514.916225,13549,464.036,742534.689727,0
1789657200000000,1605.42,1613.29,1599.17,1599.91,455.5729,1789660799999999,732279.498154,5238,235.7284,378954.244717,0
1789660800000000,1599.93,1600.68,1588.49,1590.56,468.6084,1789664399999999,747229.401747,4724,198.4223,316420.980945,0
1789664400000000,1590.53,1599.31,1588.85,1595.64,380.547,1789667999999999,606805.50431,3890,178.0388,283894.615605,0
1789668000000000,1595.69,1611.21,1592.38,1610.82,291.3905,1789671599999999,466285.718039,3445,124.4212,199106.875202,0
1789671600000000,1610.98,1618.94,1604.76,1614.66,1009.0798,1789675199999999,1626627.75733,6649,354.3639,570816.407271,0
1789675200000000,1614.71,1620.6,1610.96,1612.45,246.7525,1789678799999999,398573.225695,1597,142.5217,230168.258887,0
1789678800000000,1612.33,1616.5,1612.31,1614.81,87.8845,1789682399999999,141949.09094,562,31.8323,51403.696894,0
1789682400000000,1614.81,1614.81,1610.83,1614.42,99.4999,1789685999999999,160497.419813,804,47.8782,77233.953431,0
1789686000000000,1614.36,1616.91,1611.86,1616.19,185.4414,1789689599999999,299207.330181,988,39.314,63452.112478,0
1789689600000000,1616.27,1620.18,1606.11,1608.81,206.2705,1789693199999999,333026.078997,3580,99.6605,160902.864687,0
1789693200000000,1608.8,1612.69,1605.89,1608.03,104.7904,1789696799999999,168613.874242,2115,33.2776,53539.465651,0
1789696800000000,1608.06,1614.79,1607.52,1612.45,131.2524,1789700399999999,211543.455624,1475,85.6903,138097.501586,0
1789700400000000,1612.35,1627.4,1611.09,1626.67,194.3459,1789703999999999,314885.366577,2839,73.3997,118788.641605,0
1789704000000000,1626.72,1637.36,1626.57,1635.57,255.8564,1789707599999999,417720.374659,3332,92.8223,151581.297106,0
1789707600000000,1635.56,1637.82,1629.91,1631.26,134.4047,1789711199999999,219623.934808,1939,87.492,143035.440717,0
1789711200000000,1631.25,1648.05,1631.25,1646.0,282.2363,1789714799999999,463638.844136,3057,119.0794,195426.290415,0
1789714800000000,1646.0,1650.56,1643.73,1644.79,271.597,1789718399999999,447447.368487,2737,79.2244,130584.102432,0
1789718400000000,1644.8,1649.21,1640.45,1643.37,323.636,1789721999999999,532502.65438,3192,87.7351,144338.712164,0
1789722000000000,1643.39,1643.39,1632.77,1637.46,184.6107,1789725599999999,302607.056621,2528,60.35,98886.691857,0
1789725600000000,1637.81,1645.51,1637.81,1641.23,121.5684,1789729199999999,199630.658957,1736,43.7246,71795.943341,0
1789729200000000,1641.23,1647.39,1636.74,1639.74,208.9222,1789732799999999,342991.787944,3301,109.978,180536.821656,0
1789732800000000,1639.77,1640.67,1618.45,1618.88,570.6077,1789736399999999,928296.553144,4705,200.8772,326893.28819,0
1789736400000000,1618.79,1697.87,1616.65,1694.87,5102.438,1789739999999999,8455958.830525,25117,1623.5416,2672445.701394,0
1789740000000000,1694.87,1720.0,1685.61,1717.16,5521.2678,1789743599999999,9389055.449262,52143,696.6209,1183922.999755,0
1789743600000000,1717.16,1729.17,1709.04,1721.59,3270.6946,1789747199999999,5617043.126805,17616,647.231,1112928.935533,0
1789747200000000,1721.49,1745.0,1721.49,1739.06,1218.7253,1789750799999999,2112950.911196,8889,245.9995,426661.81801,0
1789750800000000,1739.1,1745.57,1736.66,1743.87,499.683,1789754399999999,870011.439705,3214,125.6496,218810.309659,0
1789754400000000,1743.91,1745.45,1733.01,1740.49,446.0431,1789757999999999,775953.576314,3585,266.3891,463352.136288,0
1789758000000000,1740.68,1794.83,1732.81,1790.7,1217.608,1789761599999999,2145952.72081,8514,720.1789,1265446.838477,0
1789761600000000,1791.09,1795.38,1783.97,1790.78,1229.7214,1789765199999999,2200911.992331,5361,386.069,691191.406542,0
1789765200000000,1790.75,1798.17,1790.33,1795.25,309.1754,1789768799999999,554962.470883,1845,75.0956,134818.736178,0
1789768800000000,1795.24,1795.68,1791.64,1791.89,197.2785,1789772399999999,353866.451402,925,50.4959,90594.941732,0
1789772400000000,1791.89,1796.95,1791.89,1796.64,287.8305,1789775999999999,516448.769277,1680,149.1673,267673.90021,0
1789776000000000,1796.64,1799.58,1788.25,1788.59,117.5222,1789779599999999,210822.667286,1681,76.7898,137743.141269,0
1789779600000000,1788.68,1789.43,1774.87,1780.87,289.6133,1789783199999999,515618.749385,3042,134.354,239182.12355,0
1789783200000000,1780.86,1780.87,1773.85,1778.3,153.4208,1789786799999999,272721.630444,1569,76.2426,135487.596609,0
1789786800000000,1778.3,1783.03,1777.22,1781.87,77.2132,1789790399999999,137473.150313,876,41.6142,74090.98925,0
1789790400000000,1781.88,1783.49,1777.97,1780.02,52.0831,1789793999999999,92756.925347,750,33.8632,60291.035374,0
1789794000000000,1780.0,1780.72,1777.35,1778.65,75.3717,1789797599999999,134137.2134,649,58.9604,104933.512889,0
1789797600000000,1778.7,1781.88,1777.4,1781.13,35.6514,1789801199999999,63442.910979,624,24.2124,43093.21792,0
1789801200000000,1781.13,1783.26,1780.07,1780.53,15.885,1789804799999999,28298.460015,413,6.4721,11531.319386,0
1789804800000000,1780.46,1781.22,1778.0,1779.6,35.2274,1789808399999999,62685.159163,719,16.4068,29189.087851,0
1789808400000000,1779.66,1782.06,1778.42,1781.63,20.6553,1789811999999999,36758.312226,520,12.6635,22540.346822,0
1789812000000000,1781.63,1785.61,1781.62,1782.5,47.4217,1789815599999999,84596.701546,894,27.0381,48239.692513,0
1789815600000000,1782.51,1784.18,1782.28,1782.6,20.1765,1789819199999999,35985.601698,343,7.1346,12722.907605,0
1789819200000000,1782.67,1783.32,1780.14,1780.16,26.6253,1789822799999999,47440.407843,421,7.1889,12814.747768,0
1789822800000000,1780.17,1782.78,1779.41,1781.45,25.7001,1789826399999999,45764.630807,529,10.497,18692.523604,0
1789826400000000,1781.46,1781.82,1779.83,1780.12,64.5526,1789829999999999,114934.407912,625,39.8901,71016.865337,0
1789830000000000,1780.12,1782.64,1779.69,1780.14,36.5814,1789833599999999,65149.347119,669,22.9081,40801.530521,0
1789833600000000,1780.16,1780.67,1779.0,1780.67,30.1646,1789837199999999,53677.331998,324,21.6471,38520.686874,0
1789837200000000,1780.82,1781.27,1776.5,1779.21,38.0212,1789840799999999,67662.024564,704,15.2876,27203.4353,0
1789840800000000,1779.21,1781.31,1779.21,1781.04,45.2239,1789844399999999,80515.830353,545,20.2636,36079.820773,0
1789844400000000,1781.04,1782.67,1780.59,1782.67,22.8669,1789847999999999,40740.877643,331,14.2807,25441.463806,0
1789848000000000,1782.6,1787.28,1782.07,1784.26,18.5954,1789851599999999,33184.136064,536,8.0396,14347.216461,0
1789851600000000,1784.37,1785.8,1782.97,1784.78,21.7404,1789855199999999,38799.472937,396,8.6465,15430.125376,0
1789855200000000,1784.78,1784.78,1781.81,1783.17,30.2204,1789858799999999,53890.923783,533,18.565,33106.719504,0
1789858800000000,1783.29,1785.55,1783.29,1784.54,41.1048,1789862399999999,73354.149311,544,28.9956,51745.573004,0
1789862400000000,1784.51,1785.62,1780.61,1784.1,37.1665,1789865999999999,66275.207366,753,24.7326,44094.594108,0
1789866000000000,1784.09,1784.44,1781.62,1784.19,29.7311,1789869599999999,53009.306436,521,10.9009,19436.663913,0
1789869600000000,1784.59,1784.59,1757.59,1758.5,213.5352,1789873199999999,378913.143247,2858,74.8194,132626.490591,0
1789873200000000,1758.47,1771.75,1752.24,1767.61,211.7555,1789876799999999,373574.23207,4097,126.5165,223165.460446,0
1789876800000000,1767.63,1768.43,1760.79,1762.65,128.2523,1789880399999999,226283.350542,1378,80.2091,141511.928524,0
1789880400000000,1762.63,1764.47,1760.23,1763.57,40.0766,1789883999999999,70621.732495,982,32.3206,56953.772536,0
1789884000000000,1763.58,1764.62,1760.36,1763.4,21.1509,1789887599999999,37295.847895,754,13.507,23819.804095,0
1789887600000000,1763.36,1766.19,1762.55,1762.93,41.8926,1789891199999999,73927.045468,821,26.8028,47306.864746,0
1789891200000000,1762.9,1765.46,1760.97,1762.45,59.7746,1789894799999999,105424.173239,790,24.6029,43388.654416,0
1789894800000000,1762.41,1767.04,1761.41,1764.05,17.2094,1789898399999999,30354.702388,490,8.0793,14254.614599,0
1789898400000000,1764.04,1764.33,1760.94,1762.28,19.02,1789901999999999,33532.542233,663,5.4642,9631.186456,0
1789902000000000,1762.29,1765.63,1761.85,1764.1,17.8511,1789905599999999,31483.723787,592,8.4301,14868.588724,0
1789905600000000,1764.1,1765.85,1762.81,1764.14,8.1847,1789909199999999,14439.26407,533,4.1363,7298.224705,0
1789909200000000,1764.25,1764.46,1761.73,1762.44,19.1917,1789912799999999,33830.478535,438,5.4088,9535.398967,0
1789912800000000,1762.46,1764.01,1759.12,1760.42,50.8193,1789916399999999,89512.149542,1044,17.8645,31466.203948,0
1789916400000000,1760.55,1779.11,1760.55,1778.73,115.116,1789919999999999,203802.85451,2362,84.4754,149478.458444,0
1789920000000000,1778.75,1779.01,1773.22,1775.25,85.9246,1789923599999999,152585.337865,2107,36.7657,65287.195151,0
1789923600000000,1775.25,1779.0,1772.7,1773.94,113.7963,1789927199999999,202166.764829,1352,84.6498,150427.593429,0
1789927200000000,1773.96,1774.11,1768.48,1769.84,50.9729,1789930799999999,90302.195163,1125,9.7259,17228.029139,0
1789930800000000,1769.85,1773.45,1769.85,1772.84,21.2025,1789934399999999,37570.387355,784,10.4199,18463.235262,0
1789934400000000,1772.84,1773.89,1772.51,1773.78,10.7229,1789937999999999,19015.209161,345,5.2633,9333.248978,0
1789938000000000,1773.83,1773.83,1771.32,1773.63,14.0581,1789941599999999,24919.969352,502,5.4221,9612.250463,0
1789941600000000,1773.64,1791.82,1773.25,1789.85,140.1804,1789945199999999,250153.733358,3538,92.2191,164487.827404,0
1789945200000000,1789.7,1792.4,1787.28,1791.09,84.6283,1789948799999999,151522.060365,2660,51.7593,92680.333993,0
1789948800000000,1791.06,1813.17,1791.02,1808.78,1192.6909,1789952399999999,2152018.03498,9230,216.1368,389795.351669,0
1789952400000000,1808.78,1811.98,1797.42,1797.52,1031.0251,1789955999999999,1860991.131534,4390,172.3959,311291.888873,0
1789956000000000,1797.5,1804.21,1797.16,1801.85,290.6589,1789959599999999,523632.051122,2290,137.7329,248072.826669,0
1789959600000000,1801.84,1805.8,1801.84,1802.01,59.5911,1789963199999999,107489.297965,1290,34.3449,61954.587213,0
1789963200000000,1802.13,1802.13,1794.04,1794.32,115.7106,1789966799999999,207931.890214,1361,56.6434,101748.252609,0
1789966800000000,1794.29,1794.65,1778.93,1790.88,316.2035,1789970399999999,565628.386019,3650,171.0585,305888.961209,0
1789970400000000,1790.93,1799.85,1790.9,1799.72,880.499,1789973999999999,1582244.378939,4120,488.5311,877918.783944,0
1789974000000000,1799.71,1804.64,1796.21,1804.53,778.9263,1789977599999999,1401921.704874,3063,507.068,912577.471902,0
1789977600000000,1804.52,1824.82,1803.95,1822.27,1174.8608,1789981199999999,2133643.200502,5270,698.8252,1269498.950923,0
1789981200000000,1822.29,1823.54,1815.42,1815.8,774.0589,1789984799999999,1408430.314552,3613,350.0751,636982.60229,0
1789984800000000,1815.93,1820.0,1813.49,1813.59,387.0743,1789988399999999,703193.268436,1965,223.914,406848.099004,0
1789988400000000,1813.63,1817.99,1798.5,1808.71,261.5778,1789991999999999,472996.763052,3254,158.107,285821.229623,0
1789992000000000,1808.66,1818.71,1807.87,1812.42,183.2235,1789995599999999,332148.498568,2835,108.1965,196157.373781,0
1789995600000000,1812.47,1835.0,1779.14,1779.14,3098.9085,1789999199999999,5606357.113264,16400,1696.7011,3071221.647145,0
1789999200000000,1779.14,1795.97,1767.62,1782.51,1358.0459,1790002799999999,2418075.097665,12461,626.0274,1114088.548034,0
1790002800000000,1782.5,1785.06,1760.9,1761.63,1001.0423,1790006399999999,1775193.793058,8941,515.8872,915264.090486,0
1790006400000000,1761.66,1775.77,1744.46,1750.99,751.263,1790009999999999,1320681.616263,6341,348.5972,612477.268077,0
1790010000000000,1750.96,1753.34,1736.92,1739.99,657.8835,1790013599999999,1148866.77158,5504,273.5139,477618.756602,0
1790013600000000,1739.96,1766.18,1738.77,1766.18,267.0186,1790017199999999,467688.94294,5090,125.6076,219785.464069,0
1790017200000000,1766.24,1775.06,1744.0,1765.82,786.4459,1790020799999999,1383852.692577,7045,361.9517,636721.009459,0
1790020800000000,1765.92,1771.14,1759.93,1763.13,387.3869,1790024399999999,683903.410602,2764,156.6893,276763.31372,0
1790024400000000,1763.15,1770.58,1762.33,1770.58,152.6988,1790027999999999,269879.478324,1216,41.8523,73954.016172,0
1790028000000000,1770.54,1775.17,1770.0,1774.1,136.4833,1790031599999999,241984.792706,1172,61.6118,109241.639997,0
1790031600000000,1774.28,1779.31,1774.28,1776.53,216.5825,1790035199999999,384966.774042,1272,120.318,213866.65553,0
1790035200000000,1776.53,1793.46,1774.71,1789.05,594.9963,1790038799999999,1063615.069691,4495,189.3229,338152.045957,0
1790038800000000,1789.05,1791.03,1782.05,1782.05,268.5714,1790042399999999,479538.676826,2659,41.879,74796.568411,0
1790042400000000,1782.09,1790.53,1782.09,1790.0,134.8586,1790045999999999,241020.607364,1486,23.5319,42052.874775,0
1790046000000000,1790.0,1791.45,1786.74,1786.97,87.8519,1790049599999999,157171.010786,1327,34.8725,62394.478479,0
1790049600000000,1786.88,1787.65,1761.04,1763.26,222.4264,1790053199999999,394682.36042,4458,84.3499,149580.105418,0
1790053200000000,1763.26,1774.07,1754.74,1766.08,486.7013,1790056799999999,857831.831484,6854,318.3171,561042.429461,0
1790056800000000,1766.17,1768.3,1757.38,1759.22,390.7575,1790060399999999,688550.69446,3342,236.4609,416739.268089,0
1790060400000000,1759.1,1763.72,1757.14,1761.63,198.5603,1790063999999999,349641.371423,2363,77.8996,137166.78702,0
1790064000000000,1761.64,1762.84,1742.49,1759.12,539.7035,1790067599999999,946913.883374,4910,241.6189,423448.919231,0
1790067600000000,1759.14,1779.69,1754.12,1776.98,558.1574,1790071199999999,984844.431958,4660,305.0505,538555.608858,0
1790071200000000,1776.95,1776.95,1766.62,1770.39,290.8122,1790074799999999,514923.276821,2695,86.3321,152830.976276,0
1790074800000000,1770.42,1773.99,1754.48,1757.5,458.5263,1790078399999999,807972.695976,4371,184.0894,324491.211458,0
1790078400000000,1757.06,1764.73,1751.49,1757.09,264.9162,1790081999999999,465372.563584,2799,95.1633,167264.828277,0
1790082000000000,1757.18,1908.45,1753.17,1897.08,6782.5134,1790085599999999,12623957.779667,22864,3602.4312,6703308.139509,0
1790085600000000,1897.28,1899.74,1855.79,1858.77,3140.7943,1790089199999999,5915046.817476,16708,1447.5535,2726684.464943,0
1790089200000000,1858.83,1868.93,1836.36,1868.93,972.5763,1790092799999999,1800633.010424,8942,470.6044,870534.276718,0
1790092800000000,1868.93,1890.0,1868.93,1886.43,3089.74,1790096399999999,5816334.814012,9471,921.4876,1733689.539836,0
1790096400000000,1886.56,1896.12,1880.29,1884.96,910.0893,1790099999999999,1718428.123513,5544,285.4979,539398.732362,0
1790100000000000,1885.24,1894.86,1881.04,1888.37,182.1291,1790103599999999,343794.705807,3443,68.0529,128422.879679,0
1790103600000000,1888.34,1899.0,1881.83,1886.24,524.6269,1790107199999999,992669.751162,5514,248.2119,469616.52495,0
1790107200000000,1886.18,1886.42,1878.57,1883.46,508.71,1790110799999999,957230.726237,2359,223.0149,419892.07693,0
1790110800000000,1883.46,1883.46,1880.32,1881.65,52.1423,1790114399999999,98125.651163,593,31.1763,58671.998327,0
1790114400000000,1881.71,1892.86,1881.71,1891.94,223.1772,1790117999999999,420504.213783,1368,188.8054,355582.508084,0
1790118000000000,1891.91,1897.79,1890.38,1897.75,184.0161,1790121599999999,348512.386125,1964,87.6557,166072.879913,0
1790121600000000,1897.81,1897.81,1880.65,1881.11,400.1689,1790125199999999,756775.385068,4172,131.017,247838.825484,0
1790125200000000,1880.99,1888.0,1874.0,1874.19,109.6031,1790128799999999,206357.982555,2071,75.6751,142524.879959,0
1790128800000000,1874.16,1879.6,1871.62,1877.72,52.9627,1790132399999999,99355.860191,1759,39.9044,74859.897186,0
1790132400000000,1877.7,1877.7,1875.94,1877.35,266.7812,1790135999999999,500769.790463,1304,177.335,332853.761503,0
1790136000000000,1877.34,1887.04,1877.34,1879.84,371.8209,1790139599999999,700194.275499,2594,294.3464,554232.452512,0
1790139600000000,1879.84,1883.96,1876.72,1881.2,414.4533,1790143199999999,778972.121893,2633,239.9728,450990.681064,0
1790143200000000,1881.19,1890.88,1880.96,1886.28,309.2374,1790146799999999,583457.399742,1782,173.4352,327085.433361,0
1790146800000000,1886.3,1887.23,1883.57,1885.4,64.4759,1790150399999999,121571.385259,1228,30.0714,56705.3453,0
1790150400000000,1885.31,1885.37,1874.03,1876.56,413.436,1790153999999999,777231.465007,3137,204.9441,385293.383787,0
1790154000000000,1876.59,1883.73,1875.31,1881.09,369.0706,1790157599999999,694173.869774,1849,275.1672,517520.653268,0
1790157600000000,1881.16,1884.92,1879.6,1884.69,294.158,1790161199999999,553285.946009,1552,128.1526,241040.556987,0
1790161200000000,1884.71,1884.92,1857.14,1864.73,297.9464,1790164799999999,556460.711296,4539,101.9034,190293.695529,0
1790164800000000,1864.77,1883.62,1858.28,1880.06,426.0163,1790168399999999,795860.955062,4887,302.3986,564810.226331,0
1790168400000000,1880.1,1904.37,1841.87,1855.84,1997.3308,1790171999999999,3742322.829522,18509,888.097,1666366.491375,0
1790172000000000,1855.82,1862.0,1821.04,1841.96,2023.3496,1790175599999999,3719334.302641,15772,762.832,1404290.19352,0
1790175600000000,1841.97,1846.25,1823.43,1830.89,487.5668,1790179199999999,894690.135763,7202,156.7463,287872.700325,0
1790179200000000,1830.86,1833.51,1813.91,1815.89,455.4487,1790182799999999,831334.007939,6012,239.7271,437437.934729,0
1790182800000000,1815.83,1832.33,1811.05,1831.31,819.8209,1790186399999999,1495094.710863,5257,508.4933,927322.041005,0
1790186400000000,1831.28,1832.02,1813.34,1814.99,386.4957,1790189999999999,704656.089118,3693,206.3427,376386.774347,0
1790190000000000,1814.86,1822.22,1803.26,1815.62,988.8686,1790193599999999,1793669.284395,5962,621.8507,1127844.74259,0
1790193600000000,1815.43,1823.01,1815.13,1820.02,438.1128,1790197199999999,797076.481795,2736,252.4408,459235.444196,0
1790197200000000,1820.11,1821.74,1818.87,1821.0,175.8558,1790200799999999,320113.896507,775,16.3475,29763.957423,0
1790200800000000,1821.0,1831.95,1820.99,1826.2,354.8196,1790204399999999,648424.572198,1813,174.7213,319457.793374,0
1790204400000000,1826.11,1827.57,1819.67,1819.67,226.5785,1790207999999999,413477.047634,1241,91.7648,167496.221957,0
1790208000000000,1819.66,1823.84,1803.86,1807.09,347.5494,1790211599999999,629784.741528,4250,210.6595,381366.980145,0
1790211600000000,1806.98,1809.74,1801.79,1805.66,497.3849,1790215199999999,898248.563444,3440,385.668,696402.576022,0
1790215200000000,1805.66,1812.13,1801.58,1811.0,1063.9837,1790218799999999,1923784.130681,3438,758.9483,1372014.619004,0
1790218800000000,1810.99,1810.99,1802.39,1803.59,812.0985,1790222399999999,1466245.426849,3059,471.5488,851351.533635,0
1790222400000000,1803.59,1803.66,1781.64,1786.85,802.159,1790225999999999,1435547.672901,5300,307.3172,549345.185666,0
1790226000000000,1786.86,1795.64,1779.26,1779.81,391.3965,1790229599999999,700585.435639,3697,167.6699,300119.711616,0
1790229600000000,1779.84,1782.69,1774.01,1774.34,495.908,1790233199999999,881548.316145,4117,305.5749,543145.673501,0
1790233200000000,1774.34,1788.28,1772.65,1782.14,854.1106,1790236799999999,1521266.557894,4673,441.8879,786833.004302,0
1790236800000000,1781.7,1784.04,1752.36,1762.7,526.6918,1790240399999999,933048.868136,7429,245.2584,434725.389829,0
1790240400000000,1762.67,1766.18,1755.68,1765.35,259.6056,1790243999999999,457171.297055,4128,128.7922,226917.667499,0
1790244000000000,1765.59,1774.54,1761.45,1773.21,283.8157,1790247599999999,501963.095271,4251,208.1501,368185.226089,0
1790247600000000,1773.18,1785.72,1769.24,1774.46,286.2784,1790251199999999,508635.286664,5303,149.2543,265294.904201,0
1790251200000000,1774.21,1789.4,1769.52,1774.74,460.312,1790254799999999,818023.126255,6727,177.6648,316240.969497,0
1790254800000000,1774.75,1808.19,1747.3,1768.06,1865.2393,1790258399999999,3322534.914514,22253,1035.2355,1847453.585539,0
1790258400000000,1768.05,1799.9,1766.41,1770.34,750.138,1790261999999999,1334823.322769,15567,282.2356,502131.490955,0
1790262000000000,1770.34,1770.91,1756.3,1762.86,1243.7541,1790265599999999,2194925.541189,8308,797.0393,1406490.135298,0
1790265600000000,1762.88,1785.05,1750.62,1774.16,1403.7585,1790269199999999,2479003.194248,11278,794.1546,1402689.993296,0
1790269200000000,1773.87,1778.51,1743.6,1749.14,1119.784,1790272799999999,1971358.486784,7570,877.6201,1544229.8762,0
1790272800000000,1748.99,1751.69,1727.47,1751.33,1444.9988,1790276399999999,2512945.967184,8514,807.4561,1404761.784715,0
1790276400000000,1751.3,1758.0,1739.17,1754.24,674.595,1790279999999999,1179332.418188,7111,461.0122,805931.534616,0
1790280000000000,1754.18,1755.93,1745.92,1753.26,926.5105,1790283599999999,1620885.533929,5439,470.58,823226.44344,0
1790283600000000,1753.26,1761.12,1752.34,1757.67,341.5799,1790287199999999,600104.709951,3577,161.1264,283143.718047,0
1790287200000000,1757.91,1759.1,1754.02,1758.18,160.0218,1790290799999999,281159.791505,1918,92.2265,162047.229178,0
1790290800000000,1758.18,1759.3,1754.33,1754.33,110.6668,1790294399999999,194576.508016,1692,45.6401,80263.402907,0
1790294400000000,1754.33,1764.06,1752.13,1763.35,144.912,1790297999999999,254818.887049,4194,89.2814,157030.210304,0
1790298000000000,1763.36,1782.51,1761.49,1777.06,183.2214,1790301599999999,325253.264124,3986,69.8144,123824.645549,0
1790301600000000,1776.97,1781.67,1770.72,1771.27,156.6622,1790305199999999,278374.455961,2731,59.2711,105351.554347,0
1790305200000000,1771.22,1781.32,1770.5,1778.96,343.8363,1790308799999999,611529.926866,2563,291.3222,518313.005336,0
1790308800000000,1778.9,1779.15,1774.71,1775.54,88.7667,1790312399999999,157775.027482,1842,47.4405,84332.248318,0
1790312400000000,1775.53,1782.41,1775.08,1781.62,127.0403,1790315999999999,226008.881179,3199,59.4095,105676.085793,0
1790316000000000,1781.62,1790.83,1781.5,1784.43,144.8933,1790319599999999,259016.111528,3886,63.9527,114304.915932,0
1790319600000000,1784.43,1789.46,1782.89,1788.51,81.0504,1790323199999999,144797.032976,3490,28.985,51785.309823,0
1790323200000000,1788.36,1798.66,1784.87,1796.08,274.1829,1790326799999999,492004.1696,6139,93.4483,167616.194643,0
1790326800000000,1796.08,1797.89,1788.0,1790.72,135.3769,1790330399999999,242978.226661,2363,64.9483,116583.483434,0
1790330400000000,1790.66,1794.17,1786.43,1788.69,150.2006,1790333999999999,268971.501755,2511,88.7836,159052.575473,0
1790334000000000,1788.67,1795.57,1785.06,1792.72,185.4791,1790337599999999,332002.873424,2592,53.9197,96565.198754,0
1790337600000000,1792.68,1798.34,1788.92,1796.7,383.1543,1790341199999999,687401.969161,4272,94.8074,170146.939449,0
1790341200000000,1796.73,1814.09,1764.41,1768.41,1895.2979,1790344799999999,3395835.280046,18945,591.3436,1058620.215318,0
1790344800000000,1768.45,1778.12,1743.09,1771.42,710.5861,1790348399999999,1253704.315195,16045,248.0395,436513.019344,0
1790348400000000,1771.52,1776.29,1757.32,1768.33,542.3388,1790351999999999,957652.318723,6765,105.8186,187160.071475,0
1790352000000000,1768.36,1783.77,1766.67,1773.83,387.2622,1790355599999999,686661.964906,7300,125.772,223125.658043,0
1790355600000000,1773.83,1786.76,1773.44,1781.7,373.1833,1790359199999999,664658.953078,4738,97.7115,173903.049145,0
1790359200000000,1781.92,1785.65,1773.05,1774.63,320.379,1790362799999999,569577.266321,3992,46.1399,82102.242731,0
1790362800000000,1774.67,1782.38,1771.53,1776.96,286.8101,1790366399999999,509900.15451,4927,60.9119,108253.831209,0
1790366400000000,1776.9,1777.14,1773.68,1774.5,75.9972,1790369999999999,134901.826533,1045,37.9766,67416.269238,0
1790370000000000,1774.5,1777.67,1771.58,1774.61,252.427,1790373599999999,447758.074181,1416,198.0523,351273.628562,0
1790373600000000,1774.64,1775.31,1773.49,1774.97,24.8684,1790377199999999,44140.294687,350,16.4179,29142.608674,0
1790377200000000,1774.98,1775.15,1773.06,1773.06,33.0081,1790380799999999,58566.876286,295,14.3157,25409.01471,0
1790380800000000,1773.27,1774.69,1761.35,1765.46,87.7413,1790384399999999,155075.985285,1530,33.5812,59318.169853,0
1790384400000000,1765.55,1772.01,1765.55,1772.01,51.7913,1790387999999999,91574.78358,787,23.3549,41293.450612,0
1790388000000000,1772.03,1772.07,1768.59,1770.28,23.1846,1790391599999999,41052.391217,432,7.9988,14164.097178,0
1790391600000000,1770.16,1771.96,1769.26,1771.96,8.3521,1790395199999999,14785.108602,244,5.4675,9678.714413,0
1790395200000000,1771.97,1774.51,1769.42,1774.14,17.635,1790398799999999,31248.302419,482,6.9355,12288.683846,0
1790398800000000,1774.25,1774.99,1772.29,1772.53,11.9771,1790402399999999,21246.402645,424,3.8211,6777.268351,0
1790402400000000,1772.67,1773.42,1770.83,1772.23,36.4582,1790405999999999,64603.154179,474,12.2262,21663.506878,0
1790406000000000,1772.29,1773.29,1771.7,1773.17,34.8814,1790409599999999,61827.49206,471,17.458,30945.627699,0
1790409600000000,1773.2,1773.66,1772.1,1772.79,20.3496,1790413199999999,36081.515579,328,9.6159,17048.603772,0
1790413200000000,1772.8,1773.67,1770.49,1770.59,28.2645,1790416799999999,50067.523185,661,12.9092,22866.029362,0
1790416800000000,1770.6,1773.97,1769.6,1773.46,24.5088,1790420399999999,43411.916138,331,14.6029,25872.49361,0
1790420400000000,1773.41,1774.49,1772.66,1773.49,5.9908,1790423999999999,10626.667946,239,3.1503,5588.119841,0
1790424000000000,1773.5,1775.66,1773.5,1775.66,7.4757,1790427599999999,13265.939793,171,4.8996,8692.929477,0
1790427600000000,1775.67,1777.7,1775.67,1777.49,17.9575,1790431199999999,31909.583666,366,10.6679,18956.610098,0
1790431200000000,1777.5,1777.5,1769.66,1774.45,97.2553,1790434799999999,172483.374617,1204,23.9912,42539.520291,0
1790434800000000,1774.46,1774.78,1773.0,1773.19,9.4178,1790438399999999,16708.505518,249,2.7049,4798.458237,0
1790438400000000,1773.24,1773.24,1771.86,1771.98,12.205,1790441999999999,21633.856462,160,1.5781,2797.330582,0
1790442000000000,1771.86,1771.86,1769.95,1770.15,8.2645,1790445599999999,14632.589202,188,0.943,1669.904592,0
1790445600000000,1769.99,1770.37,1769.22,1769.67,4.4095,1790449199999999,7804.650684,132,2.1911,3878.22762,0
1790449200000000,1769.57,1770.24,1769.3,1769.51,9.5734,1790452799999999,16939.811443,112,4.0464,7160.121096,0
1790452800000000,1769.45,1769.57,1766.3,1767.74,20.791,1790456399999999,36746.284695,307,13.0802,23119.690252,0
1790456400000000,1767.71,1767.84,1765.7,1767.03,31.5199,1790459999999999,55707.620681,235,29.3901,51944.726492,0
1790460000000000,1767.08,1768.63,1766.33,1768.34,14.5583,1790463599999999,25727.236275,318,3.7576,6641.184651,0
1790463600000000,1768.34,1769.21,1767.55,1768.87,18.465,1790467199999999,32652.501079,299,6.2148,10989.706696,0
1790467200000000,1768.87,1770.32,1768.85,1769.6,8.6375,1790470799999999,15288.144032,238,2.7126,4800.829147,0
1790470800000000,1769.6,1772.37,1768.9,1771.61,10.5663,1790474399999999,18714.073907,299,6.2344,11041.50648,0
1790474400000000,1771.64,1772.28,1770.39,1770.94,9.2642,1790477999999999,16412.336658,238,3.0168,5345.191711,0
1790478000000000,1770.96,1771.53,1769.81,1770.13,6.6728,1790481599999999,11814.178429,132,1.4795,2619.782735,0
1790481600000000,1770.13,1771.16,1768.54,1768.88,9.773,1790485199999999,17294.728804,233,4.0861,7229.63276,0
1790485200000000,1768.77,1772.39,1768.77,1771.01,23.1689,1790488799999999,41033.628823,432,14.0303,24850.210536,0
1790488800000000,1770.9,1773.17,1770.66,1772.75,16.3306,1790492399999999,28938.43276,266,8.139,14424.884046,0
1790492400000000,1772.75,1781.44,1771.78,1780.51,105.7056,1790495999999999,187889.158243,1224,84.6777,150524.849067,0
1790496000000000,1780.46,1782.26,1777.8,1778.73,49.294,1790499599999999,87745.889852,874,28.1286,50075.958353,0
1790499600000000,1778.66,1779.78,1776.84,1779.11,8.0867,1790503199999999,14383.927167,253,2.0608,3666.016591,0
1790503200000000,1779.12,1779.15,1777.45,1777.71,12.1694,1790506799999999,21636.131517,226,6.2876,11178.681666,0
1790506800000000,1777.61,1778.1,1777.17,1777.17,15.1044,1790510399999999,26849.921788,222,8.0497,14309.743217,0
1790510400000000,1777.34,1779.11,1777.34,1778.45,7.8321,1790513999999999,13928.537919,166,2.7672,4920.05319,0
1790514000000000,1778.31,1779.15,1775.51,1778.28,18.8971,1790517599999999,33593.59512,465,5.4396,9673.986517,0
1790517600000000,1778.28,1778.28,1776.98,1777.92,10.253,1790521199999999,18227.624026,273,3.9419,7007.581927,0
1790521200000000,1777.94,1781.25,1776.62,1779.3,20.8407,1790524799999999,37076.278432,599,11.2838,20074.694163,0
1790524800000000,1779.42,1784.18,1779.42,1782.92,29.273,1790528399999999,52194.540872,619,7.1101,12671.079399,0
1790528400000000,1782.82,1784.47,1782.04,1783.43,3.4183,1790531999999999,6097.242725,163,1.0122,1805.353785,0
1790532000000000,1783.44,1783.44,1782.08,1783.14,8.4836,1790535599999999,15123.209681,160,2.9943,5338.484934,0
1790535600000000,1783.14,1784.25,1781.59,1783.43,10.538,1790539199999999,18791.461279,186,6.2259,11106.432127,0
1790539200000000,1783.43,1785.99,1782.33,1784.57,39.3435,1790542799999999,70217.885728,429,31.1367,55574.021719,0
1790542800000000,1784.6,1785.76,1783.0,1783.0,26.11,1790546399999999,46611.407019,209,24.1319,43082.111367,0
1790546400000000,1782.85,1783.56,1772.71,1774.89,106.7386,1790549999999999,189603.390305,2823,41.0996,73025.498384,0
1790550000000000,1774.89,1776.13,1771.18,1772.21,42.0737,1790553599999999,74616.131209,1673,5.3034,9405.198611,0
1790553600000000,1772.27,1777.34,1751.38,1752.24,214.5038,1790557199999999,378030.183188,4570,63.9763,112768.28132,0
1790557200000000,1752.25,1756.59,1734.84,1740.73,335.6744,1790560799999999,585029.949303,6535,107.8939,188061.47891,0
1790560800000000,1740.73,1746.57,1731.3,1731.82,109.0158,1790564399999999,189419.775209,3055,41.1853,71603.569369,0
1790564400000000,1731.86,1738.24,1725.74,1729.52,82.063,1790567999999999,142052.864693,2709,45.7252,79163.564178,0
1790568000000000,1729.52,1740.0,1727.99,1734.94,33.6483,1790571599999999,58413.744252,1364,17.8858,31040.167805,0
1790571600000000,1734.95,1737.88,1722.58,1725.81,120.3239,1790575199999999,207869.308655,2789,55.2899,95569.598694,0
1790575200000000,1725.8,1732.02,1718.63,1726.01,135.5242,1790578799999999,233555.787553,3061,47.4696,81915.893613,0
1790578800000000,1726.01,1726.01,1717.55,1721.45,146.9019,1790582399999999,252716.698198,2506,41.2723,70979.138064,0
1790582400000000,1721.42,1725.08,1712.92,1715.4,222.51,1790585999999999,382306.729151,3600,82.1546,141198.169136,0
1790586000000000,1715.34,1717.93,1704.29,1715.42,166.863,1790589599999999,285492.141327,3379,105.5431,180727.815519,0
1790589600000000,1715.4,1718.68,1711.54,1717.06,122.2902,1790593199999999,209760.093276,1842,70.2322,120534.963074,0
1790593200000000,1717.52,1723.79,1715.2,1723.61,139.0956,1790596799999999,239237.030162,2893,92.2022,158630.950815,0
1790596800000000,1723.49,1740.88,1719.01,1737.47,360.4563,1790600399999999,623854.558451,4925,263.5126,456110.363715,0
1790600400000000,1737.45,1761.54,1707.21,1717.81,1429.1471,1790603999999999,2477003.274563,13137,583.4366,1011095.203829,0
1790604000000000,1717.8,1723.44,1660.86,1681.3,1292.4065,1790607599999999,2175733.944554,12744,836.9854,1406292.068961,0
1790607600000000,1681.14,1698.45,1678.89,1696.72,372.2717,1790611199999999,627901.968856,4846,250.6009,422711.925187,0
1790611200000000,1696.69,1720.19,1689.99,1711.92,433.4118,1790614799999999,740515.187825,5517,275.3617,470517.894252,0
1790614800000000,1711.93,1722.92,1706.51,1715.92,277.7076,1790618399999999,476322.702194,4765,202.4679,347314.184687,0
1790618400000000,1716.03,1720.0,1707.06,1718.13,73.1687,1790621999999999,125397.024934,2489,45.3308,77690.574804,0
1790622000000000,1717.92,1718.11,1706.71,1712.85,164.0907,1790625599999999,280995.282546,3643,80.2925,137520.086678,0
1790625600000000,1712.79,1714.27,1708.21,1710.3,268.7844,1790629199999999,459600.310773,2273,72.77,124460.218396,0
1790629200000000,1710.29,1715.91,1710.29,1712.63,472.3068,1790632799999999,809279.242387,2275,279.3957,478659.92787,0
1790632800000000,1712.56,1715.43,1711.17,1714.53,191.5893,1790636399999999,328351.05735,1517,136.8423,234538.120127,0
1790636400000000,1714.57,1718.54,1712.58,1712.58,407.9438,1790639999999999,699764.285411,2803,320.1034,549059.750684,0
1790640000000000,1712.58,1718.63,1704.2,1704.36,175.9753,1790643599999999,301519.363429,3976,131.1522,224734.045323,0
1790643600000000,1704.32,1708.63,1691.54,1703.51,172.1751,1790647199999999,292399.360808,3767,125.5859,213188.134634,0
1790647200000000,1703.53,1707.51,1696.52,1698.93,64.2431,1790650799999999,109329.39567,1983,22.2346,37846.811842,0
1790650800000000,1698.99,1706.03,1695.1,1699.62,24.1501,1790654399999999,41069.079303,1744,12.3443,20995.142654,0
1790654400000000,1699.65,1700.93,1693.2,1694.59,65.8118,1790657999999999,111696.476694,1379,43.1246,73189.962238,0
1790658000000000,1694.63,1699.34,1686.54,1698.2,142.5956,1790661599999999,241594.567038,2861,78.2239,132684.746268,0
1790661600000000,1698.23,1727.64,1698.23,1725.15,293.0889,1790665199999999,503517.520659,4966,204.8421,351711.778657,0
1790665200000000,1725.21,1736.97,1723.93,1731.01,137.4279,1790668799999999,238039.876029,2936,54.7076,94690.66584,0
1790668800000000,1731.33,1738.75,1727.19,1729.23,144.9633,1790672399999999,251179.944959,4340,70.2931,121788.140727,0
1790672400000000,1729.29,1733.27,1724.34,1729.82,89.4704,1790675999999999,154679.501479,2342,49.9652,86400.481679,0
1790676000000000,1729.83,1735.4,1729.83,1734.54,106.0701,1790679599999999,183763.18144,1378,52.605,91133.284269,0
1790679600000000,1734.54,1738.06,1731.67,1736.37,133.8908,1790683199999999,232328.69015,2078,99.8619,173269.830762,0
1790683200000000,1736.34,1737.4,1723.34,1728.81,227.5591,1790686799999999,393451.967237,2581,108.1181,186926.387092,0
1790686800000000,1728.76,1748.34,1694.43,1717.73,1377.6899,1790690399999999,2375401.333233,13312,684.8651,1180369.225587,0
1790690400000000,1718.13,1750.47,1718.13,1733.58,1090.8085,1790693999999999,1894467.032753,13015,539.1937,936284.845027,0
1790694000000000,1733.57,1733.71,1702.53,1713.09,427.0368,1790697599999999,731743.310621,7707,263.0062,450138.921677,0
1790697600000000,1713.12,1717.83,1702.84,1709.69,215.7163,1790701199999999,369248.172628,4283,130.1143,222748.870767,0
1790701200000000,1709.69,1714.37,1708.43,1711.33,170.4555,1790704799999999,291673.64143,2546,77.3173,132310.398942,0
1790704800000000,1711.39,1726.02,1711.39,1723.69,233.0379,1790708399999999,400209.41696,3320,95.5084,163898.084879,0
1790708400000000,1723.66,1731.65,1717.8,1729.62,284.8613,1790711999999999,491163.534765,3857,131.9373,227523.076281,0
1790712000000000,1729.64,1731.71,1726.35,1726.35,217.0789,1790715599999999,375273.543395,2570,98.415,170157.549464,0
1790715600000000,1726.45,1728.84,1726.3,1727.64,251.7112,1790719199999999,434872.047834,1821,103.5223,178873.775923,0
1790719200000000,1727.56,1730.9,1727.44,1728.04,111.7466,1790722799999999,193200.972563,1127,47.4704,82095.154408,0
1790722800000000,1728.07,1728.15,1723.8,1727.25,352.2615,1790726399999999,608014.512206,2265,79.4681,137197.294284,0
1790726400000000,1727.28,1734.07,1722.76,1725.96,216.7847,1790729999999999,374893.526179,4851,141.4469,244630.256318,0
1790730000000000,1725.97,1729.67,1724.67,1726.7,128.6539,1790733599999999,222199.897657,2876,47.1167,81379.322121,0
1790733600000000,1726.7,1729.19,1717.31,1721.49,185.0917,1790737199999999,318579.362234,2761,66.2752,114128.6318,0
1790737200000000,1721.49,1725.01,1719.68,1723.41,165.3789,1790740799999999,284866.363288,1983,36.8462,63456.488933,0
1790740800000000,1723.44,1729.09,1721.8,1725.9,46.5011,1790744399999999,80232.30771,1404,18.7695,32395.824927,0
1790744400000000,1725.88,1727.65,1716.87,1724.45,471.3991,1790747999999999,811906.248413,3465,75.9046,130821.840715,0
1790748000000000,1724.55,1725.51,1718.37,1722.05,265.0054,1790751599999999,456087.436215,2438,62.0191,106759.790436,0
1790751600000000,1722.12,1734.68,1721.36,1733.55,122.2612,1790755199999999,211630.20589,1915,97.9252,169571.624128,0
1790755200000000,1733.66,1733.87,1724.58,1724.93,97.38,1790758799999999,168299.426982,1970,53.8548,93069.771822,0
1790758800000000,1724.83,1730.5,1723.55,1728.32,85.2396,1790762399999999,147236.303564,1717,29.7314,51341.516469,0
1790762400000000,1728.33,1728.73,1725.19,1728.24,42.8549,1790765999999999,74027.519145,951,11.8841,20533.008678,0
1790766000000000,1728.29,1728.29,1720.75,1728.12,114.6794,1790769599999999,197850.448161,1691,76.4688,131947.819361,0
1790769600000000,1728.24,1742.81,1720.94,1735.49,278.6423,1790773199999999,482459.141679,4440,121.7014,210677.075578,0
1790773200000000,1735.51,1756.48,1721.79,1736.82,1580.9571,1790776799999999,2746714.551703,13976,781.1436,1356561.153614,0
1790776800000000,1737.01,1753.38,1731.03,1743.42,609.484,1790780399999999,1062777.323097,10182,322.798,562885.587643,0
1790780400000000,1743.29,1749.66,1730.89,1742.85,562.0198,1790783999999999,978466.812311,6244,297.5984,517951.723686,0
1790784000000000,1742.88,1743.75,1734.5,1739.74,123.0743,1790787599999999,214049.643849,1878,55.8932,97218.31142,0
1790787600000000,1739.68,1739.68,1730.77,1735.47,140.6706,1790791199999999,243896.217415,1796,77.3193,134020.104538,0
1790791200000000,1735.58,1752.95,1734.84,1741.67,335.376,1790794799999999,585214.250722,4179,156.8698,273639.001226,0
1790794800000000,1741.53,1753.37,1738.68,1740.97,422.2906,1790798399999999,737512.8428,5078,118.732,207206.876967,0
1790798400000000,1740.83,1753.35,1725.69,1742.36,1846.7783,1790801999999999,3215466.396611,15911,868.777,1512562.95936,0
1790802000000000,1742.36,1743.06,1725.09,1730.7,299.8165,1790805599999999,519714.869203,4377,135.9325,235581.145486,0
1790805600000000,1730.59,1740.47,1728.99,1735.77,197.9743,1790809199999999,343559.156491,1750,76.294,132432.87513,0
1790809200000000,1735.96,1737.79,1733.93,1736.55,283.4343,1790812799999999,492029.408268,1384,89.852,156056.15966,0
1790812800000000,1736.54,1739.0,1727.38,1738.41,248.2395,1790816399999999,430671.324116,3134,31.0051,53776.955569,0
1790816400000000,1738.48,1741.73,1737.46,1739.64,207.3999,1790819999999999,360710.489857,2374,23.5705,40993.831363,0
1790820000000000,1739.62,1747.61,1739.29,1746.72,181.0056,1790823599999999,315819.188897,1799,51.407,89711.047276,0
1790823600000000,1746.68,1772.64,1746.66,1770.71,585.8328,1790827199999999,1029144.982068,3850,246.1983,433125.180347,0
1790827200000000,1770.69,1776.54,1763.82,1772.18,481.9618,1790830799999999,853104.109211,3025,153.9,272660.347535,0
1790830800000000,1772.19,1786.18,1770.8,1784.63,935.7856,1790834399999999,1666588.161435,4169,75.2517,133866.299892,0
1790834400000000,1784.64,1798.48,1784.64,1790.1,916.003,1790837999999999,1640037.269161,4615,267.3688,479416.717186,0
1790838000000000,1790.04,1792.32,1766.1,1772.55,1120.3304,1790841599999999,1989330.314248,6312,819.4837,1453537.591746,0
1790841600000000,1772.55,1774.51,1753.78,1767.52,693.9355,1790845199999999,1225530.701687,5700,487.0318,860263.095353,0
1790845200000000,1767.42,1770.34,1759.42,1761.38,161.925,1790848799999999,285571.363509,2765,103.8568,183122.628371,0
1790848800000000,1761.36,1776.35,1753.67,1774.34,253.7794,1790852399999999,447774.498587,2977,165.5949,292416.830437,0
1790852400000000,1774.29,1774.29,1753.56,1759.26,261.1781,1790855999999999,459738.199983,4067,143.0758,251852.213524,0
1790856000000000,1759.27,1759.27,1742.78,1742.78,537.8369,1790859599999999,941713.302889,4129,375.7978,657932.139047,0
1790859600000000,1742.78,1764.83,1723.19,1746.0,2329.2013,1790863199999999,4067015.649461,20696,1324.3487,2312429.456338,0
1790863200000000,1745.75,1747.43,1710.0,1732.17,789.9008,1790866799999999,1368087.135852,16686,399.214,691377.857211,0
1790866800000000,1732.2,1745.82,1718.61,1738.89,665.169,1790870399999999,1150823.585537,9106,403.227,697810.539481,0
1790870400000000,1738.89,1770.84,1735.16,1761.68,465.1467,1790873999999999,814715.350591,7716,207.5852,363847.290497,0
1790874000000000,1761.69,1801.4,1759.77,1793.58,2173.0,1790877599999999,3887776.903464,11216,524.095,938657.157871,0
1790877600000000,1793.58,1794.34,1757.55,1786.52,806.3653,1790881199999999,1432428.03973,7123,361.0141,640031.373858,0
1790881200000000,1786.5,1793.72,1774.96,1787.5,1015.7967,1790884799999999,1815306.654342,5701,196.0576,350182.753429,0
1790884800000000,1787.64,1788.0,1779.99,1781.27,260.3587,1790888399999999,464326.969365,1895,176.7513,315269.43556,0
1790888400000000,1781.27,1783.47,1775.83,1777.88,207.4011,1790891999999999,369064.987184,1167,132.5983,235929.101052,0
1790892000000000,1777.87,1783.16,1777.63,1782.74,98.6535,1790895599999999,175572.023541,1160,69.3258,123365.298264,0
1790895600000000,1782.69,1784.82,1780.83,1783.5,122.1512,1790899199999999,217717.195222,939,31.6556,56422.5134,0
1790899200000000,1783.77,1793.19,1777.74,1786.08,396.9435,1790902799999999,708581.72276,3925,77.8379,138814.296081,0
1790902800000000,1786.08,1786.08,1772.08,1785.53,340.454,1790906399999999,605067.968049,2706,52.2884,92984.276456,0
1790906400000000,1785.45,1789.83,1783.27,1788.43,263.9176,1790909999999999,471259.860954,1891,63.0621,112680.355434,0
1790910000000000,1788.53,1791.56,1783.18,1786.02,46.7041,1790913599999999,83474.614858,1075,8.0336,14358.271829,0
1790913600000000,1785.99,1792.82,1785.76,1792.22,58.4211,1790917199999999,104546.829737,1014,46.9501,84027.374758,0
1790917200000000,1792.32,1795.09,1784.17,1785.39,63.6936,1790920799999999,113941.732789,1119,37.353,66885.877485,0
1790920800000000,1785.42,1790.66,1784.17,1787.41,113.6218,1790924399999999,203025.990972,1631,85.0984,152063.824594,0
1790924400000000,1787.4,1795.25,1787.25,1794.75,145.8628,1790927999999999,261135.930593,1467,121.4505,217415.105851,0
1790928000000000,1794.72,1806.55,1791.36,1797.78,504.4452,1790931599999999,906530.674353,4126,335.9739,603681.722894,0
1790931600000000,1797.78,1802.13,1792.42,1801.98,469.7257,1790935199999999,844517.547668,3173,220.1235,395752.273001,0
1790935200000000,1801.92,1803.38,1791.57,1793.0,381.1232,1790938799999999,684524.373326,3297,168.271,302275.660798,0
1790938800000000,1793.05,1793.66,1757.77,1764.96,1098.3678,1790942399999999,1948446.054373,9006,640.959,1136287.383074,0
1790942400000000,1764.93,1783.84,1757.89,1783.65,710.2979,1790945999999999,1256303.078567,6808,472.7725,835581.285377,0
1790946000000000,1783.58,1787.53,1724.44,1743.72,2080.2389,1790949599999999,3635429.307202,14954,1333.6503,2330861.568736,0
1790949600000000,1744.06,1761.73,1721.0,1731.4,2811.8563,1790953199999999,4894256.975863,14401,1990.9864,3468897.201401,0
1790953200000000,1731.41,1737.82,1715.2,1737.82,1913.2348,1790956799999999,3297170.954601,12355,1587.4484,2735071.706141,0
1790956800000000,1737.8,1743.09,1716.84,1720.05,626.4152,1790960399999999,1082272.263994,5801,383.9661,662259.931815,0
1790960400000000,1720.05,1726.07,1718.65,1722.06,367.4115,1790963999999999,632922.993641,4475,321.6951,554163.177472,0
1790964000000000,1722.09,1726.57,1719.01,1721.53,98.5307,1790967599999999,169729.885864,2802,25.9471,44700.025104,0
1790967600000000,1721.52,1724.14,1714.87,1719.99,593.0998,1790971199999999,1020030.098799,6209,396.961,682843.041211,0
1790971200000000,1720.04,1721.61,1717.67,1719.93,772.1547,1790974799999999,1327689.92775,5124,340.2953,585184.273699,0
1790974800000000,1719.9,1720.1,1718.37,1719.07,601.9407,1790978399999999,1035005.062072,10538,510.9959,878631.804595,0
1790978400000000,1719.07,1719.95,1715.97,1717.81,441.4843,1790981999999999,758466.439156,7760,295.1968,507144.562333,0
1790982000000000,1717.78,1720.2,1717.66,1719.06,469.5063,1790985599999999,807012.164992,5960,309.8264,532579.421729,0
1790985600000000,1719.01,1723.65,1718.8,1719.87,89.4723,1790989199999999,154045.851011,1399,15.0893,25982.55076,0
1790989200000000,1719.87,1721.91,1718.46,1721.62,157.3992,1790992799999999,270738.83744,1608,78.6807,135341.327439,0
1790992800000000,1721.37,1722.4,1720.08,1720.08,122.7037,1790996399999999,211291.939305,1136,60.7788,104663.128241,0
1790996400000000,1720.05,1720.14,1719.16,1719.62,103.3778,1790999999999999,177786.957322,1334,44.4015,76365.841938,0
1791000000000000,1719.62,1720.37,1717.02,1719.47,19.7881,1791003599999999,34014.160965,442,9.8058,16858.58572,0
1791003600000000,1719.45,1719.45,1717.52,1717.52,11.866,1791007199999999,20389.450955,192,1.5351,2637.99089,0
1791007200000000,1717.53,1719.27,1717.45,1719.27,18.88,1791010799999999,32429.126567,216,17.6814,30370.342901,0
1791010800000000,1719.14,1719.4,1713.23,1715.81,23.8516,1791014399999999,40918.906223,540,9.697,16636.367502,0
1791014400000000,1715.79,1717.44,1715.45,1716.05,27.1578,1791017999999999,46611.835098,459,15.4203,26466.425885,0
1791018000000000,1716.13,1716.74,1715.36,1716.38,11.7264,1791021599999999,20124.018373,177,4.5148,7746.297768,0
1791021600000000,1716.39,1719.09,1716.39,1717.9,17.3006,1791025199999999,29723.336248,222,15.4517,26545.760406,0
1791025200000000,1717.9,1718.9,1717.27,1717.33,15.3769,1791028799999999,26418.271505,332,6.7455,11589.629548,0
1791028800000000,1717.33,1717.33,1715.28,1715.64,10.2441,1791032399999999,17585.220858,261,5.0878,8734.164104,0
1791032400000000,1715.52,1717.32,1715.12,1716.34,9.3526,1791035999999999,16052.744174,236,7.0703,12135.434704,0
1791036000000000,1716.33,1716.36,1715.12,1716.17,13.2415,1791039599999999,22716.677312,152,6.7927,11652.453366,0
1791039600000000,1716.37,1717.43,1715.82,1716.4,5.0839,1791043199999999,8727.32977,191,2.8125,4827.741511,0
1791043200000000,1716.41,1716.7,1715.33,1716.08,4.0149,1791046799999999,6890.189341,117,0.5799,995.166448,0
1791046800000000,1716.08,1716.74,1715.85,1715.87,5.2409,1791050399999999,8994.290214,120,3.7931,6509.55984,0
1791050400000000,1715.87,1715.87,1715.57,1715.58,0.8642,1791053999999999,1482.713027,36,0.0867,148.748603,0
1791054000000000,1715.59,1716.73,1715.53,1716.73,3.7091,1791057599999999,6364.754273,79,2.9047,4984.464243,0
1791057600000000,1716.74,1717.27,1715.32,1716.52,8.5061,1791061199999999,14599.222289,132,1.0499,1802.024764,0
1791061200000000,1716.54,1717.91,1716.54,1717.9,9.3648,1791064799999999,16080.210255,114,8.1226,13947.212788,0
1791064800000000,1717.92,1719.82,1717.92,1719.47,21.7386,1791068399999999,37367.212584,309,11.0663,19022.70117,0
1791068400000000,1719.55,1719.77,1719.29,1719.31,3.3392,1791071999999999,5742.395111,73,1.573,2705.142668,0
